recipe_id,ingredient_id,ingredient_index,qty_value,unit,portion_factor,ingredient_line_raw,parse_status,review_reason,std_unit,actual_measure,standard_unit,measure_only
1,397,1,,,1.0,2 tbsp (30 ml) olive oil,ok,,2 tablespoon (30 ml) olive oil,30 ml,2 tablespoon olive oil,2 tablespoon
1,34,2,,,1.0,1 cup (211 g) basmati rice,ok,,1 cup (211 g) basmati rice,211 g,1 cup basmati rice,1 cup
1,613,3,,,1.0,2 cups (480 ml) vegetable stock,ok,,2 cups (480 ml) vegetable stock,480 ml,2 cups vegetable stock,2 cups
1,92,4,,,1.0,1 cup (201 g) brown lentils,ok,,1 cup (201 g) brown lentils,201 g,1 cup brown lentils,1 cup
1,626,5,,,1.0,"2 cups (480 ml) water, plus more as needed",ok,,"2 cups (480 ml) water, plus more as needed",480 ml,"2 cups water, plus more as needed",2 cups
1,251,6,,,1.0,1 clove garlic,ok,,1 clove garlic,,1 clove garlic,1 clove
1,197,7,,,1.0,1 tsp ground cumin,ok,,1 teaspoon ground cumin,,1 teaspoon ground cumin,1 teaspoon
1,35,8,,,1.0,1 bay leaf,ok,,1 bay leaf,,1 bay leaf,
1,522,9,,,1.0,2 tsp (10 g) salt,ok,,2 teaspoon (10 g) salt,10 g,2 teaspoon salt,2 teaspoon
1,215,10,,,1.0,2 cups (232 g) elbow macaroni,ok,,2 cups (232 g) elbow macaroni,232 g,2 cups elbow macaroni,2 cups
1,399,12,,,1.0,"1 large onion, finely chopped",ok,,"1 large onion, finely chopped",,"1 large onion, finely chopped",1 large
1,251,13,,,1.0,"2 cloves garlic, minced",ok,,"2 cloves garlic, minced",,"2 cloves garlic, minced",2 cloves
1,597,14,,,1.0,1 (16-oz [448-g]) can diced tomatoes,ok,,1 (16-oz [448-g]) can diced tomatoes,16-oz [448-g],1 can diced tomatoes,1 can
1,474,15,,,1.0,2 tsp (2 g) Ras El Hanout,ok,,2 teaspoon (2 g) Ras El Hanout,2 g,2 teaspoon Ras El Hanout,2 teaspoon
1,525,16,,,1.0,"Salt and black pepper, to taste",review,mixed_seasoning;contains_conjunction,"Salt and black pepper, to taste",,"Salt and black pepper, to taste",
1,501,17,,,1.0,¼ tsp crushed red pepper flakes,ok,,¼ teaspoon crushed red pepper flakes,,¼ teaspoon crushed red pepper flakes,¼ teaspoon
1,504,18,,,1.0,1 tbsp (15 ml) red wine vinegar,ok,,1 tablespoon (15 ml) red wine vinegar,15 ml,1 tablespoon red wine vinegar,1 tablespoon
1,616,19,,,1.0,"Vegetable oil, as needed",ok,,"Vegetable oil, as needed",,"Vegetable oil, as needed",
1,399,20,,,1.0,"2 large onions, thinly sliced",ok,,"2 large onions, thinly sliced",,"2 large onions, thinly sliced",2 large
1,150,21,,,1.0,"1 (15-oz [420-g]) can chickpeas, drained and rinsed",review,contains_conjunction,"1 (15-oz [420-g]) can chickpeas, drained and rinsed",15-oz [420-g],"1 can chickpeas, drained and rinsed",1 can
2,514,1,,,1.0,"5 medium Roma tomatoes, roughly chopped",ok,,"5 medium Roma tomatoes, roughly chopped",,"5 medium Roma tomatoes, roughly chopped",5 medium
2,489,2,,,1.0,"1 large red bell pepper, roughly chopped",ok,,"1 large red bell pepper, roughly chopped",,"1 large red bell pepper, roughly chopped",1 large
2,533,3,,,1.0,2 small Scotch bonnet chiles or habanero chiles,review,long_base_phrase;contains_conjunction,2 small Scotch bonnet chiles or habanero chiles,,2 small Scotch bonnet chiles or habanero chiles,2 small
2,277,4,,,1.0,¼ cup (60 ml) groundnut oil or vegetable oil,review,contains_conjunction,¼ cup (60 ml) groundnut oil or vegetable oil,60 ml,¼ cup groundnut oil or vegetable oil,¼ cup
2,399,5,,,1.0,"1 medium onion, roughly chopped",ok,,"1 medium onion, roughly chopped",,"1 medium onion, roughly chopped",1 medium
2,598,6,,,1.0,3 tbsp (48 g) tomato paste,ok,,3 tablespoon (48 g) tomato paste,48 g,3 tablespoon tomato paste,3 tablespoon
2,134,7,,,1.0,2½ cups (600 ml) chicken stock,ok,,2½ cups (600 ml) chicken stock,600 ml,2½ cups chicken stock,
2,522,8,,,1.0,1 tsp salt,ok,,1 teaspoon salt,,1 teaspoon salt,1 teaspoon
2,202,9,,,1.0,½ tsp curry powder,ok,,½ teaspoon curry powder,,½ teaspoon curry powder,½ teaspoon
2,591,10,,,1.0,½ tsp dried thyme,ok,,½ teaspoon dried thyme,,½ teaspoon dried thyme,½ teaspoon
2,15,11,,,1.0,1 tsp all-purpose seasoning,ok,,1 teaspoon all-purpose seasoning,,1 teaspoon all-purpose seasoning,1 teaspoon
2,44,12,,,1.0,"1 beef, chicken or vegetable bouillon cube",review,contains_conjunction,"1 beef, chicken or vegetable bouillon cube",,"1 beef, chicken or vegetable bouillon cube",
2,507,13,,,1.0,"2 cups parboiled rice, rinsed",ok,,"2 cups parboiled rice, rinsed",,"2 cups parboiled rice, rinsed",2 cups
2,36,14,,,1.0,3 bay leaves,ok,,3 bay leaves,,3 bay leaves,
3,135,1,,,1.0,3 lb (1.4 kg) chicken (any cut),ok,,3 lb (1.4 kg) chicken (any cut),1.4 kg,3 lb chicken,
3,591,2,,,1.0,1 tbsp (3 g) dried thyme,ok,,1 tablespoon (3 g) dried thyme,3 g,1 tablespoon dried thyme,1 tablespoon
3,253,3,,,1.0,1 tsp garlic powder,ok,,1 teaspoon garlic powder,,1 teaspoon garlic powder,1 teaspoon
3,133,4,,,1.0,1 chicken bouillon cube,ok,,1 chicken bouillon cube,,1 chicken bouillon cube,
3,526,5,,,1.0,"Salt and black pepper, as needed",review,mixed_seasoning;contains_conjunction,"Salt and black pepper, as needed",,"Salt and black pepper, as needed",
3,615,6,,,1.0,"1½ cups (360 ml) vegetable oil, divided",ok,,"1½ cups (360 ml) vegetable oil, divided",360 ml,"1½ cups vegetable oil, divided",
3,514,7,,,1.0,"4 medium Roma tomatoes, roughly chopped",ok,,"4 medium Roma tomatoes, roughly chopped",,"4 medium Roma tomatoes, roughly chopped",4 medium
3,438,8,,,1.0,"1 (28-oz [784-g]) can whole peeled plum tomatoes, drained",ok,,"1 (28-oz [784-g]) can whole peeled plum tomatoes, drained",28-oz [784-g],"1 can whole peeled plum tomatoes, drained",1 can
3,489,9,,,1.0,"1 large red bell pepper, roughly chopped",ok,,"1 large red bell pepper, roughly chopped",,"1 large red bell pepper, roughly chopped",1 large
3,280,10,,,1.0,2 small habanero chiles,ok,,2 small habanero chiles,,2 small habanero chiles,2 small
3,399,11,,,1.0,"1 medium onion, thinly sliced",ok,,"1 medium onion, thinly sliced",,"1 medium onion, thinly sliced",1 medium
3,598,12,,,1.0,2 tbsp (32 g) tomato paste,ok,,2 tablespoon (32 g) tomato paste,32 g,2 tablespoon tomato paste,2 tablespoon
3,134,13,,,1.0,1 cup (240 ml) chicken stock,ok,,1 cup (240 ml) chicken stock,240 ml,1 cup chicken stock,1 cup
3,591,14,,,1.0,1½ tsp (2 g) dried thyme,ok,,1½ teaspoon (2 g) dried thyme,2 g,1½ teaspoon dried thyme,
3,388,15,,,1.0,1 tbsp (8 g) Nigerian red pepper or cayenne pepper,review,long_base_phrase;contains_conjunction,1 tablespoon (8 g) Nigerian red pepper or cayenne pepper,8 g,1 tablespoon Nigerian red pepper or cayenne pepper,1 tablespoon
3,15,16,,,1.0,1 tsp all-purpose seasoning,ok,,1 teaspoon all-purpose seasoning,,1 teaspoon all-purpose seasoning,1 teaspoon
3,35,18,,,1.0,1 bay leaf,ok,,1 bay leaf,,1 bay leaf,
4,140,1,,,1.0,"1½ lb (680 g) chicken breasts, cut into 2-inch (6-cm) pieces",ok,,"1½ lb (680 g) chicken breasts, cut into 2-inch (6-cm) pieces",680 g,"1½ lb chicken breasts, cut into 2-inch pieces",
4,522,2,,,1.0,"1 tbsp (15 g) salt, plus more to taste",ok,,"1 tablespoon (15 g) salt, plus more to taste",15 g,"1 tablespoon salt, plus more to taste",1 tablespoon
4,63,3,,,1.0,"1 tsp black pepper, plus more to taste",ok,,"1 teaspoon black pepper, plus more to taste",,"1 teaspoon black pepper, plus more to taste",1 teaspoon
4,399,4,,,1.0,"1 small onion, thickly sliced",ok,,"1 small onion, thickly sliced",,"1 small onion, thickly sliced",1 small
4,625,5,,,1.0,3 cups (720 ml) water,ok,,3 cups (720 ml) water,720 ml,3 cups water,3 cups
4,615,6,,,1.0,¼ cup (60 ml) vegetable oil,ok,,¼ cup (60 ml) vegetable oil,60 ml,¼ cup vegetable oil,¼ cup
4,597,7,,,1.0,"2 medium tomatoes, roughly chopped",ok,,"2 medium tomatoes, roughly chopped",,"2 medium tomatoes, roughly chopped",2 medium
4,399,8,,,1.0,"1 medium onion, roughly chopped, divided",ok,,"1 medium onion, roughly chopped, divided",,"1 medium onion, roughly chopped, divided",1 medium
4,254,9,,,1.0,"3 to 4 cloves garlic, whole",ok,,"3 to 4 cloves garlic, whole",,"3 to 4 cloves garlic, whole",
4,414,10,,,1.0,2 to 3 tbsp (6 to 9 g) dried parsley,ok,,2 to 3 tablespoon (6 to 9 g) dried parsley,6 to 9 g,2 to 3 tablespoon dried parsley,
4,411,11,,,1.0,1 tsp smoked paprika,ok,,1 teaspoon smoked paprika,,1 teaspoon smoked paprika,1 teaspoon
4,127,12,,,1.0,1 tbsp (8 g) cayenne pepper,ok,,1 tablespoon (8 g) cayenne pepper,8 g,1 tablespoon cayenne pepper,1 tablespoon
4,639,13,,,1.0,½ tsp white pepper,ok,,½ teaspoon white pepper,,½ teaspoon white pepper,½ teaspoon
4,519,14,,,1.0,"¾ lb (340 g) russet potatoes, roughly chopped",ok,,"¾ lb (340 g) russet potatoes, roughly chopped",340 g,"¾ lb russet potatoes, roughly chopped",
4,120,15,,,1.0,"¼ lb (113 g) carrots, roughly chopped",ok,,"¼ lb (113 g) carrots, roughly chopped",113 g,"¼ lb carrots, roughly chopped",
4,556,16,,,1.0,½ cup (90 g) smooth peanut butter,ok,,½ cup (90 g) smooth peanut butter,90 g,½ cup smooth peanut butter,½ cup
4,280,17,,,1.0,"1 small habanero chile, diced",ok,,"1 small habanero chile, diced",,"1 small habanero chile, diced",1 small
5,49,1,,,1.0,1½ lb (680 g) beef stew meat,ok,,1½ lb (680 g) beef stew meat,680 g,1½ lb beef stew meat,
5,526,2,,,1.0,"Salt and black pepper, as needed",review,mixed_seasoning;contains_conjunction,"Salt and black pepper, as needed",,"Salt and black pepper, as needed",
5,591,3,,,1.0,1 tbsp (3 g) dried thyme,ok,,1 tablespoon (3 g) dried thyme,3 g,1 tablespoon dried thyme,1 tablespoon
5,399,4,,,1.0,"1 small onion, roughly chopped",ok,,"1 small onion, roughly chopped",,"1 small onion, roughly chopped",1 small
5,625,5,,,1.0,1 cup (240 ml) water,ok,,1 cup (240 ml) water,240 ml,1 cup water,1 cup
5,40,6,,,1.0,6 cups (1.4 L) beef stock,ok,,6 cups (1.4 L) beef stock,1.4 L,6 cups beef stock,6 cups
5,212,7,,,1.0,"4 cups (600 g) egusi melon seeds, ground",ok,,"4 cups (600 g) egusi melon seeds, ground",600 g,"4 cups egusi melon seeds, ground",4 cups
5,399,8,,,1.0,"1 large onion, roughly chopped",ok,,"1 large onion, roughly chopped",,"1 large onion, roughly chopped",1 large
5,282,9,,,1.0,"2 small habanero chiles, stems removed",ok,,"2 small habanero chiles, stems removed",,"2 small habanero chiles, stems removed",2 small
5,409,10,,,1.0,¾ cup (180 ml) palm oil,ok,,¾ cup (180 ml) palm oil,180 ml,¾ cup palm oil,¾ cup
5,58,11,,,1.0,"4 tbsp (85 g) bitter leaf, washed",ok,,"4 tablespoon (85 g) bitter leaf, washed",85 g,"4 tablespoon bitter leaf, washed",4 tablespoon
5,562,12,,,1.0,6 cups (180 g) roughly chopped spinach,ok,,6 cups (180 g) roughly chopped spinach,180 g,6 cups roughly chopped spinach,6 cups
5,191,13,,,1.0,3 tbsp (18 g) ground crayfish,ok,,3 tablespoon (18 g) ground crayfish,18 g,3 tablespoon ground crayfish,3 tablespoon
5,387,14,,,1.0,1 tbsp (8 g) Nigerian red pepper,ok,,1 tablespoon (8 g) Nigerian red pepper,8 g,1 tablespoon Nigerian red pepper,1 tablespoon
5,245,15,,,1.0,"Fufu , for serving",ok,,"Fufu , for serving",,"Fufu , for serving",
6,85,1,,,1.0,"4 boneless, skinless chicken breasts",ok,,"4 boneless, skinless chicken breasts",,"4 boneless, skinless chicken breasts",
6,142,2,,,1.0,4 chicken drumsticks,ok,,4 chicken drumsticks,,4 chicken drumsticks,
6,399,3,,,1.0,4 cups (460 g) sliced onions,ok,,4 cups (460 g) sliced onions,460 g,4 cups sliced onions,4 cups
6,333,4,,,1.0,⅓ cup (80 ml) fresh lemon juice,ok,,⅓ cup (80 ml) fresh lemon juice,80 ml,⅓ cup fresh lemon juice,
6,522,5,,,1.0,1 tsp salt,ok,,1 teaspoon salt,,1 teaspoon salt,1 teaspoon
6,63,6,,,1.0,½ tsp black pepper,ok,,½ teaspoon black pepper,,½ teaspoon black pepper,½ teaspoon
6,281,7,,,1.0,"1 small habanero chile, seeded and minced",review,contains_conjunction,"1 small habanero chile, seeded and minced",,"1 small habanero chile, seeded and minced",1 small
6,423,8,,,1.0,1½ tbsp (23 ml) peanut oil,ok,,1½ tablespoon (23 ml) peanut oil,23 ml,1½ tablespoon peanut oil,
6,134,9,,,1.0,1½ cups (360 g) chicken stock,ok,,1½ cups (360 g) chicken stock,360 g,1½ cups chicken stock,
6,430,10,,,1.0,½ cup (75 g) pimento-stuffed olives,ok,,½ cup (75 g) pimento-stuffed olives,75 g,½ cup pimento-stuffed olives,½ cup
6,625,11,,,1.0,½ cup (120 ml) water,ok,,½ cup (120 ml) water,120 ml,½ cup water,½ cup
6,205,12,,,1.0,1 tbsp (16 g) Dijon mustard,ok,,1 tablespoon (16 g) Dijon mustard,16 g,1 tablespoon Dijon mustard,1 tablespoon
6,508,13,,,1.0,"Rice, for serving",ok,,"Rice, for serving",,"Rice, for serving",
7,616,1,,,1.0,"Vegetable oil, as needed",ok,,"Vegetable oil, as needed",,"Vegetable oil, as needed",
7,17,2,,,1.0,¼ cup (43 g) roasted almonds,ok,,¼ cup (43 g) roasted almonds,43 g,¼ cup roasted almonds,¼ cup
7,128,3,,,1.0,2 tbsp (16 g) cayenne pepper or Nigerian red pepper,review,long_base_phrase;contains_conjunction,2 tablespoon (16 g) cayenne pepper or Nigerian red pepper,16 g,2 tablespoon cayenne pepper or Nigerian red pepper,2 tablespoon
7,411,4,,,1.0,2 tsp (6 g) smoked paprika,ok,,2 teaspoon (6 g) smoked paprika,6 g,2 teaspoon smoked paprika,2 teaspoon
7,253,5,,,1.0,1 tbsp (8 g) garlic powder,ok,,1 tablespoon (8 g) garlic powder,8 g,1 tablespoon garlic powder,1 tablespoon
7,400,6,,,1.0,1 tbsp (8 g) onion powder,ok,,1 tablespoon (8 g) onion powder,8 g,1 tablespoon onion powder,1 tablespoon
7,639,7,,,1.0,1 tbsp (8 g) white pepper,ok,,1 tablespoon (8 g) white pepper,8 g,1 tablespoon white pepper,1 tablespoon
7,133,8,,,1.0,1 chicken bouillon cube,ok,,1 chicken bouillon cube,,1 chicken bouillon cube,
7,522,9,,,1.0,"Salt, to taste",ok,,"Salt, to taste",,"Salt, to taste",
7,551,10,,,1.0,2 lb (900 g) sirloin or chuck roast,review,contains_conjunction,2 lb (900 g) sirloin or chuck roast,900 g,2 lb sirloin or chuck roast,
8,71,2,,,1.0,"2 cups (303 g) dried black-eyed peas, soaked overnight",ok,,"2 cups (303 g) dried black-eyed peas, soaked overnight",303 g,"2 cups dried black-eyed peas, soaked overnight",2 cups
8,625,3,,,1.0,4 cups (960 ml) water,ok,,4 cups (960 ml) water,960 ml,4 cups water,4 cups
8,409,4,,,1.0,¾ cup (180 ml) palm oil,ok,,¾ cup (180 ml) palm oil,180 ml,¾ cup palm oil,¾ cup
8,191,5,,,1.0,3 tbsp (18 g) ground crayfish,ok,,3 tablespoon (18 g) ground crayfish,18 g,3 tablespoon ground crayfish,3 tablespoon
8,280,6,,,1.0,"1 small habanero chile, finely chopped",ok,,"1 small habanero chile, finely chopped",,"1 small habanero chile, finely chopped",1 small
8,42,7,,,1.0,1 beef or chicken bouillon cube,review,contains_conjunction,1 beef or chicken bouillon cube,,1 beef or chicken bouillon cube,
8,512,8,,,1.0,"1 large ripe plantain, cut into ¼-inch (6-mm) thick rounds",review,long_base_phrase,"1 large ripe plantain, cut into ¼-inch (6-mm) thick rounds",6-mm,"1 large ripe plantain, cut into ¼-inch thick rounds",1 large
8,593,9,,,1.0,"2 cups (60 g) tightly packed spinach, roughly chopped",ok,,"2 cups (60 g) tightly packed spinach, roughly chopped",60 g,"2 cups tightly packed spinach, roughly chopped",2 cups
8,522,10,,,1.0,"Salt, to taste",ok,,"Salt, to taste",,"Salt, to taste",
9,511,1,,,1.0,2 large ripe plantains,ok,,2 large ripe plantains,,2 large ripe plantains,2 large
9,615,2,,,1.0,"¼ cup (60 ml) vegetable oil, divided",ok,,"¼ cup (60 ml) vegetable oil, divided",60 ml,"¼ cup vegetable oil, divided",¼ cup
9,399,3,,,1.0,"1 medium onion, diced",ok,,"1 medium onion, diced",,"1 medium onion, diced",1 medium
9,280,4,,,1.0,"1 small habanero chile, diced",ok,,"1 small habanero chile, diced",,"1 small habanero chile, diced",1 small
9,51,5,,,1.0,"1 large bell pepper (any color), diced",ok,,"1 large bell pepper (any color), diced",any color,"1 large bell pepper, diced",1 large
9,597,6,,,1.0,"1 small tomato, diced",ok,,"1 small tomato, diced",,"1 small tomato, diced",1 small
9,251,7,,,1.0,1 tsp minced garlic,ok,,1 teaspoon minced garlic,,1 teaspoon minced garlic,1 teaspoon
9,209,8,,,1.0,6 large eggs,ok,,6 large eggs,,6 large eggs,6 large
9,159,9,,,1.0,"¼ cup (10 g) fresh cilantro, roughly chopped",ok,,"¼ cup (10 g) fresh cilantro, roughly chopped",10 g,"¼ cup fresh cilantro, roughly chopped",¼ cup
9,364,10,,,1.0,2 tbsp (30 ml) milk,ok,,2 tablespoon (30 ml) milk,30 ml,2 tablespoon milk,2 tablespoon
9,412,11,,,1.0,1 tsp paprika,ok,,1 teaspoon paprika,,1 teaspoon paprika,1 teaspoon
9,591,12,,,1.0,1 tsp dried thyme,ok,,1 teaspoon dried thyme,,1 teaspoon dried thyme,1 teaspoon
10,615,1,,,1.0,2 tbsp (30 ml) vegetable oil,ok,,2 tablespoon (30 ml) vegetable oil,30 ml,2 tablespoon vegetable oil,2 tablespoon
10,399,2,,,1.0,"1 medium onion, roughly chopped",ok,,"1 medium onion, roughly chopped",,"1 medium onion, roughly chopped",1 medium
10,280,3,,,1.0,"1 small habanero chile, minced",ok,,"1 small habanero chile, minced",,"1 small habanero chile, minced",1 small
10,514,4,,,1.0,"1 large Roma tomato, roughly chopped",ok,,"1 large Roma tomato, roughly chopped",,"1 large Roma tomato, roughly chopped",1 large
10,186,5,,,1.0,2 (12-oz [336-g]) cans corned beef,ok,,2 (12-oz [336-g]) cans corned beef,12-oz [336-g],2 cans corned beef,2 cans
10,562,6,,,1.0,2 lb (900 g) roughly chopped spinach,ok,,2 lb (900 g) roughly chopped spinach,900 g,2 lb roughly chopped spinach,
10,387,7,,,1.0,1 tbsp (8 g) Nigerian red pepper,ok,,1 tablespoon (8 g) Nigerian red pepper,8 g,1 tablespoon Nigerian red pepper,1 tablespoon
10,253,8,,,1.0,2 tsp (6 g) garlic powder,ok,,2 teaspoon (6 g) garlic powder,6 g,2 teaspoon garlic powder,2 teaspoon
10,400,9,,,1.0,1 tsp onion powder,ok,,1 teaspoon onion powder,,1 teaspoon onion powder,1 teaspoon
10,133,10,,,1.0,1 chicken bouillon cube,ok,,1 chicken bouillon cube,,1 chicken bouillon cube,
10,15,11,,,1.0,1 tbsp (8 g) all-purpose seasoning,ok,,1 tablespoon (8 g) all-purpose seasoning,8 g,1 tablespoon all-purpose seasoning,1 tablespoon
10,75,12,,,1.0,"Boiled yams, for serving, optional",ok,,"Boiled yams, for serving, optional",,"Boiled yams, for serving, optional",
10,74,13,,,1.0,"Boiled or fried plantains, for serving, optional",review,contains_conjunction,"Boiled or fried plantains, for serving, optional",,"Boiled or fried plantains, for serving, optional",
11,595,1,,,1.0,"4 whole tilapia, washed and cleaned thoroughly",review,contains_conjunction,"4 whole tilapia, washed and cleaned thoroughly",,"4 whole tilapia, washed and cleaned thoroughly",
11,522,2,,,1.0,2 tsp (10 g) salt,ok,,2 teaspoon (10 g) salt,10 g,2 teaspoon salt,2 teaspoon
11,63,3,,,1.0,2 tsp (6 g) black pepper,ok,,2 teaspoon (6 g) black pepper,6 g,2 teaspoon black pepper,2 teaspoon
11,331,4,,,1.0,2 medium lemons,ok,,2 medium lemons,,2 medium lemons,2 medium
11,5,5,,,1.0,2 tsp (6 g) ground African nutmeg (ehuru),ok,,2 teaspoon (6 g) ground African nutmeg (ehuru),6 g,2 teaspoon ground African nutmeg,2 teaspoon
11,572,6,,,1.0,2 tsp (5 g) star anise seeds,ok,,2 teaspoon (5 g) star anise seeds,5 g,2 teaspoon star anise seeds,2 teaspoon
11,159,7,,,1.0,½ cup fresh cilantro,ok,,½ cup fresh cilantro,,½ cup fresh cilantro,½ cup
11,260,8,,,1.0,"1 (1-inch [5-cm]) piece fresh ginger, peeled",ok,,"1 (1-inch [5-cm]) piece fresh ginger, peeled",1-inch [5-cm],"1 piece fresh ginger, peeled",
11,251,9,,,1.0,10 cloves garlic,ok,,10 cloves garlic,,10 cloves garlic,10 cloves
11,411,10,,,1.0,1 tsp smoked paprika,ok,,1 teaspoon smoked paprika,,1 teaspoon smoked paprika,1 teaspoon
11,133,11,,,1.0,1 chicken bouillon cube,ok,,1 chicken bouillon cube,,1 chicken bouillon cube,
11,399,12,,,1.0,"1 medium onion, roughly chopped",ok,,"1 medium onion, roughly chopped",,"1 medium onion, roughly chopped",1 medium
11,616,13,,,1.0,"Vegetable oil, as needed",ok,,"Vegetable oil, as needed",,"Vegetable oil, as needed",
11,508,14,,,1.0,"Rice, for serving",ok,,"Rice, for serving",,"Rice, for serving",
12,23,1,,,1.0,"1½ lb (680 g) assorted boneless meats (e.g., beef, goat, chicken), cut into bite-size pieces",ok,,"1½ lb (680 g) assorted boneless meats (e.g., beef, goat, chicken), cut into bite-size pieces",680 g,"1½ lb assorted boneless meats, cut into bite-size pieces",
12,399,2,,,1.0,"1 large onion, roughly chopped",ok,,"1 large onion, roughly chopped",,"1 large onion, roughly chopped",1 large
12,260,3,,,1.0,"1 (½-inch [13-mm]) piece fresh ginger, peeled",ok,,"1 (½-inch [13-mm]) piece fresh ginger, peeled",½-inch [13-mm],"1 piece fresh ginger, peeled",
12,251,4,,,1.0,2 cloves garlic,ok,,2 cloves garlic,,2 cloves garlic,2 cloves
12,43,5,,,1.0,3 beef or chicken bouillon cubes,review,contains_conjunction,3 beef or chicken bouillon cubes,,3 beef or chicken bouillon cubes,
12,523,6,,,1.0,"Salt, as needed",ok,,"Salt, as needed",,"Salt, as needed",
12,625,7,,,1.0,6 cups (1.4 L) water,ok,,6 cups (1.4 L) water,1.4 L,6 cups water,6 cups
12,280,8,,,1.0,"4 small habanero chiles, thinly sliced",ok,,"4 small habanero chiles, thinly sliced",,"4 small habanero chiles, thinly sliced",4 small
12,127,9,,,1.0,1 tbsp (8 g) cayenne pepper,ok,,1 tablespoon (8 g) cayenne pepper,8 g,1 tablespoon cayenne pepper,1 tablespoon
12,639,10,,,1.0,1 tbsp (8 g) white pepper,ok,,1 tablespoon (8 g) white pepper,8 g,1 tablespoon white pepper,1 tablespoon
12,426,11,,,1.0,3 tbsp (24 g) pepper soup spice mix,ok,,3 tablespoon (24 g) pepper soup spice mix,24 g,3 tablespoon pepper soup spice mix,3 tablespoon
12,649,12,,,1.0,"Yams, plantains or rice, for serving",review,contains_conjunction,"Yams, plantains or rice, for serving",,"Yams, plantains or rice, for serving",
13,49,1,,,1.0,½ lb (225 g) beef stew meat,ok,,½ lb (225 g) beef stew meat,225 g,½ lb beef stew meat,
13,526,2,,,1.0,"Salt and black pepper, as needed",review,mixed_seasoning;contains_conjunction,"Salt and black pepper, as needed",,"Salt and black pepper, as needed",
13,399,3,,,1.0,"1 medium onion, roughly chopped, divided",ok,,"1 medium onion, roughly chopped, divided",,"1 medium onion, roughly chopped, divided",1 medium
13,625,4,,,1.0,"2 cups (480 ml) water, divided",ok,,"2 cups (480 ml) water, divided",480 ml,"2 cups water, divided",2 cups
13,82,5,,,1.0,"½ lb (225 g) bone-in chicken breast, cut into bite-size pieces",ok,,"½ lb (225 g) bone-in chicken breast, cut into bite-size pieces",225 g,"½ lb bone-in chicken breast, cut into bite-size pieces",
13,392,6,,,1.0,1 lb (450 g) fresh okra,ok,,1 lb (450 g) fresh okra,450 g,1 lb fresh okra,
13,191,7,,,1.0,1 tbsp (6 g) ground crayfish,ok,,1 tablespoon (6 g) ground crayfish,6 g,1 tablespoon ground crayfish,1 tablespoon
13,42,8,,,1.0,1 beef or chicken bouillon cube,review,contains_conjunction,1 beef or chicken bouillon cube,,1 beef or chicken bouillon cube,
13,411,9,,,1.0,1 tbsp (8 g) smoked paprika,ok,,1 tablespoon (8 g) smoked paprika,8 g,1 tablespoon smoked paprika,1 tablespoon
13,127,10,,,1.0,1 tbsp (8 g) cayenne pepper,ok,,1 tablespoon (8 g) cayenne pepper,8 g,1 tablespoon cayenne pepper,1 tablespoon
13,593,11,,,1.0,"3 cups (90 g) tightly packed spinach, roughly chopped",ok,,"3 cups (90 g) tightly packed spinach, roughly chopped",90 g,"3 cups tightly packed spinach, roughly chopped",3 cups
13,31,12,,,1.0,"Banku or Fufu , for serving",review,contains_conjunction,"Banku or Fufu , for serving",,"Banku or Fufu , for serving",
14,397,1,,,1.0,2 tbsp (30 ml) olive oil,ok,,2 tablespoon (30 ml) olive oil,30 ml,2 tablespoon olive oil,2 tablespoon
14,591,2,,,1.0,½ tsp dried thyme,ok,,½ teaspoon dried thyme,,½ teaspoon dried thyme,½ teaspoon
14,202,3,,,1.0,1 tsp curry powder,ok,,1 teaspoon curry powder,,1 teaspoon curry powder,1 teaspoon
14,127,4,,,1.0,½ tsp cayenne pepper,ok,,½ teaspoon cayenne pepper,,½ teaspoon cayenne pepper,½ teaspoon
14,253,5,,,1.0,½ tsp garlic powder,ok,,½ teaspoon garlic powder,,½ teaspoon garlic powder,½ teaspoon
14,604,6,,,1.0,⅛ tsp ground turmeric,ok,,⅛ teaspoon ground turmeric,,⅛ teaspoon ground turmeric,
14,197,7,,,1.0,⅛ tsp ground cumin,ok,,⅛ teaspoon ground cumin,,⅛ teaspoon ground cumin,
14,280,8,,,1.0,"1 small habanero chile, minced",ok,,"1 small habanero chile, minced",,"1 small habanero chile, minced",1 small
14,505,9,,,1.0,"1 medium red or yellow bell pepper, diced",review,contains_conjunction,"1 medium red or yellow bell pepper, diced",,"1 medium red or yellow bell pepper, diced",1 medium
14,399,10,,,1.0,"1 small onion, diced",ok,,"1 small onion, diced",,"1 small onion, diced",1 small
14,531,11,,,1.0,1 (4-oz [112-g]) can smoked sardines in olive oil,ok,,1 (4-oz [112-g]) can smoked sardines in olive oil,4-oz [112-g],1 can smoked sardines in olive oil,1 can
14,33,12,,,1.0,¼ cup roughly chopped fresh basil,ok,,¼ cup roughly chopped fresh basil,,¼ cup roughly chopped fresh basil,¼ cup
14,209,13,,,1.0,4 large eggs,ok,,4 large eggs,,4 large eggs,4 large
14,522,14,,,1.0,Pinch of salt,ok,,Pinch of salt,,Pinch of salt,
15,3,2,,,1.0,12 African bird’s eye chiles or 12 small habanero chiles,review,long_base_phrase;contains_conjunction,12 African bird’s eye chiles or 12 small habanero chiles,,12 African bird’s eye chiles or 12 small habanero chiles,
15,655,3,,,1.0,"1 small yellow or red bell pepper, roughly chopped",review,contains_conjunction,"1 small yellow or red bell pepper, roughly chopped",,"1 small yellow or red bell pepper, roughly chopped",1 small
15,251,4,,,1.0,"2 cloves garlic, roughly chopped",ok,,"2 cloves garlic, roughly chopped",,"2 cloves garlic, roughly chopped",2 cloves
15,399,5,,,1.0,"1 small onion, roughly chopped",ok,,"1 small onion, roughly chopped",,"1 small onion, roughly chopped",1 small
15,597,6,,,1.0,"1 large tomato, roughly chopped",ok,,"1 large tomato, roughly chopped",,"1 large tomato, roughly chopped",1 large
15,397,7,,,1.0,¼ cup (60 ml) olive oil,ok,,¼ cup (60 ml) olive oil,60 ml,¼ cup olive oil,¼ cup
15,522,8,,,1.0,"Salt, to taste",ok,,"Salt, to taste",,"Salt, to taste",
16,274,1,,,1.0,4 large green or ripe plantains,review,contains_conjunction,4 large green or ripe plantains,,4 large green or ripe plantains,4 large
16,411,2,,,1.0,1 tbsp (8 g) smoked paprika,ok,,1 tablespoon (8 g) smoked paprika,8 g,1 tablespoon smoked paprika,1 tablespoon
16,522,3,,,1.0,"2 pinches of salt, divided",ok,,"2 pinches of salt, divided",,"2 pinches of salt, divided",
16,618,4,,,1.0,"Vegetable oil, for frying",ok,,"Vegetable oil, for frying",,"Vegetable oil, for frying",
17,171,2,,,1.0,"1 lb (450 g) frozen cod fillets, thawed",ok,,"1 lb (450 g) frozen cod fillets, thawed",450 g,"1 lb frozen cod fillets, thawed",
17,625,3,,,1.0,2 tbsp (30 ml) water,ok,,2 tablespoon (30 ml) water,30 ml,2 tablespoon water,2 tablespoon
17,634,4,,,1.0,1 slice white bread,ok,,1 slice white bread,,1 slice white bread,
17,522,5,,,1.0,1 tsp salt,ok,,1 teaspoon salt,,1 teaspoon salt,1 teaspoon
17,63,6,,,1.0,½ tsp black pepper,ok,,½ teaspoon black pepper,,½ teaspoon black pepper,½ teaspoon
17,209,7,,,1.0,2 large eggs,ok,,2 large eggs,,2 large eggs,2 large
17,251,8,,,1.0,4 cloves garlic,ok,,4 cloves garlic,,4 cloves garlic,4 cloves
17,532,9,,,1.0,"1 scallion, finely chopped",ok,,"1 scallion, finely chopped",,"1 scallion, finely chopped",
17,308,10,,,1.0,"1 small jalapeño, finely chopped",ok,,"1 small jalapeño, finely chopped",,"1 small jalapeño, finely chopped",1 small
17,415,11,,,1.0,2 tbsp (6 g) chopped fresh parsley,ok,,2 tablespoon (6 g) chopped fresh parsley,6 g,2 tablespoon chopped fresh parsley,2 tablespoon
17,10,12,,,1.0,½ cup (63 g) all-purpose flour,ok,,½ cup (63 g) all-purpose flour,63 g,½ cup all-purpose flour,½ cup
17,618,13,,,1.0,"Vegetable oil, for frying",ok,,"Vegetable oil, for frying",,"Vegetable oil, for frying",
17,615,14,,,1.0,2 tbsp (30 ml) vegetable oil,ok,,2 tablespoon (30 ml) vegetable oil,30 ml,2 tablespoon vegetable oil,2 tablespoon
17,532,15,,,1.0,"2 scallions, minced",ok,,"2 scallions, minced",,"2 scallions, minced",
17,597,16,,,1.0,"2 medium tomatoes, roughly chopped",ok,,"2 medium tomatoes, roughly chopped",,"2 medium tomatoes, roughly chopped",2 medium
17,489,17,,,1.0,"1 medium red bell pepper, roughly chopped",ok,,"1 medium red bell pepper, roughly chopped",,"1 medium red bell pepper, roughly chopped",1 medium
17,312,18,,,1.0,"1 small jalapeño, seeded and roughly chopped",review,contains_conjunction,"1 small jalapeño, seeded and roughly chopped",,"1 small jalapeño, seeded and roughly chopped",1 small
17,625,19,,,1.0,½ cup (120 ml) water,ok,,½ cup (120 ml) water,120 ml,½ cup water,½ cup
17,522,20,,,1.0,"Salt, to taste",ok,,"Salt, to taste",,"Salt, to taste",
17,416,21,,,1.0,"Fresh parsley, for garnish",ok,,"Fresh parsley, for garnish",,"Fresh parsley, for garnish",
18,405,1,,,1.0,"4 large overly ripe plantains, peeled",ok,,"4 large overly ripe plantains, peeled",,"4 large overly ripe plantains, peeled",4 large
18,187,2,,,1.0,1 cup (170 g) cornmeal,ok,,1 cup (170 g) cornmeal,170 g,1 cup cornmeal,1 cup
18,364,3,,,1.0,4 tbsp (60 ml) milk,ok,,4 tablespoon (60 ml) milk,60 ml,4 tablespoon milk,4 tablespoon
18,522,4,,,1.0,1 tsp salt,ok,,1 teaspoon salt,,1 teaspoon salt,1 teaspoon
18,253,5,,,1.0,1 tsp garlic powder,ok,,1 teaspoon garlic powder,,1 teaspoon garlic powder,1 teaspoon
18,260,6,,,1.0,1 tsp grated fresh ginger,ok,,1 teaspoon grated fresh ginger,,1 teaspoon grated fresh ginger,1 teaspoon
18,127,7,,,1.0,1 tsp cayenne pepper,ok,,1 teaspoon cayenne pepper,,1 teaspoon cayenne pepper,1 teaspoon
18,532,8,,,1.0,"2 scallions, roughly chopped",ok,,"2 scallions, roughly chopped",,"2 scallions, roughly chopped",
18,109,9,,,1.0,3 tbsp (45 ml) canola oil,ok,,3 tablespoon (45 ml) canola oil,45 ml,3 tablespoon canola oil,3 tablespoon
19,10,1,,,1.0,3 cups (375 g) all-purpose flour,ok,,3 cups (375 g) all-purpose flour,375 g,3 cups all-purpose flour,3 cups
19,26,2,,,1.0,1 tsp baking powder,ok,,1 teaspoon baking powder,,1 teaspoon baking powder,1 teaspoon
19,6,3,,,1.0,½ tsp African nutmeg (ehuru),ok,,½ teaspoon African nutmeg (ehuru),ehuru,½ teaspoon African nutmeg,½ teaspoon
19,577,4,,,1.0,¾ cup (144 g) sugar,ok,,¾ cup (144 g) sugar,144 g,¾ cup sugar,¾ cup
19,354,5,,,1.0,"½ cup (115 g) margarine, cut into pieces",ok,,"½ cup (115 g) margarine, cut into pieces",115 g,"½ cup margarine, cut into pieces",½ cup
19,364,6,,,1.0,⅓ cup (80 ml) milk,ok,,⅓ cup (80 ml) milk,80 ml,⅓ cup milk,
19,616,7,,,1.0,"Vegetable oil, as needed",ok,,"Vegetable oil, as needed",,"Vegetable oil, as needed",
20,615,1,,,1.0,2 tbsp (30 ml) vegetable oil,ok,,2 tablespoon (30 ml) vegetable oil,30 ml,2 tablespoon vegetable oil,2 tablespoon
20,399,2,,,1.0,"1 medium onion, diced",ok,,"1 medium onion, diced",,"1 medium onion, diced",1 medium
20,39,3,,,1.0,1 lb (450 g) ground beef,ok,,1 lb (450 g) ground beef,450 g,1 lb ground beef,
20,45,4,,,1.0,2 beef bouillon cubes,ok,,2 beef bouillon cubes,,2 beef bouillon cubes,
20,591,5,,,1.0,1 tsp dried thyme,ok,,1 teaspoon dried thyme,,1 teaspoon dried thyme,1 teaspoon
20,625,6,,,1.0,"1⅓ cups (320 ml) water, divided",ok,,"1⅓ cups (320 ml) water, divided",320 ml,"1⅓ cups water, divided",
20,520,7,,,1.0,"2 medium russet potatoes, chopped into bite-size pieces",ok,,"2 medium russet potatoes, chopped into bite-size pieces",,"2 medium russet potatoes, chopped into bite-size pieces",2 medium
20,121,8,,,1.0,"2 medium carrots, chopped into bite-size pieces",ok,,"2 medium carrots, chopped into bite-size pieces",,"2 medium carrots, chopped into bite-size pieces",2 medium
20,10,9,,,1.0,2 tbsp (16 g) all-purpose flour,ok,,2 tablespoon (16 g) all-purpose flour,16 g,2 tablespoon all-purpose flour,2 tablespoon
20,523,10,,,1.0,"Salt, as needed",ok,,"Salt, as needed",,"Salt, as needed",
20,10,11,,,1.0,8 cups (1 kg) all-purpose flour,ok,,8 cups (1 kg) all-purpose flour,1 kg,8 cups all-purpose flour,8 cups
20,26,12,,,1.0,2 tsp (8 g) baking powder,ok,,2 teaspoon (8 g) baking powder,8 g,2 teaspoon baking powder,2 teaspoon
20,522,13,,,1.0,Pinch of salt,ok,,Pinch of salt,,Pinch of salt,
20,172,14,,,1.0,"1 lb (450 g) cold margarine, cut into tiny pieces",ok,,"1 lb (450 g) cold margarine, cut into tiny pieces",450 g,"1 lb cold margarine, cut into tiny pieces",
20,304,15,,,1.0,½ cup (120 ml) ice-cold water,ok,,½ cup (120 ml) ice-cold water,120 ml,½ cup ice-cold water,½ cup
20,209,16,,,1.0,"1 large egg, beaten",ok,,"1 large egg, beaten",,"1 large egg, beaten",1 large
21,445,1,,,1.0,1 lb (450 g) ground pork sausage,ok,,1 lb (450 g) ground pork sausage,450 g,1 lb ground pork sausage,
21,591,2,,,1.0,½ tsp dried thyme,ok,,½ teaspoon dried thyme,,½ teaspoon dried thyme,½ teaspoon
21,517,3,,,1.0,½ tsp dried rosemary,ok,,½ teaspoon dried rosemary,,½ teaspoon dried rosemary,½ teaspoon
21,127,4,,,1.0,½ tsp cayenne pepper,ok,,½ teaspoon cayenne pepper,,½ teaspoon cayenne pepper,½ teaspoon
21,63,5,,,1.0,½ tsp black pepper,ok,,½ teaspoon black pepper,,½ teaspoon black pepper,½ teaspoon
21,522,6,,,1.0,½ tsp salt,ok,,½ teaspoon salt,,½ teaspoon salt,½ teaspoon
21,38,7,,,1.0,1 beef bouillon cube,ok,,1 beef bouillon cube,,1 beef bouillon cube,
21,10,8,,,1.0,⅓ cup (42 g) all-purpose flour,ok,,⅓ cup (42 g) all-purpose flour,42 g,⅓ cup all-purpose flour,
21,410,9,,,1.0,½ cup (60 g) panko breadcrumbs,ok,,½ cup (60 g) panko breadcrumbs,60 g,½ cup panko breadcrumbs,½ cup
21,209,10,,,1.0,"2 large eggs, beaten",ok,,"2 large eggs, beaten",,"2 large eggs, beaten",2 large
21,287,11,,,1.0,"8 medium hard-boiled eggs, peeled",ok,,"8 medium hard-boiled eggs, peeled",,"8 medium hard-boiled eggs, peeled",8 medium
21,616,12,,,1.0,"Vegetable oil, as needed",ok,,"Vegetable oil, as needed",,"Vegetable oil, as needed",
22,123,1,,,1.0,"2 large carrots, peeled and shredded",review,contains_conjunction,"2 large carrots, peeled and shredded",,"2 large carrots, peeled and shredded",2 large
22,291,2,,,1.0,"½ large head lettuce, shredded or finely chopped",review,contains_conjunction,"½ large head lettuce, shredded or finely chopped",,"½ large head lettuce, shredded or finely chopped",½ large
22,290,3,,,1.0,"½ large head green cabbage, shredded or finely chopped",review,contains_conjunction,"½ large head green cabbage, shredded or finely chopped",,"½ large head green cabbage, shredded or finely chopped",½ large
22,597,4,,,1.0,"1 large tomato, roughly chopped",ok,,"1 large tomato, roughly chopped",,"1 large tomato, roughly chopped",1 large
22,196,5,,,1.0,"1 medium cucumber, roughly chopped",ok,,"1 medium cucumber, roughly chopped",,"1 medium cucumber, roughly chopped",1 medium
22,497,6,,,1.0,"1 large red onion, thinly sliced",ok,,"1 large red onion, thinly sliced",,"1 large red onion, thinly sliced",1 large
22,296,7,,,1.0,½ (14-oz [392-g]) can Heinz brand baked beans,ok,,½ (14-oz [392-g]) can Heinz brand baked beans,14-oz [392-g],½ can Heinz brand baked beans,½ can
22,578,8,,,1.0,"½ (15-oz [420-g]) can sweet corn, drained",ok,,"½ (15-oz [420-g]) can sweet corn, drained",15-oz [420-g],"½ can sweet corn, drained",½ can
22,287,9,,,1.0,"2 large hard-boiled eggs, peeled and sliced",review,contains_conjunction,"2 large hard-boiled eggs, peeled and sliced",,"2 large hard-boiled eggs, peeled and sliced",2 large
22,297,10,,,1.0,"Heinz Salad Cream, for serving",ok,,"Heinz Salad Cream, for serving",,"Heinz Salad Cream, for serving",
23,69,1,,,1.0,1 cup (151 g) dried black-eyed peas,ok,,1 cup (151 g) dried black-eyed peas,151 g,1 cup dried black-eyed peas,1 cup
23,625,2,,,1.0,¼ cup (60 ml) water,ok,,¼ cup (60 ml) water,60 ml,¼ cup water,¼ cup
23,489,3,,,1.0,"1 medium red bell pepper, roughly chopped",ok,,"1 medium red bell pepper, roughly chopped",,"1 medium red bell pepper, roughly chopped",1 medium
23,282,4,,,1.0,"1 small habanero chile, stem removed",ok,,"1 small habanero chile, stem removed",,"1 small habanero chile, stem removed",1 small
23,399,5,,,1.0,"1 small onion, roughly chopped",ok,,"1 small onion, roughly chopped",,"1 small onion, roughly chopped",1 small
23,522,6,,,1.0,"Salt, to taste",ok,,"Salt, to taste",,"Salt, to taste",
23,618,7,,,1.0,"Vegetable oil, for frying",ok,,"Vegetable oil, for frying",,"Vegetable oil, for frying",
23,88,8,,,1.0,"Bread, for serving",ok,,"Bread, for serving",,"Bread, for serving",
24,69,1,,,1.0,1 cup (151 g) dried black-eyed peas,ok,,1 cup (151 g) dried black-eyed peas,151 g,1 cup dried black-eyed peas,1 cup
24,399,2,,,1.0,½ cup (76 g) roughly chopped onion,ok,,½ cup (76 g) roughly chopped onion,76 g,½ cup roughly chopped onion,½ cup
24,489,3,,,1.0,½ large red bell pepper,ok,,½ large red bell pepper,,½ large red bell pepper,½ large
24,282,4,,,1.0,"1 small habanero chile, stem removed",ok,,"1 small habanero chile, stem removed",,"1 small habanero chile, stem removed",1 small
24,133,5,,,1.0,1 chicken bouillon cube,ok,,1 chicken bouillon cube,,1 chicken bouillon cube,
24,522,6,,,1.0,2 tsp (10 g) salt,ok,,2 teaspoon (10 g) salt,10 g,2 teaspoon salt,2 teaspoon
24,409,7,,,1.0,2 tbsp (30 ml) palm oil,ok,,2 tablespoon (30 ml) palm oil,30 ml,2 tablespoon palm oil,2 tablespoon
24,615,8,,,1.0,¼ cup (60 ml) vegetable oil,ok,,¼ cup (60 ml) vegetable oil,60 ml,¼ cup vegetable oil,¼ cup
24,127,9,,,1.0,1 tsp cayenne pepper,ok,,1 teaspoon cayenne pepper,,1 teaspoon cayenne pepper,1 teaspoon
24,191,10,,,1.0,2 tbsp (12 g) ground crayfish,ok,,2 tablespoon (12 g) ground crayfish,12 g,2 tablespoon ground crayfish,2 tablespoon
24,287,11,,,1.0,"3 large hard-boiled eggs, peeled and halved",review,contains_conjunction,"3 large hard-boiled eggs, peeled and halved",,"3 large hard-boiled eggs, peeled and halved",3 large
24,185,12,,,1.0,1 cup (230 g) canned corned beef,ok,,1 cup (230 g) canned corned beef,230 g,1 cup canned corned beef,1 cup
25,409,1,,,1.0,¾ cup (180 ml) palm oil,ok,,¾ cup (180 ml) palm oil,180 ml,¾ cup palm oil,¾ cup
25,184,2,,,1.0,4 cups (577 g) fresh corn kernels,ok,,4 cups (577 g) fresh corn kernels,577 g,4 cups fresh corn kernels,4 cups
25,399,3,,,1.0,"½ large onion, finely chopped",ok,,"½ large onion, finely chopped",,"½ large onion, finely chopped",½ large
25,282,4,,,1.0,"1 small habanero chile, stem removed",ok,,"1 small habanero chile, stem removed",,"1 small habanero chile, stem removed",1 small
25,625,5,,,1.0,"¾ cup (180 ml) water, divided",ok,,"¾ cup (180 ml) water, divided",180 ml,"¾ cup water, divided",¾ cup
25,652,6,,,1.0,1 cup (170 g) yellow cornmeal,ok,,1 cup (170 g) yellow cornmeal,170 g,1 cup yellow cornmeal,1 cup
25,522,7,,,1.0,2 tsp (10 g) salt,ok,,2 teaspoon (10 g) salt,10 g,2 teaspoon salt,2 teaspoon
25,147,8,,,1.0,1 chicken or vegetable bouillon cube,review,contains_conjunction,1 chicken or vegetable bouillon cube,,1 chicken or vegetable bouillon cube,
25,344,9,,,1.0,"4 cups (120 g) loosely packed spinach, roughly chopped",ok,,"4 cups (120 g) loosely packed spinach, roughly chopped",120 g,"4 cups loosely packed spinach, roughly chopped",4 cups
25,30,10,,,1.0,"6 large banana leaves, soaked in hot water to soften and rinsed thoroughly (see note)",review,long_base_phrase;long_raw_phrase;contains_conjunction,"6 large banana leaves, soaked in hot water to soften and rinsed thoroughly (see note)",see note,"6 large banana leaves, soaked in hot water to soften and rinsed thoroughly",6 large
26,647,1,,,1.0,½ a medium yam,ok,,½ a medium yam,,½ a medium yam,
26,10,2,,,1.0,2 tbsp (16 g) all-purpose flour,ok,,2 tablespoon (16 g) all-purpose flour,16 g,2 tablespoon all-purpose flour,2 tablespoon
26,625,3,,,1.0,2 tbsp (30 ml) water,ok,,2 tablespoon (30 ml) water,30 ml,2 tablespoon water,2 tablespoon
26,209,4,,,1.0,1 large egg,ok,,1 large egg,,1 large egg,1 large
26,523,5,,,1.0,"Salt, as needed",ok,,"Salt, as needed",,"Salt, as needed",
26,616,6,,,1.0,"Vegetable oil, as needed",ok,,"Vegetable oil, as needed",,"Vegetable oil, as needed",
26,428,7,,,1.0,"Pili Pili , for serving",ok,,"Pili Pili , for serving",,"Pili Pili , for serving",
27,408,1,,,1.0,1 (¼-oz [7-g]) packet active dry yeast,ok,,1 (¼-oz [7-g]) packet active dry yeast,¼-oz [7-g],1 packet active dry yeast,
27,575,2,,,1.0,1 cup (192 g) granulated sugar,ok,,1 cup (192 g) granulated sugar,192 g,1 cup granulated sugar,1 cup
27,611,3,,,1.0,1 tsp vanilla extract,ok,,1 teaspoon vanilla extract,,1 teaspoon vanilla extract,1 teaspoon
27,389,4,,,1.0,¼ tsp ground nutmeg,ok,,¼ teaspoon ground nutmeg,,¼ teaspoon ground nutmeg,¼ teaspoon
27,522,5,,,1.0,1 tsp salt,ok,,1 teaspoon salt,,1 teaspoon salt,1 teaspoon
27,621,6,,,1.0,2 cups (480 ml) warm water,ok,,2 cups (480 ml) warm water,480 ml,2 cups warm water,2 cups
27,10,7,,,1.0,3½ cups (438 g) all-purpose flour,ok,,3½ cups (438 g) all-purpose flour,438 g,3½ cups all-purpose flour,
27,616,8,,,1.0,"Vegetable oil, as needed",ok,,"Vegetable oil, as needed",,"Vegetable oil, as needed",
27,576,9,,,1.0,"Powdered sugar, optional",ok,,"Powdered sugar, optional",,"Powdered sugar, optional",
28,475,1,,,1.0,8 oz (224 g) raw organic tigernuts,ok,,8 oz (224 g) raw organic tigernuts,224 g,8 oz raw organic tigernuts,
28,162,2,,,1.0,1 (2- to 4-inch [6- to 10-cm]) cinnamon stick,ok,,1 (2- to 4-inch [6- to 10-cm]) cinnamon stick,2- to 4-inch [6- to 10-cm],1 cinnamon stick,
28,621,3,,,1.0,4 cups (960 ml) warm water,ok,,4 cups (960 ml) warm water,960 ml,4 cups warm water,4 cups
28,118,4,,,1.0,3 cardamom pods,ok,,3 cardamom pods,,3 cardamom pods,
28,404,5,,,1.0,½ cup (110 g) organic jaggery,ok,,½ cup (110 g) organic jaggery,110 g,½ cup organic jaggery,½ cup
29,145,1,,,1.0,2½ lb (1.1 kg) chicken thighs,ok,,2½ lb (1.1 kg) chicken thighs,1.1 kg,2½ lb chicken thighs,
29,526,2,,,1.0,"Salt and black pepper, as needed",review,mixed_seasoning;contains_conjunction,"Salt and black pepper, as needed",,"Salt and black pepper, as needed",
29,99,3,,,1.0,3 tbsp (42 g) butter,ok,,3 tablespoon (42 g) butter,42 g,3 tablespoon butter,3 tablespoon
29,399,4,,,1.0,"2 medium onions, thinly sliced",ok,,"2 medium onions, thinly sliced",,"2 medium onions, thinly sliced",2 medium
29,109,5,,,1.0,¼ cup (60 ml) canola oil,ok,,¼ cup (60 ml) canola oil,60 ml,¼ cup canola oil,¼ cup
29,251,6,,,1.0,1 tbsp (9 g) roughly chopped garlic,ok,,1 tablespoon (9 g) roughly chopped garlic,9 g,1 tablespoon roughly chopped garlic,1 tablespoon
29,260,7,,,1.0,1 tsp minced fresh ginger,ok,,1 teaspoon minced fresh ginger,,1 teaspoon minced fresh ginger,1 teaspoon
29,412,8,,,1.0,½ tbsp (4 g) paprika,ok,,½ tablespoon (4 g) paprika,4 g,½ tablespoon paprika,½ tablespoon
29,53,9,,,1.0,2 tbsp (16 g) Berbere Spice Mix,ok,,2 tablespoon (16 g) Berbere Spice Mix,16 g,2 tablespoon Berbere Spice Mix,2 tablespoon
29,625,10,,,1.0,3 cups (720 g) water,ok,,3 cups (720 g) water,720 g,3 cups water,3 cups
29,598,11,,,1.0,1 tbsp (10 g) tomato paste,ok,,1 tablespoon (10 g) tomato paste,10 g,1 tablespoon tomato paste,1 tablespoon
29,559,12,,,1.0,"6 large soft-boiled eggs, peeled",ok,,"6 large soft-boiled eggs, peeled",,"6 large soft-boiled eggs, peeled",6 large
29,510,13,,,1.0,"Rice or Injera , for serving",review,contains_conjunction,"Rice or Injera , for serving",,"Rice or Injera , for serving",
30,182,1,,,1.0,1 tsp coriander seeds,ok,,1 teaspoon coriander seeds,,1 teaspoon coriander seeds,1 teaspoon
30,119,2,,,1.0,1 tsp cardamom seeds,ok,,1 teaspoon cardamom seeds,,1 teaspoon cardamom seeds,1 teaspoon
30,225,3,,,1.0,1 tsp fenugreek seeds,ok,,1 teaspoon fenugreek seeds,,1 teaspoon fenugreek seeds,1 teaspoon
30,411,4,,,1.0,3 tbsp (24 g) smoked paprika,ok,,3 tablespoon (24 g) smoked paprika,24 g,3 tablespoon smoked paprika,3 tablespoon
30,127,5,,,1.0,1 tbsp (8 g) cayenne pepper,ok,,1 tablespoon (8 g) cayenne pepper,8 g,1 tablespoon cayenne pepper,1 tablespoon
30,197,6,,,1.0,2 tsp (6 g) ground cumin,ok,,2 teaspoon (6 g) ground cumin,6 g,2 teaspoon ground cumin,2 teaspoon
30,604,7,,,1.0,1 tsp ground turmeric,ok,,1 teaspoon ground turmeric,,1 teaspoon ground turmeric,1 teaspoon
30,65,8,,,1.0,1 tsp freshly ground black peppercorns,ok,,1 teaspoon freshly ground black peppercorns,,1 teaspoon freshly ground black peppercorns,1 teaspoon
30,16,10,,,1.0,½ tsp ground allspice,ok,,½ teaspoon ground allspice,,½ teaspoon ground allspice,½ teaspoon
30,261,11,,,1.0,½ tsp ground ginger,ok,,½ teaspoon ground ginger,,½ teaspoon ground ginger,½ teaspoon
30,160,12,,,1.0,½ tsp ground cinnamon,ok,,½ teaspoon ground cinnamon,,½ teaspoon ground cinnamon,½ teaspoon
30,522,13,,,1.0,1 tsp salt,ok,,1 teaspoon salt,,1 teaspoon salt,1 teaspoon
30,397,14,,,1.0,2 tbsp (30 ml) olive oil,ok,,2 tablespoon (30 ml) olive oil,30 ml,2 tablespoon olive oil,2 tablespoon
30,399,15,,,1.0,"1 large onion, diced",ok,,"1 large onion, diced",,"1 large onion, diced",1 large
30,53,16,,,1.0,3 tbsp (24 g) Berbere Spice Mix,ok,,3 tablespoon (24 g) Berbere Spice Mix,24 g,3 tablespoon Berbere Spice Mix,3 tablespoon
30,597,17,,,1.0,"4 large tomatoes, diced",ok,,"4 large tomatoes, diced",,"4 large tomatoes, diced",4 large
30,598,18,,,1.0,1 tbsp (10 g) tomato paste,ok,,1 tablespoon (10 g) tomato paste,10 g,1 tablespoon tomato paste,1 tablespoon
30,260,19,,,1.0,½ tsp minced fresh ginger,ok,,½ teaspoon minced fresh ginger,,½ teaspoon minced fresh ginger,½ teaspoon
30,202,20,,,1.0,1 tsp curry powder,ok,,1 teaspoon curry powder,,1 teaspoon curry powder,1 teaspoon
30,496,22,,,1.0,"1½ cups (302 g) red lentils, washed and drained",review,contains_conjunction,"1½ cups (302 g) red lentils, washed and drained",302 g,"1½ cups red lentils, washed and drained",
30,166,23,,,1.0,2 cups (480 ml) coconut milk,ok,,2 cups (480 ml) coconut milk,480 ml,2 cups coconut milk,2 cups
30,525,24,,,1.0,"Salt and black pepper, to taste",review,mixed_seasoning;contains_conjunction,"Salt and black pepper, to taste",,"Salt and black pepper, to taste",
30,24,25,,,1.0,"Aunty Bernie’s Chapati or rice, for serving",review,contains_conjunction,"Aunty Bernie’s Chapati or rice, for serving",,"Aunty Bernie’s Chapati or rice, for serving",
31,11,1,,,1.0,"4 cups (500 g) all-purpose flour, plus more as needed",ok,,"4 cups (500 g) all-purpose flour, plus more as needed",500 g,"4 cups all-purpose flour, plus more as needed",4 cups
31,522,2,,,1.0,1 tsp salt,ok,,1 teaspoon salt,,1 teaspoon salt,1 teaspoon
31,616,3,,,1.0,"4 tbsp (60 ml) vegetable oil, plus more as needed",ok,,"4 tablespoon (60 ml) vegetable oil, plus more as needed",60 ml,"4 tablespoon vegetable oil, plus more as needed",4 tablespoon
31,621,4,,,1.0,1½ cups (360 ml) warm water,ok,,1½ cups (360 ml) warm water,360 ml,1½ cups warm water,
31,39,5,,,1.0,1 lb (450 g) ground beef,ok,,1 lb (450 g) ground beef,450 g,1 lb ground beef,
31,420,6,,,1.0,"1 cup (150 g) frozen peas, thawed",ok,,"1 cup (150 g) frozen peas, thawed",150 g,"1 cup frozen peas, thawed",1 cup
31,638,7,,,1.0,"1 small white onion, finely chopped",ok,,"1 small white onion, finely chopped",,"1 small white onion, finely chopped",1 small
31,251,8,,,1.0,"5 cloves garlic, minced",ok,,"5 cloves garlic, minced",,"5 cloves garlic, minced",5 cloves
31,260,9,,,1.0,2 tsp (6 g) grated fresh ginger,ok,,2 teaspoon (6 g) grated fresh ginger,6 g,2 teaspoon grated fresh ginger,2 teaspoon
31,309,10,,,1.0,"1 medium jalapeño chile, minced",ok,,"1 medium jalapeño chile, minced",,"1 medium jalapeño chile, minced",1 medium
31,604,11,,,1.0,1 tsp ground turmeric,ok,,1 teaspoon ground turmeric,,1 teaspoon ground turmeric,1 teaspoon
31,197,12,,,1.0,1 tsp ground cumin,ok,,1 teaspoon ground cumin,,1 teaspoon ground cumin,1 teaspoon
31,180,13,,,1.0,1 tsp ground coriander,ok,,1 teaspoon ground coriander,,1 teaspoon ground coriander,1 teaspoon
31,116,14,,,1.0,½ tsp ground cardamom,ok,,½ teaspoon ground cardamom,,½ teaspoon ground cardamom,½ teaspoon
31,160,15,,,1.0,½ tsp ground cinnamon,ok,,½ teaspoon ground cinnamon,,½ teaspoon ground cinnamon,½ teaspoon
31,526,16,,,1.0,"Salt and black pepper, as needed",review,mixed_seasoning;contains_conjunction,"Salt and black pepper, as needed",,"Salt and black pepper, as needed",
31,616,17,,,1.0,"Vegetable oil, as needed",ok,,"Vegetable oil, as needed",,"Vegetable oil, as needed",
32,137,1,,,1.0,"2 lb (900 g) chicken (any cut), cut into bite-size pieces",ok,,"2 lb (900 g) chicken (any cut), cut into bite-size pieces",900 g,"2 lb chicken, cut into bite-size pieces",
32,317,2,,,1.0,Juice of ½ lemon,ok,,Juice of ½ lemon,,Juice of ½ lemon,
32,251,3,,,1.0,1 tsp minced garlic,ok,,1 teaspoon minced garlic,,1 teaspoon minced garlic,1 teaspoon
32,591,4,,,1.0,1 tsp dried thyme,ok,,1 teaspoon dried thyme,,1 teaspoon dried thyme,1 teaspoon
32,63,5,,,1.0,1 tsp black pepper,ok,,1 teaspoon black pepper,,1 teaspoon black pepper,1 teaspoon
32,411,6,,,1.0,"2 tsp (4 g) smoked paprika, divided",ok,,"2 teaspoon (4 g) smoked paprika, divided",4 g,"2 teaspoon smoked paprika, divided",2 teaspoon
32,523,7,,,1.0,"2 tsp (10 g) salt, plus more as needed",ok,,"2 teaspoon (10 g) salt, plus more as needed",10 g,"2 teaspoon salt, plus more as needed",2 teaspoon
32,133,8,,,1.0,1 chicken bouillon cube,ok,,1 chicken bouillon cube,,1 chicken bouillon cube,
32,109,9,,,1.0,¼ cup (60 ml) canola oil,ok,,¼ cup (60 ml) canola oil,60 ml,¼ cup canola oil,¼ cup
32,409,10,,,1.0,¼ cup (60 ml) palm oil,ok,,¼ cup (60 ml) palm oil,60 ml,¼ cup palm oil,¼ cup
32,251,11,,,1.0,"4 cloves garlic, minced",ok,,"4 cloves garlic, minced",,"4 cloves garlic, minced",4 cloves
32,399,12,,,1.0,"2 medium onions, sliced",ok,,"2 medium onions, sliced",,"2 medium onions, sliced",2 medium
32,282,13,,,1.0,"1 small habanero chile, stem removed",ok,,"1 small habanero chile, stem removed",,"1 small habanero chile, stem removed",1 small
32,597,14,,,1.0,"2 large tomatoes, diced",ok,,"2 large tomatoes, diced",,"2 large tomatoes, diced",2 large
32,134,15,,,1.0,2 cups (480 ml) chicken stock,ok,,2 cups (480 ml) chicken stock,480 ml,2 cups chicken stock,2 cups
32,639,16,,,1.0,1 tsp white pepper,ok,,1 teaspoon white pepper,,1 teaspoon white pepper,1 teaspoon
32,106,17,,,1.0,¾ lb (338 g) cubed butternut squash,ok,,¾ lb (338 g) cubed butternut squash,338 g,¾ lb cubed butternut squash,
32,625,18,,,1.0,½ cup (120 ml) water,ok,,½ cup (120 ml) water,120 ml,½ cup water,½ cup
32,395,19,,,1.0,"20 pieces okra, sliced in half",ok,,"20 pieces okra, sliced in half",,"20 pieces okra, sliced in half",
32,508,20,,,1.0,"Rice, for serving",ok,,"Rice, for serving",,"Rice, for serving",
33,615,1,,,1.0,1 cup (240 ml) vegetable oil,ok,,1 cup (240 ml) vegetable oil,240 ml,1 cup vegetable oil,1 cup
33,399,2,,,1.0,"1 large onion, diced",ok,,"1 large onion, diced",,"1 large onion, diced",1 large
33,251,3,,,1.0,"4 cloves garlic, minced",ok,,"4 cloves garlic, minced",,"4 cloves garlic, minced",4 cloves
33,260,4,,,1.0,2 tsp (6 g) minced fresh ginger,ok,,2 teaspoon (6 g) minced fresh ginger,6 g,2 teaspoon minced fresh ginger,2 teaspoon
33,411,5,,,1.0,½ tsp smoked paprika,ok,,½ teaspoon smoked paprika,,½ teaspoon smoked paprika,½ teaspoon
33,197,6,,,1.0,1 tsp ground cumin,ok,,1 teaspoon ground cumin,,1 teaspoon ground cumin,1 teaspoon
33,116,7,,,1.0,½ tsp ground cardamom,ok,,½ teaspoon ground cardamom,,½ teaspoon ground cardamom,½ teaspoon
33,202,8,,,1.0,½ tsp curry powder,ok,,½ teaspoon curry powder,,½ teaspoon curry powder,½ teaspoon
33,597,9,,,1.0,"2 medium tomatoes, roughly chopped",ok,,"2 medium tomatoes, roughly chopped",,"2 medium tomatoes, roughly chopped",2 medium
33,659,10,,,1.0,"4 medium Yukon gold potatoes, peeled and diced",review,contains_conjunction,"4 medium Yukon gold potatoes, peeled and diced",,"4 medium Yukon gold potatoes, peeled and diced",4 medium
33,34,11,,,1.0,2 cups (422 g) basmati rice,ok,,2 cups (422 g) basmati rice,422 g,2 cups basmati rice,2 cups
33,134,12,,,1.0,4 cups (960 ml) chicken stock,ok,,4 cups (960 ml) chicken stock,960 ml,4 cups chicken stock,4 cups
33,162,13,,,1.0,1 (2- to 4-inch [6- to 10-cm]) cinnamon stick,ok,,1 (2- to 4-inch [6- to 10-cm]) cinnamon stick,2- to 4-inch [6- to 10-cm],1 cinnamon stick,
33,570,14,,,1.0,½ tsp ground star anise,ok,,½ teaspoon ground star anise,,½ teaspoon ground star anise,½ teaspoon
33,35,15,,,1.0,1 bay leaf,ok,,1 bay leaf,,1 bay leaf,
33,525,16,,,1.0,"Salt and black pepper, to taste",review,mixed_seasoning;contains_conjunction,"Salt and black pepper, to taste",,"Salt and black pepper, to taste",
33,320,17,,,1.0,"Kachumbari , for serving",ok,,"Kachumbari , for serving",,"Kachumbari , for serving",
34,285,1,,,1.0,"1 (1-lb [450-g]) halibut fillet, skin removed",ok,,"1 (1-lb [450-g]) halibut fillet, skin removed",1-lb [450-g],"1 halibut fillet, skin removed",
34,202,2,,,1.0,"1 tbsp (8 g) plus ¾ tsp curry powder, divided",ok,,"1 tablespoon (8 g) plus ¾ teaspoon curry powder, divided",8 g,"1 tablespoon plus ¾ teaspoon curry powder, divided",1 tablespoon
34,523,3,,,1.0,"1 tsp salt, plus more as needed",ok,,"1 teaspoon salt, plus more as needed",,"1 teaspoon salt, plus more as needed",1 teaspoon
34,64,4,,,1.0,"1 tsp black pepper, plus more as needed",ok,,"1 teaspoon black pepper, plus more as needed",,"1 teaspoon black pepper, plus more as needed",1 teaspoon
34,110,5,,,1.0,"1 tbsp (15 ml) canola oil, plus more as needed",ok,,"1 tablespoon (15 ml) canola oil, plus more as needed",15 ml,"1 tablespoon canola oil, plus more as needed",1 tablespoon
34,399,6,,,1.0,"1 medium onion, diced",ok,,"1 medium onion, diced",,"1 medium onion, diced",1 medium
34,51,7,,,1.0,"2 medium bell peppers (any color), diced",ok,,"2 medium bell peppers (any color), diced",any color,"2 medium bell peppers, diced",2 medium
34,260,8,,,1.0,2 tsp (6 g) minced fresh ginger,ok,,2 teaspoon (6 g) minced fresh ginger,6 g,2 teaspoon minced fresh ginger,2 teaspoon
34,251,9,,,1.0,"3 cloves garlic, minced",ok,,"3 cloves garlic, minced",,"3 cloves garlic, minced",3 cloves
34,597,10,,,1.0,"2 large tomatoes, roughly chopped",ok,,"2 large tomatoes, roughly chopped",,"2 large tomatoes, roughly chopped",2 large
34,333,11,,,1.0,2 tbsp (30 ml) fresh lemon juice,ok,,2 tablespoon (30 ml) fresh lemon juice,30 ml,2 tablespoon fresh lemon juice,2 tablespoon
34,166,12,,,1.0,1 cup (240 ml) coconut milk,ok,,1 cup (240 ml) coconut milk,240 ml,1 cup coconut milk,1 cup
34,97,13,,,1.0,"1 small bunch fresh cilantro, roughly chopped, for garnish",ok,,"1 small bunch fresh cilantro, roughly chopped, for garnish",,"1 small bunch fresh cilantro, roughly chopped, for garnish",1 small
34,337,14,,,1.0,"4 lemon wedges, for garnish",ok,,"4 lemon wedges, for garnish",,"4 lemon wedges, for garnish",
35,615,1,,,1.0,2 tbsp (30 ml) vegetable oil,ok,,2 tablespoon (30 ml) vegetable oil,30 ml,2 tablespoon vegetable oil,2 tablespoon
35,399,2,,,1.0,"1 large onion, diced",ok,,"1 large onion, diced",,"1 large onion, diced",1 large
35,251,3,,,1.0,"4 cloves garlic, minced",ok,,"4 cloves garlic, minced",,"4 cloves garlic, minced",4 cloves
35,270,4,,,1.0,"1 large green bell pepper, diced",ok,,"1 large green bell pepper, diced",,"1 large green bell pepper, diced",1 large
35,120,5,,,1.0,"2 large carrots, diced",ok,,"2 large carrots, diced",,"2 large carrots, diced",2 large
35,597,6,,,1.0,"2 large tomatoes, diced",ok,,"2 large tomatoes, diced",,"2 large tomatoes, diced",2 large
35,659,7,,,1.0,"6 medium Yukon gold potatoes, cubed",ok,,"6 medium Yukon gold potatoes, cubed",,"6 medium Yukon gold potatoes, cubed",6 medium
35,269,8,,,1.0,"1 large green banana, cubed",ok,,"1 large green banana, cubed",,"1 large green banana, cubed",1 large
35,166,9,,,1.0,1 (14-oz [420-ml]) can coconut milk,ok,,1 (14-oz [420-ml]) can coconut milk,14-oz [420-ml],1 can coconut milk,1 can
35,625,10,,,1.0,4 cups (960 ml) water,ok,,4 cups (960 ml) water,960 ml,4 cups water,4 cups
35,525,11,,,1.0,"Salt and black pepper, to taste",review,mixed_seasoning;contains_conjunction,"Salt and black pepper, to taste",,"Salt and black pepper, to taste",
35,25,12,,,1.0,"1 large avocado, pitted, peeled and sliced, for serving",review,contains_conjunction,"1 large avocado, pitted, peeled and sliced, for serving",,"1 large avocado, pitted, peeled and sliced, for serving",1 large
36,597,1,,,1.0,"2 large tomatoes, diced",ok,,"2 large tomatoes, diced",,"2 large tomatoes, diced",2 large
36,497,2,,,1.0,"½ large red onion, diced",ok,,"½ large red onion, diced",,"½ large red onion, diced",½ large
36,310,3,,,1.0,"2 large jalapeño chiles, seeded and diced",review,contains_conjunction,"2 large jalapeño chiles, seeded and diced",,"2 large jalapeño chiles, seeded and diced",2 large
36,196,4,,,1.0,"1 medium cucumber, diced",ok,,"1 medium cucumber, diced",,"1 medium cucumber, diced",1 medium
36,251,5,,,1.0,"2 cloves garlic, minced",ok,,"2 cloves garlic, minced",,"2 cloves garlic, minced",2 cloves
36,318,6,,,1.0,Juice of 1 lime,ok,,Juice of 1 lime,,Juice of 1 lime,
36,159,7,,,1.0,"½ cup (20 g) fresh cilantro, roughly chopped",ok,,"½ cup (20 g) fresh cilantro, roughly chopped",20 g,"½ cup fresh cilantro, roughly chopped",½ cup
36,525,8,,,1.0,"Salt and black pepper, to taste",review,mixed_seasoning;contains_conjunction,"Salt and black pepper, to taste",,"Salt and black pepper, to taste",
37,239,1,,,1.0,½ cup (65 g) gram flour,ok,,½ cup (65 g) gram flour,65 g,½ cup gram flour,½ cup
37,183,2,,,1.0,1 tbsp (11 g) corn flour,ok,,1 tablespoon (11 g) corn flour,11 g,1 tablespoon corn flour,1 tablespoon
37,260,3,,,1.0,1 tsp minced ginger,ok,,1 teaspoon minced ginger,,1 teaspoon minced ginger,1 teaspoon
37,197,4,,,1.0,2 tsp (6 g) ground cumin,ok,,2 teaspoon (6 g) ground cumin,6 g,2 teaspoon ground cumin,2 teaspoon
37,429,5,,,1.0,1 tsp Pili Pili or store-bought hot sauce,review,long_base_phrase;contains_conjunction,1 teaspoon Pili Pili or store-bought hot sauce,,1 teaspoon Pili Pili or store-bought hot sauce,1 teaspoon
37,522,6,,,1.0,"Salt, to taste",ok,,"Salt, to taste",,"Salt, to taste",
37,159,7,,,1.0,½ cup (20 g) finely chopped fresh cilantro,ok,,½ cup (20 g) finely chopped fresh cilantro,20 g,½ cup finely chopped fresh cilantro,½ cup
37,625,8,,,1.0,⅓ cup (80 ml) water,ok,,⅓ cup (80 ml) water,80 ml,⅓ cup water,
37,519,9,,,1.0,2 large russet potatoes,ok,,2 large russet potatoes,,2 large russet potatoes,2 large
37,616,10,,,1.0,"Vegetable oil, as needed",ok,,"Vegetable oil, as needed",,"Vegetable oil, as needed",
37,320,11,,,1.0,"Kachumbari , for serving",ok,,"Kachumbari , for serving",,"Kachumbari , for serving",
38,522,1,,,1.0,1 tsp salt,ok,,1 teaspoon salt,,1 teaspoon salt,1 teaspoon
38,577,2,,,1.0,1 tsp sugar,ok,,1 teaspoon sugar,,1 teaspoon sugar,1 teaspoon
38,616,3,,,1.0,"2 tbsp (30 ml) vegetable oil, plus more as needed",ok,,"2 tablespoon (30 ml) vegetable oil, plus more as needed",30 ml,"2 tablespoon vegetable oil, plus more as needed",2 tablespoon
38,622,4,,,1.0,"1½ cups (360 ml) warm water, plus more as needed",ok,,"1½ cups (360 ml) warm water, plus more as needed",360 ml,"1½ cups warm water, plus more as needed",
38,10,5,,,1.0,3 cups (375 g) all-purpose flour,ok,,3 cups (375 g) all-purpose flour,375 g,3 cups all-purpose flour,3 cups
39,588,1,,,1.0,¼ cup (33 g) teff flour,ok,,¼ cup (33 g) teff flour,33 g,¼ cup teff flour,¼ cup
39,10,2,,,1.0,¾ cup (94 g) all-purpose flour,ok,,¾ cup (94 g) all-purpose flour,94 g,¾ cup all-purpose flour,¾ cup
39,625,3,,,1.0,1 cup (240 ml) water,ok,,1 cup (240 ml) water,240 ml,1 cup water,1 cup
39,522,4,,,1.0,½ tsp salt,ok,,½ teaspoon salt,,½ teaspoon salt,½ teaspoon
39,616,5,,,1.0,"Vegetable oil, as needed",ok,,"Vegetable oil, as needed",,"Vegetable oil, as needed",
40,223,1,,,1.0,"2 cups (165 g) roughly chopped, extremely ripe mango",ok,,"2 cups (165 g) roughly chopped, extremely ripe mango",165 g,"2 cups roughly chopped, extremely ripe mango",2 cups
40,333,2,,,1.0,½ cup (120 ml) fresh lemon juice,ok,,½ cup (120 ml) fresh lemon juice,120 ml,½ cup fresh lemon juice,½ cup
40,340,3,,,1.0,2 tbsp (30 ml) fresh lime juice,ok,,2 tablespoon (30 ml) fresh lime juice,30 ml,2 tablespoon fresh lime juice,2 tablespoon
40,550,4,,,1.0,¾ cup (180 ml) simple syrup,ok,,¾ cup (180 ml) simple syrup,180 ml,¾ cup simple syrup,¾ cup
40,625,5,,,1.0,"2 cups (480 ml) water, divided",ok,,"2 cups (480 ml) water, divided",480 ml,"2 cups water, divided",2 cups
40,371,6,,,1.0,"½ cup (120 ml) moscato, optional",ok,,"½ cup (120 ml) moscato, optional",120 ml,"½ cup moscato, optional",½ cup
40,369,7,,,1.0,"Fresh mint leaves, to taste",ok,,"Fresh mint leaves, to taste",,"Fresh mint leaves, to taste",
40,303,8,,,1.0,"Ice cubes, as needed",ok,,"Ice cubes, as needed",,"Ice cubes, as needed",
41,315,1,,,1.0,2 cups (422 g) jasmine rice,ok,,2 cups (422 g) jasmine rice,422 g,2 cups jasmine rice,2 cups
41,165,2,,,1.0,1 cup (240 ml) canned coconut milk,ok,,1 cup (240 ml) canned coconut milk,240 ml,1 cup canned coconut milk,1 cup
41,476,3,,,1.0,3 tbsp (14 g) raw unsweetened coconut flakes,ok,,3 tablespoon (14 g) raw unsweetened coconut flakes,14 g,3 tablespoon raw unsweetened coconut flakes,3 tablespoon
41,522,4,,,1.0,1 tsp salt,ok,,1 teaspoon salt,,1 teaspoon salt,1 teaspoon
41,170,5,,,1.0,1 cup (192 g) coconut sugar,ok,,1 cup (192 g) coconut sugar,192 g,1 cup coconut sugar,1 cup
41,118,6,,,1.0,"1 tsp cardamom pods, crushed",ok,,"1 teaspoon cardamom pods, crushed",,"1 teaspoon cardamom pods, crushed",1 teaspoon
41,389,7,,,1.0,1 tsp ground nutmeg,ok,,1 teaspoon ground nutmeg,,1 teaspoon ground nutmeg,1 teaspoon
41,18,8,,,1.0,½ tsp almond extract,ok,,½ teaspoon almond extract,,½ teaspoon almond extract,½ teaspoon
41,1,9,,,1.0,1 tsp active dry yeast,ok,,1 teaspoon active dry yeast,,1 teaspoon active dry yeast,1 teaspoon
41,166,10,,,1.0,1 (14-oz [420-ml]) can coconut milk,ok,,1 (14-oz [420-ml]) can coconut milk,14-oz [420-ml],1 can coconut milk,1 can
41,611,11,,,1.0,½ tsp vanilla extract,ok,,½ teaspoon vanilla extract,,½ teaspoon vanilla extract,½ teaspoon
41,95,12,,,1.0,¾ cup (108 g) brown sugar,ok,,¾ cup (108 g) brown sugar,108 g,¾ cup brown sugar,¾ cup
42,621,1,,,1.0,¼ cup (60 ml) warm water,ok,,¼ cup (60 ml) warm water,60 ml,¼ cup warm water,¼ cup
42,165,2,,,1.0,½ cup (120 ml) canned coconut milk,ok,,½ cup (120 ml) canned coconut milk,120 ml,½ cup canned coconut milk,½ cup
42,577,3,,,1.0,¾ cup (144 g) sugar,ok,,¾ cup (144 g) sugar,144 g,¾ cup sugar,¾ cup
42,1,4,,,1.0,2 tsp (6 g) active dry yeast,ok,,2 teaspoon (6 g) active dry yeast,6 g,2 teaspoon active dry yeast,2 teaspoon
42,209,5,,,1.0,1 large egg,ok,,1 large egg,,1 large egg,1 large
42,10,6,,,1.0,3 cups (375 g) all-purpose flour,ok,,3 cups (375 g) all-purpose flour,375 g,3 cups all-purpose flour,3 cups
42,522,7,,,1.0,1 tsp salt,ok,,1 teaspoon salt,,1 teaspoon salt,1 teaspoon
42,119,8,,,1.0,"1 tsp cardamom seeds, crushed",ok,,"1 teaspoon cardamom seeds, crushed",,"1 teaspoon cardamom seeds, crushed",1 teaspoon
42,389,9,,,1.0,½ tsp ground nutmeg,ok,,½ teaspoon ground nutmeg,,½ teaspoon ground nutmeg,½ teaspoon
42,160,10,,,1.0,½ tsp ground cinnamon,ok,,½ teaspoon ground cinnamon,,½ teaspoon ground cinnamon,½ teaspoon
42,169,11,,,1.0,4 tbsp (19 g) freshly grated coconut or raw unsweetened coconut flakes,review,contains_conjunction,4 tablespoon (19 g) freshly grated coconut or raw unsweetened coconut flakes,19 g,4 tablespoon freshly grated coconut or raw unsweetened coconut flakes,4 tablespoon
42,616,12,,,1.0,"Vegetable oil, as needed",ok,,"Vegetable oil, as needed",,"Vegetable oil, as needed",
42,576,13,,,1.0,"Powdered sugar, optional",ok,,"Powdered sugar, optional",,"Powdered sugar, optional",
43,314,1,,,1.0,2 large jarred or fresh roasted red bell peppers,review,contains_conjunction,2 large jarred or fresh roasted red bell peppers,,2 large jarred or fresh roasted red bell peppers,2 large
43,251,2,,,1.0,5 cloves garlic,ok,,5 cloves garlic,,5 cloves garlic,5 cloves
43,227,3,,,1.0,"1 (15-oz [420-g]) can fire-roasted tomatoes, drained",ok,,"1 (15-oz [420-g]) can fire-roasted tomatoes, drained",15-oz [420-g],"1 can fire-roasted tomatoes, drained",1 can
43,411,4,,,1.0,2 tbsp (16 g) smoked paprika,ok,,2 tablespoon (16 g) smoked paprika,16 g,2 tablespoon smoked paprika,2 tablespoon
43,309,5,,,1.0,2 medium jalapeño chiles,ok,,2 medium jalapeño chiles,,2 medium jalapeño chiles,2 medium
43,280,6,,,1.0,1 small habanero chile,ok,,1 small habanero chile,,1 small habanero chile,1 small
43,397,7,,,1.0,6 tbsp (90 ml) olive oil,ok,,6 tablespoon (90 ml) olive oil,90 ml,6 tablespoon olive oil,6 tablespoon
43,197,8,,,1.0,"Ground cumin, to taste",ok,,"Ground cumin, to taste",,"Ground cumin, to taste",
43,180,9,,,1.0,"Ground coriander, to taste",ok,,"Ground coriander, to taste",,"Ground coriander, to taste",
43,501,10,,,1.0,"Crushed red pepper flakes, to taste",ok,,"Crushed red pepper flakes, to taste",,"Crushed red pepper flakes, to taste",
43,253,11,,,1.0,1 tbsp (8 g) garlic powder,ok,,1 tablespoon (8 g) garlic powder,8 g,1 tablespoon garlic powder,1 tablespoon
43,412,12,,,1.0,1 tbsp (8 g) paprika,ok,,1 tablespoon (8 g) paprika,8 g,1 tablespoon paprika,1 tablespoon
43,197,13,,,1.0,½ tbsp (4 g) ground cumin,ok,,½ tablespoon (4 g) ground cumin,4 g,½ tablespoon ground cumin,½ tablespoon
43,160,14,,,1.0,1 tsp ground cinnamon,ok,,1 teaspoon ground cinnamon,,1 teaspoon ground cinnamon,1 teaspoon
43,522,15,,,1.0,1½ tsp (8 g) salt,ok,,1½ teaspoon (8 g) salt,8 g,1½ teaspoon salt,
43,63,16,,,1.0,1 tsp black pepper,ok,,1 teaspoon black pepper,,1 teaspoon black pepper,1 teaspoon
43,142,17,,,1.0,5 lb (2.3 kg) chicken drumsticks,ok,,5 lb (2.3 kg) chicken drumsticks,2.3 kg,5 lb chicken drumsticks,
43,288,18,,,1.0,10 oz (300 ml) Harissa Sauce,ok,,10 oz (300 ml) Harissa Sauce,300 ml,10 oz Harissa Sauce,
44,220,1,,,1.0,3 tbsp (45 ml) extra-virgin olive oil,ok,,3 tablespoon (45 ml) extra-virgin olive oil,45 ml,3 tablespoon extra-virgin olive oil,3 tablespoon
44,399,2,,,1.0,"1 medium onion, thinly sliced",ok,,"1 medium onion, thinly sliced",,"1 medium onion, thinly sliced",1 medium
44,489,3,,,1.0,"1 large red bell pepper, thinly sliced",ok,,"1 large red bell pepper, thinly sliced",,"1 large red bell pepper, thinly sliced",1 large
44,280,4,,,1.0,"1 small habanero chile, thinly sliced",ok,,"1 small habanero chile, thinly sliced",,"1 small habanero chile, thinly sliced",1 small
44,251,5,,,1.0,"3 cloves garlic, minced",ok,,"3 cloves garlic, minced",,"3 cloves garlic, minced",3 cloves
44,411,6,,,1.0,1½ tbsp (12 g) smoked paprika,ok,,1½ tablespoon (12 g) smoked paprika,12 g,1½ tablespoon smoked paprika,
44,197,7,,,1.0,1 tbsp (8 g) ground cumin,ok,,1 tablespoon (8 g) ground cumin,8 g,1 tablespoon ground cumin,1 tablespoon
44,599,8,,,1.0,1 (28-oz [784-g]) can whole peeled tomatoes,ok,,1 (28-oz [784-g]) can whole peeled tomatoes,28-oz [784-g],1 can whole peeled tomatoes,1 can
44,526,9,,,1.0,"Salt and black pepper, as needed",review,mixed_seasoning;contains_conjunction,"Salt and black pepper, as needed",,"Salt and black pepper, as needed",
44,96,10,,,1.0,"1 large bunch fresh cilantro, roughly chopped, divided",ok,,"1 large bunch fresh cilantro, roughly chopped, divided",,"1 large bunch fresh cilantro, roughly chopped, divided",1 large
44,415,11,,,1.0,"3 tbsp (10 g) fresh parsley, roughly chopped, divided",ok,,"3 tablespoon (10 g) fresh parsley, roughly chopped, divided",10 g,"3 tablespoon fresh parsley, roughly chopped, divided",3 tablespoon
44,209,12,,,1.0,6 large eggs,ok,,6 large eggs,,6 large eggs,6 large
44,88,13,,,1.0,"Bread, for serving",ok,,"Bread, for serving",,"Bread, for serving",
45,39,1,,,1.0,1 lb (450 g) ground beef,ok,,1 lb (450 g) ground beef,450 g,1 lb ground beef,
45,569,2,,,1.0,"2 slices stale white bread, crusts removed and torn into pieces",review,long_base_phrase;contains_conjunction,"2 slices stale white bread, crusts removed and torn into pieces",,"2 slices stale white bread, crusts removed and torn into pieces",
45,209,3,,,1.0,1 large egg,ok,,1 large egg,,1 large egg,1 large
45,197,4,,,1.0,1 tsp ground cumin,ok,,1 teaspoon ground cumin,,1 teaspoon ground cumin,1 teaspoon
45,412,5,,,1.0,1 tsp paprika,ok,,1 teaspoon paprika,,1 teaspoon paprika,1 teaspoon
45,160,6,,,1.0,1 tsp ground cinnamon,ok,,1 teaspoon ground cinnamon,,1 teaspoon ground cinnamon,1 teaspoon
45,116,7,,,1.0,½ tsp ground cardamom,ok,,½ teaspoon ground cardamom,,½ teaspoon ground cardamom,½ teaspoon
45,180,8,,,1.0,1 tsp ground coriander,ok,,1 teaspoon ground coriander,,1 teaspoon ground coriander,1 teaspoon
45,522,9,,,1.0,1 tsp salt,ok,,1 teaspoon salt,,1 teaspoon salt,1 teaspoon
45,63,10,,,1.0,½ tsp black pepper,ok,,½ teaspoon black pepper,,½ teaspoon black pepper,½ teaspoon
45,398,11,,,1.0,"Olive oil, as needed",ok,,"Olive oil, as needed",,"Olive oil, as needed",
45,397,12,,,1.0,2 tbsp (30 ml) olive oil,ok,,2 tablespoon (30 ml) olive oil,30 ml,2 tablespoon olive oil,2 tablespoon
45,251,13,,,1.0,"1 clove garlic, minced",ok,,"1 clove garlic, minced",,"1 clove garlic, minced",1 clove
45,399,14,,,1.0,"1 large onion, roughly chopped",ok,,"1 large onion, roughly chopped",,"1 large onion, roughly chopped",1 large
45,263,15,,,1.0,2 tsp (6 g) minced fresh ginger 1 tsp ground cumin,ok,,2 teaspoon (6 g) minced fresh ginger 1 teaspoon ground cumin,6 g,2 teaspoon minced fresh ginger 1 teaspoon ground cumin,2 teaspoon
45,162,17,,,1.0,2 (2- to 4-inch [6- to 10-cm]) cinnamon sticks,ok,,2 (2- to 4-inch [6- to 10-cm]) cinnamon sticks,2- to 4-inch [6- to 10-cm],2 cinnamon sticks,
45,95,18,,,1.0,1 tsp brown sugar,ok,,1 teaspoon brown sugar,,1 teaspoon brown sugar,1 teaspoon
45,597,19,,,1.0,1 (14-oz [392-g]) can diced tomatoes,ok,,1 (14-oz [392-g]) can diced tomatoes,14-oz [392-g],1 can diced tomatoes,1 can
45,201,20,,,1.0,2 tbsp (19 g) dried currants,ok,,2 tablespoon (19 g) dried currants,19 g,2 tablespoon dried currants,2 tablespoon
45,134,21,,,1.0,1 cup (240 ml) chicken stock,ok,,1 cup (240 ml) chicken stock,240 ml,1 cup chicken stock,1 cup
45,526,22,,,1.0,"Salt and black pepper, as needed",review,mixed_seasoning;contains_conjunction,"Salt and black pepper, as needed",,"Salt and black pepper, as needed",
46,116,1,,,1.0,1 tsp ground cardamom,ok,,1 teaspoon ground cardamom,,1 teaspoon ground cardamom,1 teaspoon
46,197,2,,,1.0,1 tsp ground cumin,ok,,1 teaspoon ground cumin,,1 teaspoon ground cumin,1 teaspoon
46,261,3,,,1.0,½ tsp ground ginger,ok,,½ teaspoon ground ginger,,½ teaspoon ground ginger,½ teaspoon
46,160,4,,,1.0,½ tsp ground cinnamon,ok,,½ teaspoon ground cinnamon,,½ teaspoon ground cinnamon,½ teaspoon
46,63,5,,,1.0,¼ tsp black pepper,ok,,¼ teaspoon black pepper,,¼ teaspoon black pepper,¼ teaspoon
46,522,6,,,1.0,1 tsp salt,ok,,1 teaspoon salt,,1 teaspoon salt,1 teaspoon
46,398,7,,,1.0,"Olive oil, as needed",ok,,"Olive oil, as needed",,"Olive oil, as needed",
46,329,8,,,1.0,2 lb (900 g) lamb rib chops,ok,,2 lb (900 g) lamb rib chops,900 g,2 lb lamb rib chops,
46,251,9,,,1.0,"3 cloves garlic, minced",ok,,"3 cloves garlic, minced",,"3 cloves garlic, minced",3 cloves
46,616,10,,,1.0,"Vegetable oil, as needed",ok,,"Vegetable oil, as needed",,"Vegetable oil, as needed",
46,159,11,,,1.0,"½ cup fresh cilantro, roughly chopped",ok,,"½ cup fresh cilantro, roughly chopped",,"½ cup fresh cilantro, roughly chopped",½ cup
46,189,12,,,1.0,"Couscous or rice, for serving",review,contains_conjunction,"Couscous or rice, for serving",,"Couscous or rice, for serving",
47,397,1,,,1.0,4 tbsp (60 ml) olive oil,ok,,4 tablespoon (60 ml) olive oil,60 ml,4 tablespoon olive oil,4 tablespoon
47,638,2,,,1.0,"1 large white onion, diced",ok,,"1 large white onion, diced",,"1 large white onion, diced",1 large
47,199,3,,,1.0,3 tsp (8 g) cumin seeds,ok,,3 teaspoon (8 g) cumin seeds,8 g,3 teaspoon cumin seeds,3 teaspoon
47,411,4,,,1.0,2 tsp (6 g) smoked paprika,ok,,2 teaspoon (6 g) smoked paprika,6 g,2 teaspoon smoked paprika,2 teaspoon
47,501,5,,,1.0,2 tsp (2 g) crushed red pepper flakes,ok,,2 teaspoon (2 g) crushed red pepper flakes,2 g,2 teaspoon crushed red pepper flakes,2 teaspoon
47,159,6,,,1.0,"½ cup (20 g) fresh cilantro, roughly chopped",ok,,"½ cup (20 g) fresh cilantro, roughly chopped",20 g,"½ cup fresh cilantro, roughly chopped",½ cup
47,251,7,,,1.0,"2 cloves garlic, minced",ok,,"2 cloves garlic, minced",,"2 cloves garlic, minced",2 cloves
47,597,8,,,1.0,1 cup (161 g) crushed tomatoes,ok,,1 cup (161 g) crushed tomatoes,161 g,1 cup crushed tomatoes,1 cup
47,150,9,,,1.0,"3 (16-oz [448-g]) cans chickpeas, drained and rinsed",review,contains_conjunction,"3 (16-oz [448-g]) cans chickpeas, drained and rinsed",16-oz [448-g],"3 cans chickpeas, drained and rinsed",3 cans
47,626,10,,,1.0,"Water, as needed",ok,,"Water, as needed",,"Water, as needed",
47,522,11,,,1.0,2 tbsp (30 g) salt,ok,,2 tablespoon (30 g) salt,30 g,2 tablespoon salt,2 tablespoon
47,7,12,,,1.0,"Aish Baladi , for serving",ok,,"Aish Baladi , for serving",,"Aish Baladi , for serving",
47,288,13,,,1.0,"Harissa Sauce , for serving",ok,,"Harissa Sauce , for serving",,"Harissa Sauce , for serving",
48,399,1,,,1.0,"1 large onion, roughly chopped",ok,,"1 large onion, roughly chopped",,"1 large onion, roughly chopped",1 large
48,120,2,,,1.0,"3 medium carrots, diced",ok,,"3 medium carrots, diced",,"3 medium carrots, diced",3 medium
48,514,3,,,1.0,"2 large Roma tomatoes, roughly chopped",ok,,"2 large Roma tomatoes, roughly chopped",,"2 large Roma tomatoes, roughly chopped",2 large
48,251,4,,,1.0,"3 cloves garlic, minced",ok,,"3 cloves garlic, minced",,"3 cloves garlic, minced",3 cloves
48,136,5,,,1.0,"2½ lb (1 kg) chicken (any cut), cut into 1-inch (3-cm) pieces",ok,,"2½ lb (1 kg) chicken (any cut), cut into 1-inch (3-cm) pieces",1 kg,"2½ lb chicken, cut into 1-inch pieces",
48,202,6,,,1.0,1 tsp curry powder,ok,,1 teaspoon curry powder,,1 teaspoon curry powder,1 teaspoon
48,153,7,,,1.0,2 tbsp (16 g) chili powder,ok,,2 tablespoon (16 g) chili powder,16 g,2 tablespoon chili powder,2 tablespoon
48,180,8,,,1.0,1 tsp ground coriander,ok,,1 teaspoon ground coriander,,1 teaspoon ground coriander,1 teaspoon
48,415,9,,,1.0,3 tbsp (9 g) roughly chopped fresh parsley,ok,,3 tablespoon (9 g) roughly chopped fresh parsley,9 g,3 tablespoon roughly chopped fresh parsley,3 tablespoon
48,397,10,,,1.0,2 tbsp (30 ml) olive oil,ok,,2 tablespoon (30 ml) olive oil,30 ml,2 tablespoon olive oil,2 tablespoon
48,625,11,,,1.0,1 cup (240 ml) water,ok,,1 cup (240 ml) water,240 ml,1 cup water,1 cup
48,661,12,,,1.0,"1 lb (450 g) Yukon gold potatoes, peeled and cut into ½-inch (6-mm) thick slices",review,long_base_phrase;long_raw_phrase;contains_conjunction,"1 lb (450 g) Yukon gold potatoes, peeled and cut into ½-inch (6-mm) thick slices",450 g,"1 lb Yukon gold potatoes, peeled and cut into ½-inch thick slices",
48,418,13,,,1.0,¼ cup (38 g) frozen peas,ok,,¼ cup (38 g) frozen peas,38 g,¼ cup frozen peas,¼ cup
49,555,1,,,1.0,"5 skin-on, bone-in chicken thighs",ok,,"5 skin-on, bone-in chicken thighs",,"5 skin-on, bone-in chicken thighs",
49,333,2,,,1.0,2 tbsp (30 ml) fresh lemon juice,ok,,2 tablespoon (30 ml) fresh lemon juice,30 ml,2 tablespoon fresh lemon juice,2 tablespoon
49,604,3,,,1.0,2 tbsp (16 g) ground turmeric,ok,,2 tablespoon (16 g) ground turmeric,16 g,2 tablespoon ground turmeric,2 tablespoon
49,197,4,,,1.0,1 tbsp (8 g) ground cumin,ok,,1 tablespoon (8 g) ground cumin,8 g,1 tablespoon ground cumin,1 tablespoon
49,180,5,,,1.0,½ tbsp (4 g) ground coriander,ok,,½ tablespoon (4 g) ground coriander,4 g,½ tablespoon ground coriander,½ tablespoon
49,403,6,,,1.0,1 tbsp (3 g) dried oregano,ok,,1 tablespoon (3 g) dried oregano,3 g,1 tablespoon dried oregano,1 tablespoon
49,251,7,,,1.0,"4 cloves garlic, minced",ok,,"4 cloves garlic, minced",,"4 cloves garlic, minced",4 cloves
49,522,8,,,1.0,1 tsp salt,ok,,1 teaspoon salt,,1 teaspoon salt,1 teaspoon
49,63,9,,,1.0,1 tsp black pepper,ok,,1 teaspoon black pepper,,1 teaspoon black pepper,1 teaspoon
49,397,10,,,1.0,"2 tbsp (30 ml) olive oil, divided",ok,,"2 tablespoon (30 ml) olive oil, divided",30 ml,"2 tablespoon olive oil, divided",2 tablespoon
49,399,11,,,1.0,"1 small onion, finely chopped",ok,,"1 small onion, finely chopped",,"1 small onion, finely chopped",1 small
49,604,13,,,1.0,1 tbsp (8 g) ground turmeric,ok,,1 tablespoon (8 g) ground turmeric,8 g,1 tablespoon ground turmeric,1 tablespoon
49,197,14,,,1.0,1 tsp ground cumin,ok,,1 teaspoon ground cumin,,1 teaspoon ground cumin,1 teaspoon
49,251,15,,,1.0,"1 clove garlic, minced",ok,,"1 clove garlic, minced",,"1 clove garlic, minced",1 clove
49,34,16,,,1.0,1½ cups (317 g) basmati rice,ok,,1½ cups (317 g) basmati rice,317 g,1½ cups basmati rice,
49,134,17,,,1.0,1½ cups (360 ml) chicken stock,ok,,1½ cups (360 ml) chicken stock,360 ml,1½ cups chicken stock,
49,625,18,,,1.0,1 cup (240 ml) water,ok,,1 cup (240 ml) water,240 ml,1 cup water,1 cup
49,276,20,,,1.0,"Grilled lemon slices and fresh parsley, for garnishing",review,contains_conjunction,"Grilled lemon slices and fresh parsley, for garnishing",,"Grilled lemon slices and fresh parsley, for garnishing",
50,397,1,,,1.0,2 tbsp (30 ml) olive oil,ok,,2 tablespoon (30 ml) olive oil,30 ml,2 tablespoon olive oil,2 tablespoon
50,497,2,,,1.0,"1 medium red onion, finely chopped",ok,,"1 medium red onion, finely chopped",,"1 medium red onion, finely chopped",1 medium
50,651,3,,,1.0,"1 large yellow bell pepper, finely chopped",ok,,"1 large yellow bell pepper, finely chopped",,"1 large yellow bell pepper, finely chopped",1 large
50,402,4,,,1.0,"1 medium orange bell pepper, finely chopped",ok,,"1 medium orange bell pepper, finely chopped",,"1 medium orange bell pepper, finely chopped",1 medium
50,671,5,,,1.0,"1 large zucchini, finely chopped",ok,,"1 large zucchini, finely chopped",,"1 large zucchini, finely chopped",1 large
50,251,6,,,1.0,"3 cloves garlic, minced",ok,,"3 cloves garlic, minced",,"3 cloves garlic, minced",3 cloves
50,148,7,,,1.0,1 cup (240 ml) chicken or vegetable stock,review,contains_conjunction,1 cup (240 ml) chicken or vegetable stock,240 ml,1 cup chicken or vegetable stock,1 cup
50,418,8,,,1.0,2 cups (300 g) frozen peas,ok,,2 cups (300 g) frozen peas,300 g,2 cups frozen peas,2 cups
50,412,9,,,1.0,1 tsp paprika,ok,,1 teaspoon paprika,,1 teaspoon paprika,1 teaspoon
50,197,10,,,1.0,1 tsp ground cumin,ok,,1 teaspoon ground cumin,,1 teaspoon ground cumin,1 teaspoon
50,180,11,,,1.0,1 tsp ground coriander,ok,,1 teaspoon ground coriander,,1 teaspoon ground coriander,1 teaspoon
50,604,12,,,1.0,½ tsp ground turmeric,ok,,½ teaspoon ground turmeric,,½ teaspoon ground turmeric,½ teaspoon
50,160,13,,,1.0,½ tsp ground cinnamon,ok,,½ teaspoon ground cinnamon,,½ teaspoon ground cinnamon,½ teaspoon
50,188,14,,,1.0,1½ cups (270 g) dry couscous,ok,,1½ cups (270 g) dry couscous,270 g,1½ cups dry couscous,
50,150,15,,,1.0,"1 (16-oz [448-g]) can chickpeas, drained and rinsed",review,contains_conjunction,"1 (16-oz [448-g]) can chickpeas, drained and rinsed",16-oz [448-g],"1 can chickpeas, drained and rinsed",1 can
50,190,16,,,1.0,½ cup (50 g) dried cranberries,ok,,½ cup (50 g) dried cranberries,50 g,½ cup dried cranberries,½ cup
50,663,17,,,1.0,Zest and juice of 2 lemons,review,contains_conjunction,Zest and juice of 2 lemons,,Zest and juice of 2 lemons,
50,431,18,,,1.0,"1 pint (161 g) cherry tomatoes, cut in half",ok,,"1 pint (161 g) cherry tomatoes, cut in half",161 g,"1 pint cherry tomatoes, cut in half",
50,159,19,,,1.0,"2 tbsp (6 g) fresh cilantro, minced",ok,,"2 tablespoon (6 g) fresh cilantro, minced",6 g,"2 tablespoon fresh cilantro, minced",2 tablespoon
50,415,20,,,1.0,"2 tsp (2 g) fresh parsley, minced",ok,,"2 teaspoon (2 g) fresh parsley, minced",2 g,"2 teaspoon fresh parsley, minced",2 teaspoon
50,525,21,,,1.0,"Salt and black pepper, to taste",review,mixed_seasoning;contains_conjunction,"Salt and black pepper, to taste",,"Salt and black pepper, to taste",
51,662,1,,,1.0,"2 lb (900 g) Yukon gold potatoes, peeled and cut into large chunks",review,contains_conjunction,"2 lb (900 g) Yukon gold potatoes, peeled and cut into large chunks",900 g,"2 lb Yukon gold potatoes, peeled and cut into large chunks",
51,526,2,,,1.0,"Salt and black pepper, as needed",review,mixed_seasoning;contains_conjunction,"Salt and black pepper, as needed",,"Salt and black pepper, as needed",
51,410,3,,,1.0,¼ cup (30 g) panko breadcrumbs,ok,,¼ cup (30 g) panko breadcrumbs,30 g,¼ cup panko breadcrumbs,¼ cup
51,253,4,,,1.0,1 tsp garlic powder,ok,,1 teaspoon garlic powder,,1 teaspoon garlic powder,1 teaspoon
51,604,5,,,1.0,1 tsp ground turmeric,ok,,1 teaspoon ground turmeric,,1 teaspoon ground turmeric,1 teaspoon
51,197,6,,,1.0,1 tsp ground cumin,ok,,1 teaspoon ground cumin,,1 teaspoon ground cumin,1 teaspoon
51,400,7,,,1.0,1 tsp onion powder,ok,,1 teaspoon onion powder,,1 teaspoon onion powder,1 teaspoon
51,415,8,,,1.0,"3 tbsp (9 g) fresh parsley, finely chopped",ok,,"3 tablespoon (9 g) fresh parsley, finely chopped",9 g,"3 tablespoon fresh parsley, finely chopped",3 tablespoon
51,209,9,,,1.0,"2 large eggs, beaten",ok,,"2 large eggs, beaten",,"2 large eggs, beaten",2 large
51,616,10,,,1.0,"Vegetable oil, as needed",ok,,"Vegetable oil, as needed",,"Vegetable oil, as needed",
51,11,11,,,1.0,"All-purpose flour, as needed",ok,,"All-purpose flour, as needed",,"All-purpose flour, as needed",
52,182,1,,,1.0,1½ tsp (4 g) coriander seeds,ok,,1½ teaspoon (4 g) coriander seeds,4 g,1½ teaspoon coriander seeds,
52,199,2,,,1.0,1 tsp cumin seeds,ok,,1 teaspoon cumin seeds,,1 teaspoon cumin seeds,1 teaspoon
52,501,3,,,1.0,1 tsp crushed red pepper flakes,ok,,1 teaspoon crushed red pepper flakes,,1 teaspoon crushed red pepper flakes,1 teaspoon
52,412,4,,,1.0,1 tsp paprika,ok,,1 teaspoon paprika,,1 teaspoon paprika,1 teaspoon
52,160,5,,,1.0,1 tsp ground cinnamon,ok,,1 teaspoon ground cinnamon,,1 teaspoon ground cinnamon,1 teaspoon
52,116,6,,,1.0,½ tsp ground cardamom,ok,,½ teaspoon ground cardamom,,½ teaspoon ground cardamom,½ teaspoon
52,261,7,,,1.0,½ tsp ground ginger,ok,,½ teaspoon ground ginger,,½ teaspoon ground ginger,½ teaspoon
52,604,8,,,1.0,½ tsp ground turmeric,ok,,½ teaspoon ground turmeric,,½ teaspoon ground turmeric,½ teaspoon
52,660,9,,,1.0,"2 lb (900 g) Yukon gold potatoes, peeled and cut into 1-inch (3-cm) cubes",review,long_base_phrase;contains_conjunction,"2 lb (900 g) Yukon gold potatoes, peeled and cut into 1-inch (3-cm) cubes",900 g,"2 lb Yukon gold potatoes, peeled and cut into 1-inch cubes",
52,523,10,,,1.0,"Salt, as needed",ok,,"Salt, as needed",,"Salt, as needed",
52,397,11,,,1.0,3 tbsp (45 ml) olive oil,ok,,3 tablespoon (45 ml) olive oil,45 ml,3 tablespoon olive oil,3 tablespoon
52,474,12,,,1.0,1½ tbsp (12 g) Ras el Hanout,ok,,1½ tablespoon (12 g) Ras el Hanout,12 g,1½ tablespoon Ras el Hanout,
52,268,13,,,1.0,¾ cup (184 g) Greek yogurt,ok,,¾ cup (184 g) Greek yogurt,184 g,¾ cup Greek yogurt,¾ cup
52,547,14,,,1.0,2 tbsp (30 ml) sherry vinegar,ok,,2 tablespoon (30 ml) sherry vinegar,30 ml,2 tablespoon sherry vinegar,2 tablespoon
52,368,15,,,1.0,"½ cup (20 g) fresh mint, roughly chopped",ok,,"½ cup (20 g) fresh mint, roughly chopped",20 g,"½ cup fresh mint, roughly chopped",½ cup
52,415,16,,,1.0,"½ cup (20 g) fresh parsley, roughly chopped",ok,,"½ cup (20 g) fresh parsley, roughly chopped",20 g,"½ cup fresh parsley, roughly chopped",½ cup
52,663,17,,,1.0,Zest and juice of 1 lemon,review,contains_conjunction,Zest and juice of 1 lemon,,Zest and juice of 1 lemon,
53,10,1,,,1.0,2 cups (250 g) all-purpose flour,ok,,2 cups (250 g) all-purpose flour,250 g,2 cups all-purpose flour,2 cups
53,522,2,,,1.0,1 tsp salt,ok,,1 teaspoon salt,,1 teaspoon salt,1 teaspoon
53,364,3,,,1.0,¾ cup (180 ml) milk,ok,,¾ cup (180 ml) milk,180 ml,¾ cup milk,¾ cup
53,397,4,,,1.0,1 tbsp (15 ml) olive oil,ok,,1 tablespoon (15 ml) olive oil,15 ml,1 tablespoon olive oil,1 tablespoon
54,251,1,,,1.0,"2 cloves garlic, minced",ok,,"2 cloves garlic, minced",,"2 cloves garlic, minced",2 cloves
54,197,2,,,1.0,2 tsp (6 g) ground cumin,ok,,2 teaspoon (6 g) ground cumin,6 g,2 teaspoon ground cumin,2 teaspoon
54,180,3,,,1.0,2 tsp (6 g) ground coriander,ok,,2 teaspoon (6 g) ground coriander,6 g,2 teaspoon ground coriander,2 teaspoon
54,160,4,,,1.0,¾ tsp ground cinnamon,ok,,¾ teaspoon ground cinnamon,,¾ teaspoon ground cinnamon,¾ teaspoon
54,501,5,,,1.0,1 tsp crushed red pepper flakes,ok,,1 teaspoon crushed red pepper flakes,,1 teaspoon crushed red pepper flakes,1 teaspoon
54,411,6,,,1.0,1 tsp smoked paprika,ok,,1 teaspoon smoked paprika,,1 teaspoon smoked paprika,1 teaspoon
54,397,7,,,1.0,¼ cup (60 ml) olive oil,ok,,¼ cup (60 ml) olive oil,60 ml,¼ cup olive oil,¼ cup
54,522,8,,,1.0,2 tsp (10 g) salt,ok,,2 teaspoon (10 g) salt,10 g,2 teaspoon salt,2 teaspoon
54,211,9,,,1.0,2 medium eggplants,ok,,2 medium eggplants,,2 medium eggplants,2 medium
54,509,10,,,1.0,"Rice or couscous, for serving",review,contains_conjunction,"Rice or couscous, for serving",,"Rice or couscous, for serving",
55,490,1,,,1.0,"2 large red bell peppers, chargrilled",ok,,"2 large red bell peppers, chargrilled",,"2 large red bell peppers, chargrilled",2 large
55,499,2,,,1.0,"1 large red onion, char-grilled",ok,,"1 large red onion, char-grilled",,"1 large red onion, char-grilled",1 large
55,4,3,,,1.0,1 cup (170 g) African bird’s eye chiles or 8 red Thai chiles and 2 small habanero chiles,review,long_base_phrase;long_raw_phrase;contains_conjunction,1 cup (170 g) African bird’s eye chiles or 8 red Thai chiles and 2 small habanero chiles,170 g,1 cup African bird’s eye chiles or 8 red Thai chiles and 2 small habanero chiles,1 cup
55,251,4,,,1.0,4 cloves garlic,ok,,4 cloves garlic,,4 cloves garlic,4 cloves
55,333,5,,,1.0,"¾ cup (180 ml) fresh lemon juice, divided",ok,,"¾ cup (180 ml) fresh lemon juice, divided",180 ml,"¾ cup fresh lemon juice, divided",¾ cup
55,19,6,,,1.0,"½ cup (120 ml) apple cider vinegar, divided",ok,,"½ cup (120 ml) apple cider vinegar, divided",120 ml,"½ cup apple cider vinegar, divided",½ cup
55,664,7,,,1.0,"Zest of 2 lemons, divided",ok,,"Zest of 2 lemons, divided",,"Zest of 2 lemons, divided",
55,411,8,,,1.0,1 tbsp (8 g) smoked paprika,ok,,1 tablespoon (8 g) smoked paprika,8 g,1 tablespoon smoked paprika,1 tablespoon
55,403,9,,,1.0,1½ tsp (2 g) dried oregano,ok,,1½ teaspoon (2 g) dried oregano,2 g,1½ teaspoon dried oregano,
55,36,10,,,1.0,2 bay leaves,ok,,2 bay leaves,,2 bay leaves,
55,525,11,,,1.0,"Salt and black pepper, to taste",review,mixed_seasoning;contains_conjunction,"Salt and black pepper, to taste",,"Salt and black pepper, to taste",
55,220,12,,,1.0,½ cup (120 ml) extra-virgin olive oil,ok,,½ cup (120 ml) extra-virgin olive oil,120 ml,½ cup extra-virgin olive oil,½ cup
55,81,13,,,1.0,2½ to 3 lb (1.1 to 1.4 kg) bone-in or boneless chicken (any cut),review,contains_conjunction,2½ to 3 lb (1.1 to 1.4 kg) bone-in or boneless chicken (any cut),1.1 to 1.4 kg,2½ to 3 lb bone-in or boneless chicken,
55,522,14,,,1.0,2 tsp (10 g) salt,ok,,2 teaspoon (10 g) salt,10 g,2 teaspoon salt,2 teaspoon
55,63,15,,,1.0,2 tsp (6 g) black pepper,ok,,2 teaspoon (6 g) black pepper,6 g,2 teaspoon black pepper,2 teaspoon
55,253,16,,,1.0,2 tsp (6 g) garlic powder,ok,,2 teaspoon (6 g) garlic powder,6 g,2 teaspoon garlic powder,2 teaspoon
55,427,17,,,1.0,1 to 2 cups (240 to 480 ml) Peri Peri Sauce,ok,,1 to 2 cups (240 to 480 ml) Peri Peri Sauce,240 to 480 ml,1 to 2 cups Peri Peri Sauce,
56,3,1,,,1.0,8 African bird’s eye chiles or 8 small habanero chiles,review,long_base_phrase;contains_conjunction,8 African bird’s eye chiles or 8 small habanero chiles,,8 African bird’s eye chiles or 8 small habanero chiles,
56,615,2,,,1.0,1½ cups (360 ml) vegetable oil,ok,,1½ cups (360 ml) vegetable oil,360 ml,1½ cups vegetable oil,
56,333,3,,,1.0,4 tbsp (60 ml) fresh lemon juice,ok,,4 tablespoon (60 ml) fresh lemon juice,60 ml,4 tablespoon fresh lemon juice,4 tablespoon
56,251,4,,,1.0,2 tbsp (18 g) crushed garlic,ok,,2 tablespoon (18 g) crushed garlic,18 g,2 tablespoon crushed garlic,2 tablespoon
56,522,5,,,1.0,1 tsp salt,ok,,1 teaspoon salt,,1 teaspoon salt,1 teaspoon
56,411,6,,,1.0,1 tsp smoked paprika,ok,,1 teaspoon smoked paprika,,1 teaspoon smoked paprika,1 teaspoon
56,460,7,,,1.0,4 lb (1.8 kg) large prawns or shrimp,review,contains_conjunction,4 lb (1.8 kg) large prawns or shrimp,1.8 kg,4 lb large prawns or shrimp,
57,606,1,,,1.0,3 tbsp (42 g) unsalted butter,ok,,3 tablespoon (42 g) unsalted butter,42 g,3 tablespoon unsalted butter,3 tablespoon
57,95,2,,,1.0,1 tbsp (9 g) brown sugar,ok,,1 tablespoon (9 g) brown sugar,9 g,1 tablespoon brown sugar,1 tablespoon
57,604,3,,,1.0,1½ tsp (5 g) ground turmeric,ok,,1½ teaspoon (5 g) ground turmeric,5 g,1½ teaspoon ground turmeric,
57,299,4,,,1.0,½ tsp hot curry powder,ok,,½ teaspoon hot curry powder,,½ teaspoon hot curry powder,½ teaspoon
57,315,5,,,1.0,2 cups (422 g) jasmine rice,ok,,2 cups (422 g) jasmine rice,422 g,2 cups jasmine rice,2 cups
57,134,6,,,1.0,4 cups (960 ml) chicken stock,ok,,4 cups (960 ml) chicken stock,960 ml,4 cups chicken stock,4 cups
57,473,7,,,1.0,½ cup (76 g) raisins,ok,,½ cup (76 g) raisins,76 g,½ cup raisins,½ cup
58,397,1,,,1.0,1 tsp olive oil,ok,,1 teaspoon olive oil,,1 teaspoon olive oil,1 teaspoon
58,78,2,,,1.0,4 slices bologna,ok,,4 slices bologna,,4 slices bologna,
58,324,3,,,1.0,"Ketchup, to taste",ok,,"Ketchup, to taste",,"Ketchup, to taste",
58,427,4,,,1.0,"Peri Peri Sauce , to taste",ok,,"Peri Peri Sauce , to taste",,"Peri Peri Sauce , to taste",
58,195,5,,,1.0,"1 crusty hoagie roll, split in half and lightly toasted",review,long_base_phrase;contains_conjunction,"1 crusty hoagie roll, split in half and lightly toasted",,"1 crusty hoagie roll, split in half and lightly toasted",
58,175,6,,,1.0,"Freshly cooked French fries, as needed",ok,,"Freshly cooked French fries, as needed",,"Freshly cooked French fries, as needed",
58,549,7,,,1.0,½ cup (40 g) shredded lettuce,ok,,½ cup (40 g) shredded lettuce,40 g,½ cup shredded lettuce,½ cup
59,109,1,,,1.0,½ cup (120 ml) canola oil,ok,,½ cup (120 ml) canola oil,120 ml,½ cup canola oil,½ cup
59,399,2,,,1.0,"1 medium onion, diced",ok,,"1 medium onion, diced",,"1 medium onion, diced",1 medium
59,251,3,,,1.0,2 tsp (6 g) minced garlic,ok,,2 teaspoon (6 g) minced garlic,6 g,2 teaspoon minced garlic,2 teaspoon
59,260,4,,,1.0,1 tsp minced fresh ginger,ok,,1 teaspoon minced fresh ginger,,1 teaspoon minced fresh ginger,1 teaspoon
59,162,5,,,1.0,1 (2- to 4-inch [6- to 10-cm]) cinnamon stick,ok,,1 (2- to 4-inch [6- to 10-cm]) cinnamon stick,2- to 4-inch [6- to 10-cm],1 cinnamon stick,
59,412,6,,,1.0,1 tsp paprika,ok,,1 teaspoon paprika,,1 teaspoon paprika,1 teaspoon
59,118,7,,,1.0,2 cardamom pods,ok,,2 cardamom pods,,2 cardamom pods,
59,202,8,,,1.0,3 tbsp (24 g) curry powder,ok,,3 tablespoon (24 g) curry powder,24 g,3 tablespoon curry powder,3 tablespoon
59,523,9,,,1.0,"Salt, as needed",ok,,"Salt, as needed",,"Salt, as needed",
59,597,10,,,1.0,"2 medium tomatoes, diced",ok,,"2 medium tomatoes, diced",,"2 medium tomatoes, diced",2 medium
59,86,11,,,1.0,"1 lb (450 g) boneless, skinless chicken breast, cut into bite-size pieces",review,long_base_phrase,"1 lb (450 g) boneless, skinless chicken breast, cut into bite-size pieces",450 g,"1 lb boneless, skinless chicken breast, cut into bite-size pieces",
59,134,12,,,1.0,1½ cups (360 ml) chicken stock,ok,,1½ cups (360 ml) chicken stock,360 ml,1½ cups chicken stock,
59,660,13,,,1.0,"2 medium Yukon gold potatoes, peeled and cut into ½- to 1-inch (13-mm to 3-cm]) cubes",review,long_base_phrase;long_raw_phrase;contains_conjunction,"2 medium Yukon gold potatoes, peeled and cut into ½- to 1-inch (13-mm to 3-cm]) cubes",13-mm to 3-cm],"2 medium Yukon gold potatoes, peeled and cut into ½- to 1-inch cubes",2 medium
59,150,14,,,1.0,"1 (15-oz [420-g]) can chickpeas, drained and rinsed",review,contains_conjunction,"1 (15-oz [420-g]) can chickpeas, drained and rinsed",15-oz [420-g],"1 can chickpeas, drained and rinsed",1 can
59,89,15,,,1.0,"4 to 6 bread bowls, for serving",ok,,"4 to 6 bread bowls, for serving",,"4 to 6 bread bowls, for serving",
60,284,1,,,1.0,"1 lb (450 g) halibut, cut into 2-inch (6-cm) pieces",ok,,"1 lb (450 g) halibut, cut into 2-inch (6-cm) pieces",450 g,"1 lb halibut, cut into 2-inch pieces",
60,333,2,,,1.0,2 tbsp (30 ml) fresh lemon juice,ok,,2 tablespoon (30 ml) fresh lemon juice,30 ml,2 tablespoon fresh lemon juice,2 tablespoon
60,251,3,,,1.0,"3 cloves garlic, minced",ok,,"3 cloves garlic, minced",,"3 cloves garlic, minced",3 cloves
60,522,4,,,1.0,1 tsp salt,ok,,1 teaspoon salt,,1 teaspoon salt,1 teaspoon
60,63,5,,,1.0,1 tsp black pepper,ok,,1 teaspoon black pepper,,1 teaspoon black pepper,1 teaspoon
60,615,6,,,1.0,1 tbsp (15 ml) vegetable oil,ok,,1 tablespoon (15 ml) vegetable oil,15 ml,1 tablespoon vegetable oil,1 tablespoon
60,638,7,,,1.0,"2 medium white onions, diced",ok,,"2 medium white onions, diced",,"2 medium white onions, diced",2 medium
60,597,8,,,1.0,"4 medium tomatoes, diced",ok,,"4 medium tomatoes, diced",,"4 medium tomatoes, diced",4 medium
60,311,9,,,1.0,"2 medium jalapeño chiles or serrano chiles, diced",review,contains_conjunction,"2 medium jalapeño chiles or serrano chiles, diced",,"2 medium jalapeño chiles or serrano chiles, diced",2 medium
60,396,10,,,1.0,"¾ cup (75 g) okra, trimmed and cut into ¼-inch (6-mm) rounds",review,contains_conjunction,"¾ cup (75 g) okra, trimmed and cut into ¼-inch (6-mm) rounds",75 g,"¾ cup okra, trimmed and cut into ¼-inch rounds",¾ cup
60,36,11,,,1.0,2 bay leaves,ok,,2 bay leaves,,2 bay leaves,
60,409,12,,,1.0,¼ cup (60 ml) palm oil,ok,,¼ cup (60 ml) palm oil,60 ml,¼ cup palm oil,¼ cup
60,613,13,,,1.0,1½ cups (360 ml) vegetable stock,ok,,1½ cups (360 ml) vegetable stock,360 ml,1½ cups vegetable stock,
60,593,14,,,1.0,"1 cup (30 g) tightly packed spinach, roughly chopped",ok,,"1 cup (30 g) tightly packed spinach, roughly chopped",30 g,"1 cup tightly packed spinach, roughly chopped",1 cup
61,397,1,,,1.0,2 tbsp (30 ml) olive oil,ok,,2 tablespoon (30 ml) olive oil,30 ml,2 tablespoon olive oil,2 tablespoon
61,399,2,,,1.0,"2 medium onions, roughly chopped",ok,,"2 medium onions, roughly chopped",,"2 medium onions, roughly chopped",2 medium
61,543,3,,,1.0,"2 medium serrano chiles, diced",ok,,"2 medium serrano chiles, diced",,"2 medium serrano chiles, diced",2 medium
61,251,4,,,1.0,"4 cloves garlic, minced",ok,,"4 cloves garlic, minced",,"4 cloves garlic, minced",4 cloves
61,613,5,,,1.0,"4 cups (960 ml) vegetable stock, divided",ok,,"4 cups (960 ml) vegetable stock, divided",960 ml,"4 cups vegetable stock, divided",4 cups
61,427,6,,,1.0,3 tbsp (45 ml) Peri Peri Sauce,ok,,3 tablespoon (45 ml) Peri Peri Sauce,45 ml,3 tablespoon Peri Peri Sauce,3 tablespoon
61,422,7,,,1.0,1½ cups (270 g) peanut butter,ok,,1½ cups (270 g) peanut butter,270 g,1½ cups peanut butter,
61,598,8,,,1.0,2 tbsp (20 g) tomato paste,ok,,2 tablespoon (20 g) tomato paste,20 g,2 tablespoon tomato paste,2 tablespoon
61,127,9,,,1.0,1 tsp cayenne pepper,ok,,1 teaspoon cayenne pepper,,1 teaspoon cayenne pepper,1 teaspoon
61,120,10,,,1.0,"2 medium carrots, roughly chopped",ok,,"2 medium carrots, roughly chopped",,"2 medium carrots, roughly chopped",2 medium
61,394,11,,,1.0,"1 cup (99 g) okra, whole",ok,,"1 cup (99 g) okra, whole",99 g,"1 cup okra, whole",1 cup
61,593,12,,,1.0,2 cups (60 g) tightly packed spinach,ok,,2 cups (60 g) tightly packed spinach,60 g,2 cups tightly packed spinach,2 cups
61,522,13,,,1.0,"Salt, to taste",ok,,"Salt, to taste",,"Salt, to taste",
62,615,1,,,1.0,2 tbsp (30 ml) vegetable oil,ok,,2 tablespoon (30 ml) vegetable oil,30 ml,2 tablespoon vegetable oil,2 tablespoon
62,399,2,,,1.0,"1 large onion, diced",ok,,"1 large onion, diced",,"1 large onion, diced",1 large
62,251,3,,,1.0,"2 cloves garlic, minced",ok,,"2 cloves garlic, minced",,"2 cloves garlic, minced",2 cloves
62,261,4,,,1.0,1 tsp ground ginger,ok,,1 teaspoon ground ginger,,1 teaspoon ground ginger,1 teaspoon
62,202,5,,,1.0,1 tbsp (8 g) curry powder,ok,,1 tablespoon (8 g) curry powder,8 g,1 tablespoon curry powder,1 tablespoon
62,412,6,,,1.0,1 tsp paprika,ok,,1 teaspoon paprika,,1 teaspoon paprika,1 teaspoon
62,597,7,,,1.0,"2 medium tomatoes, finely chopped",ok,,"2 medium tomatoes, finely chopped",,"2 medium tomatoes, finely chopped",2 medium
62,659,8,,,1.0,2 cups (450 g) diced Yukon gold potatoes,ok,,2 cups (450 g) diced Yukon gold potatoes,450 g,2 cups diced Yukon gold potatoes,2 cups
62,39,9,,,1.0,1 lb (450 g) ground beef,ok,,1 lb (450 g) ground beef,450 g,1 lb ground beef,
62,523,10,,,1.0,"Salt, as needed",ok,,"Salt, as needed",,"Salt, as needed",
62,419,11,,,1.0,"1 cup (150 g) frozen peas and carrots, thawed",review,contains_conjunction,"1 cup (150 g) frozen peas and carrots, thawed",150 g,"1 cup frozen peas and carrots, thawed",1 cup
62,522,12,,,1.0,1 tsp salt,ok,,1 teaspoon salt,,1 teaspoon salt,1 teaspoon
62,577,13,,,1.0,3 tbsp (36 g) sugar,ok,,3 tablespoon (36 g) sugar,36 g,3 tablespoon sugar,3 tablespoon
62,346,14,,,1.0,2 cups (480 ml) lukewarm water,ok,,2 cups (480 ml) lukewarm water,480 ml,2 cups lukewarm water,2 cups
62,408,15,,,1.0,1 (¼-oz [7-g]) packet active dry yeast,ok,,1 (¼-oz [7-g]) packet active dry yeast,¼-oz [7-g],1 packet active dry yeast,
62,108,16,,,1.0,4 cups (360 g) cake flour,ok,,4 cups (360 g) cake flour,360 g,4 cups cake flour,4 cups
62,616,17,,,1.0,"Vegetable oil, as needed",ok,,"Vegetable oil, as needed",,"Vegetable oil, as needed",
63,634,1,,,1.0,3 slices white bread,ok,,3 slices white bread,,3 slices white bread,
63,364,2,,,1.0,"1½ cups (360 ml) milk, divided",ok,,"1½ cups (360 ml) milk, divided",360 ml,"1½ cups milk, divided",
63,397,3,,,1.0,2 tbsp (30 ml) olive oil,ok,,2 tablespoon (30 ml) olive oil,30 ml,2 tablespoon olive oil,2 tablespoon
63,399,4,,,1.0,"2 large onions, roughly chopped",ok,,"2 large onions, roughly chopped",,"2 large onions, roughly chopped",2 large
63,202,5,,,1.0,1 tbsp (8 g) curry powder,ok,,1 tablespoon (8 g) curry powder,8 g,1 tablespoon curry powder,1 tablespoon
63,403,6,,,1.0,1 tsp dried oregano,ok,,1 teaspoon dried oregano,,1 teaspoon dried oregano,1 teaspoon
63,197,7,,,1.0,1 tsp ground cumin,ok,,1 teaspoon ground cumin,,1 teaspoon ground cumin,1 teaspoon
63,604,8,,,1.0,1 tsp ground turmeric,ok,,1 teaspoon ground turmeric,,1 teaspoon ground turmeric,1 teaspoon
63,251,9,,,1.0,"2 cloves garlic, minced",ok,,"2 cloves garlic, minced",,"2 cloves garlic, minced",2 cloves
63,39,10,,,1.0,1 lb (450 g) ground beef,ok,,1 lb (450 g) ground beef,450 g,1 lb ground beef,
63,352,11,,,1.0,¼ cup (80 g) mango chutney,ok,,¼ cup (80 g) mango chutney,80 g,¼ cup mango chutney,¼ cup
63,22,12,,,1.0,1 tbsp (20 g) apricot jam,ok,,1 tablespoon (20 g) apricot jam,20 g,1 tablespoon apricot jam,1 tablespoon
63,663,13,,,1.0,Zest and juice of 1 lemon,review,contains_conjunction,Zest and juice of 1 lemon,,Zest and juice of 1 lemon,
63,598,14,,,1.0,1 tsp tomato paste,ok,,1 teaspoon tomato paste,,1 teaspoon tomato paste,1 teaspoon
63,526,15,,,1.0,"Salt and black pepper, as needed",review,mixed_seasoning;contains_conjunction,"Salt and black pepper, as needed",,"Salt and black pepper, as needed",
63,209,16,,,1.0,2 large eggs,ok,,2 large eggs,,2 large eggs,2 large
63,36,17,,,1.0,2 bay leaves,ok,,2 bay leaves,,2 bay leaves,
64,615,1,,,1.0,1 to 2 tbsp (15 to 30 ml) vegetable oil,ok,,1 to 2 tablespoon (15 to 30 ml) vegetable oil,15 to 30 ml,1 to 2 tablespoon vegetable oil,
64,399,2,,,1.0,"3 medium onions, thinly sliced",ok,,"3 medium onions, thinly sliced",,"3 medium onions, thinly sliced",3 medium
64,597,3,,,1.0,"4 large tomatoes, thinly sliced",ok,,"4 large tomatoes, thinly sliced",,"4 large tomatoes, thinly sliced",4 large
64,251,4,,,1.0,½ tsp minced garlic,ok,,½ teaspoon minced garlic,,½ teaspoon minced garlic,½ teaspoon
64,525,5,,,1.0,"Salt and black pepper, to taste",review,mixed_seasoning;contains_conjunction,"Salt and black pepper, to taste",,"Salt and black pepper, to taste",
64,100,6,,,1.0,"Butter, as needed",ok,,"Butter, as needed",,"Butter, as needed",
64,634,7,,,1.0,8 slices white bread,ok,,8 slices white bread,,8 slices white bread,
64,278,8,,,1.0,8 slices Gruyère cheese,ok,,8 slices Gruyère cheese,,8 slices Gruyère cheese,
64,313,9,,,1.0,1 (12-oz [336-g]) jar mango chutney,ok,,1 (12-oz [336-g]) jar mango chutney,12-oz [336-g],1 jar mango chutney,
65,10,1,,,1.0,2 cups (250 g) all-purpose flour,ok,,2 cups (250 g) all-purpose flour,250 g,2 cups all-purpose flour,2 cups
65,523,2,,,1.0,"½ tsp salt, plus more as needed",ok,,"½ teaspoon salt, plus more as needed",,"½ teaspoon salt, plus more as needed",½ teaspoon
65,625,3,,,1.0,½ cup (120 ml) water,ok,,½ cup (120 ml) water,120 ml,½ cup water,½ cup
65,616,4,,,1.0,"1 cup (240 ml) vegetable oil, plus more as needed",ok,,"1 cup (240 ml) vegetable oil, plus more as needed",240 ml,"1 cup vegetable oil, plus more as needed",1 cup
65,39,5,,,1.0,1 lb (450 g) ground beef,ok,,1 lb (450 g) ground beef,450 g,1 lb ground beef,
65,64,6,,,1.0,"Black pepper, as needed",ok,,"Black pepper, as needed",,"Black pepper, as needed",
65,251,7,,,1.0,"2 cloves garlic, minced",ok,,"2 cloves garlic, minced",,"2 cloves garlic, minced",2 cloves
65,260,8,,,1.0,½ tsp finely chopped fresh ginger,ok,,½ teaspoon finely chopped fresh ginger,,½ teaspoon finely chopped fresh ginger,½ teaspoon
65,543,9,,,1.0,"3 small serrano chiles, diced",ok,,"3 small serrano chiles, diced",,"3 small serrano chiles, diced",3 small
65,497,10,,,1.0,"½ medium red onion, finely chopped",ok,,"½ medium red onion, finely chopped",,"½ medium red onion, finely chopped",½ medium
65,209,11,,,1.0,6 large eggs,ok,,6 large eggs,,6 large eggs,6 large
66,580,1,,,1.0,"1 lb (450 g) sweet potatoes, peeled",ok,,"1 lb (450 g) sweet potatoes, peeled",450 g,"1 lb sweet potatoes, peeled",
66,77,2,,,1.0,"Boiling water, as needed",ok,,"Boiling water, as needed",,"Boiling water, as needed",
66,10,3,,,1.0,1 cup (125 g) all-purpose flour,ok,,1 cup (125 g) all-purpose flour,125 g,1 cup all-purpose flour,1 cup
66,209,4,,,1.0,1 large egg,ok,,1 large egg,,1 large egg,1 large
66,99,5,,,1.0,"¼ cup (58 g) butter, melted",ok,,"¼ cup (58 g) butter, melted",58 g,"¼ cup butter, melted",¼ cup
66,522,6,,,1.0,Pinch of salt,ok,,Pinch of salt,,Pinch of salt,
66,616,7,,,1.0,"Vegetable oil, as needed",ok,,"Vegetable oil, as needed",,"Vegetable oil, as needed",
67,10,1,,,1.0,1 cup (125 g) all-purpose flour,ok,,1 cup (125 g) all-purpose flour,125 g,1 cup all-purpose flour,1 cup
67,29,2,,,1.0,1 tsp baking soda,ok,,1 teaspoon baking soda,,1 teaspoon baking soda,1 teaspoon
67,522,3,,,1.0,½ tsp salt,ok,,½ teaspoon salt,,½ teaspoon salt,½ teaspoon
67,209,4,,,1.0,2 large eggs,ok,,2 large eggs,,2 large eggs,2 large
67,665,5,,,1.0,Zest from 1 orange,ok,,Zest from 1 orange,,Zest from 1 orange,
67,575,6,,,1.0,¾ cup (144 g) granulated sugar,ok,,¾ cup (144 g) granulated sugar,144 g,¾ cup granulated sugar,¾ cup
67,516,7,,,1.0,1 tbsp (14 g) room-temperature unsalted butter,ok,,1 tablespoon (14 g) room-temperature unsalted butter,14 g,1 tablespoon room-temperature unsalted butter,1 tablespoon
67,22,8,,,1.0,4 tbsp (80 g) apricot jam,ok,,4 tablespoon (80 g) apricot jam,80 g,4 tablespoon apricot jam,4 tablespoon
67,206,9,,,1.0,1 tsp distilled white vinegar,ok,,1 teaspoon distilled white vinegar,,1 teaspoon distilled white vinegar,1 teaspoon
67,364,10,,,1.0,¾ cup (180 ml) milk,ok,,¾ cup (180 ml) milk,180 ml,¾ cup milk,¾ cup
67,217,11,,,1.0,1 cup (240 ml) evaporated milk,ok,,1 cup (240 ml) evaporated milk,240 ml,1 cup evaporated milk,1 cup
67,99,12,,,1.0,8 tbsp (112 g) butter,ok,,8 tablespoon (112 g) butter,112 g,8 tablespoon butter,8 tablespoon
67,95,13,,,1.0,¼ cup (36 g) brown sugar,ok,,¼ cup (36 g) brown sugar,36 g,¼ cup brown sugar,¼ cup
67,611,14,,,1.0,1½ tsp (8 ml) vanilla extract,ok,,1½ teaspoon (8 ml) vanilla extract,8 ml,1½ teaspoon vanilla extract,
68,618,1,0.5,cup,1.0,,ok,,,,,
69,327,1,2.0,pounds,1.0,,ok,,,,,
70,197,1,1.25,teaspoons,1.0,,ok,,,,,
71,399,1,2.0,,1.0,,ok,,,,,
72,214,1,0.75,cup,1.0,,review,contains_conjunction,,,,
73,625,1,10.0,cups,1.0,,ok,,,,,
74,580,1,1.0,,1.0,,review,contains_conjunction,,,,
75,522,1,1.0,teaspoon,1.0,,ok,,,,,
76,397,1,0.5,cup,1.0,,ok,,,,,
77,615,1,2.0,tablespoons,1.0,,ok,,,,,
78,99,1,0.5,cup,1.0,,ok,,,,,
79,615,1,1.0,tablespoon,1.0,,ok,,,,,
80,397,1,1.0,tbsp,1.0,,ok,,,,,
81,461,1,1.0,(17.5 ounce) package,1.0,,ok,,,,,
82,621,1,1.0,cup,1.0,,ok,,,,,
83,491,1,1.0,,1.0,,review,long_base_phrase,,,,
84,397,1,3.0,tablespoons,1.0,,ok,,,,,
85,640,1,2.0,cups,1.0,,ok,,,,,
86,160,1,1.0,teaspoon,1.0,,ok,,,,,
87,397,1,1.0,tablespoon,1.0,,ok,,,,,
88,423,1,2.0,tablespoons,1.0,,ok,,,,,
89,625,1,3.0,cups,1.0,,ok,,,,,
90,107,1,1.0,large head,1.0,,ok,,,,,
91,613,1,1.25,cups,1.0,,ok,,,,,
92,211,1,1.0,large,1.0,,ok,,,,,
93,493,1,1.0,cup,1.0,,ok,,,,,
94,399,1,1.0,,1.0,,ok,,,,,
95,346,1,2.0,cups,1.0,,ok,,,,,
96,10,1,4.0,cups,1.0,,ok,,,,,
97,99,1,1.0,cup unsalted,1.0,,ok,,,,,
98,563,1,2.0,cups,1.0,,ok,,,,,
99,397,1,1.5,tablespoons,1.0,,ok,,,,,
100,421,1,1.0,tablespoon,1.0,,ok,,,,,
101,386,1,0.5,cup,1.0,,ok,,,,,
102,640,1,1.0,cup,1.0,,ok,,,,,
103,398,1,0.25,cup,1.0,,review,contains_conjunction,,,,
104,142,1,2.0,pounds,1.0,,ok,,,,,
105,14,1,2.0,cups,1.0,,ok,,,,,
106,620,1,1.0,cup,1.0,,ok,,,,,
107,150,1,2.0,(15 ounce) cans,1.0,,ok,,,,,
108,641,1,0.5,cup,1.0,,ok,,,,,
109,151,1,10.0,,1.0,,ok,,,,,
110,84,1,1.0,(3 pound),1.0,,ok,,,,,
111,615,1,2.0,tablespoons,1.0,,ok,,,,,
112,361,1,12.0,,1.0,,review,long_base_phrase,,,,
113,397,1,1.0,tablespoon,1.0,,ok,,,,,
114,397,1,2.0,tablespoons,1.0,,ok,,,,,
115,615,1,1.0,tablespoon,1.0,,ok,,,,,
116,364,1,0.5,cup,1.0,,ok,,,,,
117,658,1,4.0,,1.0,,review,contains_conjunction,,,,
118,615,1,1.0,tablespoon,1.0,,ok,,,,,
119,333,1,1.0,cup,1.0,,ok,,,,,
120,462,1,1.0,,1.0,,ok,,,,,
121,397,1,2.0,tablespoons,1.0,,ok,,,,,
122,178,1,,,1.0,,ok,,,,,
123,613,1,2.0,cups,1.0,,ok,,,,,
124,637,1,1.5,cups,1.0,,ok,,,,,
125,222,1,2.0,tablespoons,1.0,,ok,,,,,
126,343,1,1.0,cup,1.0,,ok,,,,,
127,500,1,,,1.0,"2 large red or orange peppers , de-seeded and cut into bite-sized chunks",review,long_base_phrase;long_raw_phrase;contains_conjunction,"2 large red or orange peppers , de-seeded and cut into bite-sized chunks",,"2 large red or orange peppers , de-seeded and cut into bite-sized chunks",2 large
127,581,2,,,1.0,"2 sweet potatoes , scrubbed and cut into bite-sized chunks",review,long_base_phrase;contains_conjunction,"2 sweet potatoes , scrubbed and cut into bite-sized chunks",,"2 sweet potatoes , scrubbed and cut into bite-sized chunks",
127,498,3,,,1.0,"2 red onions , cut into bite-sized chunks",ok,,"2 red onions , cut into bite-sized chunks",,"2 red onions , cut into bite-sized chunks",
127,132,4,,,1.0,200g/7oz cherry tomatoes,ok,,200g/7oz cherry tomatoes,,200g/7oz cherry tomatoes,
127,289,5,,,1.0,1 tbsp harissa spice mix,ok,,1 tablespoon harissa spice mix,,1 tablespoon harissa spice mix,1 tablespoon
127,397,6,,,1.0,1 tbsp olive oil,ok,,1 tablespoon olive oil,,1 tablespoon olive oil,1 tablespoon
127,538,7,,,1.0,sea salt and freshly ground black pepper,review,mixed_seasoning;contains_conjunction,sea salt and freshly ground black pepper,,sea salt and freshly ground black pepper,
128,440,1,,,1.0,"4 pointed red peppers , grated",ok,,"4 pointed red peppers , grated",,"4 pointed red peppers , grated",
128,497,2,,,1.0,"1 red onion , grated",ok,,"1 red onion , grated",,"1 red onion , grated",
128,163,3,,,1.0,"2cm/Â¾in piece fresh root ginger , peeled and grated",review,contains_conjunction,"2cm/Â¾in piece fresh root ginger , peeled and grated",,"2cm/Â¾in piece fresh root ginger , peeled and grated",
128,251,4,,,1.0,"5 garlic cloves, grated",ok,,"5 garlic cloves, grated",,"5 garlic cloves, grated",
128,494,5,,,1.0,"3 red chillies , chopped",ok,,"3 red chillies , chopped",,"3 red chillies , chopped",
128,492,6,,,1.0,"2 red birdâs-eye chillies , halved",ok,,"2 red birdâs-eye chillies , halved",,"2 red birdâs-eye chillies , halved",
128,614,7,,,1.0,"1 vegetable stock cube, crumbled",ok,,"1 vegetable stock cube, crumbled",,"1 vegetable stock cube, crumbled",
128,397,8,,,1.0,2 tbsp olive oil,ok,,2 tablespoon olive oil,,2 tablespoon olive oil,2 tablespoon
128,399,9,,,1.0,"1 onion , sliced",ok,,"1 onion , sliced",,"1 onion , sliced",
128,565,10,,,1.0,"2 sprigs fresh thyme , leaves only",ok,,"2 sprigs fresh thyme , leaves only",,"2 sprigs fresh thyme , leaves only",
128,132,11,,,1.0,"6 cherry tomatoes , chopped",ok,,"6 cherry tomatoes , chopped",,"6 cherry tomatoes , chopped",
129,68,1,,,1.0,350g/12oz dried black-eyed beans,ok,,350g/12oz dried black-eyed beans,,350g/12oz dried black-eyed beans,
129,552,2,,,1.0,"900g/2lb sirloin steak, cut into 1cm/Â½ in cubes",ok,,"900g/2lb sirloin steak, cut into 1cm/Â½ in cubes",,"900g/2lb sirloin steak, cut into 1cm/Â½ in cubes",
129,236,3,,,1.0,325ml/11Â½fl oz vegetable oil,ok,,325ml/11Â½fl oz vegetable oil,,325ml/11Â½fl oz vegetable oil,
129,399,4,,,1.0,"1 large onion , chopped",ok,,"1 large onion , chopped",,"1 large onion , chopped",1 large
129,251,5,,,1.0,"4 garlic cloves, finely chopped",ok,,"4 garlic cloves, finely chopped",,"4 garlic cloves, finely chopped",
129,163,6,,,1.0,"4cm/2in piece fresh root ginger , grated",ok,,"4cm/2in piece fresh root ginger , grated",,"4cm/2in piece fresh root ginger , grated",
129,154,7,,,1.0,1 tsp dried chilli flakes,ok,,1 teaspoon dried chilli flakes,,1 teaspoon dried chilli flakes,1 teaspoon
129,596,8,,,1.0,2 x 400g tins chopped tomatoes,ok,,2 x 400g tins chopped tomatoes,,2 x 400g tins chopped tomatoes,
129,600,9,,,1.0,2 tbsp tomato purÃ©e,ok,,2 tablespoon tomato purÃ©e,,2 tablespoon tomato purÃ©e,2 tablespoon
129,46,10,,,1.0,2 beef stock cubes,ok,,2 beef stock cubes,,2 beef stock cubes,
129,564,11,,,1.0,2 sprigs fresh thyme,ok,,2 sprigs fresh thyme,,2 sprigs fresh thyme,
129,534,12,,,1.0,"1 Scotch bonnet chilli , chopped",ok,,"1 Scotch bonnet chilli , chopped",,"1 Scotch bonnet chilli , chopped",
129,511,13,,,1.0,"3 ripe plantain , peeled and sliced",review,contains_conjunction,"3 ripe plantain , peeled and sliced",,"3 ripe plantain , peeled and sliced",
129,524,14,,,1.0,salt and freshly ground black pepper,review,mixed_seasoning;contains_conjunction,salt and freshly ground black pepper,,salt and freshly ground black pepper,
130,102,1,,,1.0,"butter , for greasing",ok,,"butter , for greasing",,"butter , for greasing",
130,231,2,,,1.0,400ml/14fl oz full-fat milk,ok,,400ml/14fl oz full-fat milk,,400ml/14fl oz full-fat milk,
130,635,3,,,1.0,50g/1Â¾oz fresh white breadcrumbs,ok,,50g/1Â¾oz fresh white breadcrumbs,,50g/1Â¾oz fresh white breadcrumbs,
130,241,4,,,1.0,"4 large free-range eggs , beaten",ok,,"4 large free-range eggs , beaten",,"4 large free-range eggs , beaten",4 large
130,397,5,,,1.0,1 tbsp olive oil,ok,,1 tablespoon olive oil,,1 tablespoon olive oil,1 tablespoon
130,328,6,,,1.0,1kg/2lb 4oz lamb mince,ok,,1kg/2lb 4oz lamb mince,,1kg/2lb 4oz lamb mince,
130,399,7,,,1.0,"2 onions , finely chopped",ok,,"2 onions , finely chopped",,"2 onions , finely chopped",
130,35,8,,,1.0,1 bay leaf,ok,,1 bay leaf,,1 bay leaf,
130,251,9,,,1.0,"2 garlic cloves , crushed",ok,,"2 garlic cloves , crushed",,"2 garlic cloves , crushed",
130,349,10,,,1.0,2 tbsp madras curry paste,ok,,2 tablespoon madras curry paste,,2 tablespoon madras curry paste,2 tablespoon
130,233,11,,,1.0,250ml/9fl oz lamb stock,ok,,250ml/9fl oz lamb stock,,250ml/9fl oz lamb stock,
130,645,12,,,1.0,2 tbsp Worcestershire sauce,ok,,2 tablespoon Worcestershire sauce,,2 tablespoon Worcestershire sauce,2 tablespoon
130,352,13,,,1.0,2 tbsp mango chutney,ok,,2 tablespoon mango chutney,,2 tablespoon mango chutney,2 tablespoon
130,473,14,,,1.0,50g/1Â¾oz raisins,ok,,50g/1Â¾oz raisins,,50g/1Â¾oz raisins,
130,20,15,,,1.0,"50g/1Â¾oz dried apricots , chopped",ok,,"50g/1Â¾oz dried apricots , chopped",,"50g/1Â¾oz dried apricots , chopped",
130,158,16,,,1.0,1 tbsp cider vinegar,ok,,1 tablespoon cider vinegar,,1 tablespoon cider vinegar,1 tablespoon
131,138,1,,,1.0,"1 whole chicken on the bone, skin on, separated into 6â8 pieces",review,long_raw_phrase,"1 whole chicken on the bone, skin on, separated into 6â8 pieces",,"1 whole chicken on the bone, skin on, separated into 6â8 pieces",
131,399,2,,,1.0,"1 onion , chopped",ok,,"1 onion , chopped",,"1 onion , chopped",
131,120,3,,,1.0,"2 carrots , peeled and chopped",review,contains_conjunction,"2 carrots , peeled and chopped",,"2 carrots , peeled and chopped",
131,129,4,,,1.0,"3 celery sticks, chopped",ok,,"3 celery sticks, chopped",,"3 celery sticks, chopped",
131,255,5,,,1.0,"1 head garlic , cut in half",ok,,"1 head garlic , cut in half",,"1 head garlic , cut in half",
131,182,6,,,1.0,2 tbsp coriander seeds,ok,,2 tablespoon coriander seeds,,2 tablespoon coriander seeds,2 tablespoon
131,199,7,,,1.0,1 tbsp cumin seeds,ok,,1 tablespoon cumin seeds,,1 tablespoon cumin seeds,1 tablespoon
131,162,8,,,1.0,1 cinnamon stick,ok,,1 cinnamon stick,,1 cinnamon stick,
131,118,9,,,1.0,"3 cardamom pods, crushed",ok,,"3 cardamom pods, crushed",,"3 cardamom pods, crushed",
131,537,11,,,1.0,1â2 tsp sea salt,ok,,1â2 teaspoon sea salt,,1â2 teaspoon sea salt,
131,66,12,,,1.0,1 tbsp black peppercorns,ok,,1 tablespoon black peppercorns,,1 tablespoon black peppercorns,1 tablespoon
132,397,1,,,1.0,3 tbsp olive oil,ok,,3 tablespoon olive oil,,3 tablespoon olive oil,3 tablespoon
132,399,2,,,1.0,"4 large onions , sliced",ok,,"4 large onions , sliced",,"4 large onions , sliced",4 large
132,87,3,,,1.0,"700g/1lb 9oz boneless, skinless chicken thighs or breasts",review,long_base_phrase;contains_conjunction,"700g/1lb 9oz boneless, skinless chicken thighs or breasts",,"700g/1lb 9oz boneless, skinless chicken thighs or breasts",
132,179,4,,,1.0,"20g/Â¾oz fresh coriander , finely chopped",ok,,"20g/Â¾oz fresh coriander , finely chopped",,"20g/Â¾oz fresh coriander , finely chopped",
132,251,5,,,1.0,"3 garlic cloves, crushed",ok,,"3 garlic cloves, crushed",,"3 garlic cloves, crushed",
132,474,6,,,1.0,1 tsp ras el hanout,ok,,1 teaspoon ras el hanout,,1 teaspoon ras el hanout,1 teaspoon
132,604,7,,,1.0,Â¼ tsp ground turmeric,ok,,Â¼ teaspoon ground turmeric,,Â¼ teaspoon ground turmeric,
132,261,8,,,1.0,Â¼ tsp ground ginger,ok,,Â¼ teaspoon ground ginger,,Â¼ teaspoon ground ginger,
132,62,9,,,1.0,1/8 tsp ground black pepper,ok,,1/8 teaspoon ground black pepper,,1/8 teaspoon ground black pepper,1/8 teaspoon
132,230,10,,,1.0,150ml/5fl oz chicken stock,ok,,150ml/5fl oz chicken stock,,150ml/5fl oz chicken stock,
132,518,11,,,1.0,2 tbsp runny honey,ok,,2 tablespoon runny honey,,2 tablespoon runny honey,2 tablespoon
132,161,12,,,1.0,"2 tsp ground cinnamon , plus extra for dusting",ok,,"2 teaspoon ground cinnamon , plus extra for dusting",,"2 teaspoon ground cinnamon , plus extra for dusting",2 teaspoon
132,72,13,,,1.0,100g/3Â½oz blanched almonds,ok,,100g/3Â½oz blanched almonds,,100g/3Â½oz blanched almonds,
132,546,14,,,1.0,100g/3Â½oz shelled unsalted pistachio nuts,ok,,100g/3Â½oz shelled unsalted pistachio nuts,,100g/3Â½oz shelled unsalted pistachio nuts,
132,125,15,,,1.0,2 tbsp caster sugar,ok,,2 tablespoon caster sugar,,2 tablespoon caster sugar,2 tablespoon
132,606,16,,,1.0,50g/1Â¾oz unsalted butter,ok,,50g/1Â¾oz unsalted butter,,50g/1Â¾oz unsalted butter,
132,241,17,,,1.0,5 large free-range eggs,ok,,5 large free-range eggs,,5 large free-range eggs,5 large
132,226,18,,,1.0,325g/11Â½oz filo pastry sheets,ok,,325g/11Â½oz filo pastry sheets,,325g/11Â½oz filo pastry sheets,
132,338,19,,,1.0,"3 lemons , finely grated zest only",ok,,"3 lemons , finely grated zest only",,"3 lemons , finely grated zest only",
132,244,20,,,1.0,1 free-range egg yolk,ok,,1 free-range egg yolk,,1 free-range egg yolk,
132,305,21,,,1.0,"icing sugar , for dusting",ok,,"icing sugar , for dusting",,"icing sugar , for dusting",
132,522,22,,,1.0,salt,ok,,salt,,salt,
133,399,1,,,1.0,"1 onion , grated",ok,,"1 onion , grated",,"1 onion , grated",
133,251,2,,,1.0,"4 garlic cloves, crushed",ok,,"4 garlic cloves, crushed",,"4 garlic cloves, crushed",
133,260,3,,,1.0,"15g/Â½oz ginger , peeled and grated",review,contains_conjunction,"15g/Â½oz ginger , peeled and grated",,"15g/Â½oz ginger , peeled and grated",
133,205,4,,,1.0,2 tbsp Dijon mustard,ok,,2 tablespoon Dijon mustard,,2 tablespoon Dijon mustard,2 tablespoon
133,504,5,,,1.0,2 tbsp red wine vinegar,ok,,2 tablespoon red wine vinegar,,2 tablespoon red wine vinegar,2 tablespoon
133,335,6,,,1.0,"1 lemon , juice only",ok,,"1 lemon , juice only",,"1 lemon , juice only",
133,534,7,,,1.0,"1 Scotch bonnet chilli , finely chopped",ok,,"1 Scotch bonnet chilli , finely chopped",,"1 Scotch bonnet chilli , finely chopped",
133,527,8,,,1.0,salt and freshly ground pepper,review,mixed_seasoning;contains_conjunction,salt and freshly ground pepper,,salt and freshly ground pepper,
133,146,9,,,1.0,"8 chicken thighs , skin-on and bone-in",review,contains_conjunction,"8 chicken thighs , skin-on and bone-in",,"8 chicken thighs , skin-on and bone-in",
134,60,1,,,1.0,"120g/4Â½oz black eyed beans , soaked overnight or for at least 5 hours",review,long_base_phrase;long_raw_phrase;contains_conjunction,"120g/4Â½oz black eyed beans , soaked overnight or for at least 5 hours",,"120g/4Â½oz black eyed beans , soaked overnight or for at least 5 hours",
134,399,2,,,1.0,100g/3Â½oz onion,ok,,100g/3Â½oz onion,,100g/3Â½oz onion,
134,213,3,,,1.0,"80g/3oz egusi seeds , toasted",ok,,"80g/3oz egusi seeds , toasted",,"80g/3oz egusi seeds , toasted",
134,639,4,,,1.0,6g/Â¼oz white pepper,ok,,6g/Â¼oz white pepper,,6g/Â¼oz white pepper,
134,617,5,,,1.0,"50ml/1Â¾oz vegetable oil , plus extra for greasing",ok,,"50ml/1Â¾oz vegetable oil , plus extra for greasing",,"50ml/1Â¾oz vegetable oil , plus extra for greasing",
134,612,6,,,1.0,10g vegetable bouillon powder,ok,,10g vegetable bouillon powder,,10g vegetable bouillon powder,
134,243,7,,,1.0,200g/7oz free-range egg whites,ok,,200g/7oz free-range egg whites,,200g/7oz free-range egg whites,
135,522,1,,,1.0,80g/3oz salt,ok,,80g/3oz salt,,80g/3oz salt,
135,182,2,,,1.0,1 tsp coriander seeds,ok,,1 teaspoon coriander seeds,,1 teaspoon coriander seeds,1 teaspoon
135,224,3,,,1.0,1 tsp fennel seeds,ok,,1 teaspoon fennel seeds,,1 teaspoon fennel seeds,1 teaspoon
135,571,4,,,1.0,2 star anise,ok,,2 star anise,,2 star anise,
135,574,5,,,1.0,1 tbsp roughly chopped stem ginger,ok,,1 tablespoon roughly chopped stem ginger,,1 tablespoon roughly chopped stem ginger,1 tablespoon
135,443,6,,,1.0,"250g/9oz pork chops , trimmed",ok,,"250g/9oz pork chops , trimmed",,"250g/9oz pork chops , trimmed",
136,261,1,,,1.0,30g/1oz ground ginger,ok,,30g/1oz ground ginger,,30g/1oz ground ginger,
136,252,2,,,1.0,30g/1oz garlic granules,ok,,30g/1oz garlic granules,,30g/1oz garlic granules,
136,155,3,,,1.0,45g/1Â½oz chilli flakes,ok,,45g/1Â½oz chilli flakes,,45g/1Â½oz chilli flakes,
136,591,4,,,1.0,20g/Â¾oz dried thyme,ok,,20g/Â¾oz dried thyme,,20g/Â¾oz dried thyme,
136,160,5,,,1.0,20g/Â¾oz ground cinnamon,ok,,20g/Â¾oz ground cinnamon,,20g/Â¾oz ground cinnamon,
136,389,6,,,1.0,15g/Â½oz ground nutmeg,ok,,15g/Â½oz ground nutmeg,,15g/Â½oz ground nutmeg,
136,180,7,,,1.0,20g/Â¾oz ground coriander,ok,,20g/Â¾oz ground coriander,,20g/Â¾oz ground coriander,
136,522,8,,,1.0,1 tbsp salt,ok,,1 tablespoon salt,,1 tablespoon salt,1 tablespoon
136,62,9,,,1.0,1 tbsp ground black pepper,ok,,1 tablespoon ground black pepper,,1 tablespoon ground black pepper,1 tablespoon
137,615,1,,,1.0,3 tbsp vegetable oil,ok,,3 tablespoon vegetable oil,,3 tablespoon vegetable oil,3 tablespoon
137,93,2,,,1.0,"1 brown onion , roughly chopped",ok,,"1 brown onion , roughly chopped",,"1 brown onion , roughly chopped",
137,251,3,,,1.0,"4 garlic cloves, crushed",ok,,"4 garlic cloves, crushed",,"4 garlic cloves, crushed",
137,536,4,,,1.0,"1â2 Scotch bonnet chillies , roughly chopped or left whole",review,contains_conjunction,"1â2 Scotch bonnet chillies , roughly chopped or left whole",,"1â2 Scotch bonnet chillies , roughly chopped or left whole",
137,600,5,,,1.0,4 tbsp tomato purÃ©e,ok,,4 tablespoon tomato purÃ©e,,4 tablespoon tomato purÃ©e,4 tablespoon
137,15,6,,,1.0,1 tbsp all-purpose seasoning,ok,,1 tablespoon all-purpose seasoning,,1 tablespoon all-purpose seasoning,1 tablespoon
137,437,7,,,1.0,"600g/1lb 5oz plum tomatoes , roughly chopped",ok,,"600g/1lb 5oz plum tomatoes , roughly chopped",,"600g/1lb 5oz plum tomatoes , roughly chopped",
137,613,8,,,1.0,"4 vegetable stock cube (such as Maggi stock cubes), crushed",ok,,"4 vegetable stock cube (such as Maggi stock cubes), crushed",such as Maggi stock cubes,"4 vegetable stock cube, crushed",
137,36,9,,,1.0,2 bay leaves,ok,,2 bay leaves,,2 bay leaves,
137,34,10,,,1.0,"500g/1lb 2oz basmati rice , rinsed",ok,,"500g/1lb 2oz basmati rice , rinsed",,"500g/1lb 2oz basmati rice , rinsed",
137,432,11,,,1.0,850ml/1Â½ pint lamb stock,ok,,850ml/1Â½ pint lamb stock,,850ml/1Â½ pint lamb stock,
137,529,12,,,1.0,"salt, white pepper and ground black pepper",review,long_base_phrase;mixed_seasoning;contains_conjunction,"salt, white pepper and ground black pepper",,"salt, white pepper and ground black pepper",
138,548,1,,,1.0,"1 shoulder of lamb (approximately 1kg/2lb 4oz), diced",ok,,"1 shoulder of lamb (approximately 1kg/2lb 4oz), diced",approximately 1kg/2lb 4oz,"1 shoulder of lamb, diced",
139,435,1,,,1.0,150g/5Â½oz plain flour,ok,,150g/5Â½oz plain flour,,150g/5Â½oz plain flour,
139,55,2,,,1.0,1Â½ tsp bicarbonate of soda,ok,,1Â½ teaspoon bicarbonate of soda,,1Â½ teaspoon bicarbonate of soda,
139,22,3,,,1.0,2 tbsp apricot jam,ok,,2 tablespoon apricot jam,,2 tablespoon apricot jam,2 tablespoon
139,241,4,,,1.0,2 free-range eggs,ok,,2 free-range eggs,,2 free-range eggs,
139,339,5,,,1.0,175g/6oz light brown sugar,ok,,175g/6oz light brown sugar,,175g/6oz light brown sugar,
139,125,6,,,1.0,55g/2oz caster sugar,ok,,55g/2oz caster sugar,,55g/2oz caster sugar,
139,234,7,,,1.0,200ml/7fl oz milk (preferably full-fat),ok,,200ml/7fl oz milk (preferably full-fat),preferably full-fat,200ml/7fl oz milk,
139,101,8,,,1.0,"50g/1Â¾oz melted butter , plus extra for greasing",ok,,"50g/1Â¾oz melted butter , plus extra for greasing",,"50g/1Â¾oz melted butter , plus extra for greasing",
139,642,9,,,1.0,1 tbsp white wine or spirit vinegar,review,contains_conjunction,1 tablespoon white wine or spirit vinegar,,1 tablespoon white wine or spirit vinegar,1 tablespoon
140,503,1,,,1.0,"1 red pepper , deseeded and chopped",review,contains_conjunction,"1 red pepper , deseeded and chopped",,"1 red pepper , deseeded and chopped",
140,93,2,,,1.0,"1 brown onion , roughly chopped",ok,,"1 brown onion , roughly chopped",,"1 brown onion , roughly chopped",
140,251,3,,,1.0,"4 garlic cloves, finely chopped or grated",review,contains_conjunction,"4 garlic cloves, finely chopped or grated",,"4 garlic cloves, finely chopped or grated",
140,163,4,,,1.0,"4cm/1Â½in piece fresh root ginger , peeled and finely grated",review,long_raw_phrase;contains_conjunction,"4cm/1Â½in piece fresh root ginger , peeled and finely grated",,"4cm/1Â½in piece fresh root ginger , peeled and finely grated",
140,257,5,,,1.0,"generous pinch red chilli flakes, plus extra if desired",review,long_base_phrase,"generous pinch red chilli flakes, plus extra if desired",,"generous pinch red chilli flakes, plus extra if desired",
141,579,1,,,1.0,1 tbsp smoked sweet paprika,ok,,1 tablespoon smoked sweet paprika,,1 tablespoon smoked sweet paprika,1 tablespoon
141,300,2,,,1.0,1 tbsp hot paprika,ok,,1 tablespoon hot paprika,,1 tablespoon hot paprika,1 tablespoon
141,252,3,,,1.0,2 tsp garlic granules,ok,,2 teaspoon garlic granules,,2 teaspoon garlic granules,2 teaspoon
141,401,4,,,1.0,2 tsp onion salt,ok,,2 teaspoon onion salt,,2 teaspoon onion salt,2 teaspoon
141,403,5,,,1.0,1 tsp dried oregano,ok,,1 teaspoon dried oregano,,1 teaspoon dried oregano,1 teaspoon
141,237,6,,,1.0,2 tsp flaky sea salt,ok,,2 teaspoon flaky sea salt,,2 teaspoon flaky sea salt,2 teaspoon
141,180,7,,,1.0,2 tsp ground coriander,ok,,2 teaspoon ground coriander,,2 teaspoon ground coriander,2 teaspoon
141,125,8,,,1.0,1 tsp caster sugar,ok,,1 teaspoon caster sugar,,1 teaspoon caster sugar,1 teaspoon
141,292,9,,,1.0,1 heaped tsp ancho or habanero chilli flakes (optional),review,contains_conjunction,1 heaped teaspoon ancho or habanero chilli flakes (optional),optional,1 heaped teaspoon ancho or habanero chilli flakes,
142,236,1,,,1.0,50ml/2fl oz vegetable oil,ok,,50ml/2fl oz vegetable oil,,50ml/2fl oz vegetable oil,
142,497,2,,,1.0,"3 red onions , chopped",ok,,"3 red onions , chopped",,"3 red onions , chopped",
142,251,3,,,1.0,"2 garlic cloves, finely chopped",ok,,"2 garlic cloves, finely chopped",,"2 garlic cloves, finely chopped",
142,590,4,,,1.0,"thumb-sized piece fresh root ginger , grated",ok,,"thumb-sized piece fresh root ginger , grated",,"thumb-sized piece fresh root ginger , grated",
142,229,5,,,1.0,75ml/2.5fl oz brandy,ok,,75ml/2.5fl oz brandy,,75ml/2.5fl oz brandy,
142,21,6,,,1.0,250g/9oz apricot chutney,ok,,250g/9oz apricot chutney,,250g/9oz apricot chutney,
142,644,7,,,1.0,2 tbsp wholegrain mustard,ok,,2 tablespoon wholegrain mustard,,2 tablespoon wholegrain mustard,2 tablespoon
142,645,8,,,1.0,2 tbsp Worcestershire sauce,ok,,2 tablespoon Worcestershire sauce,,2 tablespoon Worcestershire sauce,2 tablespoon
142,235,9,,,1.0,100ml/3Â½fl oz tomato ketchup,ok,,100ml/3Â½fl oz tomato ketchup,,100ml/3Â½fl oz tomato ketchup,
142,230,10,,,1.0,200ml/7fl oz chicken stock,ok,,200ml/7fl oz chicken stock,,200ml/7fl oz chicken stock,
142,155,11,,,1.0,1 pinch chilli flakes,ok,,1 pinch chilli flakes,,1 pinch chilli flakes,
142,411,12,,,1.0,1 tsp smoked paprika,ok,,1 teaspoon smoked paprika,,1 teaspoon smoked paprika,1 teaspoon
142,524,13,,,1.0,salt and freshly ground black pepper,review,mixed_seasoning;contains_conjunction,salt and freshly ground black pepper,,salt and freshly ground black pepper,
143,540,1,,,1.0,150g/5Â½oz self-raising flour,ok,,150g/5Â½oz self-raising flour,,150g/5Â½oz self-raising flour,
143,116,2,,,1.0,1 tsp ground cardamom,ok,,1 teaspoon ground cardamom,,1 teaspoon ground cardamom,1 teaspoon
143,522,3,,,1.0,pinch salt,ok,,pinch salt,,pinch salt,
143,246,4,,,1.0,100g/3Â½oz full-fat plain yoghurt,ok,,100g/3Â½oz full-fat plain yoghurt,,100g/3Â½oz full-fat plain yoghurt,
143,232,5,,,1.0,"115ml/3Â¾fl oz full-fat milk , warmed",ok,,"115ml/3Â¾fl oz full-fat milk , warmed",,"115ml/3Â¾fl oz full-fat milk , warmed",
143,433,6,,,1.0,"750ml/1Â½ pints sunflower oil , for deep-frying",ok,,"750ml/1Â½ pints sunflower oil , for deep-frying",,"750ml/1Â½ pints sunflower oil , for deep-frying",
143,204,7,,,1.0,"desiccated coconut , to serve (optional)",ok,,"desiccated coconut , to serve (optional)",optional,"desiccated coconut , to serve",
144,261,1,,,1.0,2 tbsp ground ginger,ok,,2 tablespoon ground ginger,,2 tablespoon ground ginger,2 tablespoon
144,160,2,,,1.0,1 tbsp ground cinnamon,ok,,1 tablespoon ground cinnamon,,1 tablespoon ground cinnamon,1 tablespoon
144,389,3,,,1.0,1 tbsp ground nutmeg,ok,,1 tablespoon ground nutmeg,,1 tablespoon ground nutmeg,1 tablespoon
144,127,4,,,1.0,1 tbsp cayenne pepper,ok,,1 tablespoon cayenne pepper,,1 tablespoon cayenne pepper,1 tablespoon
145,48,1,,,1.0,"700g/1lb 9oz beef silverside or brisket, coarsely minced",review,contains_conjunction,"700g/1lb 9oz beef silverside or brisket, coarsely minced",,"700g/1lb 9oz beef silverside or brisket, coarsely minced",
145,330,2,,,1.0,"100g/3Â½oz lamb shoulder , coarsely minced",ok,,"100g/3Â½oz lamb shoulder , coarsely minced",,"100g/3Â½oz lamb shoulder , coarsely minced",
145,446,3,,,1.0,"200g/7oz pork shoulder or belly, coarsely minced",review,contains_conjunction,"200g/7oz pork shoulder or belly, coarsely minced",,"200g/7oz pork shoulder or belly, coarsely minced",
145,182,4,,,1.0,"2 tbsp coriander seeds , crushed",ok,,"2 tablespoon coriander seeds , crushed",,"2 tablespoon coriander seeds , crushed",2 tablespoon
145,16,5,,,1.0,1 tsp ground allspice,ok,,1 teaspoon ground allspice,,1 teaspoon ground allspice,1 teaspoon
145,389,6,,,1.0,large pinch ground nutmeg,ok,,large pinch ground nutmeg,,large pinch ground nutmeg,
145,350,8,,,1.0,2 tbsp malt vinegar,ok,,2 tablespoon malt vinegar,,2 tablespoon malt vinegar,2 tablespoon
145,545,9,,,1.0,2 sheets ready-rolled puff pastry (approx. 320g/11Â½oz each),ok,,2 sheets ready-rolled puff pastry (approx. 320g/11Â½oz each),approx. 320g/11Â½oz each,2 sheets ready-rolled puff pastry,
145,156,10,,,1.0,"50g/1Â¾oz chilli chutney , or plain chutney",review,contains_conjunction,"50g/1Â¾oz chilli chutney , or plain chutney",,"50g/1Â¾oz chilli chutney , or plain chutney",
145,242,11,,,1.0,"1 free-range egg , plus 1 free-range egg yolk, beaten",review,long_base_phrase,"1 free-range egg , plus 1 free-range egg yolk, beaten",,"1 free-range egg , plus 1 free-range egg yolk, beaten",
145,524,12,,,1.0,salt and freshly ground black pepper,review,mixed_seasoning;contains_conjunction,salt and freshly ground black pepper,,salt and freshly ground black pepper,
146,411,1,,,1.0,4g smoked paprika,ok,,4g smoked paprika,,4g smoked paprika,
146,127,2,,,1.0,2g cayenne pepper,ok,,2g cayenne pepper,,2g cayenne pepper,
146,262,3,,,1.0,6g ginger powder,ok,,6g ginger powder,,6g ginger powder,
146,253,4,,,1.0,4g garlic powder,ok,,4g garlic powder,,4g garlic powder,
146,62,5,,,1.0,1g ground black pepper,ok,,1g ground black pepper,,1g ground black pepper,
146,401,6,,,1.0,11g onion salt,ok,,11g onion salt,,11g onion salt,
146,604,7,,,1.0,7g ground turmeric,ok,,7g ground turmeric,,7g ground turmeric,
146,219,8,,,1.0,6g extra hot chilli powder,ok,,6g extra hot chilli powder,,6g extra hot chilli powder,
146,605,9,,,1.0,1g ground uda pods (also known as selim pepper ),ok,,1g ground uda pods (also known as selim pepper ),also known as selim pepper ,1g ground uda pods,
147,582,1,,,1.0,"1kg/2lb 4oz sweet potatoes , skin on and scrubbed clean",review,long_base_phrase;contains_conjunction,"1kg/2lb 4oz sweet potatoes , skin on and scrubbed clean",,"1kg/2lb 4oz sweet potatoes , skin on and scrubbed clean",
147,397,2,,,1.0,3 tbsp olive oil,ok,,3 tablespoon olive oil,,3 tablespoon olive oil,3 tablespoon
147,355,3,,,1.0,"150g/5Â½oz mature cheddar , roughly grated",ok,,"150g/5Â½oz mature cheddar , roughly grated",,"150g/5Â½oz mature cheddar , roughly grated",
147,251,4,,,1.0,"3 garlic cloves, crushed",ok,,"3 garlic cloves, crushed",,"3 garlic cloves, crushed",
147,200,5,,,1.0,"1 tsp cumin seeds, roughly crushed with a pestle and mortar",review,contains_conjunction,"1 teaspoon cumin seeds, roughly crushed with a pestle and mortar",,"1 teaspoon cumin seeds, roughly crushed with a pestle and mortar",1 teaspoon
147,334,6,,,1.0,1 tbsp lemon juice,ok,,1 tablespoon lemon juice,,1 tablespoon lemon juice,1 tablespoon
147,241,7,,,1.0,8 medium free-range eggs,ok,,8 medium free-range eggs,,8 medium free-range eggs,8 medium
147,181,8,,,1.0,"2 tbsp fresh coriander leaves, with some stem attached",review,long_base_phrase,"2 tablespoon fresh coriander leaves, with some stem attached",,"2 tablespoon fresh coriander leaves, with some stem attached",2 tablespoon
147,524,9,,,1.0,salt and freshly ground black pepper,review,mixed_seasoning;contains_conjunction,salt and freshly ground black pepper,,salt and freshly ground black pepper,
148,241,1,,,1.0,"4 free-range eggs , beaten",ok,,"4 free-range eggs , beaten",,"4 free-range eggs , beaten",
148,636,2,,,1.0,"Â¼ white cabbage , finely shredded",ok,,"Â¼ white cabbage , finely shredded",,"Â¼ white cabbage , finely shredded",
148,615,3,,,1.0,2 tbsp vegetable oil,ok,,2 tablespoon vegetable oil,,2 tablespoon vegetable oil,2 tablespoon
148,439,4,,,1.0,"1 plum tomato , seeds removed and cut into strips",review,long_base_phrase;contains_conjunction,"1 plum tomato , seeds removed and cut into strips",,"1 plum tomato , seeds removed and cut into strips",
148,497,5,,,1.0,"1 red onion , thinly sliced",ok,,"1 red onion , thinly sliced",,"1 red onion , thinly sliced",
148,98,6,,,1.0,"1 bunch fresh coriander , chopped",ok,,"1 bunch fresh coriander , chopped",,"1 bunch fresh coriander , chopped",
148,271,7,,,1.0,"1 green chilli , chopped",ok,,"1 green chilli , chopped",,"1 green chilli , chopped",
148,130,8,,,1.0,2 chapatis,ok,,2 chapatis,,2 chapatis,
148,524,9,,,1.0,salt and freshly ground black pepper,review,mixed_seasoning;contains_conjunction,salt and freshly ground black pepper,,salt and freshly ground black pepper,
148,353,10,,,1.0,2 tbsp mango chutney or other chutney,review,contains_conjunction,2 tablespoon mango chutney or other chutney,,2 tablespoon mango chutney or other chutney,2 tablespoon
148,356,11,,,1.0,2 tbsp mayonnaise,ok,,2 tablespoon mayonnaise,,2 tablespoon mayonnaise,2 tablespoon
149,83,1,,,1.0,8 bone-in chicken thighs or drumsticks,review,contains_conjunction,8 bone-in chicken thighs or drumsticks,,8 bone-in chicken thighs or drumsticks,
149,399,2,,,1.0,"1 large onion , roughly chopped",ok,,"1 large onion , roughly chopped",,"1 large onion , roughly chopped",1 large
149,535,3,,,1.0,"1 Scotch bonnet chilli , de-seeded, finely chopped",ok,,"1 Scotch bonnet chilli , de-seeded, finely chopped",,"1 Scotch bonnet chilli , de-seeded, finely chopped",
149,592,4,,,1.0,1 tbsp fresh or dried thyme leaves,review,contains_conjunction,1 tablespoon fresh or dried thyme leaves,,1 tablespoon fresh or dried thyme leaves,1 tablespoon
149,192,5,,,1.0,2 tbsp crayfish powder (available from online specialists),ok,,2 tablespoon crayfish powder (available from online specialists),available from online specialists,2 tablespoon crayfish powder,2 tablespoon
149,279,6,,,1.0,"6 Guinea peppers (also known as grains of paradise), crushed",ok,,"6 Guinea peppers (also known as grains of paradise), crushed",also known as grains of paradise,"6 Guinea peppers, crushed",
150,632,1,,,1.0,1½ cup whole wheat flour hands,ok,,1½ cup whole wheat flour hands,,1½ cup whole wheat flour hands,
150,13,2,,,1.0,1 cup all-purpose flour pancake batter,ok,,1 cup all-purpose flour pancake batter,,1 cup all-purpose flour pancake batter,1 cup
150,325,3,,,1.0,2 teaspoon kosher salt,ok,,2 teaspoon kosher salt,,2 teaspoon kosher salt,2 teaspoon
150,624,4,,,1.0,1½ cup warm water nonstick skillet over medium,review,long_base_phrase,1½ cup warm water nonstick skillet over medium,,1½ cup warm water nonstick skillet over medium,
150,112,5,,,1.0,2 tablespoon canola oil the oil,ok,,2 tablespoon canola oil the oil,,2 tablespoon canola oil the oil,2 tablespoon
150,390,6,,,1.0,1 tablespoon oil,ok,,1 tablespoon oil,,1 tablespoon oil,1 tablespoon
151,113,1,,,1.0,3 tablespoon canola oil bouillon cube and sprinkle it over the onion,review,long_base_phrase;long_raw_phrase;contains_conjunction,3 tablespoon canola oil bouillon cube and sprinkle it over the onion,,3 tablespoon canola oil bouillon cube and sprinkle it over the onion,3 tablespoon
152,52,1,,,1.0,2 tablespoon Berbere Spice,ok,,2 tablespoon Berbere Spice,,2 tablespoon Berbere Spice,2 tablespoon
152,625,2,,,1.0,2 cup water,ok,,2 cup water,,2 cup water,2 cup
153,109,1,,,1.0,2 tablespoon canola oil,ok,,2 tablespoon canola oil,,2 tablespoon canola oil,2 tablespoon
153,54,2,,,1.0,1 tablespoon Berbere Spice texture of mashed potatoes. Season the,review,long_base_phrase,1 tablespoon Berbere Spice texture of mashed potatoes. Season the,,1 tablespoon Berbere Spice texture of mashed potatoes. Season the,1 tablespoon
153,325,3,,,1.0,1 teaspoon kosher salt,ok,,1 teaspoon kosher salt,,1 teaspoon kosher salt,1 teaspoon
153,567,4,,,1.0,2 tablespoon freshly squeezed,ok,,2 tablespoon freshly squeezed,,2 tablespoon freshly squeezed,2 tablespoon
154,607,1,,,1.0,5 tablespoon unsalted butter occasionally,ok,,5 tablespoon unsalted butter occasionally,,5 tablespoon unsalted butter occasionally,5 tablespoon
154,260,2,,,1.0,2 tablespoon minced ginger,ok,,2 tablespoon minced ginger,,2 tablespoon minced ginger,2 tablespoon
154,52,3,,,1.0,3 tablespoon Berbere Spice,ok,,3 tablespoon Berbere Spice,,3 tablespoon Berbere Spice,3 tablespoon
154,325,4,,,1.0,1 teaspoon kosher salt,ok,,1 teaspoon kosher salt,,1 teaspoon kosher salt,1 teaspoon
154,625,5,,,1.0,1 cup water,ok,,1 cup water,,1 cup water,1 cup
155,173,1,,,1.0,3 cup cold water,ok,,3 cup cold water,,3 cup cold water,3 cup
156,10,1,,,1.0,3 cup all-purpose flour,ok,,3 cup all-purpose flour,,3 cup all-purpose flour,3 cup
156,631,2,,,1.0,1 cup whole wheat flour,ok,,1 cup whole wheat flour,,1 cup whole wheat flour,1 cup
156,28,3,,,1.0,1 teaspoon baking powder of the oil,ok,,1 teaspoon baking powder of the oil,,1 teaspoon baking powder of the oil,1 teaspoon
156,575,4,,,1.0,2 tablespoon granulated sugar,ok,,2 tablespoon granulated sugar,,2 tablespoon granulated sugar,2 tablespoon
156,366,5,,,1.0,1½ cup whole milk (alternatively,ok,,1½ cup whole milk (alternatively,,1½ cup whole milk (alternatively,
156,109,6,,,1.0,4 tablespoon canola oil,ok,,4 tablespoon canola oil,,4 tablespoon canola oil,4 tablespoon
157,633,1,,,1.0,1 cup finely ground white the bowl with a clean kitchen,ok,,1 cup finely ground white the bowl with a clean kitchen,,1 cup finely ground white the bowl with a clean kitchen,1 cup
157,1,2,,,1.0,1 teaspoon active dry yeast,ok,,1 teaspoon active dry yeast,,1 teaspoon active dry yeast,1 teaspoon
157,621,3,,,1.0,5 cup warm water,ok,,5 cup warm water,,5 cup warm water,5 cup
157,575,4,,,1.0,3 tablespoon granulated sugar,ok,,3 tablespoon granulated sugar,,3 tablespoon granulated sugar,3 tablespoon
157,27,5,,,1.0,2 teaspoon baking powder flour,ok,,2 teaspoon baking powder flour,,2 teaspoon baking powder flour,2 teaspoon
157,326,6,,,1.0,1 teaspoon kosher salt the kitchen,ok,,1 teaspoon kosher salt the kitchen,,1 teaspoon kosher salt the kitchen,1 teaspoon
157,10,7,,,1.0,4 cup all-purpose flour,ok,,4 cup all-purpose flour,,4 cup all-purpose flour,4 cup
157,606,8,,,1.0,1 teaspoon unsalted butter,ok,,1 teaspoon unsalted butter,,1 teaspoon unsalted butter,1 teaspoon
158,220,1,,,1.0,3 tablespoon extra-virgin olive oil,ok,,3 tablespoon extra-virgin olive oil,,3 tablespoon extra-virgin olive oil,3 tablespoon
158,448,2,,,1.0,1 pound ground beef,ok,,1 pound ground beef,,1 pound ground beef,
158,646,3,,,1.0,3 tablespoon Xawaash Spice,ok,,3 tablespoon Xawaash Spice,,3 tablespoon Xawaash Spice,3 tablespoon
158,325,4,,,1.0,1 teaspoon kosher salt,ok,,1 teaspoon kosher salt,,1 teaspoon kosher salt,1 teaspoon
158,598,5,,,1.0,2 tablespoon tomato paste,ok,,2 tablespoon tomato paste,,2 tablespoon tomato paste,2 tablespoon
159,67,1,,,1.0,1 teaspoon black peppercorns ginger,ok,,1 teaspoon black peppercorns ginger,,1 teaspoon black peppercorns ginger,1 teaspoon
159,173,2,,,1.0,2 cup cold water,ok,,2 cup cold water,,2 cup cold water,2 cup
159,575,3,,,1.0,3 tablespoon granulated sugar,ok,,3 tablespoon granulated sugar,,3 tablespoon granulated sugar,3 tablespoon
159,365,4,,,1.0,2 cup whole milk,ok,,2 cup whole milk,,2 cup whole milk,2 cup
159,174,2,,,1.0,2 cup cold water Once bubbles,ok,,2 cup cold water Once bubbles,,2 cup cold water Once bubbles,2 cup
160,325,1,,,1.0,1 tablespoon kosher salt,ok,,1 tablespoon kosher salt,,1 tablespoon kosher salt,1 tablespoon
160,76,2,,,1.0,1 cup boiling water,ok,,1 cup boiling water,,1 cup boiling water,1 cup
160,567,3,,,1.0,3 tablespoon freshly squeezed,ok,,3 tablespoon freshly squeezed,,3 tablespoon freshly squeezed,3 tablespoon
161,456,1,,,1.0,1 pound red potatoes,ok,,1 pound red potatoes,,1 pound red potatoes,
161,608,2,,,1.0,2 tablespoon unsalted butter with water,ok,,2 tablespoon unsalted butter with water,,2 tablespoon unsalted butter with water,2 tablespoon
162,114,1,,,1.0,2 tablespoon canola oil turmeric,ok,,2 tablespoon canola oil turmeric,,2 tablespoon canola oil turmeric,2 tablespoon
162,197,2,,,1.0,1 teaspoon ground cumin,ok,,1 teaspoon ground cumin,,1 teaspoon ground cumin,1 teaspoon
162,453,3,,,1.0,1 pound kale and/or collards,review,contains_conjunction,1 pound kale and/or collards,,1 pound kale and/or collards,
162,567,4,,,1.0,2 tablespoon freshly squeezed,ok,,2 tablespoon freshly squeezed,,2 tablespoon freshly squeezed,2 tablespoon
163,625,1,,,1.0,1 cup water,ok,,1 cup water,,1 cup water,1 cup
163,575,2,,,1.0,1½ cup granulated sugar,ok,,1½ cup granulated sugar,,1½ cup granulated sugar,
163,116,3,,,1.0,1 teaspoon ground cardamom,ok,,1 teaspoon ground cardamom,,1 teaspoon ground cardamom,1 teaspoon
163,26,4,,,1.0,1 teaspoon baking powder,ok,,1 teaspoon baking powder,,1 teaspoon baking powder,1 teaspoon
163,12,5,,,1.0,1 cup all-purpose flour handheld,ok,,1 cup all-purpose flour handheld,,1 cup all-purpose flour handheld,1 cup
163,104,6,,,1.0,1 cup buttermilk (or ½ cup plain them,review,contains_conjunction,1 cup buttermilk (or ½ cup plain them,,1 cup buttermilk (or ½ cup plain them,1 cup
163,542,7,,,1.0,1 cup semolina flour,ok,,1 cup semolina flour,,1 cup semolina flour,1 cup
163,609,8,,,1.0,1 cup unsweetened coconut flakes a spoon,ok,,1 cup unsweetened coconut flakes a spoon,,1 cup unsweetened coconut flakes a spoon,1 cup
164,606,1,,,1.0,3 tablespoon unsalted butter pieces,ok,,3 tablespoon unsalted butter pieces,,3 tablespoon unsalted butter pieces,3 tablespoon
164,567,2,,,1.0,2 tablespoon freshly squeezed,ok,,2 tablespoon freshly squeezed,,2 tablespoon freshly squeezed,2 tablespoon
165,111,1,,,1.0,3 tablespoon canola oil the ends and skin. Cut the plantains in half lengthwise and,review,long_base_phrase;long_raw_phrase;contains_conjunction,3 tablespoon canola oil the ends and skin. Cut the plantains in half lengthwise and,,3 tablespoon canola oil the ends and skin. Cut the plantains in half lengthwise and,3 tablespoon
165,249,2,,,1.0,1 cup full-fat unsweetened and the reserved bone,review,contains_conjunction,1 cup full-fat unsweetened and the reserved bone,,1 cup full-fat unsweetened and the reserved bone,1 cup
166,449,1,,,1.0,1 pound bone-in,ok,,1 pound bone-in,,1 pound bone-in,
166,325,2,,,1.0,1 tablespoon kosher salt,ok,,1 tablespoon kosher salt,,1 tablespoon kosher salt,1 tablespoon
166,630,3,,,1.0,6 cup water Use a handheld sieve,ok,,6 cup water Use a handheld sieve,,6 cup water Use a handheld sieve,6 cup
166,259,4,,,1.0,3 tablespoon ghee or unsalted,review,contains_conjunction,3 tablespoon ghee or unsalted,,3 tablespoon ghee or unsalted,3 tablespoon
167,452,1,,,1.0,1½ pound each),ok,,1½ pound each),,1½ pound each),
167,202,2,,,1.0,1 teaspoon curry powder or,review,contains_conjunction,1 teaspoon curry powder or,,1 teaspoon curry powder or,1 teaspoon
167,248,3,,,1.0,2 cup full-fat unsweetened other large heavy pot,review,long_base_phrase,2 cup full-fat unsweetened other large heavy pot,,2 cup full-fat unsweetened other large heavy pot,2 cup
167,629,4,,,1.0,1 cup water soften,ok,,1 cup water soften,,1 cup water soften,1 cup
168,627,1,,,1.0,5 cup water in the cornmeal and salt,review,contains_conjunction,5 cup water in the cornmeal and salt,,5 cup water in the cornmeal and salt,5 cup
168,643,2,,,1.0,1 cup finely ground white wooden spoon,ok,,1 cup finely ground white wooden spoon,,1 cup finely ground white wooden spoon,1 cup
168,325,3,,,1.0,2 teaspoon kosher salt,ok,,2 teaspoon kosher salt,,2 teaspoon kosher salt,2 teaspoon
169,458,1,,,1.0,1 pound skirt steak or flank steak,review,long_base_phrase;contains_conjunction,1 pound skirt steak or flank steak,,1 pound skirt steak or flank steak,
169,434,2,,,1.0,1 cup Piri Piri Sauce (page 185) in the refrigerator and let it marinate,review,long_base_phrase;long_raw_phrase;contains_conjunction,1 cup Piri Piri Sauce (page 185) in the refrigerator and let it marinate,page 185,1 cup Piri Piri Sauce in the refrigerator and let it marinate,1 cup
169,606,3,,,1.0,4 tablespoon unsalted butter,ok,,4 tablespoon unsalted butter,,4 tablespoon unsalted butter,4 tablespoon
170,575,1,,,1.0,1½ cup granulated sugar,ok,,1½ cup granulated sugar,,1½ cup granulated sugar,
170,470,2,,,1.0,2 teaspoon pure vanilla extract,ok,,2 teaspoon pure vanilla extract,,2 teaspoon pure vanilla extract,2 teaspoon
170,10,3,,,1.0,1½ cup all-purpose flour,ok,,1½ cup all-purpose flour,,1½ cup all-purpose flour,
171,115,1,,,1.0,1 tablespoon canola oil Warm the oil in a large Dutch oven or other heavy,review,long_base_phrase;long_raw_phrase;contains_conjunction,1 tablespoon canola oil Warm the oil in a large Dutch oven or other heavy,,1 tablespoon canola oil Warm the oil in a large Dutch oven or other heavy,1 tablespoon
171,454,2,,,1.0,2 pound lamb stew meat,ok,,2 pound lamb stew meat,,2 pound lamb stew meat,
171,325,3,,,1.0,1 teaspoon kosher salt,ok,,1 teaspoon kosher salt,,1 teaspoon kosher salt,1 teaspoon
171,584,4,,,1.0,3 tablespoon tamarind paste with salt and serve hot,review,contains_conjunction,3 tablespoon tamarind paste with salt and serve hot,,3 tablespoon tamarind paste with salt and serve hot,3 tablespoon
171,339,5,,,1.0,2 tablespoon light brown sugar,ok,,2 tablespoon light brown sugar,,2 tablespoon light brown sugar,2 tablespoon
172,544,1,,,1.0,4 cup grated sharp white bread,ok,,4 cup grated sharp white bread,,4 cup grated sharp white bread,4 cup
173,627,1,,,1.0,2½ cup water cornmeal and salt,review,contains_conjunction,2½ cup water cornmeal and salt,,2½ cup water cornmeal and salt,
173,325,2,,,1.0,1 teaspoon kosher salt,ok,,1 teaspoon kosher salt,,1 teaspoon kosher salt,1 teaspoon
173,221,3,,,1.0,3 tablespoon extra-virgin olive oil ‘ ae,ok,,3 tablespoon extra-virgin olive oil ‘ ae,,3 tablespoon extra-virgin olive oil ‘ ae,3 tablespoon
174,568,1,,,1.0,3 tablespoon freshly squeezed refrigerator,ok,,3 tablespoon freshly squeezed refrigerator,,3 tablespoon freshly squeezed refrigerator,3 tablespoon
174,260,2,,,1.0,1 teaspoon minced ginger,ok,,1 teaspoon minced ginger,,1 teaspoon minced ginger,1 teaspoon
175,450,1,,,1.0,2 pound boneless,ok,,2 pound boneless,,2 pound boneless,
175,260,2,,,1.0,2 tablespoon minced ginger,ok,,2 tablespoon minced ginger,,2 tablespoon minced ginger,2 tablespoon
175,325,3,,,1.0,1 teaspoon kosher salt,ok,,1 teaspoon kosher salt,,1 teaspoon kosher salt,1 teaspoon
175,168,4,,,1.0,2 tablespoon coconut oil medium-high,ok,,2 tablespoon coconut oil medium-high,,2 tablespoon coconut oil medium-high,2 tablespoon
176,457,1,,,1.0,1 pound shredded,ok,,1 pound shredded,,1 pound shredded,
176,325,2,,,1.0,1 teaspoon kosher salt,ok,,1 teaspoon kosher salt,,1 teaspoon kosher salt,1 teaspoon
176,10,3,,,1.0,2 cup all-purpose flour,ok,,2 cup all-purpose flour,,2 cup all-purpose flour,2 cup
177,455,1,,,1.0,2½2 pound oxtails,ok,,2½2 pound oxtails,,2½2 pound oxtails,
177,628,2,,,1.0,3 cup water simmer the oxtails,ok,,3 cup water simmer the oxtails,,3 cup water simmer the oxtails,3 cup
177,575,3,,,1.0,2 tablespoon granulated sugar,ok,,2 tablespoon granulated sugar,,2 tablespoon granulated sugar,2 tablespoon
178,623,1,,,1.0,1½ cup warm water (at body and the,review,contains_conjunction,1½ cup warm water (at body and the,,1½ cup warm water (at body and the,
178,2,2,,,1.0,1 teaspoon active dry yeast batter. Cover the bowl with a clean kitchen,review,long_base_phrase;long_raw_phrase,1 teaspoon active dry yeast batter. Cover the bowl with a clean kitchen,,1 teaspoon active dry yeast batter. Cover the bowl with a clean kitchen,1 teaspoon
178,575,3,,,1.0,3 tablespoon granulated sugar,ok,,3 tablespoon granulated sugar,,3 tablespoon granulated sugar,3 tablespoon
178,124,4,,,1.0,1 cup cassava flour or all-purpose ; : ; :,review,contains_conjunction,1 cup cassava flour or all-purpose ; : ; :,,1 cup cassava flour or all-purpose ; : ; :,1 cup
179,109,1,,,1.0,3 tablespoon canola oil,ok,,3 tablespoon canola oil,,3 tablespoon canola oil,3 tablespoon
179,604,2,,,1.0,2 teaspoon ground turmeric,ok,,2 teaspoon ground turmeric,,2 teaspoon ground turmeric,2 teaspoon
179,247,3,,,1.0,1 cup full-fat unsweetened,ok,,1 cup full-fat unsweetened,,1 cup full-fat unsweetened,1 cup
180,451,1,,,1.0,1 pound boneless salt cod bowl,review,long_base_phrase,1 pound boneless salt cod bowl,,1 pound boneless salt cod bowl,
180,109,2,,,1.0,3 tablespoon canola oil,ok,,3 tablespoon canola oil,,3 tablespoon canola oil,3 tablespoon
180,604,3,,,1.0,1 teaspoon ground turmeric it dry,ok,,1 teaspoon ground turmeric it dry,,1 teaspoon ground turmeric it dry,1 teaspoon
181,575,1,,,1.0,2 cup granulated sugar,ok,,2 cup granulated sugar,,2 cup granulated sugar,2 cup
181,258,2,,,1.0,1 cup ghee,ok,,1 cup ghee,,1 cup ghee,1 cup
181,117,3,,,1.0,1 teaspoon ground cardamom (The fat from the ghee and the egg yolks will start,review,long_base_phrase;long_raw_phrase;contains_conjunction,1 teaspoon ground cardamom (The fat from the ghee and the egg yolks will start,,1 teaspoon ground cardamom (The fat from the ghee and the egg yolks will start,1 teaspoon
182,348,1,,ounces,1.0,,ok,,,,,
183,508,1,2.0,cups,1.0,,ok,,,,,
184,10,1,2.0,cups,1.0,,ok,,,,,
185,39,1,1.0,pound,1.0,,ok,,,,,
186,41,1,2.0,lbs,1.0,,ok,,,,,
187,603,1,1.5,pounds,1.0,,review,contains_conjunction,,,,
188,648,1,2.0,cups,1.0,,ok,,,,,
189,34,1,3.0,cups,1.0,,ok,,,,,
190,182,1,2.0,teaspoons,1.0,,ok,,,,,
191,61,1,3.0,cups,1.0,,ok,,,,,
192,390,1,3.0,tablespoons,1.0,,ok,,,,,
193,10,1,2.0,cups,1.0,,ok,,,,,
194,34,1,3.0,cups,1.0,,ok,,,,,
195,240,1,0.5,cup,1.0,,ok,,,,,
196,345,1,4.0,cups,1.0,,ok,,,,,
197,657,1,2.0,,1.0,,ok,,,,,
198,580,1,2.0,,1.0,,ok,,,,,
199,283,1,2.0,,1.0,,ok,,,,,
200,10,1,4.0,cups,1.0,,ok,,,,,
201,436,1,3.0,,1.0,,ok,,,,,
202,70,1,1.5,cups,1.0,,ok,,,,,
203,208,1,4.0,,1.0,,ok,,,,,
204,511,1,4.0,,1.0,,ok,,,,,
205,149,1,2.0,lb,1.0,,ok,,,,,
206,656,1,1.0,whole,1.0,,ok,,,,,
207,256,1,1.0,cup,1.0,,ok,,,,,
208,41,1,1.0,pound,1.0,,ok,,,,,
210,489,1,2.0,,1.0,,ok,,,,,
211,218,1,8.0,oz,1.0,,ok,,,,,
212,37,1,1.5,cups,1.0,,ok,,,,,
213,41,1,3.0,pounds,1.0,,ok,,,,,
214,316,1,,,1.0,,ok,,,,,
215,59,1,1.0,tablespoon,1.0,,ok,,,,,
216,358,1,2.0,pounds,1.0,,ok,,,,,
217,602,1,,lb.,1.0,,ok,,,,,
218,144,1,1.75,lb,1.0,,ok,,,,,
219,489,1,1.0,,1.0,,ok,,,,,
220,541,1,2.0,cups,1.0,,ok,,,,,
221,41,1,2.0,lb,1.0,,ok,,,,,
222,41,1,2.5,lb,1.0,,ok,,,,,
223,580,1,2.0,lb.,1.0,,ok,,,,,
224,351,1,1.0,cup,1.0,,ok,,,,,
225,650,1,1.0,medium,1.0,,ok,,,,,
226,141,1,1.0,kg,1.0,"1 kg chicken breast, julienned",ok,,"1 kg chicken breast, julienned",,"1 kg chicken breast, julienned",
226,260,2,2.0,tbsp,1.0,"2 tbsp fresh ginger, thinly sliced",ok,,"2 tablespoon fresh ginger, thinly sliced",,"2 tablespoon fresh ginger, thinly sliced",2 tablespoon
226,122,3,2.0,medium,1.0,"2 medium carrots, julienned",ok,,"2 medium carrots, julienned",,"2 medium carrots, julienned",2 medium
226,561,4,40.0,ml,1.0,40 ml soy sauce,ok,,40 ml soy sauce,,40 ml soy sauce,
226,94,5,2.0,tbsp,1.0,2 tbsp brown spirit vinegar,ok,,2 tablespoon brown spirit vinegar,,2 tablespoon brown spirit vinegar,2 tablespoon
226,522,6,1.0,tsp,1.0,1 tsp salt,ok,,1 teaspoon salt,,1 teaspoon salt,1 teaspoon
226,639,7,0.5,tsp,1.0,1/2 tsp white pepper,ok,,1/2 teaspoon white pepper,,1/2 teaspoon white pepper,1/2 teaspoon
226,586,8,3.0,tbsp,1.0,3 tbsp Tammy’s Pure Organic Sesame Oil,review,long_base_phrase,3 tablespoon Tammy’s Pure Organic Sesame Oil,,3 tablespoon Tammy’s Pure Organic Sesame Oil,3 tablespoon
226,625,9,60.0,ml,1.0,60 ml water,ok,,60 ml water,,60 ml water,
226,566,10,,,1.0,a sprinkle of sesame seeds,ok,,a sprinkle of sesame seeds,,a sprinkle of sesame seeds,
226,286,11,,,1.0,"a handful of spring onion green tips, chopped",review,long_base_phrase,"a handful of spring onion green tips, chopped",,"a handful of spring onion green tips, chopped",
227,228,1,500.0,g,1.0,500 g Fish fillets of your choice,ok,,500 g Fish fillets of your choice,,500 g Fish fillets of your choice,
227,294,2,3.0,heaped,1.0,3 heaped tbsp flour,ok,,3 heaped tablespoon flour,,3 heaped tablespoon flour,
227,356,3,2.0,tbsp,1.0,2 tbsp mayonnaise,ok,,2 tablespoon mayonnaise,,2 tablespoon mayonnaise,2 tablespoon
227,209,4,1.0,egg,1.0,1 egg,ok,,1 egg,,1 egg,
227,382,5,4.0,tbsp,1.0,4 tbsp Mr Sauce Sweet Chilli Sauce,review,long_base_phrase,4 tablespoon Mr Sauce Sweet Chilli Sauce,,4 tablespoon Mr Sauce Sweet Chilli Sauce,4 tablespoon
227,522,6,1.0,tsp,1.0,1 tsp salt,ok,,1 teaspoon salt,,1 teaspoon salt,1 teaspoon
227,412,7,0.5,tsp,1.0,1/2 tsp paprika,ok,,1/2 teaspoon paprika,,1/2 teaspoon paprika,1/2 teaspoon
227,425,8,0.25,tsp,1.0,1/4 tsp pepper,ok,,1/4 teaspoon pepper,,1/4 teaspoon pepper,1/4 teaspoon
227,90,9,1.5,cups,1.0,1 1/2 cups breadcrumbs,ok,,1 1/2 cups breadcrumbs,,1 1/2 cups breadcrumbs,1 1/2 cups
227,412,11,1.25,tsp,1.0,1 1/4 tsp paprika,ok,,1 1/4 teaspoon paprika,,1 1/4 teaspoon paprika,1 1/4 teaspoon
227,425,12,0.5,tsp,1.0,1/2 tsp pepper,ok,,1/2 teaspoon pepper,,1/2 teaspoon pepper,1/2 teaspoon
228,143,1,,,1.0,500g chicken gizzards,ok,,500g chicken gizzards,,500g chicken gizzards,
228,522,2,1.0,tsp,1.0,1 tsp salt,ok,,1 teaspoon salt,,1 teaspoon salt,1 teaspoon
228,390,3,3.0,tbsp,1.0,3 tbsp oil,ok,,3 tablespoon oil,,3 tablespoon oil,3 tablespoon
228,598,4,1.0,tbsp,1.0,1 tbsp tomato paste,ok,,1 tablespoon tomato paste,,1 tablespoon tomato paste,1 tablespoon
228,384,5,,,1.0,50ml Mr Sauce Worcester sauce,ok,,50ml Mr Sauce Worcester sauce,,50ml Mr Sauce Worcester sauce,
228,625,6,150.0,ml,1.0,150 ml water,ok,,150 ml water,,150 ml water,
228,399,7,0.5,medium,1.0,"1/2 medium onion, sliced",ok,,"1/2 medium onion, sliced",,"1/2 medium onion, sliced",1/2 medium
228,251,8,3.0,cloves,1.0,"3 cloves garlic, finely chopped",ok,,"3 cloves garlic, finely chopped",,"3 cloves garlic, finely chopped",3 cloves
228,273,9,1.0,medium,1.0,"1 medium green pepper, chopped",ok,,"1 medium green pepper, chopped",,"1 medium green pepper, chopped",1 medium
228,120,10,4.0,carrots,1.0,"4 carrots, chopped",ok,,"4 carrots, chopped",,"4 carrots, chopped",
229,359,1,8.0,medium,1.0,8 medium-large potatoes,ok,,8 medium-large potatoes,,8 medium-large potatoes,8 medium
229,177,2,,,1.0,3-4 tbsp cooking oil,ok,,3-4 tablespoon cooking oil,,3-4 tablespoon cooking oil,
229,522,3,1.0,tsp,1.0,1 tsp salt,ok,,1 teaspoon salt,,1 teaspoon salt,1 teaspoon
229,591,4,1.5,tsp,1.0,1 1/2 tsp dried thyme,ok,,1 1/2 teaspoon dried thyme,,1 1/2 teaspoon dried thyme,1 1/2 teaspoon
229,251,5,3.0,cloves,1.0,"3 cloves garlic, grated",ok,,"3 cloves garlic, grated",,"3 cloves garlic, grated",3 cloves
229,377,6,,,1.0,3-4 tbsp Mr Sauce Miri Piri Sauce,review,long_base_phrase,3-4 tablespoon Mr Sauce Miri Piri Sauce,,3-4 tablespoon Mr Sauce Miri Piri Sauce,
230,139,1,500.0,g,1.0,500 g chicken breast,ok,,500 g chicken breast,,500 g chicken breast,
230,390,2,3.0,tbsp,1.0,3 tbsp oil,ok,,3 tablespoon oil,,3 tablespoon oil,3 tablespoon
230,399,3,1.0,medium,1.0,"1 medium onion, finely chopped",ok,,"1 medium onion, finely chopped",,"1 medium onion, finely chopped",1 medium
230,251,4,3.0,tsp,1.0,"3 tsp garlic, grated",ok,,"3 teaspoon garlic, grated",,"3 teaspoon garlic, grated",3 teaspoon
230,260,5,2.0,tsp,1.0,"2 tsp ginger, finely chopped",ok,,"2 teaspoon ginger, finely chopped",,"2 teaspoon ginger, finely chopped",2 teaspoon
230,482,6,0.75,tsp,1.0,¾ tsp Real Premium Spices curry powder,ok,,¾ teaspoon Real Premium Spices curry powder,,¾ teaspoon Real Premium Spices curry powder,¾ teaspoon
230,488,7,0.25,tsp,1.0,¼ tsp Real Premium Spices turmeric,ok,,¼ teaspoon Real Premium Spices turmeric,,¼ teaspoon Real Premium Spices turmeric,¼ teaspoon
230,481,8,0.25,tsp,1.0,¼ tsp Real Premium Spices coriander,ok,,¼ teaspoon Real Premium Spices coriander,,¼ teaspoon Real Premium Spices coriander,¼ teaspoon
230,477,9,0.25,tsp,1.0,¼ tsp Real Premium Spices ground black pepper,review,long_base_phrase,¼ teaspoon Real Premium Spices ground black pepper,,¼ teaspoon Real Premium Spices ground black pepper,¼ teaspoon
230,522,10,1.0,,1.0,1 ¾ tsp salt,ok,,1 ¾ teaspoon salt,,1 ¾ teaspoon salt,
230,597,11,3.0,large,1.0,"3 large tomatoes, grated",ok,,"3 large tomatoes, grated",,"3 large tomatoes, grated",3 large
230,301,12,300.0,ml,1.0,300 ml hot water,ok,,300 ml hot water,,300 ml hot water,
230,134,13,1.0,chicken,1.0,1 chicken stock cube,ok,,1 chicken stock cube,,1 chicken stock cube,
230,9,14,1.0,tbsp,1.0,1 tbsp all purpose flour plus enough water to make a paste,review,long_base_phrase;long_raw_phrase,1 tablespoon all purpose flour plus enough water to make a paste,,1 tablespoon all purpose flour plus enough water to make a paste,1 tablespoon
230,560,15,50.0,ml,1.0,50 ml sour milk,ok,,50 ml sour milk,,50 ml sour milk,
231,573,1,1.0,kg,1.0,1 kg steak mince,ok,,1 kg steak mince,,1 kg steak mince,
231,522,2,1.5,tsp,1.0,1 1/2 tsp salt,ok,,1 1/2 teaspoon salt,,1 1/2 teaspoon salt,1 1/2 teaspoon
231,62,3,0.75,tsp,1.0,3/4 tsp ground black pepper,ok,,3/4 teaspoon ground black pepper,,3/4 teaspoon ground black pepper,3/4 teaspoon
231,373,4,60.0,ml,1.0,60 ml Mr Sauce Beef Burger Sauce,review,long_base_phrase,60 ml Mr Sauce Beef Burger Sauce,,60 ml Mr Sauce Beef Burger Sauce,
231,209,5,1.0,egg,1.0,1 egg,ok,,1 egg,,1 egg,
231,399,6,1.0,small,1.0,"1 small onion, finely chopped",ok,,"1 small onion, finely chopped",,"1 small onion, finely chopped",1 small
231,33,7,2.0,tsp,1.0,"2 tsp fresh basil, finely chopped",ok,,"2 teaspoon fresh basil, finely chopped",,"2 teaspoon fresh basil, finely chopped",2 teaspoon
231,251,8,2.0,tsp,1.0,"2 tsp garlic, grated",ok,,"2 teaspoon garlic, grated",,"2 teaspoon garlic, grated",2 teaspoon
231,298,9,,,1.0,"1kg Homemade or Shop bought Puff Pastry, thawed plus 1 beaten egg",review,long_base_phrase;long_raw_phrase;contains_conjunction,"1kg Homemade or Shop bought Puff Pastry, thawed plus 1 beaten egg",,"1kg Homemade or Shop bought Puff Pastry, thawed plus 1 beaten egg",
231,131,10,200.0,g,1.0,200 g Cheddar Cheese,ok,,200 g Cheddar Cheese,,200 g Cheddar Cheese,
231,466,11,2.0,punnets,1.0,2 punnets oyster mushroom,ok,,2 punnets oyster mushroom,,2 punnets oyster mushroom,
231,390,12,3.0,tbsp,1.0,3 tbsp oil,ok,,3 tablespoon oil,,3 tablespoon oil,3 tablespoon
231,566,13,,,1.0,A sprinkle of sesame seeds (optional),ok,,A sprinkle of sesame seeds (optional),optional,A sprinkle of sesame seeds,
232,266,1,1.5,cups,1.0,1 1/2 cups The Grain Hub Sorghum,ok,,1 1/2 cups The Grain Hub Sorghum,,1 1/2 cups The Grain Hub Sorghum,1 1/2 cups
232,8,2,1.25,cups,1.0,1 1/4 cups all purpose flour (plain flour),ok,,1 1/4 cups all purpose flour (plain flour),plain flour,1 1/4 cups all purpose flour,1 1/4 cups
232,577,3,0.5,cup,1.0,1/2 cup sugar,ok,,1/2 cup sugar,,1/2 cup sugar,1/2 cup
232,522,4,0.5,tsp,1.0,1/2 tsp salt,ok,,1/2 teaspoon salt,,1/2 teaspoon salt,1/2 teaspoon
232,26,5,1.0,tsp,1.0,1 tsp baking powder,ok,,1 teaspoon baking powder,,1 teaspoon baking powder,1 teaspoon
232,560,6,1.0,cup,1.0,1 cup sour milk,ok,,1 cup sour milk,,1 cup sour milk,1 cup
232,209,7,1.0,egg,1.0,1 egg,ok,,1 egg,,1 egg,
232,390,8,5.0,tbsp,1.0,5 tbsp oil,ok,,5 tablespoon oil,,5 tablespoon oil,5 tablespoon
233,424,1,400.0,g,1.0,400 g penne pasta,ok,,400 g penne pasta,,400 g penne pasta,
233,441,2,700.0,g,1.0,700 g pork,ok,,700 g pork,,700 g pork,
233,585,3,5.0,tbsp,1.0,5 tbsp Tammy’s Garlic Infused Sesame Oil,ok,,5 tablespoon Tammy’s Garlic Infused Sesame Oil,,5 tablespoon Tammy’s Garlic Infused Sesame Oil,5 tablespoon
233,251,4,2.0,large,1.0,"2 large cloves garlic, grated",ok,,"2 large cloves garlic, grated",,"2 large cloves garlic, grated",2 large
233,399,5,1.0,medium,1.0,"1 medium onion, chopped",ok,,"1 medium onion, chopped",,"1 medium onion, chopped",1 medium
233,467,6,1.0,punnet,1.0,"1 punnet oyster mushroom, julienned",ok,,"1 punnet oyster mushroom, julienned",,"1 punnet oyster mushroom, julienned",
233,522,7,1.5,tsp,1.0,1 1/2 tsp salt,ok,,1 1/2 teaspoon salt,,1 1/2 teaspoon salt,1 1/2 teaspoon
233,62,8,0.75,tsp,1.0,3/4 tsp ground black pepper,ok,,3/4 teaspoon ground black pepper,,3/4 teaspoon ground black pepper,3/4 teaspoon
233,598,9,3.0,tbsp,1.0,3 tbsp tomato paste,ok,,3 tablespoon tomato paste,,3 tablespoon tomato paste,3 tablespoon
234,442,1,1.5,kg,1.0,1.5 kg pork chops,ok,,1.5 kg pork chops,,1.5 kg pork chops,
234,522,2,1.0,tsp,1.0,1 tsp salt,ok,,1 teaspoon salt,,1 teaspoon salt,1 teaspoon
234,390,3,3.0,tbsp,1.0,3 tbsp oil,ok,,3 tablespoon oil,,3 tablespoon oil,3 tablespoon
234,251,4,2.0,tsp,1.0,"2 tsp garlic, grated",ok,,"2 teaspoon garlic, grated",,"2 teaspoon garlic, grated",2 teaspoon
234,479,5,3.0,tsp,1.0,3 tsp Real Premium Spices Chisa Nyama,review,long_base_phrase,3 teaspoon Real Premium Spices Chisa Nyama,,3 teaspoon Real Premium Spices Chisa Nyama,3 teaspoon
235,573,1,500.0,g,1.0,500 g steak mince,ok,,500 g steak mince,,500 g steak mince,
235,73,2,500.0,g,1.0,500 g boerewors sausage,ok,,500 g boerewors sausage,,500 g boerewors sausage,
235,399,3,1.0,large,1.0,"1 large onion, chopped",ok,,"1 large onion, chopped",,"1 large onion, chopped",1 large
235,251,4,3.0,tsp,1.0,"3 tsp garlic, grated",ok,,"3 teaspoon garlic, grated",,"3 teaspoon garlic, grated",3 teaspoon
235,120,5,2.0,large,1.0,"2 large carrots, chopped",ok,,"2 large carrots, chopped",,"2 large carrots, chopped",2 large
235,164,6,1.0,cob,1.0,1 cob sweetcorn,ok,,1 cob sweetcorn,,1 cob sweetcorn,
235,464,7,0.5,punnet,1.0,"1/2 punnet green beans, chopped",ok,,"1/2 punnet green beans, chopped",,"1/2 punnet green beans, chopped",
235,469,8,1.0,punnet,1.0,1 punnet peas,ok,,1 punnet peas,,1 punnet peas,
235,597,9,4.0,large,1.0,"4 large tomatoes , grated",ok,,"4 large tomatoes , grated",,"4 large tomatoes , grated",4 large
235,379,10,60.0,ml,1.0,60 ml Mr Sauce Smokey BBQ Marinade,review,long_base_phrase,60 ml Mr Sauce Smokey BBQ Marinade,,60 ml Mr Sauce Smokey BBQ Marinade,
235,522,11,1.0,tsp,1.0,1 tsp salt,ok,,1 teaspoon salt,,1 teaspoon salt,1 teaspoon
235,391,12,,,1.0,Oil for frying,ok,,Oil for frying,,Oil for frying,
235,625,13,,,1.0,500ml water,ok,,500ml water,,500ml water,
236,553,1,5.0,,1.0,"5 – 6 Medium sized Kariba Bream Fish, gutted",review,long_base_phrase,"5 – 6 Medium sized Kariba Bream Fish, gutted",,"5 – 6 Medium sized Kariba Bream Fish, gutted",
236,483,2,2.0,tbsp,1.0,"2 tbsp Real Premium Spices Lemon, Garlic & Herb Seasoning",review,long_base_phrase,"2 tablespoon Real Premium Spices Lemon, Garlic & Herb Seasoning",,"2 tablespoon Real Premium Spices Lemon, Garlic & Herb Seasoning",2 tablespoon
236,251,3,2.0,tbsp,1.0,"2 tbsp garlic, finely grated",ok,,"2 tablespoon garlic, finely grated",,"2 tablespoon garlic, finely grated",2 tablespoon
236,415,4,3.0,tsp,1.0,"3 tsp fresh parsley, chopped",ok,,"3 teaspoon fresh parsley, chopped",,"3 teaspoon fresh parsley, chopped",3 teaspoon
236,522,5,2.0,tsp,1.0,2 tsp salt,ok,,2 teaspoon salt,,2 teaspoon salt,2 teaspoon
236,390,6,4.0,tbsp,1.0,4 tbsp oil,ok,,4 tablespoon oil,,4 tablespoon oil,4 tablespoon
236,334,7,40.0,ml,1.0,40 ml lemon juice,ok,,40 ml lemon juice,,40 ml lemon juice,
237,145,1,2.0,kg,1.0,2 kg chicken thighs,ok,,2 kg chicken thighs,,2 kg chicken thighs,
237,522,2,1.75,tsp,1.0,1 3/4 tsp salt,ok,,1 3/4 teaspoon salt,,1 3/4 teaspoon salt,1 3/4 teaspoon
237,400,3,1.0,tsp,1.0,1 tsp onion powder flakes,ok,,1 teaspoon onion powder flakes,,1 teaspoon onion powder flakes,1 teaspoon
237,591,4,0.5,tsp,1.0,1/2 tsp dried thyme,ok,,1/2 teaspoon dried thyme,,1/2 teaspoon dried thyme,1/2 teaspoon
237,412,5,1.5,tsp,1.0,1 1/2 tsp paprika,ok,,1 1/2 teaspoon paprika,,1 1/2 teaspoon paprika,1 1/2 teaspoon
237,372,6,60.0,ml,1.0,60 ml Mr Sauce BBQ sauce,ok,,60 ml Mr Sauce BBQ sauce,,60 ml Mr Sauce BBQ sauce,
237,390,7,3.0,tbsp,1.0,3 tbsp oil,ok,,3 tablespoon oil,,3 tablespoon oil,3 tablespoon
238,91,1,3.0,cups,1.0,3 cups brown flour,ok,,3 cups brown flour,,3 cups brown flour,3 cups
238,266,2,1.0,cup,1.0,1 cup The grain Hub sorghum (mapfunde),ok,,1 cup The grain Hub sorghum (mapfunde),mapfunde,1 cup The grain Hub sorghum,1 cup
238,26,3,2.0,tsp,1.0,2 tsp baking powder,ok,,2 teaspoon baking powder,,2 teaspoon baking powder,2 teaspoon
238,126,4,1.0,cup,1.0,1 cup castor sugar,ok,,1 cup castor sugar,,1 cup castor sugar,1 cup
238,390,5,0.5,cup,1.0,1/2 cup oil,ok,,1/2 cup oil,,1/2 cup oil,1/2 cup
238,364,6,1.25,cup,1.0,1 1/4 cup milk,ok,,1 1/4 cup milk,,1 1/4 cup milk,1 1/4 cup
238,209,7,3.0,eggs,1.0,3 eggs,ok,,3 eggs,,3 eggs,
238,610,8,1.0,tsp,1.0,1 tsp vanilla essence,ok,,1 teaspoon vanilla essence,,1 teaspoon vanilla essence,1 teaspoon
238,160,9,1.0,tsp,1.0,1 tsp ground cinnamon,ok,,1 teaspoon ground cinnamon,,1 teaspoon ground cinnamon,1 teaspoon
239,399,1,1.0,medium,1.0,"1 medium onion, chopped",ok,,"1 medium onion, chopped",,"1 medium onion, chopped",1 medium
239,177,2,3.0,tbsp,1.0,3 tbsp cooking oil,ok,,3 tablespoon cooking oil,,3 tablespoon cooking oil,3 tablespoon
239,484,3,1.0,tsp,1.0,1 tsp Real Premium Spices Mild Curry powder,review,long_base_phrase,1 teaspoon Real Premium Spices Mild Curry powder,,1 teaspoon Real Premium Spices Mild Curry powder,1 teaspoon
239,485,4,1.0,tsp,1.0,1 tsp Real Premium Spices Paprika,ok,,1 teaspoon Real Premium Spices Paprika,,1 teaspoon Real Premium Spices Paprika,1 teaspoon
239,488,5,0.25,tsp,1.0,1/4 tsp Real Premium Spices Turmeric,ok,,1/4 teaspoon Real Premium Spices Turmeric,,1/4 teaspoon Real Premium Spices Turmeric,1/4 teaspoon
239,522,6,1.25,tsp,1.0,1 1/4 tsp salt,ok,,1 1/4 teaspoon salt,,1 1/4 teaspoon salt,1 1/4 teaspoon
239,251,7,1.0,tsp,1.0,"1 tsp garlic, finely chopped",ok,,"1 teaspoon garlic, finely chopped",,"1 teaspoon garlic, finely chopped",1 teaspoon
239,508,8,3.0,cups,1.0,3 cups rice,ok,,3 cups rice,,3 cups rice,3 cups
239,76,9,6.0,cups,1.0,6 cups boiling water,ok,,6 cups boiling water,,6 cups boiling water,6 cups
240,406,1,5.0,overripe,1.0,5 overripe bananas,ok,,5 overripe bananas,,5 overripe bananas,
240,334,2,1.0,tbsp,1.0,1 tbsp lemon juice,ok,,1 tablespoon lemon juice,,1 tablespoon lemon juice,1 tablespoon
240,540,3,3.0,cups,1.0,3 cups self-raising flour,ok,,3 cups self-raising flour,,3 cups self-raising flour,3 cups
240,26,4,1.5,tsp,1.0,1 1/2 tsp baking powder,ok,,1 1/2 teaspoon baking powder,,1 1/2 teaspoon baking powder,1 1/2 teaspoon
240,480,5,1.0,tsp,1.0,1 tsp Real Premium Spices ground cinnamon,ok,,1 teaspoon Real Premium Spices ground cinnamon,,1 teaspoon Real Premium Spices ground cinnamon,1 teaspoon
240,126,6,0.75,cup,1.0,3/4 cup castor sugar,ok,,3/4 cup castor sugar,,3/4 cup castor sugar,3/4 cup
240,522,7,,,1.0,a pinch of salt,ok,,a pinch of salt,,a pinch of salt,
240,390,8,0.5,cup,1.0,1/2 cup oil,ok,,1/2 cup oil,,1/2 cup oil,1/2 cup
240,363,9,4.0,tbsp,1.0,4 tbsp powdered milk,ok,,4 tablespoon powdered milk,,4 tablespoon powdered milk,4 tablespoon
240,560,10,1.0,cup,1.0,1 cup sour milk,ok,,1 cup sour milk,,1 cup sour milk,1 cup
241,264,1,600.0,g,1.0,600 g The Grain Hub Mhunga (Pearl Millet),ok,,600 g The Grain Hub Mhunga (Pearl Millet),Pearl Millet,600 g The Grain Hub Mhunga,
241,515,2,300.0,ml,1.0,300 ml room temperature water,ok,,300 ml room temperature water,,300 ml room temperature water,
241,76,3,1.8,L,1.0,1.8 L boiling water,ok,,1.8 L boiling water,,1.8 L boiling water,
242,573,1,500.0,g,1.0,500 g steak mince,ok,,500 g steak mince,,500 g steak mince,
242,522,2,0.75,tsp,1.0,3/4 tsp salt,ok,,3/4 teaspoon salt,,3/4 teaspoon salt,3/4 teaspoon
242,360,3,0.75,tsp,1.0,3/4 tsp mild curry powder,ok,,3/4 teaspoon mild curry powder,,3/4 teaspoon mild curry powder,3/4 teaspoon
242,412,4,0.75,tsp,1.0,3/4 tsp paprika,ok,,3/4 teaspoon paprika,,3/4 teaspoon paprika,3/4 teaspoon
242,399,5,1.0,medium,1.0,"1 medium onion, chopped",ok,,"1 medium onion, chopped",,"1 medium onion, chopped",1 medium
242,597,6,2.0,large,1.0,"2 large tomatoes, grated",ok,,"2 large tomatoes, grated",,"2 large tomatoes, grated",2 large
242,251,7,3.0,cloves,1.0,"3 cloves garlic, chopped",ok,,"3 cloves garlic, chopped",,"3 cloves garlic, chopped",3 cloves
242,129,8,3.0,celery,1.0,"3 celery sticks, chopped",ok,,"3 celery sticks, chopped",,"3 celery sticks, chopped",
242,120,9,3.0,medium,1.0,"3 medium carrots, chopped",ok,,"3 medium carrots, chopped",,"3 medium carrots, chopped",3 medium
242,469,10,0.5,punnet,1.0,1/2 punnet peas,ok,,1/2 punnet peas,,1/2 punnet peas,
242,384,11,40.0,ml,1.0,40 ml Mr Sauce Worcester Sauce,ok,,40 ml Mr Sauce Worcester Sauce,,40 ml Mr Sauce Worcester Sauce,
242,598,12,1.0,tbsp,1.0,1 tbsp tomato paste,ok,,1 tablespoon tomato paste,,1 tablespoon tomato paste,1 tablespoon
242,625,13,100.0,ml,1.0,100 ml water,ok,,100 ml water,,100 ml water,
242,194,14,0.5,tbsp,1.0,1/2 tbsp cream of tomato soup powder,ok,,1/2 tablespoon cream of tomato soup powder,,1/2 tablespoon cream of tomato soup powder,1/2 tablespoon
242,391,15,4.0,tbsp,1.0,4 tbsp oil for frying,ok,,4 tablespoon oil for frying,,4 tablespoon oil for frying,4 tablespoon
243,447,1,8.0,large,1.0,8 large potatoes,ok,,8 large potatoes,,8 large potatoes,8 large
243,216,2,,,1.0,Enough water to go just below the potatoes,review,long_base_phrase,Enough water to go just below the potatoes,,Enough water to go just below the potatoes,
243,522,3,1.0,tsp,1.0,1 tsp salt,ok,,1 teaspoon salt,,1 teaspoon salt,1 teaspoon
243,487,4,2.0,tbsp,1.0,2 tbsp Real Premium Spices Sour Cream ‘n Chives,review,long_base_phrase,2 tablespoon Real Premium Spices Sour Cream ‘n Chives,,2 tablespoon Real Premium Spices Sour Cream ‘n Chives,2 tablespoon
243,425,5,1.0,tsp,1.0,1 tsp pepper,ok,,1 teaspoon pepper,,1 teaspoon pepper,1 teaspoon
243,103,6,1.0,tbsp,1.0,1 tbsp butter/ margarine,ok,,1 tablespoon butter/ margarine,,1 tablespoon butter/ margarine,1 tablespoon
243,362,7,0.5,cup,1.0,1/2 cup fresh milk,ok,,1/2 cup fresh milk,,1/2 cup fresh milk,1/2 cup
244,266,1,1.0,cup,1.0,1 cup The Grain Hub Sorghum,ok,,1 cup The Grain Hub Sorghum,,1 cup The Grain Hub Sorghum,1 cup
244,515,2,250.0,ml,1.0,250 ml room temperature water,ok,,250 ml room temperature water,,250 ml room temperature water,
244,341,3,1.0,litre,1.0,1 litre boiling water,ok,,1 litre boiling water,,1 litre boiling water,
244,522,4,0.5,tsp,1.0,1/2 tsp salt,ok,,1/2 teaspoon salt,,1/2 teaspoon salt,1/2 teaspoon
245,176,1,4.0,,1.0,4 – 5 cups of cooked rice,ok,,4 – 5 cups of cooked rice,,4 – 5 cups of cooked rice,
245,484,2,1.0,tsp,1.0,1 tsp Real Premium Spices Mild Curry Powder,review,long_base_phrase,1 teaspoon Real Premium Spices Mild Curry Powder,,1 teaspoon Real Premium Spices Mild Curry Powder,1 teaspoon
245,477,3,0.5,tsp,1.0,1/2 tsp Real Premium Spices Ground Black Pepper,review,long_base_phrase,1/2 teaspoon Real Premium Spices Ground Black Pepper,,1/2 teaspoon Real Premium Spices Ground Black Pepper,1/2 teaspoon
245,399,4,1.0,medium,1.0,"1 medium onion, chopped",ok,,"1 medium onion, chopped",,"1 medium onion, chopped",1 medium
245,120,5,2.0,large,1.0,2 large carrots,ok,,2 large carrots,,2 large carrots,2 large
245,209,6,4.0,large,1.0,"4 large eggs, beaten",ok,,"4 large eggs, beaten",,"4 large eggs, beaten",4 large
245,522,7,1.5,tsp,1.0,1 1/2 tsp salt,ok,,1 1/2 teaspoon salt,,1 1/2 teaspoon salt,1 1/2 teaspoon
245,273,8,1.0,medium,1.0,"1 medium green pepper, chopped",ok,,"1 medium green pepper, chopped",,"1 medium green pepper, chopped",1 medium
245,502,9,1.0,small,1.0,"1 small red pepper, chopped",ok,,"1 small red pepper, chopped",,"1 small red pepper, chopped",1 small
245,561,10,30.0,ml,1.0,30 ml Soy sauce,ok,,30 ml Soy sauce,,30 ml Soy sauce,
245,391,11,3.0,tbsp,1.0,3 tbsp oil for frying,ok,,3 tablespoon oil for frying,,3 tablespoon oil for frying,3 tablespoon
245,251,12,,,1.0,"I tsp garlic, finely chopped",ok,,"I teaspoon garlic, finely chopped",,"I teaspoon garlic, finely chopped",
246,554,1,8.0,medium,1.0,"8 medium sized potatoes, peeled and cubed",review,contains_conjunction,"8 medium sized potatoes, peeled and cubed",,"8 medium sized potatoes, peeled and cubed",8 medium
246,390,2,4.0,tbsp,1.0,4 tbsp oil,ok,,4 tablespoon oil,,4 tablespoon oil,4 tablespoon
246,485,3,1.0,tsp,1.0,1 tsp Real Premium Spices Paprika,ok,,1 teaspoon Real Premium Spices Paprika,,1 teaspoon Real Premium Spices Paprika,1 teaspoon
246,486,4,4.0,tsp,1.0,4 tsp Real Premium Spices Potato Mate,review,long_base_phrase,4 teaspoon Real Premium Spices Potato Mate,,4 teaspoon Real Premium Spices Potato Mate,4 teaspoon
246,522,5,1.0,tsp,1.0,1 tsp salt,ok,,1 teaspoon salt,,1 teaspoon salt,1 teaspoon
247,91,1,3.0,cups,1.0,3 cups brown flour,ok,,3 cups brown flour,,3 cups brown flour,3 cups
247,264,2,1.0,cup,1.0,1 cup The Grain Hub Mhunga (Pearl Millet),ok,,1 cup The Grain Hub Mhunga (Pearl Millet),Pearl Millet,1 cup The Grain Hub Mhunga,1 cup
247,346,3,1.0,and,1.0,1 and 1/2 cup lukewarm water,review,contains_conjunction,1 and 1/2 cup lukewarm water,,1 and 1/2 cup lukewarm water,
247,390,4,4.0,tbsp,1.0,4 tbsp oil,ok,,4 tablespoon oil,,4 tablespoon oil,4 tablespoon
247,95,5,3.0,tbsp,1.0,3 tbsp brown sugar,ok,,3 tablespoon brown sugar,,3 tablespoon brown sugar,3 tablespoon
247,307,6,1.0,and,1.0,1 and 1/2 tsp instant yeast,review,contains_conjunction,1 and 1/2 teaspoon instant yeast,,1 and 1/2 teaspoon instant yeast,
247,522,7,1.0,tsp,1.0,1 tsp salt,ok,,1 teaspoon salt,,1 teaspoon salt,1 teaspoon
248,342,1,3.0,cups,1.0,3 cups long grain rice,ok,,3 cups long grain rice,,3 cups long grain rice,3 cups
248,502,2,0.5,small,1.0,"1/2 small red pepper, chopped",ok,,"1/2 small red pepper, chopped",,"1/2 small red pepper, chopped",1/2 small
248,251,3,2.0,tsp,1.0,"2 tsp garlic, finely chopped",ok,,"2 teaspoon garlic, finely chopped",,"2 teaspoon garlic, finely chopped",2 teaspoon
248,399,4,0.5,medium,1.0,"1/2 medium onion, chopped",ok,,"1/2 medium onion, chopped",,"1/2 medium onion, chopped",1/2 medium
248,120,5,1.0,small,1.0,"1 small carrot, chopped",ok,,"1 small carrot, chopped",,"1 small carrot, chopped",1 small
248,465,6,0.5,punnet,1.0,"1/2 punnet mushroom, chopped",ok,,"1/2 punnet mushroom, chopped",,"1/2 punnet mushroom, chopped",
248,468,7,0.5,punnet,1.0,1/2 punnet fresh peas,ok,,1/2 punnet fresh peas,,1/2 punnet fresh peas,
248,134,8,5.5,cups,1.0,5 1/2 cups chicken stock,ok,,5 1/2 cups chicken stock,,5 1/2 cups chicken stock,5 1/2 cups
248,522,9,1.0,tsp,1.0,1 tsp salt,ok,,1 teaspoon salt,,1 teaspoon salt,1 teaspoon
248,484,10,1.0,tsp,1.0,1 tsp Real Premium Spices mild curry powder,review,long_base_phrase,1 teaspoon Real Premium Spices mild curry powder,,1 teaspoon Real Premium Spices mild curry powder,1 teaspoon
248,488,11,0.5,tsp,1.0,1/2 tsp Real Premium Spices turmeric,ok,,1/2 teaspoon Real Premium Spices turmeric,,1/2 teaspoon Real Premium Spices turmeric,1/2 teaspoon
248,478,12,0.25,tsp,1.0,1/4 tsp Real Premium Spices cayenne pepper,review,long_base_phrase,1/4 teaspoon Real Premium Spices cayenne pepper,,1/4 teaspoon Real Premium Spices cayenne pepper,1/4 teaspoon
248,390,13,3.0,tbsp,1.0,3 tbsp oil,ok,,3 tablespoon oil,,3 tablespoon oil,3 tablespoon
249,265,1,3.0,cups,1.0,3 cups The Grain Hub Mupunga (traditional brown rice),ok,,3 cups The Grain Hub Mupunga (traditional brown rice),traditional brown rice,3 cups The Grain Hub Mupunga,3 cups
249,625,2,7.0,cups,1.0,7 cups water,ok,,7 cups water,,7 cups water,7 cups
249,522,3,1.0,tsp,1.0,1 tsp salt,ok,,1 teaspoon salt,,1 teaspoon salt,1 teaspoon
250,323,1,1.0,kg,1.0,"1 kg Kariba Bream, gutted and scaled",review,contains_conjunction,"1 kg Kariba Bream, gutted and scaled",,"1 kg Kariba Bream, gutted and scaled",
250,399,2,0.5,medium,1.0,"1/2 medium onion, chopped",ok,,"1/2 medium onion, chopped",,"1/2 medium onion, chopped",1/2 medium
250,597,3,2.0,large,1.0,"2 large tomatoes, grated",ok,,"2 large tomatoes, grated",,"2 large tomatoes, grated",2 large
250,435,4,0.75,cup,1.0,3/4 cup plain (all purpose) flour,ok,,3/4 cup plain (all purpose) flour,all purpose,3/4 cup plain flour,3/4 cup
250,483,5,1.0,tsp,1.0,"1 tsp Real Premium Spices’ Lemon, Garlic & Herb Seasoning",review,long_base_phrase,"1 teaspoon Real Premium Spices’ Lemon, Garlic & Herb Seasoning",,"1 teaspoon Real Premium Spices’ Lemon, Garlic & Herb Seasoning",1 teaspoon
250,488,6,1.0,tsp,1.0,1 tsp Real Premium Spices’ Turmeric,ok,,1 teaspoon Real Premium Spices’ Turmeric,,1 teaspoon Real Premium Spices’ Turmeric,1 teaspoon
250,522,7,2.0,tsp,1.0,2 tsp salt,ok,,2 teaspoon salt,,2 teaspoon salt,2 teaspoon
250,484,8,1.0,tsp,1.0,1 tsp Real Premium Spices’ Mild Curry Powder,review,long_base_phrase,1 teaspoon Real Premium Spices’ Mild Curry Powder,,1 teaspoon Real Premium Spices’ Mild Curry Powder,1 teaspoon
250,177,9,40.0,ml,1.0,40 ml cooking oil,ok,,40 ml cooking oil,,40 ml cooking oil,
250,251,10,1.0,tsp,1.0,"1 tsp garlic, grated",ok,,"1 teaspoon garlic, grated",,"1 teaspoon garlic, grated",1 teaspoon
250,209,11,2.0,eggs,1.0,"2 eggs, beaten",ok,,"2 eggs, beaten",,"2 eggs, beaten",
250,598,12,1.0,tbsp,1.0,1 tbsp tomato paste,ok,,1 tablespoon tomato paste,,1 tablespoon tomato paste,1 tablespoon
250,383,13,40.0,ml,1.0,40 ml Mr Sauce Tomato Sauce,ok,,40 ml Mr Sauce Tomato Sauce,,40 ml Mr Sauce Tomato Sauce,
250,625,14,150.0,ml,1.0,150 ml water,ok,,150 ml water,,150 ml water,
251,126,1,0.5,cup,1.0,½ cup castor sugar,ok,,½ cup castor sugar,,½ cup castor sugar,½ cup
251,540,2,1.0,,1.0,1 ½ cups Self-Raising Flour,ok,,1 ½ cups Self-Raising Flour,,1 ½ cups Self-Raising Flour,
251,267,3,0.5,cup,1.0,½ cup The Grain Hub Zviyo (Finger Millet),ok,,½ cup The Grain Hub Zviyo (Finger Millet),Finger Millet,½ cup The Grain Hub Zviyo,½ cup
251,203,4,0.5,cup,1.0,½ cup custard powder,ok,,½ cup custard powder,,½ cup custard powder,½ cup
251,522,5,0.5,tsp,1.0,½ tsp salt,ok,,½ teaspoon salt,,½ teaspoon salt,½ teaspoon
251,473,6,0.5,cup,1.0,"½ cup raisins, chopped",ok,,"½ cup raisins, chopped",,"½ cup raisins, chopped",½ cup
251,293,7,1.0,,1.0,1 ½ tsp heaped butter/ margarine,ok,,1 ½ teaspoon heaped butter/ margarine,,1 ½ teaspoon heaped butter/ margarine,
251,367,8,1.0,cup,1.0,1 cup milk maas,ok,,1 cup milk maas,,1 cup milk maas,1 cup
251,210,9,1.0,egg,1.0,"1 egg, lightly beaten",ok,,"1 egg, lightly beaten",,"1 egg, lightly beaten",
251,610,10,1.0,tsp,1.0,1 tsp vanilla essence,ok,,1 teaspoon vanilla essence,,1 teaspoon vanilla essence,1 teaspoon
252,583,1,2.0,kg,1.0,2 kg T-bone steak,ok,,2 kg T-bone steak,,2 kg T-bone steak,
252,522,2,2.0,tsp,1.0,2 tsp salt,ok,,2 teaspoon salt,,2 teaspoon salt,2 teaspoon
252,251,3,3.0,tsp,1.0,"3 tsp garlic, grated",ok,,"3 teaspoon garlic, grated",,"3 teaspoon garlic, grated",3 teaspoon
252,378,4,50.0,ml,1.0,50 ml Mr Sauce Mustard Sauce,ok,,50 ml Mr Sauce Mustard Sauce,,50 ml Mr Sauce Mustard Sauce,
252,376,5,40.0,ml,1.0,40 ml Mr Sauce Lemon Juice,ok,,40 ml Mr Sauce Lemon Juice,,40 ml Mr Sauce Lemon Juice,
252,381,6,100.0,ml,1.0,100 ml Mr Sauce Sticky BBQ Basting,review,long_base_phrase,100 ml Mr Sauce Sticky BBQ Basting,,100 ml Mr Sauce Sticky BBQ Basting,
253,265,1,,,1.0,225g The Grain Hub Mupunga,ok,,225g The Grain Hub Mupunga,,225g The Grain Hub Mupunga,
253,173,2,100.0,ml,1.0,100 ml cold water,ok,,100 ml cold water,,100 ml cold water,
253,76,3,750.0,ml,1.0,750 ml boiling water,ok,,750 ml boiling water,,750 ml boiling water,
254,444,1,1.0,kg,1.0,1 kg pork fillet,ok,,1 kg pork fillet,,1 kg pork fillet,
254,390,2,2.0,tbsp,1.0,2 tbsp oil,ok,,2 tablespoon oil,,2 tablespoon oil,2 tablespoon
254,253,3,1.0,tsp,1.0,1 tsp garlic powder,ok,,1 teaspoon garlic powder,,1 teaspoon garlic powder,1 teaspoon
254,412,4,1.0,tsp,1.0,1 tsp paprika,ok,,1 teaspoon paprika,,1 teaspoon paprika,1 teaspoon
254,400,5,0.5,tsp,1.0,1/2 tsp onion powder,ok,,1/2 teaspoon onion powder,,1/2 teaspoon onion powder,1/2 teaspoon
254,591,6,0.5,tsp,1.0,1/2 tsp dried thyme,ok,,1/2 teaspoon dried thyme,,1/2 teaspoon dried thyme,1/2 teaspoon
254,32,7,0.5,tsp,1.0,1/2 tsp dried basil,ok,,1/2 teaspoon dried basil,,1/2 teaspoon dried basil,1/2 teaspoon
254,522,8,1.0,tsp,1.0,1 tsp salt,ok,,1 teaspoon salt,,1 teaspoon salt,1 teaspoon
254,62,9,0.5,tsp,1.0,1/2 tsp freshly ground black pepper,ok,,1/2 teaspoon freshly ground black pepper,,1/2 teaspoon freshly ground black pepper,1/2 teaspoon
254,380,10,3.0,tbsp,1.0,3 tbsp Mr Sauce Soy sauce,ok,,3 tablespoon Mr Sauce Soy sauce,,3 tablespoon Mr Sauce Soy sauce,3 tablespoon
254,378,11,1.0,tbsp,1.0,1 tbsp Mr Sauce Mustard sauce,ok,,1 tablespoon Mr Sauce Mustard sauce,,1 tablespoon Mr Sauce Mustard sauce,1 tablespoon
254,251,12,4.0,cloves,1.0,"4 cloves garlic, grated",ok,,"4 cloves garlic, grated",,"4 cloves garlic, grated",4 cloves
254,577,13,4.0,tbsp,1.0,4 tbsp sugar,ok,,4 tablespoon sugar,,4 tablespoon sugar,4 tablespoon
254,625,14,4.0,tbsp,1.0,4 tbsp water,ok,,4 tablespoon water,,4 tablespoon water,4 tablespoon
254,390,15,1.0,tbsp,1.0,1 tbsp oil,ok,,1 tablespoon oil,,1 tablespoon oil,1 tablespoon
255,145,1,1.0,kg,1.0,1 kg chicken thighs,ok,,1 kg chicken thighs,,1 kg chicken thighs,
255,669,2,1.5,tsp,1.0,1 1/2 tsp Zimspice Portuguese Chicken Masala,ok,,1 1/2 teaspoon Zimspice Portuguese Chicken Masala,,1 1/2 teaspoon Zimspice Portuguese Chicken Masala,1 1/2 teaspoon
255,251,3,3.0,tsp,1.0,"3 tsp garlic, grated",ok,,"3 teaspoon garlic, grated",,"3 teaspoon garlic, grated",3 teaspoon
255,522,4,1.0,tsp,1.0,1 tsp salt,ok,,1 teaspoon salt,,1 teaspoon salt,1 teaspoon
255,336,5,1.0,tbsp,1.0,1 tbsp lemon rind,ok,,1 tablespoon lemon rind,,1 tablespoon lemon rind,1 tablespoon
255,390,6,3.0,tbsp,1.0,3 tbsp oil,ok,,3 tablespoon oil,,3 tablespoon oil,3 tablespoon
256,521,1,,,1.0,Sadza reMhunga (Pearl Millet Sadza),ok,,Sadza reMhunga (Pearl Millet Sadza),Pearl Millet Sadza,Sadza reMhunga,
256,47,2,,,1.0,1kg beef short ribs,ok,,1kg beef short ribs,,1kg beef short ribs,
256,522,3,1.0,tsp,1.0,1 tsp salt,ok,,1 teaspoon salt,,1 teaspoon salt,1 teaspoon
256,62,4,0.75,tsp,1.0,3/4 tsp freshly ground black pepper,ok,,3/4 teaspoon freshly ground black pepper,,3/4 teaspoon freshly ground black pepper,3/4 teaspoon
256,390,5,2.0,tbsp,1.0,2 tbsp oil,ok,,2 tablespoon oil,,2 tablespoon oil,2 tablespoon
256,372,6,80.0,ml,1.0,80 ml Mr Sauce BBQ sauce,ok,,80 ml Mr Sauce BBQ sauce,,80 ml Mr Sauce BBQ sauce,
257,145,1,1.0,kg,1.0,1 kg chicken thighs,ok,,1 kg chicken thighs,,1 kg chicken thighs,
257,207,2,1.0,kg,1.0,1 kg drumsticks,ok,,1 kg drumsticks,,1 kg drumsticks,
257,375,3,500.0,ml,1.0,500 ml Mr Sauce Lemon & Herb marinade,review,long_base_phrase,500 ml Mr Sauce Lemon & Herb marinade,,500 ml Mr Sauce Lemon & Herb marinade,
257,105,4,1.0,large,1.0,1 large butternut,ok,,1 large butternut,,1 large butternut,1 large
257,399,5,1.0,large,1.0,1 large onion,ok,,1 large onion,,1 large onion,1 large
257,463,6,1.0,punnet,1.0,1 punnet cauliflower,ok,,1 punnet cauliflower,,1 punnet cauliflower,
257,273,7,1.0,large,1.0,1 large green pepper,ok,,1 large green pepper,,1 large green pepper,1 large
257,502,8,1.0,large,1.0,1 large red pepper,ok,,1 large red pepper,,1 large red pepper,1 large
257,522,9,2.0,and,1.0,2 and 3/4 tsp salt,review,contains_conjunction,2 and 3/4 teaspoon salt,,2 and 3/4 teaspoon salt,
257,251,10,3.0,tsp,1.0,"3 tsp garlic, grated",ok,,"3 teaspoon garlic, grated",,"3 teaspoon garlic, grated",3 teaspoon
257,390,11,3.0,tbsp,1.0,3 tbsp oil,ok,,3 tablespoon oil,,3 tablespoon oil,3 tablespoon
258,466,1,4.0,punnets,1.0,4 punnets oyster mushroom,ok,,4 punnets oyster mushroom,,4 punnets oyster mushroom,
258,251,2,1.0,tsp,1.0,"1 tsp garlic, grated",ok,,"1 teaspoon garlic, grated",,"1 teaspoon garlic, grated",1 teaspoon
258,522,3,1.0,tsp,1.0,1 tsp salt,ok,,1 teaspoon salt,,1 teaspoon salt,1 teaspoon
258,667,4,1.0,tsp,1.0,1 tsp Zimspice curry powder,ok,,1 teaspoon Zimspice curry powder,,1 teaspoon Zimspice curry powder,1 teaspoon
258,399,5,1.0,medium,1.0,"1 medium onion, finely chopped",ok,,"1 medium onion, finely chopped",,"1 medium onion, finely chopped",1 medium
258,597,6,3.0,large,1.0,"3 large tomatoes, grated",ok,,"3 large tomatoes, grated",,"3 large tomatoes, grated",3 large
258,625,7,50.0,ml,1.0,50 ml water,ok,,50 ml water,,50 ml water,
258,374,8,3.0,tbsp,1.0,3 tbsp Mr Sauce Ketchup,ok,,3 tablespoon Mr Sauce Ketchup,,3 tablespoon Mr Sauce Ketchup,3 tablespoon
258,390,9,5.0,tbsp,1.0,5 tbsp oil,ok,,5 tablespoon oil,,5 tablespoon oil,5 tablespoon
259,385,1,,,1.0,200g mufushwa weMunyemba,ok,,200g mufushwa weMunyemba,,200g mufushwa weMunyemba,
259,522,2,2.0,tsp,1.0,2 tsp salt,ok,,2 teaspoon salt,,2 teaspoon salt,2 teaspoon
259,625,3,300.0,ml,1.0,300 ml water,ok,,300 ml water,,300 ml water,
259,399,4,1.0,medium,1.0,"1 medium onion, chopped",ok,,"1 medium onion, chopped",,"1 medium onion, chopped",1 medium
259,597,5,3.0,large,1.0,"3 large tomatoes, grated",ok,,"3 large tomatoes, grated",,"3 large tomatoes, grated",3 large
259,295,6,2.0,heaped,1.0,2 heaped tbsp peanut butter,ok,,2 heaped tablespoon peanut butter,,2 heaped tablespoon peanut butter,
259,390,7,3.0,tbsp,1.0,3 tbsp oil,ok,,3 tablespoon oil,,3 tablespoon oil,3 tablespoon
260,594,1,1.0,kg,1.0,1 kg tilapia fish fillets,ok,,1 kg tilapia fish fillets,,1 kg tilapia fish fillets,
260,668,2,4.0,tbsp,1.0,4 tbsp Zimspice fish curry,ok,,4 tablespoon Zimspice fish curry,,4 tablespoon Zimspice fish curry,4 tablespoon
260,670,3,1.0,tsp,1.0,1 tsp Zimspice turmeric,ok,,1 teaspoon Zimspice turmeric,,1 teaspoon Zimspice turmeric,1 teaspoon
260,399,4,0.5,medium,1.0,"½ medium onion, finely chopped",ok,,"½ medium onion, finely chopped",,"½ medium onion, finely chopped",½ medium
260,251,5,1.0,tbsp,1.0,"1 tbsp garlic, finely grated",ok,,"1 tablespoon garlic, finely grated",,"1 tablespoon garlic, finely grated",1 tablespoon
260,260,6,1.0,tbsp,1.0,"1 tbsp ginger, finely grated",ok,,"1 tablespoon ginger, finely grated",,"1 tablespoon ginger, finely grated",1 tablespoon
260,95,7,1.0,tbsp,1.0,1 tbsp brown sugar,ok,,1 tablespoon brown sugar,,1 tablespoon brown sugar,1 tablespoon
260,654,8,0.5,yellow,1.0,"1/2 yellow pepper, cubed",ok,,"1/2 yellow pepper, cubed",,"1/2 yellow pepper, cubed",
260,502,9,0.5,red,1.0,"1/2 red pepper, cubed",ok,,"1/2 red pepper, cubed",,"1/2 red pepper, cubed",
260,273,10,0.5,green,1.0,"1/2 green pepper, cubed",ok,,"1/2 green pepper, cubed",,"1/2 green pepper, cubed",
260,625,11,70.0,ml,1.0,70 ml water,ok,,70 ml water,,70 ml water,
260,167,12,,,1.0,Coconut milk x 1tin,ok,,Coconut milk x 1tin,,Coconut milk x 1tin,
260,417,13,,,1.0,Chopped parsley for garnish (optional),ok,,Chopped parsley for garnish (optional),optional,Chopped parsley for garnish,
260,390,14,4.0,tbsp,1.0,4 tbsp oil,ok,,4 tablespoon oil,,4 tablespoon oil,4 tablespoon
261,472,1,1.0,rack,1.0,1 rack of pork ribs,ok,,1 rack of pork ribs,,1 rack of pork ribs,
261,522,2,1.0,tsp,1.0,1 tsp salt,ok,,1 teaspoon salt,,1 teaspoon salt,1 teaspoon
261,254,3,4.0,whole,1.0,4 whole cloves garlic,ok,,4 whole cloves garlic,,4 whole cloves garlic,
261,302,4,750.0,ml,1.0,750 ml hot water + 1 chicken stock cube,ok,,750 ml hot water + 1 chicken stock cube,,750 ml hot water + 1 chicken stock cube,
261,372,5,200.0,ml,1.0,200 ml Mr Sauce BBQ Sauce,ok,,200 ml Mr Sauce BBQ Sauce,,200 ml Mr Sauce BBQ Sauce,
261,376,6,50.0,ml,1.0,50 ml Mr Sauce lemon juice,ok,,50 ml Mr Sauce lemon juice,,50 ml Mr Sauce lemon juice,
262,354,1,200.0,g,1.0,200 g margarine (at room temperature),ok,,200 g margarine (at room temperature),at room temperature,200 g margarine,
262,125,2,200.0,g,1.0,200 g caster sugar,ok,,200 g caster sugar,,200 g caster sugar,
262,364,3,160.0,ml,1.0,160 ml milk,ok,,160 ml milk,,160 ml milk,
262,209,4,2.0,large,1.0,2 large eggs,ok,,2 large eggs,,2 large eggs,2 large
262,539,5,2.0,cups,1.0,2 cups self raising flour,ok,,2 cups self raising flour,,2 cups self raising flour,2 cups
262,666,6,2.0,tbsp,1.0,2 tbsp Zimspice blue poppy seeds,ok,,2 tablespoon Zimspice blue poppy seeds,,2 tablespoon Zimspice blue poppy seeds,2 tablespoon
262,664,7,,,1.0,Zest from 1 lemon,ok,,Zest from 1 lemon,,Zest from 1 lemon,
262,376,8,30.0,ml,1.0,30 ml Mr Sauce lemon juice,ok,,30 ml Mr Sauce lemon juice,,30 ml Mr Sauce lemon juice,
262,332,9,1.0,tsp,1.0,1 tsp lemon essence,ok,,1 teaspoon lemon essence,,1 teaspoon lemon essence,1 teaspoon
263,407,1,,,1.0,1kg Ox Kidneys,ok,,1kg Ox Kidneys,,1kg Ox Kidneys,
263,273,2,1.0,Green,1.0,"1 Green Pepper, diced",ok,,"1 Green Pepper, diced",,"1 Green Pepper, diced",
263,497,3,1.0,Red,1.0,"1 Red Onion, diced",ok,,"1 Red Onion, diced",,"1 Red Onion, diced",
263,597,4,1.0,Tomato,1.0,"1 Tomato, chopped",ok,,"1 Tomato, chopped",,"1 Tomato, chopped",
263,598,5,1.0,Tablespoon,1.0,1 Tablespoon Tomato Paste,ok,,1 Tablespoon Tomato Paste,,1 Tablespoon Tomato Paste,1 tablespoon
263,251,6,4.0,Cloves,1.0,4 Cloves Garlic,ok,,4 Cloves Garlic,,4 Cloves Garlic,4 cloves
263,615,7,2.5,Tablespoons,1.0,2 1/2 Tablespoons Vegetable oil,ok,,2 1/2 Tablespoons Vegetable oil,,2 1/2 Tablespoons Vegetable oil,2 1/2 tablespoons
263,619,8,0.5,cup,1.0,1/2 cup Vinegar,ok,,1/2 cup Vinegar,,1/2 cup Vinegar,1/2 cup
263,561,9,2.0,Tablespoons,1.0,2 Tablespoons Soy Sauce,ok,,2 Tablespoons Soy Sauce,,2 Tablespoons Soy Sauce,2 tablespoons
263,57,10,1.0,Tablespoon,1.0,1 Tablespoon Bisto or Gravy Thickener,review,contains_conjunction,1 Tablespoon Bisto or Gravy Thickener,,1 Tablespoon Bisto or Gravy Thickener,1 tablespoon
263,528,11,,,1.0,"Salt and Pepper, to taste",review,mixed_seasoning;contains_conjunction,"Salt and Pepper, to taste",,"Salt and Pepper, to taste",
263,152,12,,,1.0,"Chili, optional",ok,,"Chili, optional",,"Chili, optional",
264,370,1,1.0,Kg,1.0,1 Kg of Mixed Offal,ok,,1 Kg of Mixed Offal,,1 Kg of Mixed Offal,
264,522,2,0.5,Teaspoon,1.0,1/2 Teaspoon Salt,ok,,1/2 Teaspoon Salt,,1/2 Teaspoon Salt,1/2 teaspoon
264,597,3,2.0,medium,1.0,2 medium tomatoes – Grated,ok,,2 medium tomatoes – Grated,,2 medium tomatoes – Grated,2 medium
264,399,4,1.0,medium,1.0,1 medium onion,ok,,1 medium onion,,1 medium onion,1 medium
264,251,5,2.0,Cloves,1.0,2 Cloves of Garlic,ok,,2 Cloves of Garlic,,2 Cloves of Garlic,2 cloves
264,615,6,2.0,Tablespoons,1.0,2 Tablespoons of Vegetable oil,ok,,2 Tablespoons of Vegetable oil,,2 Tablespoons of Vegetable oil,2 tablespoons
264,56,7,1.0,Tablespoon,1.0,1 Tablespoon Bisto Gravy,ok,,1 Tablespoon Bisto Gravy,,1 Tablespoon Bisto Gravy,1 tablespoon
264,411,8,1.0,Teaspoon,1.0,1 Teaspoon smoked Paprika,ok,,1 Teaspoon smoked Paprika,,1 Teaspoon smoked Paprika,1 teaspoon
265,50,1,,,1.0,800g Beef Trotters,ok,,800g Beef Trotters,,800g Beef Trotters,
265,251,2,4.0,Cloves,1.0,4 Cloves Garlic,ok,,4 Cloves Garlic,,4 Cloves Garlic,4 cloves
265,63,3,2.0,Teaspoons,1.0,2 Teaspoons Black pepper,ok,,2 Teaspoons Black pepper,,2 Teaspoons Black pepper,2 teaspoons
265,253,4,1.0,Teaspoon,1.0,1 Teaspoon Garlic Powder,ok,,1 Teaspoon Garlic Powder,,1 Teaspoon Garlic Powder,1 teaspoon
265,412,5,2.0,Teaspoons,1.0,2 Teaspoons Paprika,ok,,2 Teaspoons Paprika,,2 Teaspoons Paprika,2 teaspoons
265,615,6,0.25,cup,1.0,1/4 cup Vegetable Oil,ok,,1/4 cup Vegetable Oil,,1/4 cup Vegetable Oil,1/4 cup
265,134,7,1.0,Chicken,1.0,1 Chicken Stock Cube,ok,,1 Chicken Stock Cube,,1 Chicken Stock Cube,
265,399,8,1.0,Large,1.0,1 Large Onion,ok,,1 Large Onion,,1 Large Onion,1 large
265,273,9,1.0,Large,1.0,1 Large Green Pepper,ok,,1 Large Green Pepper,,1 Large Green Pepper,1 large
265,597,10,1.0,Medium,1.0,"1 Medium Tomato, chopped",ok,,"1 Medium Tomato, chopped",,"1 Medium Tomato, chopped",1 medium
265,598,11,1.5,Tablespoon,1.0,1 1/2 Tablespoon Tomato paste,ok,,1 1/2 Tablespoon Tomato paste,,1 1/2 Tablespoon Tomato paste,1 1/2 tablespoon
265,157,12,3.0,fresh,1.0,3 fresh Chilies (optional),ok,,3 fresh Chilies (optional),optional,3 fresh Chilies,
265,260,13,1.0,Tablespoon,1.0,1 Tablespoon fresh Ginger (optional),ok,,1 Tablespoon fresh Ginger (optional),optional,1 Tablespoon fresh Ginger,1 tablespoon
266,393,1,,,1.0,500g Okra,ok,,500g Okra,,500g Okra,
266,557,2,2.0,Teaspoons,1.0,2 Teaspoons Soda,ok,,2 Teaspoons Soda,,2 Teaspoons Soda,2 teaspoons
266,522,3,0.5,Teaspoon,1.0,1/2 Teaspoon Salt,ok,,1/2 Teaspoon Salt,,1/2 Teaspoon Salt,1/2 teaspoon
266,513,4,1.0,Medium,1.0,1 Medium ripe Tomato,ok,,1 Medium ripe Tomato,,1 Medium ripe Tomato,1 medium
266,79,5,,,1.0,650g Bondwe (Amaranth leaves) – (Optional),ok,,650g Bondwe (Amaranth leaves) – (Optional),Amaranth leaves,650g Bondwe –,
266,625,6,,,1.0,300ml Water,ok,,300ml Water,,300ml Water,
267,80,1,,,1.0,800g Bondwe leaves,ok,,800g Bondwe leaves,,800g Bondwe leaves,
267,399,2,1.0,Onion,1.0,1 Onion,ok,,1 Onion,,1 Onion,
267,597,3,1.0,Tomato,1.0,1 Tomato,ok,,1 Tomato,,1 Tomato,
267,506,4,1.0,Teaspoon,1.0,1 Teaspoon or regular Salt or seasoned salt.,review,contains_conjunction,1 Teaspoon or regular Salt or seasoned salt.,,1 Teaspoon or regular Salt or seasoned salt.,1 teaspoon
267,615,5,2.0,Tablespoons,1.0,2 Tablespoons Vegetable oil,ok,,2 Tablespoons Vegetable oil,,2 Tablespoons Vegetable oil,2 tablespoons
268,322,1,,,1.0,300g Dried Kapenta,ok,,300g Dried Kapenta,,300g Dried Kapenta,
268,597,2,1.0,Large,1.0,1 Large Tomato,ok,,1 Large Tomato,,1 Large Tomato,1 large
268,471,3,1.0,large,1.0,1 large purple Onion,ok,,1 large purple Onion,,1 large purple Onion,1 large
268,273,4,1.0,Medium,1.0,1 Medium Green Pepper,ok,,1 Medium Green Pepper,,1 Medium Green Pepper,1 medium
268,153,5,0.25,Teaspoon,1.0,1/4 Teaspoon Chili Powder (Optional),ok,,1/4 Teaspoon Chili Powder (Optional),Optional,1/4 Teaspoon Chili Powder,1/4 teaspoon
268,522,6,0.25,Teaspoon,1.0,1/4 Teaspoon Salt,ok,,1/4 Teaspoon Salt,,1/4 Teaspoon Salt,1/4 teaspoon
268,413,7,0.25,Teaspoon,1.0,1/4 Teaspoon Smoked Paprika or Curry Powder,review,contains_conjunction,1/4 Teaspoon Smoked Paprika or Curry Powder,,1/4 Teaspoon Smoked Paprika or Curry Powder,1/4 teaspoon
268,615,8,2.5,Tablespoons,1.0,2 1/2 Tablespoons of Vegetable oil,ok,,2 1/2 Tablespoons of Vegetable oil,,2 1/2 Tablespoons of Vegetable oil,2 1/2 tablespoons
269,306,1,,,1.0,400g Impwa (Garden Eggs),ok,,400g Impwa (Garden Eggs),Garden Eggs,400g Impwa,
269,502,2,1.0,Red,1.0,1 Red Pepper,ok,,1 Red Pepper,,1 Red Pepper,
269,273,3,1.0,Green,1.0,1 Green Pepper,ok,,1 Green Pepper,,1 Green Pepper,
269,497,4,,,1.0,I Red Onion,ok,,I Red Onion,,I Red Onion,
269,397,5,3.0,Tablespoons,1.0,3 Tablespoons Olive Oil,ok,,3 Tablespoons Olive Oil,,3 Tablespoons Olive Oil,3 tablespoons
269,33,6,,,1.0,Fresh Basil,ok,,Fresh Basil,,Fresh Basil,
269,597,7,1.0,Tomato,1.0,"1 Tomato, grated",ok,,"1 Tomato, grated",,"1 Tomato, grated",
269,251,8,2.0,Cloves,1.0,2 Cloves Garlic,ok,,2 Cloves Garlic,,2 Cloves Garlic,2 cloves
269,412,9,0.5,Teaspoon,1.0,1/2 Teaspoon Paprika,ok,,1/2 Teaspoon Paprika,,1/2 Teaspoon Paprika,1/2 teaspoon
269,400,10,0.5,Teaspoon,1.0,1/2 Teaspoon Onion Powder,ok,,1/2 Teaspoon Onion Powder,,1/2 Teaspoon Onion Powder,1/2 teaspoon
269,238,11,1.0,Teaspoon,1.0,1 Teaspoon flavored Salt,ok,,1 Teaspoon flavored Salt,,1 Teaspoon flavored Salt,1 teaspoon
269,63,12,0.25,Teaspoon,1.0,1/4 Teaspoon Black Pepper,ok,,1/4 Teaspoon Black Pepper,,1/4 Teaspoon Black Pepper,1/4 teaspoon
269,587,13,0.5,Teaspooon,1.0,1/2 Teaspooon Chili powder/Curry (optional),ok,,1/2 Teaspooon Chili powder/Curry (optional),optional,1/2 Teaspooon Chili powder/Curry,
270,319,1,,,1.0,600g Dry Kabulangeti Beans,ok,,600g Dry Kabulangeti Beans,,600g Dry Kabulangeti Beans,
270,597,2,1.0,Tomato,1.0,"1 Tomato, chopped",ok,,"1 Tomato, chopped",,"1 Tomato, chopped",
270,399,3,1.0,Onion,1.0,"1 Onion, chopped",ok,,"1 Onion, chopped",,"1 Onion, chopped",
270,275,4,1.0,Green,1.0,"1 Green/Yellow Pepper, chopped",ok,,"1 Green/Yellow Pepper, chopped",,"1 Green/Yellow Pepper, chopped",
270,251,5,3.0,Cloves,1.0,3 Cloves Garlic,ok,,3 Cloves Garlic,,3 Cloves Garlic,3 cloves
270,615,6,4.0,Tablespoons,1.0,4 Tablespoons Vegetable oil,ok,,4 Tablespoons Vegetable oil,,4 Tablespoons Vegetable oil,4 tablespoons
270,598,7,1.0,Tablespoon,1.0,1 Tablespoon Tomato paste,ok,,1 Tablespoon Tomato paste,,1 Tablespoon Tomato paste,1 tablespoon
270,528,8,,,1.0,"Salt and Pepper, to taste",review,mixed_seasoning;contains_conjunction,"Salt and Pepper, to taste",,"Salt and Pepper, to taste",
271,321,1,,,1.0,300g Kalembula (Sweet Potato leaves),ok,,300g Kalembula (Sweet Potato leaves),Sweet Potato leaves,300g Kalembula,
271,597,2,1.0,Medium,1.0,1 Medium Tomato,ok,,1 Medium Tomato,,1 Medium Tomato,1 medium
271,399,3,1.0,Medium,1.0,1 Medium Onion,ok,,1 Medium Onion,,1 Medium Onion,1 medium
271,522,4,0.5,Teaspoon,1.0,1/2 Teaspoon Salt,ok,,1/2 Teaspoon Salt,,1/2 Teaspoon Salt,1/2 teaspoon
271,615,5,3.0,Tablespoons,1.0,3 Tablespoons Vegetable oil,ok,,3 Tablespoons Vegetable oil,,3 Tablespoons Vegetable oil,3 tablespoons
272,347,1,,,1.0,800g Lumanda leaves,ok,,800g Lumanda leaves,,800g Lumanda leaves,
272,459,2,1.5,cup,1.0,1 1/2 cup pounded Groundnuts,ok,,1 1/2 cup pounded Groundnuts,,1 1/2 cup pounded Groundnuts,1 1/2 cup
272,399,3,1.0,Onion,1.0,1 Onion,ok,,1 Onion,,1 Onion,
272,597,4,1.0,Tomato,1.0,1 Tomato,ok,,1 Tomato,,1 Tomato,
272,557,5,2.5,Teaspoons,1.0,2 1/2 Teaspoons Soda,ok,,2 1/2 Teaspoons Soda,,2 1/2 Teaspoons Soda,2 1/2 teaspoons
272,522,6,0.75,Teaspoon,1.0,3/4 Teaspoon Salt,ok,,3/4 Teaspoon Salt,,3/4 Teaspoon Salt,3/4 teaspoon
272,625,7,300.0,ml,1.0,300 ml Water,ok,,300 ml Water,,300 ml Water,
273,653,1,,,1.0,500g Yellow Lusaka Beans,ok,,500g Yellow Lusaka Beans,,500g Yellow Lusaka Beans,
273,251,2,3.0,Cloves,1.0,3 Cloves of Garlic,ok,,3 Cloves of Garlic,,3 Cloves of Garlic,3 cloves
273,497,3,1.0,Red,1.0,1 Red Onion,ok,,1 Red Onion,,1 Red Onion,
273,272,4,3.0,Green,1.0,3 Green Onions,ok,,3 Green Onions,,3 Green Onions,
273,513,5,1.0,ripe,1.0,"1 ripe Tomato, grated.",ok,,"1 ripe Tomato, grated.",,"1 ripe Tomato, grated.",
273,273,6,1.0,Green,1.0,1 Green Pepper,ok,,1 Green Pepper,,1 Green Pepper,
273,397,7,2.0,Tablespoons,1.0,2 Tablespoons Olive Oil,ok,,2 Tablespoons Olive Oil,,2 Tablespoons Olive Oil,2 tablespoons
273,250,8,1.5,Teaspoons,1.0,1 1/2 Teaspoons Garam Masala,ok,,1 1/2 Teaspoons Garam Masala,,1 1/2 Teaspoons Garam Masala,1 1/2 teaspoons
273,601,9,1.0,Teaspoon,1.0,1 Teaspoon Tumeric Powder,ok,,1 Teaspoon Tumeric Powder,,1 Teaspoon Tumeric Powder,1 teaspoon
273,198,10,1.0,Teaspoon,1.0,1 Teaspoon Cumin powder,ok,,1 Teaspoon Cumin powder,,1 Teaspoon Cumin powder,1 teaspoon
273,260,11,1.0,Teaspoon,1.0,1 Teaspoon fresh Ginger,ok,,1 Teaspoon fresh Ginger,,1 Teaspoon fresh Ginger,1 teaspoon
273,411,12,1.0,Teaspoon,1.0,1 Teaspoon smoked Paprika,ok,,1 Teaspoon smoked Paprika,,1 Teaspoon smoked Paprika,1 teaspoon
273,522,13,1.0,Teaspoons,1.0,1 Teaspoons Salt,ok,,1 Teaspoons Salt,,1 Teaspoons Salt,1 teaspoons
273,598,14,2.0,Teaspoons,1.0,2 Teaspoons Tomato paste,ok,,2 Teaspoons Tomato paste,,2 Teaspoons Tomato paste,2 teaspoons
273,179,15,,,1.0,Fresh Coriander,ok,,Fresh Coriander,,Fresh Coriander,
273,495,16,3.0,Red,1.0,3 Red Chilies (optional),ok,,3 Red Chilies (optional),optional,3 Red Chilies,
274,357,1,3.0,cups,1.0,3 cups of Mealie Meal/ White Cornmeal,ok,,3 cups of Mealie Meal/ White Cornmeal,,3 cups of Mealie Meal/ White Cornmeal,3 cups
274,341,2,1.0,Litre,1.0,1 Litre Boiling water,ok,,1 Litre Boiling water,,1 Litre Boiling water,
274,173,3,1.5,cups,1.0,1 1/2 cups Cold Water,ok,,1 1/2 cups Cold Water,,1 1/2 cups Cold Water,1 1/2 cups
275,393,1,,,1.0,500g Okra,ok,,500g Okra,,500g Okra,
275,558,2,2.0,Teaspoons,1.0,2 Teaspoons Soda or Bicarbonate of Soda,review,contains_conjunction,2 Teaspoons Soda or Bicarbonate of Soda,,2 Teaspoons Soda or Bicarbonate of Soda,2 teaspoons
275,522,3,0.5,Teaspoon,1.0,1/2 Teaspoon Salt,ok,,1/2 Teaspoon Salt,,1/2 Teaspoon Salt,1/2 teaspoon
275,513,4,1.0,ripe,1.0,1 ripe Tomato,ok,,1 ripe Tomato,,1 ripe Tomato,
275,497,5,0.5,red,1.0,1/2 red Onion (optional),ok,,1/2 red Onion (optional),optional,1/2 red Onion,
275,625,6,2.0,cups,1.0,2 cups Water,ok,,2 cups Water,,2 cups Water,2 cups
276,530,1,,,1.0,600g Samp,ok,,600g Samp,,600g Samp,
276,95,2,1.0,cup,1.0,1 cup Brown sugar,ok,,1 cup Brown sugar,,1 cup Brown sugar,1 cup
276,522,3,2.0,Teaspoons,1.0,2 Teaspoons Salt,ok,,2 Teaspoons Salt,,2 Teaspoons Salt,2 teaspoons
276,459,4,2.0,cups,1.0,2 cups pounded groundnuts,ok,,2 cups pounded groundnuts,,2 cups pounded groundnuts,2 cups
276,556,5,3.0,Tablespoons,1.0,3 Tablespoons smooth peanut butter,ok,,3 Tablespoons smooth peanut butter,,3 Tablespoons smooth peanut butter,3 tablespoons
276,625,6,,,1.0,Water,ok,,Water,,Water,
277,580,1,,,1.0,"700g Sweet Potatoes, peeled and cubed",review,contains_conjunction,"700g Sweet Potatoes, peeled and cubed",,"700g Sweet Potatoes, peeled and cubed",
277,459,2,,,1.0,300g pounded Groundnuts,ok,,300g pounded Groundnuts,,300g pounded Groundnuts,
277,522,3,1.0,Teaspoon,1.0,1 Teaspoon Salt,ok,,1 Teaspoon Salt,,1 Teaspoon Salt,1 teaspoon
277,422,4,2.0,cups,1.0,2 cups Peanut Butter,ok,,2 cups Peanut Butter,,2 cups Peanut Butter,2 cups
277,625,5,,,1.0,Water,ok,,Water,,Water,
278,589,1,,,1.0,500g Tente Mushroom,ok,,500g Tente Mushroom,,500g Tente Mushroom,
278,273,2,1.0,Large,1.0,1 Large Green Pepper,ok,,1 Large Green Pepper,,1 Large Green Pepper,1 large
278,497,3,1.0,Large,1.0,1 Large Red Onion,ok,,1 Large Red Onion,,1 Large Red Onion,1 large
278,615,4,2.0,Tablespoons,1.0,2 Tablespoons Vegetable Oil,ok,,2 Tablespoons Vegetable Oil,,2 Tablespoons Vegetable Oil,2 tablespoons
278,597,5,1.0,Large,1.0,"1 Large Tomato, grated",ok,,"1 Large Tomato, grated",,"1 Large Tomato, grated",1 large
278,63,6,0.25,Teaspoon,1.0,1/4 Teaspoon Black Pepper,ok,,1/4 Teaspoon Black Pepper,,1/4 Teaspoon Black Pepper,1/4 teaspoon
278,522,7,0.5,Teaspoon,1.0,1/2 Teaspoon Salt,ok,,1/2 Teaspoon Salt,,1/2 Teaspoon Salt,1/2 teaspoon
278,561,8,1.0,Tablespoon,1.0,1 Tablespoon Soy Sauce (Optional),ok,,1 Tablespoon Soy Sauce (Optional),Optional,1 Tablespoon Soy Sauce,1 tablespoon
278,193,9,1.0,Tablespoon,1.0,1 Tablespoon Cream of Mushroom soup/Bisto or gravy thickener (Optional),review,long_base_phrase;contains_conjunction,1 Tablespoon Cream of Mushroom soup/Bisto or gravy thickener (Optional),Optional,1 Tablespoon Cream of Mushroom soup/Bisto or gravy thickener,1 tablespoon
