recipe_title,servings,ingredients,cooking_methods,source_url
10-Minute Couscous Salad,2,"3 1/2 ounces couscous | 7/8 cup vegetable broth (from a cube is fine) | 2 scallions | 1 red pepper | 1/2 cucumber | 2 ounces feta cheese, cubed | 2 tablespoons pesto sauce | 2 tablespoons toasted pine nuts",,https://www.food.com/recipe/10-minute-couscous-salad-421355
25-Minute Tunisian Vegetable Couscous,6,"1 tablespoon olive oil | 1 red onion, chopped | 1 zucchini, coarsely chopped | 1 yellow squash, coarsely chopped | 1 carrot, coarsely chopped | 1 red bell pepper, coarsely chopped | 1 yellow bell pepper, coarsely chopped | 1/2 cup sliced baby portabella mushrooms | 4 cups vegetable broth | 1/2 teaspoon smoked sweet paprika | 1/4 teaspoon ground cardamom | 1/4 teaspoon salt | 1 tablespoon chopped fresh cilantro | 1 (16 ounce) can chickpeas, drained | 2 roma tomatoes, sliced | 2 cups dry couscous | 1 teaspoon grated orange zest | 1 tablespoon grated parmesan cheese (optional) | 1/2 teaspoon paprika (optional) | 1 tablespoon finely chopped toasted almond (optional)",boil,https://www.food.com/recipe/25-minute-tunisian-vegetable-couscous-502982
3 Layered Tunisian Tagine,4,"2 tablespoons olive oil | 2 medium onions, finely chopped | 1/2 lb ground meat (if possible lamb) | 4 garlic cloves, crushed | 1 tablespoon ground coriander | salt and pepper (to taste) | chili powder (optional to taste) | 2 lbs spinach (blanches, squeezed and chopped) | 3 eggs, lightly beaten | 3 -4 ounces gruyere, cheese (or parmesan, grated) | 6 ounces fresh cheese (ricotta, mizythra or cream cheese) | 3 eggs, lightly beaten | 1 cup parsley, fresh, chopped | 3 eggs, lightly beaten","bake, fry",https://www.food.com/recipe/3-layered-tunisian-tagine-464692
A Simple Harissa,1,"2 large ripe tomatoes | 1 small onion, peeled (or 2 shallots) | 3 tablespoons fresh parsley, minced | 1 tablespoon hot paprika (or 1 1/2 tsp. cayenne pepper) | 2 tablespoons extra virgin olive oil | 1 tablespoon fresh lemon juice | salt and pepper",,https://www.food.com/recipe/a-simple-harissa-424892
A Taste of Africa - Kenyan Chicken Curry,6,"40 g fresh ginger, grated | 6 garlic cloves, crushed | 2 teaspoons ground turmeric | 1/2 cup lemon juice | 1/3 cup vegetable oil | 1 teaspoon ground cumin | 3 teaspoons garam masala | 1 tablespoon ground coriander | 1 teaspoon paprika | 1 teaspoon chili flakes | 1/4 cup plain yogurt | 1 kg chicken thigh fillet, cut into 3 cm pieces | 600 g brown onions, chopped coarsely | 2 teaspoons chili powder | 2 teaspoons ground fenugreek | 800 g tinned crushed tomatoes | 1 stick cinnamon | 2 long green chilies, finely chopped | 300 ml cream | 1 tablespoon honey | 1/4 cup coarsely chopped coriander leaves",simmer,https://www.food.com/recipe/a-taste-of-africa-kenyan-chicken-curry-367586
A Very Special Moroccan Lamb Stew,8,"2 1/2 lbs boneless lamb shoulder | 1/4 extra virgin olive oil | 4 small yellow onions | 2 tablespoons minced fresh gingerroot or 2 teaspoons ground ginger | 2 garlic cloves, crushed | 1/4 cup chopped parsley | salt | 1/4 teaspoon turmeric | 1/8 teaspoon black pepper | 1 (15 ounce) can fire-roasted diced tomatoes, undrained | 1 cup raisins | 1/2 cup unblanched almonds | 2 tablespoons butter or 2 tablespoons margarine | 2 hard-boiled eggs | 3 cups cold water | 1 1/2 cups long-grain white rice | 1 1/2 tablespoons butter | chopped parsley","boil, saute, simmer",https://www.food.com/recipe/a-very-special-moroccan-lamb-stew-502957
Add a Little Interest With Persian Couscous,3,"1 cup couscous | 2 teaspoons vegetable stock powder | 1/2 teaspoon sugar | 1/2 grated an orange, rind of (optional) | 2 cups boiling water | 1/4-1/2 cup chopped almonds or 1/4-1/2 cup pine nuts | 1/4-1/2 cup currants | 2 tablespoons butter or 2 tablespoons olive oil | 1/4-1/2 cup dried apricot, chopped | 2 spring onions | 1/4 cup chopped coriander leaves","boil, fry",https://www.food.com/recipe/add-a-little-interest-with-persian-couscous-353023
African Adobo-Rubbed Tuna Steaks,4,"2 ripe avocados, pitted, peeled, and cut into 1/2-inch cubes | 3 scallions, white and green parts, thinly sliced on the bias | 2 jarred piquillo peppers, diced (or substitute 2 jarred roasted red peppers) | 2 garlic cloves, minced | 1/3 cup fresh orange juice | 1/4 cup fresh lime juice | 1/2 cup extra virgin olive oil | kosher salt & freshly ground black pepper | 1 1/2 teaspoons coriander seeds, toasted and ground | 1 teaspoon ground ginger | 1 1/2 teaspoons red pepper flakes, crushed | 1 1/2 teaspoons ground turmeric | 1 1/2 tablespoons dry mustard | 1 1/2 teaspoons grated nutmeg | 1 1/2 teaspoons ground allspice | 1 1/2 teaspoons cayenne pepper | 1 1/2 teaspoons fresh ground black pepper | 1 1/2 tablespoons kosher salt | 1 tablespoon paprika | 1 1/2 tablespoons dried orange peel | 1 tablespoon sugar | four 6-ounce tuna steak | 1/4 cup peanut oil or 1/4 cup canola oil | 2 1/2 tablespoons sugar | 1/2 cup champagne vinegar | 1 seedless European cucumber, peeled, halved lengthwise, seeded, and very thinly sliced","marinate, smoke",https://www.food.com/recipe/african-adobo-rubbed-tuna-steaks-456085
African Banana Peanut Cake,8,"2 cups flour | 2 teaspoons baking powder | 1/4 teaspoon salt | 2/3 cup butter, soft | 3/4 cup sugar | 2 eggs | 4 bananas, large and very ripe peeled and mashed | 1 cup peanuts, coarsely chopped (salted peanuts)",bake,https://www.food.com/recipe/african-banana-peanut-cake-452388
African Banana Peanut Cake,8,"2 cups all-purpose flour | 2 teaspoons baking powder | 1/4 teaspoon salt | 1/4 teaspoon baking soda | 2/3 cup butter or 2/3 cup margarine, softened | 3/4 cup sugar | 2 eggs | 4 large bananas, peeled and mashed (very ripe) | 1 cup salted peanuts, coarsely chopped (divided)",bake,https://www.food.com/recipe/african-banana-peanut-cake-457019
African Beans With Collards,4,"10 ounces collard greens, de-stemmed and chopped | 2 tablespoons raisins | 2 garlic cloves, minced | 2 medium onions, chopped | 4 mushrooms, chopped | 1 (15 ounce) can diced tomatoes | 2/3 cup unsweetened dried shredded coconut | 2 teaspoons paprika | 1/2 teaspoon chili powder | 1/2 teaspoon cumin | 1/8 teaspoon black pepper (to taste) | 2 (15 ounce) cans low-sodium pinto beans, drained and rinsed | 1/2 cup water | 1/2 teaspoon oil (to coat pan)",fry,https://www.food.com/recipe/african-beans-with-collards-519094
African Breeze,1,1 3/4 ounces Amarula cream liqueur | 3/4 ounce cointreau orange liqueur | brown sugar | ice,,https://www.food.com/recipe/african-breeze-457151
African Chicken Curry,4,"1 tablespoon olive oil | 1 onion, chopped | 2 garlic cloves, peeled and chopped | 1 bay leaf | 14 1/2 ounces whole canned tomatoes, drained | 2 teaspoons curry powder | 1/8 teaspoon salt | 2 -3 lbs chicken, bones and skin removed, cut into pieces | 14 ounces unsweetened coconut milk | 1 lemon, juice of","blend, saute",https://www.food.com/recipe/african-chicken-curry-455721
African Chicken Curry,6,"1 tablespoon butter | 1 cup finely chopped pared apple | 1 cup sliced celery | 1/2 cup chopped onion | 2 tablespoons cornstarch | 2 -3 teaspoons curry powder | 3/4 teaspoon salt | 3/4 cup cold chicken broth | 2 cups milk | 2 cups diced cooked chicken | 1 (6 ounce) can sliced mushrooms (drained) | cooked rice, for 6 servings | raisins | flaked coconut | peanuts | chopped banana | chutney",,https://www.food.com/recipe/african-chicken-curry-50400
African Chicken Stew,4,"2 cups packed fresh cilantro (leaves and a few stems) | 1 cup packed fresh parsley (leaves and a few stems) | 1/4 cup almonds | 1 -2 garlic clove | 1/2 cup extra-virgin olive oil | 1/2 teaspoon kosher salt | 1 pinch cayenne pepper (optional) | 1 1/2 cups chicken broth | 1 cup uncooked couscous | 4 teaspoons kosher salt | fresh ground black pepper, to taste | 1 tablespoon vegetable oil | 1 tablespoon unsalted butter | 6 chicken thighs, boneless and skinless, quartered (about 1 1/4 lbs) | 1 teaspoon ground cumin | 1 teaspoon paprika, preferably smoked | 2 carrots, sliced 1/4 inch thick | 1 small red onion, halved and sliced | 1 2/3 cups chicken broth | 1/4 cup apple cider vinegar | 1 lemon, zest of, grated | 1/3 cup tunisian pesto sauce (you can reserve the rest by freezing)","boil, simmer, stew",https://www.food.com/recipe/african-chicken-stew-428359
African Chicken Wings,60,"1/2 cup butter, melted (1 stick) | 1/2 cup olive oil | 2 tablespoons crushed red pepper flakes | 2/3 cup lemon juice | 4 large garlic cloves, crushed | 2 teaspoons ground black pepper | 5 -6 lbs split chicken wings",bake,https://www.food.com/recipe/african-chicken-wings-455193
African Coconut Clusters,15,1/2 cup milk | 1/2 cup cocoa powder | 2 cups sugar (I only use 1 cup) | 1/2 cup margarine (I used light margarine) | 3 cups oats | 1 teaspoon vanilla flavoring | 1 cup shredded coconut | 1/2 cup chopped walnuts (optional),simmer,https://www.food.com/recipe/african-coconut-clusters-456764
African Coffee Cooler,1,"1/2 ounce Kahlua | 1/2 ounce Amaretto | 4 ounces coffee, chilled | 1/2 cup chocolate ice cream",blend,https://www.food.com/recipe/african-coffee-cooler-456087
African Curry Powder,1,6 teaspoons ground ginger | 6 teaspoons dried garlic | 4 tablespoons ground coriander | 4 tablespoons ground cumin | 4 tablespoons ground turmeric | 2 teaspoons cayenne | 2 teaspoons hot chili powder,,https://www.food.com/recipe/african-curry-powder-457168
African Fruit Salad,1,"avocado | banana | guava | mango | melon | papaya | peach | pear | pineapple | 1 lemon, juice of | fresh grated coconut or chopped roasted peanuts, to garnish | honey (optional) or sugar (optional)",roast,https://www.food.com/recipe/african-fruit-salad-455976
African Lullaby Cocktail,1,40 ml Amarula cream liqueur | 10 ml coconut milk | 80 ml milk | 2 dashes nutmeg | 1 cup ice,blend,https://www.food.com/recipe/african-lullaby-cocktail-309952
African Mint Chutney,8,"1/2 cup raw peanuts, skins on | 3 garlic cloves | 1 chili | 1/2 cup fresh mint leaves | 2 teaspoons coriander seeds | 1 tablespoon vinegar | 2 -4 tablespoons fresh lime juice, to taste | 1 cup plain yogurt (optional) | salt | pepper","roast, toast",https://www.food.com/recipe/african-mint-chutney-454994
African Orange Spice Salad,4,"2 large oranges, peeled and cut into bite-size pieces (squeeze some of the juice into the salad) | 1 cup radish, sliced | 1/4 teaspoon cumin | sea salt and pepper, to taste | 3 -4 fresh dates, chopped (optional) | 2 -3 tablespoons pomegranate seeds (optional) | lettuce leaf (optional)",,https://www.food.com/recipe/african-orange-spice-salad-455529
African Peanut Soup,12,"2 medium onions, chopped | 6 garlic cloves, coarsely chopped | 2 teaspoons olive oil | 2 (400 g) cans chopped tomatoes | 5 cups vegetable broth | 1 (8 ounce) can tomato sauce | 2 mint tea bags | 1 teaspoon chili powder, hot or 1 tablespoon chili powder, mild | 2 teaspoons ground cumin | 1 3/4 teaspoons sea salt | 1/8 teaspoon paprika | 2 cups finely chopped spinach | 3/4 cup smooth peanut butter | 6 medium pita bread, toasted",simmer,https://www.food.com/recipe/african-peanut-soup-312148
Aromatic African Red Beans,8,"1 lb dried red kidney beans, presoaked overnight | 8 cups water | 1 cup celery, chopped | 4 bay leaves | 3 tablespoons fresh garlic, minced | 2 teaspoons dried thyme, crushed | 1 teaspoon powdered kelp (sub sea salt, powered miso, spike or vegetarian bouillon powder) | 1 cup green pepper, diced | 1 tablespoon fresh parsley, finely chopped | sea salt & pepper, to taste",boil,https://www.food.com/recipe/african-red-beans-456933
African Red Beans,6,"1 cup dried pinto bean, picked over | 1 1/4 cups onions, chopped, divided | 1/4 cup peanut oil (or vegetable oil) | 1 cup canned whole tomatoes, drained and chopped | 1 tablespoon tomato paste | 1 large garlic clove, minced | 1/4 teaspoon cayenne pepper | 1/4 teaspoon white pepper | 1 teaspoon salt","boil, saute, simmer",https://www.food.com/recipe/african-red-beans-457028
African Rice Balls,4,"1 1/2 cups basmati rice, rinsed | 3 cups water","boil, simmer",https://www.food.com/recipe/african-rice-balls-456094
African Saucy Chicken,8,"1/4 cup vegetable oil | 1 onion, chopped | 4 garlic cloves, chopped | 3 tablespoons tomato paste | 2 tablespoons paprika | 3/4 teaspoon salt | 3/4 teaspoon pepper | 1/2 ground ginger | 1 cup coconut milk | 3 tablespoons smooth peanut butter | 16 chicken thighs | 2 tablespoons jalapeno peppers, minced | 1/4 cup fresh parsley or 1/4 cup cilantro","saute, slow cook",https://www.food.com/recipe/african-saucy-chicken-457143
African Spinach,4,"1 large onion, chopped | 1 green bell pepper, chopped | 2 tablespoons peanut oil | 1 lb fresh spinach, washed and trimmed | 1 large tomatoes, chopped | 1/2 teaspoon salt | 1/4 teaspoon pepper | 1/4 cup peanut butter, can use chunky, if desired",,https://www.food.com/recipe/african-spinach-309722
"African Spinach and Groundnut Stew (Aka Peanut, Kenya/Tanzania)",6,"1 onion, chopped | 1 chili pepper, chopped | 1 tablespoon oil | 1/2 cup peanut butter | 1 cup light coconut milk | 1 (10 ounce) package frozen chopped spinach, thawed and drained | salt","boil, saute, simmer",https://www.food.com/recipe/african-spinach-and-groundnut-stew-aka-peanut-kenya-tanzania-375912
African Spinach and Peanut Butter Stew,4,2 medium onions | 2 large tomatoes or 410 g canned tomatoes | 2 lbs spinach | 4 tablespoons peanut butter | salt | pepper | oil (for frying),"boil, fry, steam, stew",https://www.food.com/recipe/african-spinach-and-peanut-butter-stew-348276
African Style Grilled Peanut Butter Chicken,6,1 chicken (cut in serving pieces) | 1/2 cup peanut butter | 1/4 cup water (hot) | 1 tablespoon mayonnaise | 2 tablespoons lime juice | 2 tablespoons sherry wine | 1 tablespoon soy sauce | 2 garlic cloves | 1 tablespoon curry powder | 1/2 teaspoon red pepper (dried-crushed) | 1/4 cup cilantro (chopped fine) | salt & freshly ground black pepper,"grill, marinate",https://www.food.com/recipe/african-style-grilled-peanut-butter-chicken-456733
African-Style Shish Kebab,6,"8 ounces plain yogurt | 2 tablespoons lemon juice | 1 teaspoon olive oil | 1 large onion, minced | 1/2 cup chopped mint leaf | 2 tablespoons chopped fresh cilantro or 2 tablespoons fresh parsley | salt and pepper | 1/4 teaspoon cayenne pepper | 2 lbs boneless leg of lamb or 2 lbs beef sirloin, cut into cubes | 18 cherry tomatoes | 2 green peppers, cut into chunks | 18 small white onions, peeled (you can use pearl onions) | 18 medium mushrooms",grill,https://www.food.com/recipe/african-style-shish-kebab-504294
African Sweet Potato Peanut Stew,2,"4 carrots | 2 celery ribs | 1/2 cup chopped onion (or 2T minced flakes, or more of either, if desired) | 1/8 teaspoon pepper | 1/8 teaspoon turmeric | 1/8 teaspoon cinnamon | 1 1/2 teaspoons curry powder | 1/4 teaspoon clove | 1 dash cardamom (or more, if desired) | 1/8 teaspoon cayenne (optional) | 2 garlic cloves | 2 tomatoes, diced (about 8oz) | 2 sweet potatoes | 3 cups water (plus more, if needed) | 1 cup milk (cow, goat, or coconut) | 3/4 cup peanut butter | 12 ounces okra (chopped, frozen)","blend, simmer, stew",https://www.food.com/recipe/african-sweet-potato-peanut-stew-528072
African Sweet Potato Pudding,8,"1 quart water | 6 medium sweet potatoes, peeled and cut into 1/2 inch cubes (about 2 pounds) | 3 cups whole milk | 1 cup heavy cream | 1/2 cup sugar | 1/2 teaspoon powdered saffron | 1/2 teaspoon ground cardamom","boil, simmer",https://www.food.com/recipe/african-sweet-potato-pudding-457063
African Tomato Sauce,1,"3 teaspoons oil (for frying, palm oil is most authentic) | 2 medium onions, finely chopped | 1 (4 ounce) can tomato paste | 3 tomatoes, chopped and mashed | 1 bay leaf | grated nutmeg (to taste) | salt (to Taste) | cayenne pepper (to taste)","boil, fry, grill, roast, simmer",https://www.food.com/recipe/african-tomato-sauce-93298
African Tropical Fruit Salad,8,"4 cups fresh pineapple or 4 cups canned pineapple, 1/2 inch cubed | 2 medium oranges, peeled and divided into sections | 2 medium mangoes, peeled and diced | 2 bananas, cut in 1/2 inch slices | 2 tablespoons lime juice | 2 tablespoons dark brown sugar | 1 cup unsweetened coconut, shredded, toasted",,https://www.food.com/recipe/african-tropical-fruit-salad-455887
Ainsley's Spicy Casablanca Couscous,1,"2 tablespoons olive oil | 1 garlic clove, finely chopped | 1 tablespoon ground cumin | 1 teaspoon ground coriander | 1 teaspoon paprika | 350 ml chicken stock or 350 ml vegetable stock | good pinch saffron strand | 6 spring onions, trimmed and thinly sliced | 225 g couscous | 1 lemon, juice and zest of | 2 red chili, seeded and finely chopped | 50 g pine nuts, toasted","boil, fry",https://www.food.com/recipe/ainsleys-spicy-casablanca-couscous-436201
Algerian Couscous,6,"1 eggplant | 3 tablespoons olive oil | 2 onions, chopped | 1 carrot, peeled and chopped | 1 green bell pepper, seeded and chopped | 1 red pepper, seeded and chopped | 1 lb chicken thigh (4 ea) | 1 lb lamb, cut into 2-inch cubes | salt | fresh ground black pepper | 4 tomatoes, seeded and chopped | 7 ounces green beans or 7 ounces peas | 9 ounces artichoke hearts | 15 ounces chickpeas, cooked and drained (canned are fine) | 3 tablespoons unsalted butter | 3 shallots, cnopped | 3 cups chicken stock | salt | fresh ground black pepper | 1 1/2 cups couscous","boil, simmer, stew",https://www.food.com/recipe/algerian-couscous-498167
Algerian Vegetable Couscous,6,"2 tablespoons olive oil | 1 medium onion, chopped | 8 ounces mushrooms, sliced | 1 grated carrot | 2 garlic cloves, minced | 1/2 teaspoon cumin | 1/2 teaspoon ground coriander | 1 lemon, zest of | 1 lemon, juice of | 1/2 cup raisins | 1 1/4 cups chicken stock | 1 cup couscous","saute, simmer",https://www.food.com/recipe/algerian-vegetable-couscous-465251
Almond Butter and Ras-El-Hanout Pasta,1,"60 g pasta | 1 tablespoon almond butter | 1 teaspoon ras-el-hanout mixed spice | salt, to taste",boil,https://www.food.com/recipe/almond-butter-and-ras-el-hanout-pasta-417710
Aloha  Albacore Tuna Salad,5,24 ounces albacore tuna | 2 teaspoons celery seeds | 8 ounces water chestnuts | 2 celery ribs | 2 scallions | 6 ounces green apples | 4 ounces sugar | 12 ounces mayonnaise,grill,https://www.food.com/recipe/aloha-albacore-tuna-salad-335370
Aloha Cheesecake,10,"1 cup vanilla wafer crumbs | 1/4 cup margarine, melted | 16 ounces cream cheese, softened | 1/3 cup sugar | 2 tablespoons milk | 2 large eggs | 1/2 cup macadamia nuts, toasted | 8 1/2 ounces pineapple, crushed, drained | 1 medium kiwi, peeled, sliced","bake, blend",https://www.food.com/recipe/aloha-cheesecake-6787
Aloha Chicken Wings,12,"3 lbs chicken wings | 1 cup pineapple preserves | 1/2 cup dry sherry | 1/2 cup frozen orange juice concentrate | 1/2 cup soy sauce | 1/2 cup brown sugar, packed | 1/4 cup vegetable oil | 1 teaspoon garlic powder | 1 teaspoon ground ginger","bake, marinate",https://www.food.com/recipe/aloha-chicken-wings-77820
Aloha Dip,2,"1 (8 ounce) package whipped cream cheese | 1 cup crushed pineapple, drained | 1 cup flaked coconut | 1 1/4 teaspoons ground ginger | 1 tablespoon lemon juice | 1/2 cup pecans",blend,https://www.food.com/recipe/aloha-dip-36642
Aloha Meatballs,40,"1 lb ground turkey or 1 lb 96% lean ground beef | 1 cup cooked brown rice | 1 (8 ounce) can crushed pineapple with juice, drained | 1/2 cup scallion | 1 tablespoon reduced sodium soy sauce | 1 teaspoon ginger | 3/4 cup unsalted chicken stock | 1/3 cup chili sauce | 3 tablespoons rice vinegar | 2 tablespoons brown sugar | 2 teaspoons cornstarch | 1/2 teaspoon ground ginger","bake, boil",https://www.food.com/recipe/aloha-meatballs-30909
Aloha Pizza,4,"1 lb pizza dough | 1 tablespoon extra virgin olive oil | salt & pepper | 2 cups shredded mozzarella cheese | 8 ounces chopped pineapple | 1/4 cup chopped onion | 4 slices prosciutto, torn | 1 1/2 cups frisee, torn",bake,https://www.food.com/recipe/aloha-pizza-473530
Aloha! Sweet &amp; Sour Burgers,6,"1 lb 75% lean ground beef | 12 ounces Spam, grated | 6 tablespoons cold water | 1/4 cup grated sweet yellow onion | 1 1/2 tablespoons cornstarch | fine sea salt | fresh ground white pepper | 1/2 cup pineapple juice | 3 tablespoons dry sake | 3 tablespoons teriyaki sauce | 2 1/2 tablespoons brown sugar | 2 1/2 tablespoons ketchup | 4 teaspoons cornstarch | 2 teaspoons lemon juice | 1 teaspoon sriracha sauce | 1/8 teaspoon garlic powder | 1/8 teaspoon ground ginger | 1/8 teaspoon minced onion flakes | 6 slices havarti cheese | 6 slices cooked crisp bacon (optional) | 6 slices fresh pineapple, cored, trimmed, and sliced 1/2-inch thick | 6 slices sweet red onions, sliced 1/4-inch thick | 6 leaves fresh green leaf lettuce | 1 (4 ounce) can diced green chilies, drained | 6 king's original sweet hawaiian rolls | salted butter (lightly spread over bun halves)","boil, grill, roast, toast",https://www.food.com/recipe/aloha-sweet-sour-burgers-502044
Aloha! Sweet &amp; Sour Sauce,1,1/2 cup pineapple juice | 3 tablespoons dry sake | 3 tablespoons teriyaki sauce | 2 1/2 tablespoons brown sugar | 2 1/2 tablespoons ketchup | 4 teaspoons cornstarch | 2 teaspoons lemon juice | 1 teaspoon sriracha sauce | 1/8 teaspoon garlic powder | 1/8 teaspoon ground ginger | 1/8 teaspoon minced onion flakes,"boil, simmer",https://www.food.com/recipe/aloha-sweet-sour-sauce-504527
Aloha Wings,4,"1/4 cup soy sauce | 1/4 cup crushed pineapple | 1 tablespoon hoisin sauce | 1/2 teaspoon crushed red pepper flakes | 1 tablespoon apple cider vinegar | 1 tablespoon honey | 1 tablespoon light brown sugar | 5 garlic cloves, minced | 1/2 tablespoon fresh gingerroot, finely chopped | 2 tablespoons dark rum | 20 chicken wings, trimmed and split","bake, marinate",https://www.food.com/recipe/aloha-wings-315166
Apple and Mint Couscous,6,"1 zucchini, finely diced | 1 tomatoes, finely diced | 1 cup sweet peas or 1 cup snow peas | 4 garlic cloves, finely chopped | 2 tablespoons extra virgin olive oil | 1 1/2 cups chicken stock | 1 1/2 cups couscous | 1 granny smith apple, finely diced | 2 tablespoons of fresh mint, chopped | 2 tablespoons butter | salt and pepper",boil,https://www.food.com/recipe/apple-and-mint-couscous-356825
Apricot Couscous,4,"1 cup couscous | 1 small red onion, small dice | 1 1/2 cups low sodium chicken broth, warm | 1/4 cup dried apricot, coarsely chopped | 1/4 cup whole almond, toasted & coarsely chopped | 2 scallions, green parts only | 1/4 cup fresh mint leaves, roughly chopped | 1/2 bunch fresh cilantro leaves, roughly chopped plus leaves for garnish | 1 tablespoon fresh lemon juice | 1 pinch lemon zest | 1 tablespoon extra-virgin olive oil, plus extra for drizzle | kosher salt & freshly ground black pepper",saute,https://www.food.com/recipe/apricot-couscous-428496
Apricot-Dijon Mustard Chicken With Couscous,6,2 1/4 cups chicken broth | 1 (10 ounce) package couscous | 1 (12 ounce) can apricot nectar | 3 tablespoons Dijon mustard | 6 boneless skinless chicken breast halves | 2 tablespoons minced fresh basil,"boil, simmer",https://www.food.com/recipe/apricot-dijon-mustard-chicken-with-couscous-327743
Apricot Glazed Chicken and Couscous,2,"1/2 lb boneless chicken, cut into strips | 1/8 teaspoon salt | 1/4 teaspoon black pepper | 2 tablespoons olive oil | 2 tablespoons apricot preserves | 1 teaspoon balsamic vinegar | 1 cup chicken broth | 1/3 cup finely chopped dried apricot | 1/2 cup uncooked couscous","boil, simmer",https://www.food.com/recipe/apricot-glazed-chicken-and-couscous-67468
Asian Ratatouille With Couscous,4,"2 tablespoons extra virgin olive oil, plus more for drizzling | 1 small red onion, 1/4-inch diced | 1 Japanese eggplant, 1/2-inch diced, skin on | 1 red bell pepper, 1/2-inch, diced | 1 large tomatoes, 1/2-inch diced | 2 cups whole wheat instant couscous | 2 tablespoons soy sauce | 3 cups water, boiling | 12 -15 basil leaves, ripped | kosher salt, to taste | fresh ground black pepper, to taste","blend, boil, saute, steam",https://www.food.com/recipe/asian-ratatouille-with-couscous-409308
Baghrir Moroccan Yeast Pancakes,12,"3 cups milk, warm | 1 cup semolina flour | 1 1/2 cups flour | 1 1/2 teaspoons yeast | 1 pinch baking powder | 1/2 teaspoon turmeric | 1/2 cup honey | 3 tablespoons butter | 1/4 teaspoon orange flower water (optional)",blend,https://www.food.com/recipe/baghrir-moroccan-yeast-pancakes-497716
Baked Couscous Patties,15,"1 cup couscous | 2 fresh tomatoes, chopped | 1 large onion, chopped | 1 large bell pepper, chopped | 2 green chilies, chopped | 1 teaspoon cumin powder | 1 teaspoon mustard powder | 6 teaspoons yoghurt | 1 1/2 cups boiling water | 2 teaspoons olive oil | 2 tablespoons dried oregano | 1 1/2 teaspoons salt (adjust to taste)","bake, boil, saute",https://www.food.com/recipe/baked-couscous-patties-470243
Baked Couscous With Tomato and Pesto,4,"10 roma tomatoes, halved | 2 tablespoons thyme leaves | 2 tablespoons olive oil | salt and pepper | 1 1/2 cups couscous | 1 1/2 cups chicken stock | 60 g baby spinach leaves, chopped | 1/2 cup pine nuts, toasted | 1/2 cup parmesan cheese, grated | 1/2 cup olive oil | 2 tablespoons lemon juice | salt and pepper",roast,https://www.food.com/recipe/baked-couscous-with-tomato-and-pesto-398307
Balsamic-Agave Tofu With Beet Infused Couscous,2,"1 1/2 lbs tofu, sliced into 6 thin slabs and pressed for at least an hour | 12 spears fresh asparagus | 1/2 cup balsamic vinegar | 2 tablespoons soy sauce | 1 tablespoon agave nectar | 1 teaspoon fresh thyme, crushed between your fingers | 5 garlic cloves, grated on a mircoplane grater | 2 tablespoons olive oil | salt and pepper | 1 cup of fresh beet, skinned and cubed into 1/2 inch pieces | 1/2 cup red onion, finely diced | 3 tablespoons olive oil | salt and pepper | 1/2 cup large pearl couscous | 1 cup water | white pepper","bake, boil, saute, simmer",https://www.food.com/recipe/balsamic-agave-tofu-with-beet-infused-couscous-447762
Balsamic Chicken With Garlic Couscous,4,"4 chicken breasts | 1/3 cup balsamic vinegar | 1/2 cup chicken stock | 2 tablespoons sugar | 1 clove garlic, crushed | 1 1/2 cups couscous | 2 1/4 cups boiling chicken stock | 2 ounces butter (I use a non dairy margarine) | 4 cloves garlic, sliced | 2 tablespoons fresh thyme","boil, fry, marinate, saute",https://www.food.com/recipe/balsamic-chicken-with-garlic-couscous-90485
Banana Akara (African Banana Fritters),12,"6 bananas, well ripened | 1 cup flour | 1/4 cup sugar | 1/4 cup water | 1 teaspoon nutmeg","blend, fry",https://www.food.com/recipe/banana-akara-african-banana-fritters-456059
Basic Ghanaian Gravy,4,"2 medium onions, diced | 8 tomatoes, Romas preferred | 1/2 cup vegetable oil | 1 teaspoon cayenne pepper | 1 teaspoon seasoning salt | 1/2 teaspoon thyme | 1 green pepper, diced (optional)","fry, saute",https://www.food.com/recipe/basic-ghanaian-gravy-307943
Batata Harra With Ras El Hanout,6,"1 kg potatoes, peeled, cut into 2cm chunks or 1 1/4 lbs potatoes, cut into 3/4 inch chunks | 2 red bell peppers, cut in 2cm pieces (3/4 inch) | 12 garlic cloves, peeled | 20 g coriander, chopped coarsely or 2/3 ounce coriander | 2 teaspoons ras el hanout spice mix | 3 tablespoons olive oil | 2 teaspoons flaked sea salt | 2 teaspoons crushed dried red chilies | 1 lemon, juice and zest of",boil,https://www.food.com/recipe/batata-harra-with-ras-el-hanout-494977
Beef Chapatis (African Version of Tacos),4,"2 1/2 cups all-purpose flour (plus more if needed) | 1 cup water | salt, a pinch | 4 tablespoons olive oil, -divided | all-purpose flour, for dusting | 1/2 cup white onion, diced | 3 garlic cloves, peeled and minced | 2 tablespoons olive oil | 2 small red chilies, minced (can sub jalapenos. ribs and seeds removed) | 1 lb ground beef | salt and black pepper, to taste | shredded lettuce | chopped tomato | shredded cheese | sour cream","knead, saute",https://www.food.com/recipe/beef-chapatis-african-version-of-tacos-456965
Beef Kefta Patties With Cucumber Salad,4,"1 lb ground sirloin | 1/4 cup fresh flat-leaf parsley (plus 2 tbsp., divided) | 1/4 cup fresh cilantro, chopped | 1 tablespoon fresh ginger, peeled and chopped | 2 teaspoons ground coriander | 1 teaspoon ground cumin | 1/2 teaspoon salt | 1/2 teaspoon ground cinnamon | 2 cups English cucumbers, thinly sliced | 2 tablespoons rice vinegar | 1/2 cup plain fat-free Greek yogurt | 1 tablespoon fresh lemon juice | 1/2 teaspoon fresh ground black pepper | 1 pita bread, quartered (6 inch size)",grill,https://www.food.com/recipe/beef-kefta-patties-with-cucumber-salad-480931
Beef Tagine,8,"3 lbs sirloin, cut into 1 inch cubes | 2 teaspoons kosher salt, more as needed | 1 tablespoon ras el hanout spice mix | 4 cups beef stock, reduced sodium | 1 cup kohlrabi, peeled and cut into 1/2-inch pieces | 1 cup carrot, peeled and cut into 1/2-inch pieces | 2 tablespoons olive oil, more as needed | 3 tablespoons garlic, freshly grated | 1 tablespoon tomato paste | 1 tablespoon ginger, freshly grated | 1/4 teaspoon saffron, crumbled threads | 4 ounces fresh cilantro, chopped | 4 ounces dates, finely chopped (or date paste if available) | 24 dates, Medjool | 1/2 cup golden raisin",,https://www.food.com/recipe/beef-tagine-531343
Beef With Potato Tagine,3,"1 tablespoon ground cumin | 1/2 tablespoon paprika | 1/2 tablespoon ground coriander | 1/2 teaspoon garlic powder | 1/2 teaspoon salt | 1/2 teaspoon fresh black pepper | 1/2 teaspoon cinnamon | 1/2 teaspoon allspice | 1/8 teaspoon cayenne | 1 lb beef stew meat | 1/2 onion, chopped | 1 tablespoon olive oil | 2 1/2 cups water | 1 beef bouillon cube | 2 tablespoons tomato paste | 1 tablespoon fresh parsley, finely chopped | 1 tablespoon fresh cilantro, finely chopped | 1 medium tomatoes, chopped | 2 medium potatoes, peeled & cut into wedges",,https://www.food.com/recipe/beef-with-potato-tagine-361566
Berber Tagine Omelette,6,"olive oil | 1 red onion, finely chopped | 1 teaspoon ground turmeric | 1 teaspoon ground coriander | 1 teaspoon ground paprika | 10 tomatoes, peeled & diced | 7 eggs, beaten | 1/2 cup coriander, chopped | salt & freshly ground black pepper, to taste",simmer,https://www.food.com/recipe/berber-tagine-omelette-367985
Berbere (Ethiopian Hot Pepper Seasoning),1,1 teaspoon ground ginger | 1/4 teaspoon cinnamon | 1/2 teaspoon ground cardamom | 1/4 teaspoon allspice | 1/2 teaspoon ground coriander | 2 tablespoons salt | 1/2 teaspoon ground fenugreek | 1 1/4 cups cayenne pepper | 1/2 teaspoon grated nutmeg | 1/2 cup paprika | 1/4 teaspoon ground cloves | 1 teaspoon fresh ground black pepper,toast,https://www.food.com/recipe/berbere-ethiopian-hot-pepper-seasoning-91929
Berbere Spice Mix,3,1/2 cup chili powder | 1/4 cup paprika | 1/2 teaspoon ground ginger | 1/2 teaspoon ground cardamom | 1/2 teaspoon ground turmeric | 1/2 teaspoon ground coriander | 1/2 teaspoon ground fenugreek | 1/4 teaspoon ground cinnamon | 1/4 teaspoon ground nutmeg | 1/4 teaspoon ground allspice | 1/8 teaspoon ground cloves | 1/8 teaspoon black pepper,,https://www.food.com/recipe/berbere-spice-mix-532427
Berbere Spice Mix (Ethiopian),1,8 teaspoons pure chile powder (ground dried red hot peppers) or 2 tablespoons cayenne pepper | 5 teaspoons sweet paprika | 1 tablespoon salt | 1 teaspoon ground coriander | 1/2 teaspoon ground ginger | 3/8 teaspoon ground cardamom | 3/8 teaspoon ground fenugreek | 1/4 teaspoon ground nutmeg | 1/4 teaspoon ground allspice | 1/8 teaspoon ground cloves,,https://www.food.com/recipe/berbere-spice-mix-ethiopian-454642
Berbere Spiced Chickpeas &amp; Sweet Potato,8,"1 . set 3-4 sweet potato | 2 . set 1/2 tsp coconut oil | 3 . set 1/2 red onions, sliced | 4 . set 1 tbsp ginger, finely grated | 5 . set 1 tbsp rawspicebar's berbere | 6 . set 1 cup cooked chickpeas | 7 . set 1 cups Baby Spinach","bake, boil, fry, simmer",https://www.food.com/recipe/berbere-spiced-chickpeas-sweet-potato-526262
Black Bean and Couscous Salad,8,"1 cup uncooked couscous | 1 1/4 cups chicken broth or 1 1/4 cups vegetable broth | 2 -3 tablespoons extra virgin olive oil | 2 tablespoons fresh lime juice | 1 teaspoon red wine vinegar | 1/2 teaspoon ground cumin | 5 -8 green onions, chopped (white and green parts) | 1 grated carrot | 1 red bell pepper, seeded and chopped | 1 fresh jalapeno pepper, seeded and chopped | 1/4 cup chopped fresh cilantro | 1 cup corn kernel (fresh is best, but use what you have on hand) | 1 (15 -30 ounce) can black beans, drained | salt and pepper, to taste | 1 (1 1/4 ounce) envelope goya salad and veggie seasoning (optional)",boil,https://www.food.com/recipe/black-bean-and-couscous-salad-61930
Black Pepper Basil Chicken With Cauliflower Couscous (Lower Carb,4,"8 ounces ground chicken breast | 6 tablespoons minced fresh sweet basil (to taste) or 3 tablespoons minced fresh holy basil (to taste) | 1 tablespoon black pepper sauce (Lee Kum Kee brand) | 6 ounces chopped leeks, white and light green portions | 4 ounces chopped yellow onions | 12 ounces chopped cabbage | 2 ounces sliced red radishes | 1 ounce chopped scallion (green onions) | 1 teaspoon minced fresh garlic | 1 cup hot water | 1 teaspoon chicken bouillon powder (I use granulated) | 1 teaspoon Braggs liquid aminos (to taste, tamari or soy sauce can be substituted) | 2 tablespoons coconut oil, divided, for sauteing | 1 teaspoon black pepper sauce (Lee Kum Kee brand, additional, to taste) | 1 1/2 teaspoons arrowroot, powdered | 2 tablespoons cold water | 16 ounces fresh cauliflower florets, thick stem parts removed, for serving","microwave, saute, simmer, steam",https://www.food.com/recipe/black-pepper-basil-chicken-with-cauliflower-couscous-lower-carb-519138
Blueberry Couscous Salad,4,"1/2 cup orange juice | 1/3 cup water | 1/2 teaspoon salt, divided | 3/4 cup wholewheat couscous | 1 cup blueberries | 1 cup mango, cut into cubes | 1/3 cup red onion, chopped | 2 tablespoons mint, chopped | 2 tablespoons lemon juice | 2 tablespoons olive oil | 1/8 teaspoon pepper",boil,https://www.food.com/recipe/blueberry-couscous-salad-461337
Bobotie,6,"2 ounces butter | 1 cup onion, thinly sliced | 1 apple, peeled and diced | 2 lbs beef, chopped and cooked | 2 slices bread, soaked in milk | 2 tablespoons curry powder | 1/2 cup raisins | 2 tablespoons slivered almonds | 2 tablespoons lemon juice | 1 egg | 1/2 teaspoon turmeric | 6 bay leaves | 1 egg | 1/2 cup whole milk","bake, saute",https://www.food.com/recipe/bobotie-5468
Bobotie,4,"3 tablespoons butter | 1 large onion, chopped | 2 garlic cloves, chopped | 2 lbs ground lamb | 3 teaspoons curry powder | 1 teaspoon ground coriander | 1/2 teaspoon cumin | 1/2 teaspoon ground ginger | 1/2 cup chopped tomato | 1/2 cup chopped blanched almond | 2 tablespoons apricot jam | 2 cups whipping cream | 3 large eggs | 2 large egg yolks | 1 tablespoon brandy | 1/2 teaspoon salt | 1/2 teaspoon pepper | 1/4 teaspoon nutmeg | buttered rice","bake, saute",https://www.food.com/recipe/bobotie-62202
Bobotie (South Africa),6,"2 onions, finely chopped | 2 lbs lean ground beef | 1 slice bread | 1 cup milk, used 1/2 cup at a time | 1 tablespoon curry powder | 1 1/2 tablespoons sugar | 1/2 cup raisins | 3 tablespoons chutney | 2 teaspoons salt | 1/2 teaspoon pepper | 1/2 teaspoon turmeric | 2 tablespoons vinegar or 2 tablespoons lemon juice | 6 almonds, quartered | 4 bay leaves or 1 lemon, zest of | 1 egg","bake, saute",https://www.food.com/recipe/bobotie-south-africa-309618
Bobotie (South African Curried Meat Casserole),6,"2 -3 tablespoons oil | 2 onions, thinly sliced | 2 lbs ground beef | 2 -3 slices white bread, crust removed and cut into cubes | 1 cup milk | 1/4 cup vinegar or 1/4 cup lemon juice | 1/2 cup raisins | 2 tablespoons sugar | 1 -2 tablespoon curry powder, to your taste | 1 teaspoon turmeric | salt and pepper, to season | 5 fresh bay leaves (if using dry, remove before adding egg topping) | 2 eggs, beaten","bake, toast",https://www.food.com/recipe/bobotie-south-african-curried-meat-casserole-456518
Bobotie (South African Curry Meat Loaf),4,"1 cup unsweetened black tea, hot | 1/2 cup raisins | 1/2 cup dried apricot, chopped | 2 tablespoons canola oil | 2 garlic cloves, finely chopped | 1 yellow onion, peeled & finely chopped | 2 teaspoons ground turmeric | 2 teaspoons ground coriander | 1 teaspoon cayenne pepper | 1/2 teaspoon ground cumin | 1/2 teaspoon ground fenugreek | 1/2 teaspoon ground black pepper | 1/2 teaspoon ground fennel | 1 teaspoon sea salt | 2 tablespoons apple cider vinegar | 1 lb lean ground beef | 1/4 cup sliced almonds",bake,https://www.food.com/recipe/bobotie-south-african-curry-meat-loaf-513973
Bread Poha,4,"4 cups bread, crusts removed and diced | 1 cup peas, cooked (optional) | 1/2 cup peanuts, roasted and peeled | 2 tablespoons oil | 1/8 teaspoon asafoetida powder | 1 1/2 teaspoons mustard seeds | 10 -15 curry leaves | 2 -3 whole red chilies | 1/2 teaspoon turmeric | 2 teaspoons salt (or to taste) | 1 teaspoon green chili, finely chopped | 1/2 cup water | 1 teaspoon sugar (to taste) (optional) | 1 tablespoon lemon juice | 1 tablespoon chopped coriander leaves | 1 tablespoon fresh coconut, grated (optional) | lemon wedge (to garnish)",saute,https://www.food.com/recipe/bread-poha-86183
Bunny Chow,15,"2 cups vegetable oil | 3 onions, chopped | 1 tablespoon cumin seed | 1 teaspoon minced garlic | 1 teaspoon grated ginger | 5 cardamom pods, cracked | 5 whole cloves | 4 cinnamon sticks | 3 star anise | 3 tablespoons curry powder | chili powder (optional) | 5 lbs chicken breasts, boneless, skinless, chopped into small pieces | 1 cup chopped fresh cilantro | 2 tablespoons salt | 5 tomatoes, chopped and pureed | 3 potatoes, chopped | 1 stem fresh curry leaf, leaves picked | 8 -10 loaves unsliced firm white bread, halved, for serving | carrot, salad for serving",simmer,https://www.food.com/recipe/bunny-chow-532742
Bunny Chow - Vegan,4,"2 tablespoons vegetable oil | 1 cinnamon stick | 4 green cardamom pods, lightly crushed | 1 medium onion, sliced thinly into rings | 3 curry leaves | 4 teaspoons durban masala (if unavailable, use red curry powder) | 1 teaspoon ground turmeric | 1 1/2 teaspoons grated ginger | 1 1/2 teaspoons crushed garlic | 2 large tomatoes, chopped or 2 large a 14-oz can chopped tomatoes | 400 g chickpeas | 4 potatoes, peeled and cubed | 2 teaspoons garam masala | salt, to taste | 1 crusty square loaves bread (small farmhouse loaves are best) | fresh coriander leaves (to garnish)","fry, simmer",https://www.food.com/recipe/bunny-chow-vegan-456544
Caakiri (Couscous Pudding),4,2 cups couscous | 1 cup evaporated milk | 2 cups yogurt (plain or vanilla) | 1 cup sour cream | 1/2 cup sugar | 1/2 teaspoon vanilla extract | 1 dash nutmeg (optional) | crushed pineapple or mint (to garnish),,https://www.food.com/recipe/caakiri-couscous-pudding-457272
Camar&otilde;es Piri-Piri (Angola),4,"2 lbs shrimp, peeled and deveined | 1/2 cup peri-peri, sauce | 6 garlic cloves, minced",broil,https://www.food.com/recipe/camar-es-piri-piri-angola-466888
Caramelised Onion and Couscous Seasoning,5,"2 cups couscous | 2 cups boiling chicken stock | 2 tablespoons olive oil | 2 large brown onions, thinly sliced | 2 garlic cloves, chopped | 1/3 cup brown sugar | 1/3 cup red wine vinegar | 2 tablespoons thyme, chopped | 2/3 cup sultana (optional)",fry,https://www.food.com/recipe/caramelised-onion-and-couscous-seasoning-388428
Caribbean Peanut Soup,4,"1 cup peanut butter | 1 medium onion, peeled and quartered | 4 cups chicken stock, preferably homemade (or vegetable stock) | 1 cup milk (or cream) | salt | hot red pepper flakes or Tabasco sauce",simmer,https://www.food.com/recipe/caribbean-peanut-soup-368941
Carnival Couscous,4,"1 (5 2/3 ounce) box chicken and herb couscous mix | 1/4 cup margarine | 1 red sweet bell pepper, cut into tiny pieces | 1 yellow squash, seeded, cut into tiny pieces | 1 cup fresh broccoli florets, finely chopped | 1 cup chopped celery | 3/4 teaspoon seasoning salt | 1/2 teaspoon white pepper",saute,https://www.food.com/recipe/carnival-couscous-344615
Carrot and Cilantro Couscous,4,"1 cup whole wheat couscous | 1/2 cup carrot, shredded roughly | 1/4 cup frozen peas | 1 1/2 cups boiling water | 1 tablespoon lemon juice | 1 tablespoon olive oil | 1/4 teaspoon salt | 1/4 cup fresh cilantro, chopped | 1/4 teaspoon ground coriander",boil,https://www.food.com/recipe/carrot-and-cilantro-couscous-416771
Carrot and Raisin Salad---Moroccan Style,3,1 lb baby carrots | 2 tablespoons lemon juice | 1 teaspoon sugar | 1/2 teaspoon paprika | 1/4 teaspoon ground cumin | 1/4 teaspoon cinnamon | 1/4 teaspoon salt | 1/8 teaspoon cayenne pepper | 1 tablespoon olive oil | 1/4 cup minced fresh parsley leaves | 1 cup raisins | 1 leaf lettuce (optional),"blend, boil",https://www.food.com/recipe/carrot-and-raisin-salad-moroccan-style-68917
Carrot Date Walnut Couscous,1,"3 -4 large carrots, julienne | 2 dates, chopped | 3 tablespoons walnuts, chopped | 3/4 cup couscous | 3/4 cup boiling water | 1/4 teaspoon butter | 1/2 teaspoon olive oil | salt and pepper, to taste","boil, steam",https://www.food.com/recipe/carrot-date-walnut-couscous-361993
Casbah CousCous Salad,1,"3 cups cooked couscous | 2 cups tomatoes, diced | 2 cups cucumbers, diced | 1 cup green onion, chopped | 2 cups cooked garbanzo beans | 1/2 teaspoon black pepper | 1 cup kalamata olive, halved | 1/2 cup olive oil | 3/4 cup lemon juice | 4 garlic cloves, mnced | 1 teaspoon salt | chopped of fresh mint, to taste",,https://www.food.com/recipe/casbah-couscous-salad-484617
Cauliflower Couscous,6,"1 1/2 cups israeli couscous | 3 cups cauliflower florets | 1/4 teaspoon cinnamon | 1 teaspoon coriander | 1 shallot, sliced | 2 tablespoons olive oil, divided | 1/3 cup dried cranberries (or chopped dates) | salt and pepper | red wine vinegar, splash | chopped parsley (optional)",boil,https://www.food.com/recipe/cauliflower-couscous-448977
Cauliflower Tagine,6,"2 tablespoons extra virgin olive oil | 1 large sweet onion, halved and cut in strips | 4 garlic cloves, thinly sliced | 1 teaspoon ground cumin | 1 teaspoon ground ginger | 2 slices lemons | 2 bay leaves | 1/2 teaspoon kosher salt | 1/2 teaspoon fresh ground pepper | 14 1/2 ounces low sodium vegetable broth | 2 lbs cauliflower, cored, cut into 2-inch-long florets | 6 carrots, peeled, cut into 2-inch-lengths | 29 ounces fire-roasted whole tomatoes, undrained (2 - 14.5 oz cans) | 15 ounces chickpeas, drained (1 can) | 1/2 cup raisins | 1 cinnamon stick | 2 medium zucchini, cut into 1-inch chunks | 1/4 cup toasted slivered almonds | 1/4 cup cilantro leaf | freshly cooked couscous, accompaniment (or orzo or rice for the folks' at Ponce Plaza!)","boil, simmer",https://www.food.com/recipe/cauliflower-tagine-359602
"Chai, African Tea",8,4 cups water | 2 -4 teaspoons black tea leaves | 1 teaspoon cardamom | 3 -4 cinnamon sticks | 1/4-1/2 cup sugar | 3 cups milk (2% or whole),simmer,https://www.food.com/recipe/chai-african-tea-456836
Chakalaka (South African Vegetable Stir-Fry),4,"3 medium onions, diced | 3 medium carrots, diced | 2 medium green bell peppers, diced | 3 medium tomatoes, diced | curry powder, to your taste | salt, to taste | pepper, to taste | green chili (optional) | 1 vegetable bouillon cube | 1 teaspoon chili powder | 1 -2 tablespoon oil, for frying | 1/4 cup water",fry,https://www.food.com/recipe/chakalaka-south-african-vegetable-stir-fry-309581
Chapatis (Indian or Kenyan Wholewheat Flatbread),8,"1 1/2 cups whole wheat flour, plus extra for kneading and rolling out dough | 1 teaspoon salt | 1 cup water",knead,https://www.food.com/recipe/chapatis-indian-or-kenyan-wholewheat-flatbread-356829
Chermoula,1,"1 bunch fresh cilantro or 1 bunch flat leaf parsley | 3 garlic cloves, peeled and bruised | 1 teaspoon cumin, ground | 1 teaspoon coriander, ground | 1 teaspoon paprika, ground | 1 small red chili pepper, seeded (or 1 teaspoon of chili sauce) | 1/2 teaspoon sea salt | 1 lemon, juice of | 1/4 cup olive oil",,https://www.food.com/recipe/chermoula-348967
Chermoula (Moroccan Pesto),1,"1/2 cup chopped cilantro | 1/2 fresh mint leaves | 1 tablespoon ginger | 1 tablespoon ground cinnamon | 1 tablespoon hot paprika (I sub Harissa usually) | 1 teaspoon fresh ground black pepper | 1 teaspoon sea salt | 1/2 teaspoon cumin | 1/2 teaspoon cayenne pepper | 1/2 teaspoon ground thyme | 1/4 teaspoon saffron thread, crumbled | 3 tablespoons olive oil",blend,https://www.food.com/recipe/chermoula-moroccan-pesto-386308
Chermoula Roasted Tomatoes,4,"1/3 cup cilantro, finely chopped | 1/3 cup parsley, finely chopped | 4 garlic cloves, minced | 1 1/2 teaspoons sweet paprika | 1 teaspoon salt | 1/2 teaspoon cumin | 1/8 teaspoon cayenne pepper | 1/4 cup extra virgin olive oil | 2 large lemons, juice of | 4 large firm tomatoes | 3/4 cup breadcrumbs | olive oil, for greasing dish",bake,https://www.food.com/recipe/chermoula-roasted-tomatoes-382421
Chicken and Couscous,4,"1/3 cup olive oil | 2 garlic cloves, minced | 4 -5 boneless skinless chicken breast halves (1-1.25 lbs.) | 1 medium red bell pepper, diced (about 1 cup) | 1 medium onion, chopped (about 1 cup) | 1 (14 1/2 ounce) can chicken broth | 1/2 cup water | 3 tablespoons chopped fresh parsley | 1/2 teaspoon ground cumin | 1 teaspoon salt | 1/4 teaspoon pepper | 1 (10 ounce) package couscous","boil, saute",https://www.food.com/recipe/chicken-and-couscous-426499
Chicken and Couscous With Fennel and Orange,4,"4 boneless skinless chicken breasts (tenderloins removed and breasts trimmed and pounded to a uniform 1/2-inch thickenss) | 1/2 cup unbleached all-purpose flour | salt & fresh ground pepper | 1/2 cup olive oil (divided) | 1 medium onion, sliced thin | 1 fennel bulb, trimmed, cored and sliced thin | 1 cup couscous | 3 medium garlic cloves, minced | cayenne pepper | 1 cup orange juice (divided) | 3/4 cup low sodium chicken broth | 1/4 cup minced fresh cilantro leaves (divided)",simmer,https://www.food.com/recipe/chicken-and-couscous-with-fennel-and-orange-475980
Chicken and Veggie Couscous,8,"1/4 cup olive oil | 2 lbs chicken breasts, boneless, skinless cut into 1 inch cubes | 1 (10 ounce) bag matchstick cut carrots | 2 medium onions, diced (I just throw them in the food processor) | 3 large garlic cloves, minced | 1 cup of cubed zucchini | 2 (13 3/4 ounce) cans chicken broth | 1 (10 ounce) box of quick cooking couscous | 2 teaspoons pepper sauce (i.e. Tabasco) | 1 1/2 teaspoons curry powder | 1/2 teaspoon salt | 1 cup slivered almonds, toasted | 1/4 cup chopped fresh parsley (optional)",boil,https://www.food.com/recipe/chicken-and-veggie-couscous-396855
Chicken Baked With Orange Spiced Harissa Sauce,4,1/4 cup harissa | 1/2 cup orange juice | 1 tablespoon grated orange peel | 1/4 cup cider vinegar | 2 tablespoons vegetable oil | 2 teaspoons sugar | 1 teaspoon ground cinnamon | 3 lbs chicken,"bake, marinate",https://www.food.com/recipe/chicken-baked-with-orange-spiced-harissa-sauce-310253
Chicken &amp; Butternut Squash Tagine,4,"2 tablespoons olive oil | 2 cups chopped onions | 2 garlic cloves, minced | 2 teaspoons ground cumin | 1 teaspoon paprika | 1 teaspoon ground turmeric | 1/4 teaspoon salt | 1/4 teaspoon ground cinnamon | 1/4 teaspoon ground ginger | 1 lb boneless skinless chicken breast, cut into bite-sized pieces | 8 ounces about 2 cups peeled and cubed butternut squash | 1/3 cup halved potted black oil-cured olives | 2/3 cup pitted prunes, chopped | 1/2 cup fresh cilantro leaves (optional) | 1/2 cup fresh flat leaf parsley (optional)","boil, simmer",https://www.food.com/recipe/chicken-butternut-squash-tagine-509243
Chicken Couscous One Pot,4,"8 chicken thighs | 2 teaspoons turmeric | 1 tablespoon garam masala | 2 tablespoons vegetable oil | 2 onions, thinly sliced | 3 garlic cloves, sliced | 500 ml chicken stock | 1/2 cup green olives | 1 lemon | 250 g couscous | 1 bunch flat leaf parsley, chopped","boil, fry, saute, simmer",https://www.food.com/recipe/chicken-couscous-one-pot-375069
"Chicken, Date and Apricot Tagine",4,"1 whole chicken (3 1/2 pounds) | 1 tablespoon olive oil | 1 cup onion, chopped | 1 teaspoon ground turmeric | 1 teaspoon ground cumin | 1/2 teaspoon ground ginger | 1/2 teaspoon ground cinnamon | 1/8 teaspoon ground red pepper | 5 garlic cloves, minced | 1 1/2 cups fat-free chicken broth | 1/3 cup dates, pitted and sliced | 1/3 cup dried apricot, sliced | 2 teaspoons lemon rind, julienned (1 inch pieces) | 1/2 teaspoon salt | 1/3 cup fresh parsley, chopped | 1/3 cup lemon, sections peeled and chopped | 2 tablespoons fresh cilantro, chopped | 3 cups couscous, cooked (hot)","boil, simmer",https://www.food.com/recipe/chicken-date-and-apricot-tagine-490360
Chicken &amp; Preserved Lemon Tagine,4,"4 chicken legs (de-skinned if you prefer) | 2 small white onions | 2 garlic cloves, minced | 1 tablespoon olive oil | 1 piece gingerroot | 2 cups chicken broth | 4 sprigs coriander | pitted green olives | 1 whole preserved lemon, sliced | 2 teaspoons harissa or 2 teaspoons chili paste | 2 teaspoons cumin | 1 teaspoon ginger powder | 1 teaspoon turmeric (for color) or 1 teaspoon saffron (for color) | 3 dried chilies (to garnish)",fry,https://www.food.com/recipe/chicken-preserved-lemon-tagine-522155
Chicken Tagine,2,"3 -4 chicken breasts | 2 cloves garlic, chopped | 1 -2 small onion, sliced into rings | 1 teaspoon turmeric | 1/4 cup oil (not olive oil) | salt and pepper | 3 -4 carrots, peeled and quartered lengthwise | 1 -2 potato, cut into bite sized pieces | 1 -2 tomatoes, cut into wedges | olive, to garnish",,https://www.food.com/recipe/chicken-tagine-52701
Chicken Tagine,6,"1/4 cup chopped fresh parsley | 1/4 cup chopped fresh cilantro | 1 teaspoon ground cumin | 1 teaspoon ground turmeric | 4 cloves garlic, finely chopped | 2 chicken breast halves, skinned | 2 chicken thighs, skinned | 2 chicken drumsticks, skinned | 1/2 cup reduced-sodium chicken broth | 1/4 cup chopped green olives | 1 tablespoon grated fresh lemon rind | 1 1/2 teaspoons lemon juice | 1/4 teaspoon salt | 1 (14 1/2 ounce) can plum tomatoes, undrained and chopped | 4 cups hot cooked couscous | 1 sprig cilantro (optional)",bake,https://www.food.com/recipe/chicken-tagine-97399
Chicken Tagine With Apricots and Almonds,4,"1 teaspoon ground cinnamon | 1 teaspoon ground ginger | 1/2 teaspoon turmeric | 1/2 teaspoon black pepper | 1 1/4 teaspoons salt | 3 tablespoons olive oil | 1/4 cup olive oil | 1 chicken, cut into 6 pieces, wings and backbone discarded (about 3 lbs) | 1 tablespoon unsalted butter | 1 medium red onion, halved, then sliced 1/4 inch thick | 4 garlic cloves, finely chopped | 5 sprigs fresh cilantro | 5 sprigs fresh flat-leaf parsley | 1 1/2 cups water | 2 tablespoons mild honey | 1 cinnamon stick (3-inch) | 1/2 cup dried apricot, separated into halves | 1/3 cup whole blanched almond | kitchen string","boil, simmer",https://www.food.com/recipe/chicken-tagine-with-apricots-and-almonds-428523
Chicken Tagine With Fennel and Olives,4,"1 teaspoon ground cumin | 1/2 teaspoon paprika | 1/4 teaspoon cayenne pepper | 6 boneless skinless chicken thighs (1 1/2 pounds) | 2 tablespoons olive oil, divided | 2 medium fennel bulbs, stalks trimmed, bulbs halved vertically, then cut crosswise into 1/2-inch slices | 2 cups low sodium chicken broth | 2 tablespoons fresh lemon juice | 3/4 cup pitted green olives in brine, quartered lengthwise | 1 cup coarsely chopped fresh cilantro",simmer,https://www.food.com/recipe/chicken-tagine-with-fennel-and-olives-428625
"Chicken Tagine with Figs, Olives, and Pistachios",4,"2 tablespoons olive oil | 2 teaspoons ground coriander | 2 teaspoons ground cumin | 1 1/2 teaspoons ground cinnamon | 1 1/2 teaspoons turmeric | 1 teaspoon grated lemon, zest of | 1 1/2 tablespoons lemon juice | 1 1/2 teaspoons harissa | 8 chicken thighs, skin removed | 2 tablespoons olive oil | 2 onions, chopped | 2 carrots, sliced into coins | 2 cloves garlic, minced | 2 teaspoons grated ginger | 6 ounces button mushrooms, halved | 8 large dried figs, coarsely chopped | 2 tablespoons all-purpose flour | 1 3/4 cups chicken stock | 2 tablespoons tomato paste | 1 tablespoon lemon juice | 3/4 cup pitted black olives | 1/3 cup shelled pistachio nuts or 1/3 cup pine nuts | 2 -3 tablespoons chopped fresh parsley (to garnish)",boil,https://www.food.com/recipe/chicken-tagine-with-figs-olives-and-pistachios-82635
Chicken Tagine With Potatoes and Peas (Morocco -- North Africa),6,"6 chicken breasts | 2 medium onions, thinly sliced | 2 garlic cloves, minced | 1/4 cup extra virgin olive oil | 2 saffron threads | 1/4 teaspoon ground cumin | 1/2 teaspoon ground ginger | 1/2 teaspoon ground black pepper | 1 teaspoon paprika | 1/4 teaspoon salt, to taste | 1 cup flat leaf parsley, finely chopped | 1 cup cilantro, finely chopped | 4 cups potatoes, diced bite-size | 2 cups green peas","boil, simmer",https://www.food.com/recipe/chicken-tagine-with-potatoes-and-peas-morocco-north-africa-374278
Chicken Tagine With Preserved Lemon  and Potatoes,4,"4 chicken breasts, each cut in two | 2 tablespoons olive oil | 2 brown onions, cut into quarters | juice lemon | 2 garlic cloves, crushed | 1 teaspoon saffron thread | 1 teaspoon ground turmeric | 3 pieces preserved lemon rind, rinsed, 2 diced, 1 cut into thin strips | 1 bunch coriander, freshly chopped | 1 cup chopped flat leaf parsley | salt & freshly ground black pepper | 4 potatoes | 1 1/2 cups water | crusty bread, to serve","boil, fry, simmer",https://www.food.com/recipe/chicken-tagine-with-preserved-lemon-and-potatoes-423292
Chicken &amp; Tomato Tagine,4,"2 tablespoons olive oil | 1 red onion, grated | 2 garlic cloves, crushed | 1/2 teaspoon ras el hanout spice mix (<a href=""https://www.food.com/recipe/ras-el-hanout-moroccan-spice-mix-262189/"">Ras El Hanout - Moroccan Spice Mix</a>) | 1/2 teaspoon ground cinnamon | 1/2 teaspoon ground ginger | 1/2 teaspoon salt | 1/4 teaspoon pepper | 1 pinch saffron | 1 tablespoon lemon juice | 1 (14 ounce) can diced tomatoes (use a good quality brand) | 1 (8 ounce) can tomato sauce | 2 -3 lbs skinless chicken pieces, breasts & leg quarters | 1 1/2-2 tablespoons fragrant honey | 1/3 cup water | 1 tablespoon blanched almond, to garnish | 1/2 tablespoon sesame seeds, to garnish",,https://www.food.com/recipe/chicken-tomato-tagine-313622
Chicken With Couscous,4,"2 tablespoons olive oil | 8 boneless skinless chicken breasts | 2 onions, chopped | 1 lb butternut squash, peeled, seeded, cut into 3/4-inch pieces | 1/2 teaspoon ground cinnamon | 1/2 teaspoon ground cumin | 1/4 teaspoon saffron thread | 2 cups chicken stock or 2 cups canned low sodium chicken broth | 4 ounces kumquats, quartered lengthwise, seeded | 4 ounces pitted prunes | 2 tablespoons honey | freshly cooked couscous | chopped fresh cilantro","boil, simmer",https://www.food.com/recipe/chicken-with-couscous-504284
Chicken With Dates and Moroccan Spices,6,"3 1/2 lbs chicken breast halves, thighs, and drumsticks | 1 tablespoon all-purpose flour | 1 tablespoon extra-virgin olive oil | 2 lbs shallots, peeled | 3 cinnamon sticks | 1 1/2 teaspoons ground ginger | 1 teaspoon ground cumin | 1/2 teaspoon turmeric | 1/8 teaspoon cayenne pepper (can use more if you like) | 3 cups low sodium chicken broth | 5 tablespoons fresh lemon juice, divided | 12 dates, pitted, halved | 1/4 cup almonds, toasted, coarsely chopped | 1/4 cup chopped fresh cilantro","boil, saute, simmer",https://www.food.com/recipe/chicken-with-dates-and-moroccan-spices-483812
"Chickpea and Date Tagine, Vegetarian",8,"1 tablespoon olive oil | 1 large onions, diced or 2 cups diced onions | 4 garlic cloves, minced or 4 teaspoons minced garlic | 1 teaspoon ground cumin | 1 teaspoon ground coriander | 1 teaspoon ground ginger | 1/2 teaspoon ground cinnamon | 1 (15 ounce) can crushed tomatoes | 3 cups cooked chickpeas or 2 (15 ounce) cans chickpeas, rinsed and drained | 1 cup whole wheat couscous | 1 cup pitted dates, halved | 1/4 cup lemon juice | 1/2 cup chopped fresh cilantro","boil, saute, simmer, toast",https://www.food.com/recipe/chickpea-and-date-tagine-vegetarian-495095
Chili Shakshuka,4,"3 tablespoons butter (or bacon drippings or schmaltz) | 2 onions (chopped) | 3/4 lb ground beef | 4 garlic cloves (minced) | 2 teaspoons tomato paste | 2 tablespoons chili powder (or harissa or pilpelchuma) | 5 cups very ripe tomatoes (about 5 large, or a 28 ounce can of whole peeled tomatoes, chopped) | 1 (14 1/2 ounce) can kidney beans | 4 eggs | 1 cup cheddar cheese (grated) | 1/2 cup sour cream (or labneh or Greek yogurt) | 1/2 cup parsley (chopped)",simmer,https://www.food.com/recipe/chili-shakshuka-536552
Chorizo and Preserved Lemon Couscous,4,"1 cup/ 250ml israeli couscous | salt & freshly ground black pepper | 3 tablespoons/ 45ml olive oil | 4 ounces/ 225g chorizo sausage, diced | 1 shallot, cut into very small dice | 1 garlic clove, minced | peel of 1 preserved lemon, recipe follows, finely chopped | 1 handful fresh chives, finely chopped | 1 handful fresh parsley, finely chopped | 8 lemons | 3 cups/ 750ml coarse salt | 1 1/2 cups/ 375ml fresh lemon juice | 1 tablespoon/ 15ml peppercorn | 4 fresh kaffir lime leaves",toast,https://www.food.com/recipe/chorizo-and-preserved-lemon-couscous-532389
Cinnamon Scented Couscous,4,1/3 cup slivered almonds | 2 cups water | 1 cup diced dates | 1 teaspoon ground cardamom | 1/2 teaspoon ground cinnamon | 1/4 teaspoon ground ginger | 1 tablespoon olive oil | 1 (10 ounce) package couscous,"boil, toast",https://www.food.com/recipe/cinnamon-scented-couscous-396925
Cinnamon-Spiced Moroccan Chicken,4,"2 tablespoons flour, divided | 1 1/4 teaspoons cinnamon | 1/2 teaspoon cumin | 1/2 teaspoon ginger | 1/4 teaspoon ground red pepper | 1/4 teaspoon sea salt | 4 small boneless skinless chicken thighs (1 1/4 pounds) | 1 tablespoon olive oil | 1 cup chicken broth | 1/2 cup pitted dates, sliced | 1/4 cup toasted sliced almonds","boil, simmer",https://www.food.com/recipe/cinnamon-spiced-moroccan-chicken-328245
Clean Eating Ras El Hanout Moroccan Spice Mix,2,1 1/2 teaspoons ground cinnamon | 1 teaspoon ground ginger | 1 teaspoon turmeric | 1/2 teaspoon ground black pepper | 1/2 teaspoon allspice | 1 1/2 teaspoons ground cumin | 1/2 teaspoon ground coriander,blend,https://www.food.com/recipe/clean-eating-ras-el-hanout-moroccan-spice-mix-374781
Coconut Couscous Pudding,4,"3/4 cup couscous | 3/4 cup coconut | 1 tablespoon cornflour | 3/4 cup soymilk | 3/4 cup coconut milk, lite | 1/4 cup golden syrup | 1/2 teaspoon mixed spice | yoghurt, to serve",boil,https://www.food.com/recipe/coconut-couscous-pudding-409062
Coconut Rice (Nigerian Style),4,1 cup rice (feel free to substitute brown rice if needed) | 1 (15 ounce) can coconut milk | 1 (29 ounce) can diced tomatoes | 4 medium habanero peppers | 1 small green pepper (diced) | 1 small yellow onion (diced) | 1/4 cup vegetable oil | 1 teaspoon sea salt | 1 teaspoon black pepper,"boil, simmer",https://www.food.com/recipe/coconut-rice-nigerian-style-387472
Collards Moroccan Style,4,"16 ounces collard greens, tough stems removed, leaves chopped | 1 tablespoon garlic, minced or 3 garlic cloves | 1 1/2 cups diced onions or 1 large onion | 2 cups sliced mushrooms or 6 -8 mushrooms | 1 red bell pepper, seeded and chopped | 1 (15 ounce) can fire-roasted tomatoes | 1/4 cup raisins | 1 (15 ounce) can low-sodium chickpeas, drained and rinsed | 1/2 teaspoon ground coriander (or to taste) | 1 teaspoon cinnamon (or to taste) | 1/2 teaspoon ground cumin (or to taste) | 1/8 teaspoon crushed red pepper flakes | 1/2 teaspoon oil (to coat pan)",fry,https://www.food.com/recipe/collards-moroccan-style-517372
Confetti Corn Couscous Salad,30,"16 ounces quick couscous or 12 ounces israeli couscous | 3 lbs frozen corn, thawed and cooked,let cool. | 2 (12 ounce) cans black beans, drained and rinsed in cold water | 8 ounces chopped red onions | 3 ounces chopped green peppers | 3 ounces chopped yellow peppers | 3 ounces chopped orange bell peppers | 3 ounces chopped red peppers | 3 small zucchini, halved and thinly sliced- use a mandoline | 1 cup kalamata olive, pitted and sliced | 1 1/2 cups olive oil | 1/4 cup white wine vinegar | 1/4 cup white balsamic vinegar | 2 1/2 teaspoons cumin | 1 teaspoon chopped fresh basil | 1 teaspoon chopped fresh thyme | 1 tablespoon chopped fresh marjoram","boil, steam",https://www.food.com/recipe/confetti-corn-couscous-salad-94014
Cool Couscous Toss,8,"6 cups cooked couscous, prepared with chicken broth | 1 can garbanzo beans, drained and rinsed | 1 can corn, drained and rinsed | 1 can black-eyed peas, drained and rinsed | 1 large tomatoes, chopped | 3 green onions, chopped | 1/2 bottle Italian salad dressing",,https://www.food.com/recipe/cool-couscous-toss-69380
Coriander Chicken Couscous,4,"4 tablespoons olive oil | 8 boneless chicken thighs, halved | 4 garlic cloves, crushed | 2 onions, chopped | 1 teaspoon ground turmeric | 1 teaspoon dried basil | salt and black pepper | water | 1 tablespoon coriander (Cilantro) | 4 ounces black olives, pitted | 1 lemon, sliced","boil, simmer",https://www.food.com/recipe/coriander-chicken-couscous-502689
Coriander Lemon Couscous,4,"250 g israeli couscous or 250 g normal couscous | 50 g coriander, chopped | 1 lemon, zest of | 1/4 cup olive oil | 100 g nuts, toasted | salt and pepper",,https://www.food.com/recipe/coriander-lemon-couscous-96875
Corn Couscous,4,"1 cup couscous | 1/2 teaspoon chicken stock powder | 1 cup boiling water | 1 tablespoon butter | 2 spring onions, chopped | 420 g corn, drained | 2 tablespoons chopped parsley",,https://www.food.com/recipe/corn-couscous-392952
Couscous and Mung Bean Salad With Golden Beets and Greens,6,"1 1/2 cups couscous | 1 cup mung beans | 2 1/4 ounces pine nuts | 3 golden beets, sliced | 3 stalks beet leaves, roughly chopped | 1/2 onion, diced | 6 garlic cloves | 6 ounces portabella mushrooms, sliced | 6 ounces plum tomatoes, halved | 1 lemon, juiced and zested | 1 tablespoon butter, vegan | 1 tablespoon italian seasoning | 2 tablespoons nutritional yeast | salt and pepper","boil, simmer, toast",https://www.food.com/recipe/couscous-and-mung-bean-salad-with-golden-beets-and-greens-413755
Couscous and Pomegranate Salad,2,"1 cup couscous | boiling water | 1 tablespoon olive oil | 2 teaspoons sherry wine vinegar | 1/2 teaspoon harissa | 1 teaspoon lemon juice | 1 cup dried apricot, diced | 2 -3 cups pomegranate seeds (from 1 pomegranate) | 1 green pepper, diced",boil,https://www.food.com/recipe/couscous-and-pomegranate-salad-427783
Couscous Basics,6,1 1/2 cups couscous | 2 3/4 cups water | 1 tablespoon olive oil or 1 tablespoon butter | 1/4 teaspoon salt,boil,https://www.food.com/recipe/couscous-basics-421073
Couscous Chicken Salad,6,"1 cup uncooked couscous | 1 cup chopped green peppers or 1 cup red pepper | 1/2 cup shredded carrot | 2 cups cooked chicken, shredded | 1 cup sliced celery | 2 green onions, sliced | 1/3 cup orange juice | 1/3 cup oil | 1/4 cup chopped fresh parsley | 2 tablespoons lemon juice | 2 tablespoons soy sauce | 1/4 teaspoon ground ginger | 1 dash salt | 1/8 teaspoon pepper",blend,https://www.food.com/recipe/couscous-chicken-salad-56726
Couscous-Chickpea Salad,4,"2 cups good chicken stock or 2 cups vegetable stock | 3/4 teaspoon cinnamon | 1/2 teaspoon ground ginger | 1/2 teaspoon ground cumin | 1/4 teaspoon turmeric | 1 cup couscous | 1 medium carrot, cut into 1/4 inch dice | 1 small red onion, cut into 1/4 inch dice | 1 small red bell pepper, cut into 1/4 inch dice | 1 small cucumbers or 1 small zucchini, cut into 1/4 inch dice | 1 small sweet crisp apple, cut into 1/4 inch dice | 1/3 cup currants (optional) or 1/3 cup raisins (optional) | 1 -2 cup canned chick-peas, rinsed and drained | 1/2 lemon, juice of, fresh | 1/2 teaspoon salt | 1/4 teaspoon fresh ground black pepper | bottled vinaigrette dressing (I like a Greek vinaigrette) or oil and vinegar, to taste",boil,https://www.food.com/recipe/couscous-chickpea-salad-54593
Couscous Chickpea Salad With Ginger Lime Dressing,1,2 cups water | 1 small cucumber | 1 1/2 cups couscous | 1/2 cup raisins | 1/2 teaspoon turmeric | 1 medium tomatoes | 1 small onion | 1 tablespoon mint | 1 (15 1/2 ounce) can chickpeas | 1/3 cup lime juice | 1 1/2 tablespoons olive oil | 1 teaspoon ginger | 3/4 teaspoon cumin | 1/2 teaspoon sugar | 1/2 teaspoon salt | 1/4 teaspoon pepper | 1/2 teaspoon minced garlic,boil,https://www.food.com/recipe/couscous-chickpea-salad-with-ginger-lime-dressing-434302
Couscous Date Cake,10,"1 1/2 cups water | 1 1/2 cups pitted and coarsely chopped medjool dates (about 16 dates) | 1/4 cup melted unsalted butter, lukewarm | 1/2 teaspoon baking soda | 1 cup unbleached all-purpose flour, sifted | 1/2 cup uncooked medium couscous | 1 1/2 teaspoons baking powder | 1/2 cup sugar | 4 eggs | 1 cup icing sugar | 5 teaspoons milk","bake, boil, simmer",https://www.food.com/recipe/couscous-date-cake-420405
Couscous Feta Salad,6,"1 1/2 cups couscous | 2 tablespoons olive oil | 1 green chili pepper, seeded and minced | 1 teaspoon ground cumin | 1 teaspoon ground coriander | 2 minced garlic cloves | 1 1/2 cups frozen shelled edamame | 3 cups cherry tomatoes, halved | 1 cup of fresh mint or 1 cup basil leaves, chopped | 1 bunch scallion, sliced (green onions) | 1 tablespoon fresh lemon juice | 2/3 cup crumbled feta cheese | black olives, if desired (kalamata) | salt and pepper, to taste",boil,https://www.food.com/recipe/couscous-feta-salad-340438
Couscous-Garbanzo Salad,10,"1 cup chicken or 1 cup vegetable broth | 1 cup uncooked whole wheat couscous | 2 cups chopped seeded tomatoes (about 2 medium) | 1 cup diced cucumber (about 1) | 1 cup thinly sliced green onion (about 6) | 1/2 cup grated carrot (1 medium) | 1/2 cup red bell pepper | 1 (15 1/2 ounce) can chickpeas, drained (garbanzo beans) | 2 tablespoons extra virgin olive oil | 2 tablespoons red wine vinegar | 1 tablespoon fresh lemon juice | 2 teaspoons chopped fresh oregano or 1 teaspoon dried oregano | 1 teaspoon minced garlic | 1/2 teaspoon salt | 1/4 teaspoon fresh ground black pepper | 1/4 teaspoon crushed red pepper flakes",boil,https://www.food.com/recipe/couscous-garbanzo-salad-371885
Couscous Jambalaya,8,"12 raw shrimp, peeled and chopped (about 3/4 pound) | 1 small chicken breast, boned,skinned and chopped (generous 1/2 cup) | 1 tablespoon emeril creole seasoning (recipe below) | 1 tablespoon olive oil | 4 ounces chopped andouille sausages (1/2 cup) | 1/4 cup chopped onion | 1/4 green bell pepper | 1/4 cup chopped celery | 2 tablespoons minced garlic | 1/2 cup peeled seeded and chopped Italian plum tomato (about 2) | 3 bay leaves | 1 teaspoon Worcestershire sauce | 1 teaspoon hot pepper sauce | 1 cup chicken stock | 1 teaspoon salt | 1 teaspoon fresh ground black pepper | 1 1/2 cups couscous | 2 1/2 tablespoons paprika | 2 tablespoons salt | 2 tablespoons garlic powder | 1 tablespoon black pepper | 1 tablespoon onion powder | 1 tablespoon cayenne pepper | 1 tablespoon dried oregano leaves | 1 tablespoon dried leaf thyme","blend, boil, fry, stir-fry",https://www.food.com/recipe/couscous-jambalaya-50315
Couscous Paella With Shrimp,6,"1 tablespoon olive oil | 1 medium size onion, chopped | 3 garlic cloves, chopped | 1 medium size sweet red pepper, cut into 1/2 inch pieces | 1 medium size yellow sweet pepper, cut into 1/2 inch pieces | 1/2 teaspoon salt | 1/2 teaspoon pepper | 1/2 teaspoon dried thyme | 1/2 teaspoon red pepper flakes | 1/2 teaspoon turmeric | 1 (14 1/2 ounce) can chicken broth | 1 cup water | 1 (10 ounce) box frozen peas, thawed | 1 1/2 lbs large shrimp, shelled and cleaned | 1 (10 ounce) box couscous (about 1 3/4 cups) | 1/2 cup pitted black olives, sliced",simmer,https://www.food.com/recipe/couscous-paella-with-shrimp-389030
Couscous Pilaf,4,"1 onion, chopped | 2 carrots, sliced | 2 chicken bouillon cubes | salt | pepper | 1 cup couscous | 1 tablespoon butter",boil,https://www.food.com/recipe/couscous-pilaf-37074
Couscous Salad,6,"2/3 cup raisins | 2/3 cup boiling water | 1 1/2 cups chicken broth | 1/8 teaspoon powdered saffron | 1 1/2 cups couscous, uncooked | 1 1/2 cups celery, diced | 1/3 cup green onion, sliced | 1/3 cup pine nuts, toasted | 1/4 cup fresh parsley, minced | 1/4 cup fresh lemon juice | 1/2 teaspoon salt | 1/4 teaspoon pepper | 1/4 teaspoon ground cinnamon | 1/2 cup olive oil","blend, boil, toast",https://www.food.com/recipe/couscous-salad-438049
Couscous Salad,4,"2 cups stock (could use vegetable or chicken) | 1 tablespoon olive oil | 1 1/2 cups couscous | 8 snow peas, topped tailed,blanched in boiling water 1 minute,finely julienned | 2 spring onions, finely sliced (green) | 1/2 red bell pepper, diced | 1/2 cup craisins | 1 tablespoon lemon juice | 1 tablespoon butter | 2 tablespoons toasted sesame seeds (I do this by dry roasting them in a small fry pan over a medium heat, shaking often) | 1/2 preserved lemon, rinsed,flesh discarded,and peel finely julienned | 2 tablespoons mint, chopped",boil,https://www.food.com/recipe/couscous-salad-66867
Couscous Salad With Almonds and Feta,2,"1 cup couscous | boiling water | 1/2 cup parsley, chopped | 1 green onion, diced | 1 tomatoes, diced | 1/2 red pepper, diced (or yellow or orange) | 1/2 cup feta, crumbled | 1/4 cup almonds, whole | 3 tablespoons olive oil | salt and pepper, to taste | ground fresh chili paste, to taste","blend, boil",https://www.food.com/recipe/couscous-salad-with-almonds-and-feta-428402
Couscous Salad with Dried Cranberries and Pecans,4,"1 cup shelled pecans | 1 1/2 cups couscous | 1 cup dried cranberries | 1/2 teaspoon turmeric | 2 cups boiling water | 1 cup thawed frozen peas | 3 scallions, very thinly sliced | 2 medium cucumbers, peeled,seeded,and diced | 1/4 cup shredded fresh basil | 1 lemon, zest of | 1/3 cup lemon juice | 3 cloves garlic, minced | 1/2 teaspoon salt | fresh ground black pepper | 1/3 cup olive oil","boil, toast",https://www.food.com/recipe/couscous-salad-with-dried-cranberries-and-pecans-42002
Couscous Sausage Mediterranean,6,"1 cup diced raw onion | 2 teaspoons olive oil | 8 ounces your favorite seasoned sausage, crumbled (can use veggie sausage) | 3 garlic cloves, minced | 1 1/2 cups diced fresh tomatoes | 2 teaspoons minced fresh french basil | 2 cups chicken broth (or vegetable broth, for vegetarian) | 2 cups couscous | 1 tablespoon crumbled feta cheese (optional) | salt & freshly ground black pepper, to taste | fresh lemon juice or lime juice, to taste",boil,https://www.food.com/recipe/couscous-sausage-mediterranean-471910
Couscous Toss,6,"1 cup no-salt-added chicken broth | 1 teaspoon dried basil | 1 garlic clove, minced | 3/4 cup couscous, uncooked | 1 tablespoon white wine vinegar | 1 1/2 teaspoons olive oil | 1/2 teaspoon black pepper | 1/8 teaspoon salt | 1 cup tomatoes, seeded and chopped",boil,https://www.food.com/recipe/couscous-toss-418832
Couscous Vegetable Bake,4,2 teaspoons olive oil | 1/2 onion | 2 garlic cloves | 1 zucchini | 1 (4 ounce) can green peppers | 2 stalks celery | 1/2 teaspoon basil | 1 (14 1/2 ounce) can stewed tomatoes | 1 (16 ounce) can black beans (drained and rinsed) | 1/2 cup couscous | 10 olives | 1/4 cup parmesan cheese | 1/2 cup cheddar cheese | 1/2 cup breadcrumbs | 1 teaspoon salt,"bake, fry",https://www.food.com/recipe/couscous-vegetable-bake-386183
"Couscous With Apples, Cranberries and Herbs",4,"2 tablespoons olive oil | 2 cups israeli couscous (or barley or orzo) | 4 cups low sodium chicken broth | 1/4 cup fresh flat-leaf parsley, chopped | 1 1/2 tablespoons fresh rosemary leaves, chopped | 1 teaspoon fresh thyme leave, chopped | 1 medium green apple, diced | 1 cup dried cranberries | 1/2 cup slivered almonds, toasted | 1/4 cup apple cider vinegar | 2 -3 tablespoons maple syrup | 1/2-1 teaspoon kosher salt | 1/2 teaspoon fresh ground black pepper | 1/4 cup olive oil (I recommend about 2 tbs less)","boil, simmer",https://www.food.com/recipe/couscous-with-apples-cranberries-and-herbs-428639
Couscous With Caramelized Onions and Goat Cheese,5,"1 tablespoon olive oil | 2 cups red onions, diced | 1 cup couscous | 1 teaspoon garlic powder | 1/2 teaspoon ground black pepper | 1/2 teaspoon salt | 1/4 cup crumbled goat cheese | 1 cup chicken broth",microwave,https://www.food.com/recipe/couscous-with-caramelized-onions-and-goat-cheese-468815
"Couscous With Dried Apricots, Currants, and Pistachios",16,"4 1/2 cups water | 1/4 cup extra-virgin olive oil | 3 cinnamon sticks, halved | 1 1/2 teaspoons ground cumin | 2 1/2 teaspoons coarse salt | 1 cup chopped dried apricot | two 10-ounce boxes couscous (about 3 1/4 cups) | 3/4 cup dried currant | 1 cup shelled natural pistachios, toasted lightly, cooled, and chopped coarse | 3 tablespoons chopped fresh mint leaves",boil,https://www.food.com/recipe/couscous-with-dried-apricots-currants-and-pistachios-428627
Couscous With Fresh Cilantro and Lemon Juice,4,"2 tablespoons olive oil | 2 garlic cloves, minced | 1/2 teaspoon turmeric | 1 2/3 cups water | 1 teaspoon lemon zest, finely grated | 1/2 teaspoon coarse salt | 1 1/2 cups couscous | 1/4 cup fresh cilantro, chopped | 2 tablespoons fresh lemon juice | salt and pepper, to taste",boil,https://www.food.com/recipe/couscous-with-fresh-cilantro-and-lemon-juice-505110
Couscous With Mushrooms,4,"1 1/4 cups water | 2 tablespoons butter | 2 teaspoons chicken bouillon granules | 1/4 teaspoon salt | 1/4 teaspoon pepper | 1 cup uncooked couscous | 1 (7 ounce) can mushroom stems and pieces, drained",boil,https://www.food.com/recipe/couscous-with-mushrooms-358229
Couscous With Olives and Lemon,4,"1 1/2 teaspoons garlic, minced | 3 tablespoons olive oil | 1 3/4 cups vegetable broth | 1/4 teaspoon salt | 1 1/2 cups couscous | 16 black olives, pitted and coarsely chopped | 1/2 cup flat leaf parsley, chopped | 1 1/2 teaspoons lemon zest, finely grated",boil,https://www.food.com/recipe/couscous-with-olives-and-lemon-353731
Couscous With Pine Nuts and Currants,2,"2 teaspoons earth balance vegan butter | 1 small shallot, finely chopped (approx. 1/4 cup) | 1 cup low sodium vegetable broth | 1/2 cup whole wheat couscous | 1/4 cup pine nuts, toasted | 1/4 cup currants | 1/4 teaspoon salt","boil, simmer, toast",https://www.food.com/recipe/couscous-with-pine-nuts-and-currants-457873
Couscous With Pine Nuts (Barefoot Contessa),4,"4 tablespoons unsalted butter | 3/4 cup chopped shallot (3 to 4 shallots) | 3 cups chicken stock, preferably homemade | 1/2 teaspoon kosher salt | 1/2 teaspoon freshly ground black pepper | 1 1/2 cups couscous | 1/2 cup toasted pine nuts (pignolis) | 1/4 cup dried currant | 2 tablespoons chopped fresh flat-leaf parsley",boil,https://www.food.com/recipe/couscous-with-pine-nuts-barefoot-contessa-437549
"Couscous With Roast Pumpkin, Raisins and Almonds",6,"1/2 large pumpkin, seeds and skin removed | olive oil | 1 teaspoon salt | 1/2 teaspoon black pepper | 1 onion, peeled and chopped | 2 garlic cloves, crushed | 1 1/2 cups chicken stock | 1 1/2 cups couscous, instant | 1/2 cup raisins | 1/2 cup almonds, sliced and toasted | 1/3 cup coriander, fresh and chopped","boil, roast, steam, toast",https://www.food.com/recipe/couscous-with-roast-pumpkin-raisins-and-almonds-362173
Couscous With Savory Caramelized Onion,4,"1 tablespoon olive oil | 1 large sweet onion, thinly sliced (such as spanish, vidalia or bermuda) | 1/2 cup raisins | 1 tablespoon granulated sugar | 3 whole cloves | 3 inches cinnamon sticks | 1/4 teaspoon black pepper | 1/4 teaspoon ground ginger | 1/4 teaspoon freshly grated nutmeg | 2 cups couscous | chicken stock (as needed) or mushroom stock (as needed) | panir (optional)",,https://www.food.com/recipe/couscous-with-savory-caramelized-onion-54006
Couscous With Seven Vegetables,6,2 1/2 cups chicken stock or 2 1/2 cups vegetable stock | 1/2 teaspoon ground cumin | 1/4 teaspoon paprika | 1/4 teaspoon ground black pepper | 1/4 teaspoon cinnamon | 1/2 teaspoon turmeric | 1/2 cup chopped red onion | 1/4 cup diced carrot | 1/2 cup diced turnip | 1/2 cup diced red pepper | 1/2 cup diced zucchini | 2 cups couscous | 1/2 cup fresh peas or 1/2 cup frozen peas | salt | 3 tablespoons chopped fresh coriander,"boil, simmer",https://www.food.com/recipe/couscous-with-seven-vegetables-420654
Couscous With Spiced Chickpeas and Figs,4,"2 tablespoons olive oil | 1 onion, chopped | 2 garlic cloves, finely chopped | 2 teaspoons moroccan mixed spice (see below) | 2 (15 ounce) cans chickpeas, rinsed, drained | 1 (15 ounce) can chopped tomatoes | 2 cups vegetable stock | 2 zucchini, chopped | 1 cup green beans, trimmed, halved | 1/2 cup chopped dried fig | 2 cups couscous | 2 tablespoons chopped coriander leaves | 1 tablespoon harissa (optional) or 1 tablespoon hot sauce, to taste (optional) | 1 teaspoon ground cumin | 1 teaspoon ground ginger | 1 teaspoon salt | 3/4 teaspoon black pepper | 1/2 teaspoon ground cinnamon | 1/2 teaspoon ground coriander | 1/2 teaspoon cayenne | 1/2 teaspoon ground allspice | 1/4 teaspoon ground cloves","boil, simmer",https://www.food.com/recipe/couscous-with-spiced-chickpeas-and-figs-503439
Couscous With Sun-Dried Tomatoes,1,"1 (12 ounce) can chicken broth or 1 (12 ounce) can vegetable broth | 1/2 cup water | 1 cup couscous | 1 cup sun-dried tomato, diced | 1 1/2 tablespoons dried basil | salt and black pepper | 3/4-1 cup toasted pine nuts","boil, simmer",https://www.food.com/recipe/couscous-with-sun-dried-tomatoes-304873
Couscous With Tomato and Garlic,1,"1 tablespoon butter | 1 garlic clove, grated | 1/2 cup couscous, uncooked | 1 cup chicken stock | 1 tomatoes, skinned, deseeded and cut into small dice | salt and pepper | 1/4 cup pine nuts, toasted","boil, saute",https://www.food.com/recipe/couscous-with-tomato-and-garlic-484254
Couscous With Yellow Summer Squash,4,"1 tablespoon butter | 1 tablespoon olive oil | 1/4 cup onion, chopped | 2 garlic cloves, peeled and chopped | 3/4 cup summer squash, diced | salt and pepper, to taste | 1 1/4 cups low sodium chicken broth (or vegetable broth) | 1 cup couscous | 1/4 cup cilantro, chopped (or Italian parsley)","blend, boil",https://www.food.com/recipe/couscous-with-yellow-summer-squash-385968
Couscous With Zucchini &amp; Tomato,4,"200 g baby red capsicums, chargrilled & chopped | 200 g zucchini, quartered & sliced | 100 g sun-dried tomatoes, chopped | 1/4 cup fresh parsley, finely chopped | 100 g walnuts, chopped | 200 g couscous | 4 tablespoons olive oil | 2 tablespoons lemon juice",fry,https://www.food.com/recipe/couscous-with-zucchini-tomato-332411
Crispy Carrot Harissa Dumplings With Green Schug Pesto,4,"1/4 cup toasted pc unsalted raw california almonds, coarsely chopped | 3 garlic cloves | 2 cups fresh parsley, lightly packed | 2 cups fresh cilantro, lightly packed | 2 jalapeno peppers, seeded and chopped | 1/2 cup extra virgin olive oil | 1/4 cup fresh lemon juice | 1/2 teaspoon ground cardamom | 1/2 teaspoon ground cumin | salt & freshly ground black pepper | carrot harissa dip blended with flax seed | 1/2 cup ricotta cheese | 1/4 cup green onion, finely chopped | 1/4 cup cilantro, finely chopped | cornstarch, for dusting | 42 square wonton wrappers (3 1/4 inch/8 cm) | 1 large egg, beaten with 1 tbsp (15 mL) | 3 2/3 cups vegetable oil (for frying) | 1/4 teaspoon each salt & freshly ground black pepper","deep-fry, fry",https://www.food.com/recipe/crispy-carrot-harissa-dumplings-with-green-schug-pesto-529061
Crock Pot Gluten Free Moroccan Goat Stew,8,"2 tablespoons butter | 4 shallots, diced | 1 medium sweet onion, diced | 2 lbs goat meat or 2 lbs lamb stew meat, chunked | 3 garlic cloves, minced | 2 large heirloom tomatoes, chunked | 1 cinnamon stick | 2 ounces dried apricots, chopped | 1 quart chicken soup (pho) | 2 cups cooked brown rice | 2 teaspoons ground cumin | 2 teaspoons ground coriander | 2 teaspoons ground ginger | 3 teaspoons paprika | 2 teaspoons turmeric | 1 teaspoon chili powder | 2 teaspoons sea salt | black pepper (3 grinds) | baby arugula, washed well | 2 cups cubed roasted butternut squash","roast, stew",https://www.food.com/recipe/crock-pot-gluten-free-moroccan-goat-stew-488627
Crock Pot Moroccan Chicken,4,"2 teaspoons cooking oil | 2 cups thinly sliced onions | 2 garlic cloves, minced | 1/2 teaspoon finely grated gingerroot | 1/2 teaspoon chili powder | 1/2 teaspoon ground cumin | 1 lb boneless skinless chicken thighs, halved | 1/2 cup dry white wine or 1/2 cup chicken broth | 2 tablespoons honey | 4 inches cinnamon sticks | 6 green cardamoms, bruised or 1/4 teaspoon ground cardamom | 1 dash salt | 1/4 cup orange juice | 2 teaspoons cornstarch | 3 tablespoons slivered almonds, toasted (optional)","boil, fry",https://www.food.com/recipe/crock-pot-moroccan-chicken-317356
Crock-Pot Moroccan Chicken and Lentils,8,"6 chicken thighs (bone-in, skin off) | 1 teaspoon cornstarch | 1 small onion, sliced | 4 garlic cloves, sliced (to taste, or depending on how strong the garlic is) | 1/2 lb brown lentils | 2 teaspoons paprika | 1 teaspoon cinnamon | 1 teaspoon turmeric | 1 1/2 teaspoons cumin | 1 teaspoon ground coriander | 2 cups chicken broth or 2 cups stock | salt | pepper | 1 teaspoon olive oil | nonstick cooking spray","roast, steam",https://www.food.com/recipe/crock-pot-moroccan-chicken-and-lentils-310611
Crock Pot Moroccan Lamb Chops and Prunes,4,"1 medium onion, finely chopped | 1 tablespoon olive oil | 4 shoulder lamb chops | salt | pepper | 1 1/2 teaspoons gingerroot, freshly shaved | 1/2 teaspoon ground cumin (I used 1 teaspoon because I love cumin!) | 2 garlic cloves, minced | 1 cinnamon stick | 1 tablespoon cilantro, chopped | 1 cup prune, pitted | 2 tablespoons honey | 1 1/2 tablespoons lime juice | 2 tablespoons sesame seeds, toasted","fry, saute",https://www.food.com/recipe/crock-pot-moroccan-lamb-chops-and-prunes-320322
Crunchy West African Cabbage Salad,6,"3 cups cabbage, finely shredded | 1 cup apple, diced | 1 cup English cucumber, diced | 1/4 cup raisins | 2/3 cup mayonnaise | 1 tablespoon fresh lemon juice | 1/2 tablespoon vinegar | 1/2 teaspoon salt | 1/4 teaspoon sugar | 1/2 cup roasted peanuts, chopped",,https://www.food.com/recipe/crunchy-west-african-cabbage-salad-319044
Curried Couscous,4,"1 1/2 cups chicken broth | 1/2 cup golden raisin | 1 teaspoon curry powder | 1/4 teaspoon salt | 1 cup uncooked couscous | 1/3 cup oil | 2 tablespoons lemon juice | 1 teaspoon sugar | 1/2 cup slivered almonds, toasted | 2 fresh green onions, sliced",boil,https://www.food.com/recipe/curried-couscous-326538
Curried Couscous With Broccoli and Feta (And Cashews!),5,"1 3/4 cups water | 1 cup couscous, uncooked | 1 1/2 cups broccoli florets | 1/2 cup red onion | 1/3 cup carrot | 1/4 cup raisins | 1/4 cup roasted cashews, chopped | 2 tablespoons white wine vinegar | 1 1/2 tablespoons olive oil | 1 tablespoon sugar | 1 1/2 teaspoons curry powder | 1 teaspoon fresh ginger | 3/4 teaspoon salt | 1 (15 ounce) can chickpeas, drained and rinsed | 3/4 cup feta cheese","boil, steam",https://www.food.com/recipe/curried-couscous-with-broccoli-and-feta-and-cashews-460347
Cuscus Bil Khodar (Vegetable Couscous),6,"5 cups sweet potatoes, peeled and diced | 2 cups parsnips, peeled and diced | 1 1/2 tablespoons olive oil | 1 teaspoon ras el hanout spice mix | 3 carrots, peeled and cut crosswise into 2 inch pieces | 1 teaspoon kosher salt | 1 1/4 cups vegetable broth | 1 cup uncooked couscous | 1 (15 ounce) can garbanzo beans, rinsed and drained | 1 tablespoon olive oil | 1 yellow onion, cut into 1/4-inch-thick slices then separated into rings | 1/4 cup pine nuts | 1/4 cup raisins | 1 teaspoon ground cinnamon | 1 tablespoon honey","bake, boil, roast",https://www.food.com/recipe/cuscus-bil-khodar-vegetable-couscous-350641
Date and Olive Couscous With Garlic Shrimp,1,"1 tablespoon olive oil | 2 cups onions, slivered | 2 cups zucchini, finely diced | 2 tablespoons fresh garlic, minced | 1/8 teaspoon chili flakes | 2 tfresh ginger, finely chopped | 2 teaspoons ground cumin | 3/4 cup dates, coarsely chopped | 1/4 cup roasted black olives, pitted and coarsely chopped | 1 -2 cup couscous, prepared | 1/2 cup fresh cilantro, coarsely chopped | 1/4 cup of fresh mint, finely chopped | 1 lemon, juice and zest of | salt, to taste | 1 tablespoon olive oil | 1 tablespoon fresh garlic, minced | 1/8 teaspoon chili flakes | 2 lbs medium black tiger shrimp, peeled and deveined | salt, to taste",fry,https://www.food.com/recipe/date-and-olive-couscous-with-garlic-shrimp-465609
Deviled Eggs Moroccan-Style,4,"4 -5 hardboiled large eggs, peeled | 2 -3 tablespoons mayonnaise (or combination of both) or 2 -3 tablespoons plain yogurt (or combination of both) | 1 teaspoon harissa, to taste (homemade is best!) | 1 teaspoon extra virgin olive oil | 1/4 teaspoon spanish smoked paprika (I used a combination of 1/8 t. smoked paprika and 1/8 t. chipotle powder) | salt, to taste (omit or use less salt if using the preserved lemon) | 1/2 teaspoon preserved lemon (if you don't have preserved lemon add 1/2 tablespoon of fresh lemon juice) | 1/2 tablespoon roasted almonds, finely chopped (pine nuts will work, too.) | fresh cilantro, parsley, chives (your choice) or mint (your choice) | caraway seed (optional)",,https://www.food.com/recipe/deviled-eggs-moroccan-style-504179
Dibi (Senegalese Grilled Lamb With Onion-Mustard Sauce),4,"8 lamb loin chops | 1 tablespoon vegetable oil | 1/4 cup vegetable oil | salt | pepper | 1 medium onion, finely chopped | 1/4 cup grainy French mustard | 3 -4 tablespoons water | 1/2 teaspoon sugar (optional)","boil, grill, simmer",https://www.food.com/recipe/dibi-senegalese-grilled-lamb-with-onion-mustard-sauce-455037
Disney's Epcot World Showcase Moroccan Roast Lamb Shank Meshoui,4,"4 lamb shanks | olive oil, for browning | salt, to taste | 1/2 teaspoon black pepper | 1 onion, chopped | 1 tablespoon olive oil | 3 tablespoons unsalted butter | 1 stalk celery, finely sliced | 1 carrot, finely sliced | 1 red bell pepper, finely chopped | 4 garlic cloves, minced | 1 (16 ounce) can diced tomatoes, not drained | 1 teaspoon ground turmeric | 1 teaspoon ground paprika | 1 teaspoon ground cumin | 1 teaspoon ground ginger | 1/2 teaspoon saffron | salt, to taste | 1 quarter preserved lemons or 1 quarter fresh lemon | 1 tablespoon capers | 1 1/2 teaspoons brown sugar | 1 -2 cup water | 3 medium zucchini, quartered lengthwise and then cut in 2 inch long pieces | 1 tablespoon fresh parsley, finely chopped | 1 tablespoon fresh cilantro, finely chopped","bake, boil, roast, simmer",https://www.food.com/recipe/disneys-epcot-world-showcase-moroccan-roast-lamb-shank-meshoui-502297
Doro Wat (Ethiopian Spicy Braised Chicken),4,"1 (8 ounce) can tomato sauce | 1/4 cup paprika | 1/4 cup dry red wine | 1 tablespoon gingerroot, grated (may substitute 1 tsp ground ginger) | 1 -2 teaspoon ground red pepper | 1/8 teaspoon ground cardamom | 1/8 teaspoon ground nutmeg | 1/8 teaspoon ground cloves | 1/8 teaspoon ground cinnamon | 1/8 teaspoon ground allspice | 2 medium onions, chopped | 3 garlic cloves, minced | 2 tablespoons cooking oil | 1/2 teaspoon ground turmeric | 1 teaspoon salt | 1 broiler-fryer chicken, cut up (2 1/2 to 3 pounds) | 1/4 cup dry red wine | ethiopian flat bread","boil, simmer",https://www.food.com/recipe/doro-wat-ethiopian-spicy-braised-chicken-455567
Doro Wat (Spicy Chicken Stew),4,"4 skinless chicken legs, separated into thigh and drumstick | salt | 3 tablespoons lemon juice | 1/4 cup unsalted butter | 2 large onions, finely chopped | 3 garlic cloves, minced | 2 tablespoons paprika | 1 teaspoon ground black pepper | 1/2 teaspoon ground fenugreek | 1/2 teaspoon cumin | 1/2 teaspoon cardamom | 1/2 teaspoon cayenne pepper | 1/4 teaspoon coriander powder | 1 pinch ground cinnamon | 1 pinch clove | 1 pinch nutmeg | 1 pinch allspice | 1 cup water | 4 hard-boiled eggs, peeled","marinate, simmer",https://www.food.com/recipe/doro-wat-spicy-chicken-stew-456526
Doro Wot (Ethiopian National Chicken Dish),12,"2 lbs skinless chicken legs | lemon juice | 2 large red onions, finely chopped | 1 1/2 cups berbere (Ethiopian spice mixture) | 1 cup <a href=""https://www.food.com/recipe/niter-kibbeh-ethiopian-spiced-butter-532825"">Niter Kibbeh: Ethiopian Spiced Butter</a> recipe to make butter, for serving | 1/2 cup fresh garlic, finely ground | 1/2 cup fresh ginger, finely ground | 6 peeled hard-boiled eggs | salt | use <a href=""https://www.food.com/recipe/injera-fermented-sourdough-bread-532832"">Injera (Fermented Sourdough Bread)</a> recipe to make bread, for serving","boil, marinate, simmer",https://www.food.com/recipe/doro-wot-ethiopian-national-chicken-dish-532837
Dried Cherry Couscous Salad,24,"3 cups chicken broth or 3 cups water | 2 cups couscous | 2 cups dried tart cherries | 2 cups carrots, coarsely chopped | 1 1/2 cups cucumbers, chopped | 1/2 cup balsamic vinegar | 3 tablespoons olive oil | 2 tablespoons Dijon mustard | salt and pepper, to taste | toasted slivered almonds, for garnish (optional)","boil, toast",https://www.food.com/recipe/dried-cherry-couscous-salad-399212
East African Braised Chicken,4,"1 whole chicken, cut up into serving pieces | 1/2 teaspoon salt | 1/2 teaspoon pepper | 1 tablespoon olive oil | 3 cups vertically sliced onions | 1 tablespoon peeled chopped fresh ginger | 1 teaspoon curry powder | 1/2 teaspoon ground cinnamon | 1/2 teaspoon ground cardamom | 1/4 teaspoon ground red pepper | 2 garlic cloves, thinly sliced | 1/2 cup reduced-sodium fat-free chicken broth | 1/2 dry white wine | 3 tablespoons chopped pitted dates | 3 tablespoons golden raisins","bake, boil",https://www.food.com/recipe/east-african-braised-chicken-55013
East African Cardamom Tea,1,"cold water (three to six cups) | 3 -4 teaspoons tea (Earl Grey, English Breakfast, Irish Breakfast, etc.) | 6 green cardamom pods, bruised | honey or sugar, to taste | milk (I use homemade almond milk to be dairy free)",boil,https://www.food.com/recipe/east-african-cardamom-tea-455974
East African Curry,6,"2 ounces butter or 2 ounces oil | 1 cup chopped onion | 1 teaspoon garlic powder | 1 tablespoon curry powder | 1 teaspoon turmeric | 1 tablespoon salt | 1/2 teaspoon chili powder | 1 cup coconut cream | 2 lbs pork (shrimp or chicken) | 2 cups potatoes, diced | 1 cup water | 2 ounces lemon juice | 1 cup coconut cream | 2 bananas (optional) | 1/2 cup coconut flakes (optional) | 4 tablespoons butter (optional)","saute, simmer",https://www.food.com/recipe/east-african-curry-310179
East African Pea Soup,6,"2 cups chopped onions | 1 teaspoon minced garlic | 1 tablespoon vegetable oil | 1/2 teaspoon grated fresh ginger | 1 teaspoon salt | 1/2 teaspoon ground black pepper | 1 small habanero pepper, finely chopped | 1 teaspoon ground coriander | 1 teaspoon ground cumin | 1/4 teaspoon ground cardamom | 1 dash clove (no more than 1/8 tsp) | 1/4 teaspoon turmeric | 2 tomatoes, chopped | 1 sweet potato, diced (about 2 cups) | 3 1/2 cups water | 1 lb frozen green pea, thawed","blend, boil, saute, simmer",https://www.food.com/recipe/east-african-pea-soup-87002
East African Roast Chicken,6,"4 -4 1/2 lbs roasting chickens | 2 tablespoons butter, softened plus extra | butter, for basting | 3 garlic cloves, crushed | 1 teaspoon fresh ground black pepper | 1 teaspoon ground turmeric | 1/2 teaspoon ground cumin | 1 teaspoon dried thyme | 1 tablespoon fresh cilantro, minced | 4 tablespoons thick coconut milk | 4 tablespoons medium-dry sherry | 1 teaspoon tomato puree | salt, and | chili powder, to taste","marinate, roast",https://www.food.com/recipe/east-african-roast-chicken-310245
East African Tomato Chutney,4,"2 cups cherry tomatoes or 2 cups grape tomatoes, halved | 1/2 small white onion, minced | 1 green onion, white and little part of green,chopped | 2 tablespoons chopped fresh cilantro | 2 tablespoons chopped fresh flat-leaf parsley | 1 jalapeno pepper, minced | 2 teaspoons lemon juice | 1/2-1 teaspoon salt, to taste","boil, simmer",https://www.food.com/recipe/east-african-tomato-chutney-84311
easy moroccan carrots,2,"1 cup carrots, peeled and chopped or 1 cup baby carrots | 2 tablespoons olive oil or 2 tablespoons clarified butter | 1 teaspoon balsamic vinegar | 1 pinch salt | 1 pinch black pepper | 1 teaspoon honey | 1/4 lemon, juice of | 1 pinch cinnamon","microwave, steam",https://www.food.com/recipe/easy-moroccan-carrots-71033
Easy Tomato Soup With Israeli Couscous - Crock-Pot,4,"1 tablespoon olive oil | 1 medium yellow onion, chopped | 1 garlic clove, minced | 3 cups vegetable stock | 1 (28 ounce) can crushed tomatoes | 1 tablespoon tomato paste | 1 pinch sugar (or a natural sweetener) | 2 bay leaves | salt | fresh ground black pepper | 1 cup cooked israeli couscous | 2 tablespoons chopped fresh basil leaves (to garnish)",slow cook,https://www.food.com/recipe/easy-tomato-soup-with-israeli-couscous-crock-pot-343627
Eggplant Appetizer from Nigeria,2,"1 eggplant, large | 1 teaspoon sesame seeds, mashed (use tahini spread) | 1/2 teaspoon salt | 1 garlic clove, mashed | 4 tablespoons lemon juice | 2 tablespoons parsley, fresh and finely chopped","bake, steam",https://www.food.com/recipe/eggplant-appetizer-from-nigeria-305020
Emeril Lagasse's Moroccan Mint Tea,4,"4 teaspoons green tea leaves or 4 teaspoons moroccan tea | 24 fresh spearmint, plus more for garnish | 4 -5 tablespoons sugar (to taste) | 1 quart boiling water",boil,https://www.food.com/recipe/emeril-lagasses-moroccan-mint-tea-505571
Ethiopian Beef Steak Tartar (Kitfo),6,2 lbs top round beef (freshly cut) | 6 teaspoons ground cayenne pepper (Mitmita*) | 4 tablespoons clarified butter (Nitir Kebe) | 1 teaspoon cardamom powder (korerima) | 1/4 teaspoon garlic powder (optional) | salt and black pepper,marinate,https://www.food.com/recipe/ethiopian-beef-steak-tartar-kitfo-353928
Ethiopian Cabbage,4,"3 -4 tablespoons olive oil | 4 carrots, thinly sliced | 1 onion, thinly sliced | 1 teaspoon sea salt | 1/2 teaspoon ground black pepper | 1/2 teaspoon ground cumin | 1/4 teaspoon ground turmeric | 1/2 head cabbage, shredded | 5 potatoes, peeled and cut into 1-inch cubes",,https://www.food.com/recipe/ethiopian-cabbage-310482
Ethiopian Sauteed Lamb or Beef,4,"12 ounces lean lamb or 12 ounces beef sirloin | 1 garlic clove, minced | 1 tablespoon olive oil or 1 tablespoon vegetable oil | 1 small sweet onion, thinly sliced | 3 green hot peppers, quartered lengthwise | 1 red bell pepper, thinly sliced | 1 pinch salt | 1 tablespoon butter | 3 -4 teaspoons berbere mixed spice, recommend <a href=""https://www.food.com/recipe/berbere-spice-mix-ethiopian-454642"">Berbere Spice Mix (Ethiopian)</a>",saute,https://www.food.com/recipe/ethiopian-sauteed-lamb-or-beef-454643
Ethiopian Spiced Butter (Niter Kibbeh),1,"1 lb unsalted butter | 1 small onion, coarsely chopped | 3 tablespoons garlic, finely chopped | 1 teaspoon cardamom pod, crushed lightly with the side of a knife blade | 1 teaspoon fenugreek seeds | 1 teaspoon ground cumin | 1 -2 tablespoon gingerroot, finely chopped | 1/4 teaspoon grated nutmeg | 1 teaspoon dried oregano | 1/2 teaspoon ground turmeric | 5 -6 basil leaves",simmer,https://www.food.com/recipe/ethiopian-spiced-butter-niter-kibbeh-532490
Ethiopian Spicy Beef Stew (Key Wat),4,"1/2 teaspoon ground cumin | 1 teaspoon ground fenugreek | 1/4 teaspoon ground nutmeg | 1/2 teaspoon black pepper | 1/4 teaspoon turmeric | 4 tablespoons hot pepper flakes, dried, red (60 ml) | 2 tablespoons paprika (30 ml) | 1 teaspoon dried ginger | 2 teaspoons dried onion flakes | 1/2 teaspoon garlic powder (or flakes) | 1/4 teaspoon ground allspice | 3/4 teaspoon cardamom seed | 1/2 teaspoon ground cloves | 1 teaspoon ground coriander powder | 1/2 teaspoon ground cinnamon | 1 1/2 lbs beef, cut into 1 inch cubes (750 g) | 3 tablespoons oil | 2 tablespoons ghee (or butter or niter kibbeh, which is the real thing) | 1 onion, small, finely chopped | 2 garlic cloves, chopped and crushed | 2 teaspoons berbere, spice | 2 tablespoons tomato paste | 1/2 teaspoon sugar | 2 cups beef stock (500 ml, can use water) | 2 teaspoons sea salt (or to taste)","fry, stew, toast",https://www.food.com/recipe/ethiopian-spicy-beef-stew-key-wat-436458
Ethiopian Spicy Split Lentil Stew  (Yimser Wot),4,1 cup split red lentils | 1 1/2 tablespoons chili powder (Berbere) | 3 tablespoons extra virgin olive oil or 3 tablespoons vegetable oil | 1 red onions (chopped) or 1 shallot (chopped) | 5 1/2 cups water | 4 garlic cloves (diced) or 1 teaspoon garlic powder | 1/4 teaspoon cardamom powder (if available) | salt and black pepper,"boil, simmer, stew",https://www.food.com/recipe/ethiopian-spicy-split-lentil-stew-yimser-wot-363212
Ethiopian Tomato &amp; Cucumber Salad,4,"2 cups ripe tomatoes, seeded & diced or 2 cups cherry tomatoes, diced | 1 1/2 cups cucumbers, diced | 1/4 cup sweet onion, diced | 1 green hot pepper, seeded and finely diced | 4 teaspoons lemon juice | 2 teaspoons balsamic vinegar or 2 teaspoons red wine vinegar | 1/4 teaspoon salt | 1/4 teaspoon pepper | 2 teaspoons extra virgin olive oil",,https://www.food.com/recipe/ethiopian-tomato-cucumber-salad-454644
Falafel in Pita W/Roasted Garlic&amp;Caramelized Onion Couscous,4,"2 (15 ounce) cans chickpeas, rinsed and drained | 6 garlic cloves, chopped | 1/2 onion, chopped | 1 extra large egg | 1 lemon, juice of | 1/3 cup chopped parsley | 1/3 cup chopped cilantro | 2 teaspoons ground cumin | 2 teaspoons ground coriander | 1 teaspoon cayenne pepper | 1/3 cup self rising flour, plus 2 1/2 tbs | 1/4 cup all-purpose flour, for shaping patties | salt | canola oil (for frying) | 1 cup plain Greek yogurt | 1/4 cup tahini paste | 1 lemon, juice of | 2 garlic cloves, chopped | 1 pinch salt | 1 pinch paprika | 1/4 cup water | diced tomatoes and cucumber | pita bread, for sandwich | 1 (10 ounce) box couscous (plain) | 1 large onion, chopped | 5 garlic cloves | 1/4 cup olive oil, plus 1 tbs. olive oil | 1 teaspoon salt | 1/2 chicken bouillon cube | 2 tablespoons chopped parsley","bake, blend, fry, roast, saute, toast",https://www.food.com/recipe/falafel-in-pita-w-roasted-garlic-caramelized-onion-couscous-503608
Feggous and Tomato Salad (Moroccan Chopped Cucumber and Tomato S,4,"1 lb cucumber (or feggous) | 1 lb tomatoes, fresh, ripe | 2 tablespoons parsley, chopped fresh (or mint) | 2 -3 teaspoons onions, finely chopped | 2 tablespoons lemon juice (or vinegar) | 3 tablespoons olive oil (or vegetable oil) | salt, to taste | pepper, to taste",marinate,https://www.food.com/recipe/feggous-and-tomato-salad-moroccan-chopped-cucumber-and-tomato-s-503818
Fish Marinade (Chermoula),4,"1 cup fresh cilantro | 4 garlic cloves, peeled | 2 tablespoons white vinegar | 1 lemon, juice of | 1 lime, juice of | 1 tablespoon paprika | 1 tablespoon ground cumin | 1/2 teaspoon crushed red pepper flakes | 2 tablespoons olive oil (more if needed) | salt, to taste | cayenne pepper, to taste",blend,https://www.food.com/recipe/fish-marinade-chermoula-504293
"Fish Tagine With Tomatoes, Capers, and Cinnamon",4,"3/4 teaspoon ground cumin | 1/4 cup olive oil, extra virgin | 1 (15 ounce) can stewed tomatoes, chopped | 1 1/2 tablespoons capers, drained | 1/2 teaspoon cinnamon | 24 ounces fish fillets, about 1-inch thick (halibut is a good choice)",simmer,https://www.food.com/recipe/fish-tagine-with-tomatoes-capers-and-cinnamon-428302
Five-Spice Moroccan Coucous Salad,4,"1/4 cup peanut oil | 1/4 teaspoon turmeric | 1/4 teaspoon ground cinnamon | 1/4 teaspoon ground ginger | 1/4 teaspoon ground cumin | 1/4 teaspoon cayenne pepper | 1 1/2 cups instant couscous | 2 1/2 cups vegetable stock (or water) | 2 tablespoons orange juice | 1 teaspoon brown sugar | salt (to taste) | 415 g can chickpeas | 1 small red onion, finely chopped | 1/2 large red capsicum, seeded and cut into 1/4 inch pieces | 1/3 cup dates, pitted and chopped | 1/4 cup raisins | 2 tablespoons minced fresh coriander | 2 tablespoons unsalted peanuts, for garnish (chopped)","blend, boil",https://www.food.com/recipe/five-spice-moroccan-coucous-salad-428334
Fluffy Couscous,6,3 cups chicken broth | 1/4 teaspoon salt | 2 tablespoons olive oil or 2 tablespoons unsalted butter | 2 1/4 cups couscous | 1/2 cup currants (optional) or 1/2 cup golden raisin (optional) | 1/2 cup slivered almonds (optional),boil,https://www.food.com/recipe/fluffy-couscous-414772
Frans's Prizewinning Bobotie,6,"2 slices brown bread, thickly sliced | 1 1/2 cups milk | 2 tablespoons olive oil | 2 teaspoons butter | 2 onions, medium, finely chopped | 3 garlic cloves, chopped | 2 tablespoons curry powder (fresh, not too strong) | 1 tablespoon apricot jam | 2 tablespoons chutney (this would be a fruity chutney like Mrs Balls or Wellingtons) | 5 teaspoons vinegar, brown (we use a brown grape or wine vinegar) | 1 teaspoon lemon juice | 1 tablespoon Worcestershire sauce | 1 tablespoon turmeric | 2 lbs ground beef (and add 2 oz extra, as he uses 1 kg lean mince, just over 2 lbs) | 1/3 cup raisins (more than 1/3rd, he uses 100 ml) | 1/3 cup almonds, split (more than 1/3rd, he uses 100 ml) | 2 teaspoons salt | 3 eggs | 8 bay leaves (or use lemon leaves)","bake, fry",https://www.food.com/recipe/franss-prizewinning-bobotie-417625
French Merguez Sausages - Culinary Communion,10,"7 lbs lean lamb, trimmed and cubed | 3 lbs pork fatback, cubed | 3 ounces salt | 5 teaspoons granulated sugar | 1/2 teaspoon white pepper | 1/2 teaspoon ground cloves | 1/2 teaspoon ground ginger | 1 1/2 teaspoons crushed red pepper flakes | 1/4 cup minced garlic, sauteed and cooled | 1 1/2 lbs roasted red peppers, peeled, seeded, and small diced | 1 cup very cold dry red wine or 1 cup ice cold water | sheep casing, rinsed, 38 feet (may substitute hog casing if necessary)","broil, fry, grill, marinate",https://www.food.com/recipe/french-merguez-sausages-culinary-communion-340487
Fresh Moroccan Salad,4,1 green pepper | 2 tomatoes | 1 cucumber | 1 small onion | salt & freshly ground black pepper | 1 tablespoon oil | 1 teaspoon vinegar | 4 -6 black olives,,https://www.food.com/recipe/fresh-moroccan-salad-424023
Fresh Strawberries With Yogurt (Easy Moroccan Dessert),4,1 lb fresh strawberries | 1/2 cup vanilla yogurt | 3 tablespoons sugar (to taste) | 1 dash vanilla extract (optional) or 1 dash flavoring (optional),,https://www.food.com/recipe/fresh-strawberries-with-yogurt-easy-moroccan-dessert-503681
Fried Calf Liver Sudanese-Style,4,"2 tablespoons olive oil | 2 garlic cloves, minced | salt, to taste | 1/4 teaspoon ground cinnamon | 2 teaspoons tomato paste | 1 lb calf liver, cut into 1/2-inch cubes | 2 tablespoons water",,https://www.food.com/recipe/fried-calf-liver-sudanese-style-305967
Fried Fish With Moroccan Herb Sauce,2,"1/4 cup coarsely chopped fresh cilantro | 1/4 cup coarsely chopped fresh parsley leaves | 1 clove garlic, minced | 2 tablespoons fresh lemon juice | 1/2 teaspoon paprika | 1/2 teaspoon ground cumin | 1/8 teaspoon cayenne, to taste | 3 tablespoons vegetable oil, plus | additional oil, for frying the fish | 1 lb halibut or 1 lb grouper, cut into four equal pieces | all-purpose flour, seasoned with | salt and pepper, for dredging the fish","blend, fry",https://www.food.com/recipe/fried-fish-with-moroccan-herb-sauce-97103
Fruited Israeli Couscous,12,"2 teaspoons butter | 1 cup onion, finely chopped | 1/2 cup dried currant | 1/2 cup dried apricot, diced | 1/2 teaspoon salt | 3 (14 ounce) cans reduced-sodium fat-free chicken broth | 3 (3 inch) cinnamon sticks | 2 1/2 cups uncooked israeli couscous | 1/4 cup chopped fresh cilantro","boil, simmer",https://www.food.com/recipe/fruited-israeli-couscous-429950
Cinnamon-Sugar Fufu,6,"1 lb white potato, skinned | 1 lb orange sweet potatoes, skinned | 1/4 lb butter | 1 teaspoon cinnamon | 1/2 teaspoon cardamom | 1/4 cup sugar","boil, grill, marinate",https://www.food.com/recipe/fufu-310279
Buttery Mashed Yams,6,3 lbs yams (or malanga or cocoyam or green plantains) | 2 tablespoons butter or 2 tablespoons margarine | salt | pepper,"blend, boil",https://www.food.com/recipe/fufu-310286
Gabi's Harissa (Moroccan Hot Sauce),8,2 -3 red bell peppers | 10 habaneros | 1 teaspoon cumin | 1 teaspoon ground coriander | 2 tablespoons olive oil | salt and pepper,grill,https://www.food.com/recipe/gabis-harissa-moroccan-hot-sauce-310254
Geelrys (South African Yellow Rice With Raisins),4,"4 cups water or 4 cups stock | 2 1/2 cups long-grain rice | 1 teaspoon turmeric | 1 cinnamon stick | 1/2 teaspoon ground cinnamon | 1 -2 tablespoon sugar, white or brown | salt and pepper, to taste | 1/2 cup raisins (sultanas are best) | butter (optional)","boil, simmer",https://www.food.com/recipe/geelrys-south-african-yellow-rice-with-raisins-456514
Ghanaian Waakye (Beans and Rice),2,"7 ounces dried kidney beans, red beans (beans) or 7 1/8 ounces black-eyed peas, rinsed | 7 ounces long grain rice | salt | 4 -5 cups water","blend, boil",https://www.food.com/recipe/ghanaian-waakye-beans-and-rice-456096
Golden Couscous,6,"1 large yellow bell pepper, diced | 1 medium sweet onion, finely chopped | 3 tablespoons extra virgin olive oil, divided | 2 1/4 cups fresh corn, cut whole kernel | 1/2 teaspoon salt | 1/4 teaspoon pepper | 1 1/2 cups chicken broth | 1 cup couscous, uncooked | 2 teaspoons ground turmeric | 1 teaspoon ground cumin","boil, saute",https://www.food.com/recipe/golden-couscous-494398
Greek Couscous,6,"2 pieces sun-dried tomatoes, finely chopped | 1/4 cup onion, finely chopped (divided) | 1 cup water | 1 cup couscous (dry) | 1/4 teaspoon salt | 5 jumbo black olives | 1/2 cup feta cheese, crumbled | 1 tablespoon fresh basil, chopped | 2 tablespoons greek salad dressing with feta | 1 small garlic clove, minced","boil, microwave",https://www.food.com/recipe/greek-couscous-427578
Greek Couscous Salad,8,"1 (5 5/8 ounce) box garlic and herb couscous mix | 3/4 cup chickpeas, rinsed | 1 cucumber, diced & seeded | 1 medium tomatoes, diced | 1/2 cup feta cheese | 1/2 cup sliced ripe olives | 3 green onions, sliced | 1/2 teaspoon garlic powder | 1/2 teaspoon dried mint | 1/2 teaspoon all purpose Greek seasoning | 1 tablespoon lemon juice | 1/2 cup Greek salad dressing",,https://www.food.com/recipe/greek-couscous-salad-433410
Grilled Beets With Moroccan Dressing,4,"4 beets, raw and unpeeled | olive oil, for brushing | 3 garlic cloves, minced | 1 onion, finely chopped | 1 tomatoes, chopped | 2 tablespoons fresh cilantro, chopped | 1/4 teaspoon ground cumin | 1/4 teaspoon curry powder | 1 tablespoon vinegar or 1 tablespoon lemon juice | 3 tablespoons olive oil | 1 pinch sugar | salt, to taste | ground cayenne pepper, to taste","blend, grill",https://www.food.com/recipe/grilled-beets-with-moroccan-dressing-356112
Grilled Cod With Moroccan-spiced Tomato Relish,4,"4 (6 ounce) cod fish fillets | 3 tablespoons olive oil | salt | fresh ground black pepper | 1/2 teaspoon ground cumin | 1/2 teaspoon ground coriander | 1/8 teaspoon ground red pepper | 1 clove garlic, minced | 3 medium tomatoes, seeded and diced | 2 tablespoons orange juice | 1/2 teaspoon salt","broil, grill",https://www.food.com/recipe/grilled-cod-with-moroccan-spiced-tomato-relish-94297
Grilled Harissa Carrot Hummus,6,"1 lb carrot, peeled, ends trimmed | 1/4 cup harissa, divided, plus more | 6 garlic cloves, finely grated, divided | 2/3 cup plus 2 tablespoons extra virgin olive oil, plus more | 2 tablespoons fresh thyme leaves, plus more | 1 teaspoon ground cumin | kosher salt | 2 (15 ounce) cans chickpeas, drained and 2 tablespoons of liquid reserved | 1/3 cup tahini | 2 tablespoons fresh lemon juice | aleppo pepper (for serving) | vegetable oil (for brushing)",grill,https://www.food.com/recipe/grilled-harissa-carrot-hummus-536444
"Grilled Harissa Lamb With Yogurt, Moroccan",2,"1 tablespoon corinader seeds | 1 tablespoon cumin seed | 3 tablespoons harissa (purchased or homemade) | 1 lemon, juice of | 2 tablespoons extra-virgin olive oil (Moroccan preferred) | 4 garlic cloves, minced | 1 -3 lb lamb shoulder, boned and butterflied | kosher salt & freshly ground black pepper | 1 cup yogurt | 1 cup cucumber, peeled, seeded and coarsley grated | 1/4 cup mint, minced | 3 tablespoons preserved lemons, minced | kosher salt & freshly ground black pepper","grill, marinate, roast",https://www.food.com/recipe/grilled-harissa-lamb-with-yogurt-moroccan-492545
Grilled Lemon Chicken and Moroccan Couscous Salad,6,"2 cups low sodium chicken broth | 2 tablespoons extra virgin olive oil, divided | 1 tablespoon ground ginger | 2 garlic cloves, pressed | 2 teaspoons salt, divided | 1 teaspoon ground turmeric | 1/2 teaspoon ground cinnamon | 1/4 teaspoon ground cumin | 1 (10 ounce) box couscous | 1/2 cup raisins | 1 cucumber, peeled, seeded, cut into 1/2-inch cubes (about 1 1/2 cups) | 1 large red bell pepper, cut into 1/2-inch cubes (about 2 cups) | 1 large carrot, peeled, quartered lengthwise, thinly sliced crosswise | 1 cup thinly sliced green beans or 1 cup trimmed sugar snap pea | 2 teaspoons finely grated lemon peel | 1/4 cup fresh lemon juice | 2 1/2 tablespoons extra virgin olive oil | 2 tablespoons fresh lemon juice | 1/2 teaspoon salt | 1/2 teaspoon ground black pepper | 6 large boneless skinless chicken breast halves, pounded to 1/3-inch thickness | 3/4 cup plus 1/3 cup chopped fresh cilantro (loosely packed) | 1/2 cup chopped toasted almond (optional) | 1 lemon, cut into 6 wedges","boil, grill",https://www.food.com/recipe/grilled-lemon-chicken-and-moroccan-couscous-salad-315257
Grilled Salmon With Brown Butter Couscous,4,"2 tablespoons butter | 2 tablespoons pine nuts | 1 cup couscous, uncooked | 2 tablespoons dry white wine | 1 (14 1/2 ounce) low sodium chicken broth | 1 tablespoon lemon rind, grated | 1 tablespoon lemon juice | 1/2 teaspoon kosher salt, divided | 1/4 teaspoon black pepper | 1/2 teaspoon white pepper | 1/2 teaspoon ground fennel | 1/2 teaspoon ground coriander | 1/4 teaspoon sugar | 4 (6 ounce) salmon fillets, skinless | cooking spray","boil, grill",https://www.food.com/recipe/grilled-salmon-with-brown-butter-couscous-478579
Grilled Salmon With North African Flavors,4,"1/4 cup nonfat plain yogurt | 1/4 cup chopped fresh parsley | 1/4 cup chopped fresh cilantro | 2 tablespoons lemon juice | 1 tablespoon extra virgin olive oil | 3 garlic cloves, minced | 1 1/2 teaspoons paprika | 1 teaspoon ground cumin | 1/4 teaspoon salt | 1/8 teaspoon ground pepper | 1 lb center-cut salmon fillet, cut into 4 portions | 1 lemon, cut into wedges",grill,https://www.food.com/recipe/grilled-salmon-with-north-african-flavors-307035
Harissa,6,"4 ounces hot red chilies, deseeded | 4 garlic cloves | 2 tablespoons water | 2 tablespoons extra virgin olive oil | 1/2 teaspoon ground caraway seed | 1/2 teaspoon ground coriander | 1 teaspoon ground cumin | 1/2 teaspoon salt | extra olive oil",blend,https://www.food.com/recipe/harissa-502691
Harissa Burgers,4,"1 lb ground lamb | 2 tablespoons harissa | 2 teaspoons fennel seeds | 2 large garlic cloves, minced | 2 teaspoons ground coriander | 2 teaspoons ground cumin | 1/4 teaspoon ground cinnamon | kosher salt | black pepper | hamburger bun",grill,https://www.food.com/recipe/harissa-burgers-457053
Harissa Cauliflower Steaks,4,"1 head cauliflower, leaves removed | 1/2 teaspoon kosher salt | 4 teaspoons president's choice virgin cold-pressed coconut oil | 1/2 teaspoon president's choice black label harissa spice blend moroccan seasoning | 4 teaspoons pine nuts | 2 lemon wedges | 8 mint leaves","blend, fry",https://www.food.com/recipe/harissa-cauliflower-steaks-523456
Harissa Couscous,10,"14 ounces couscous | 6 -8 scallions, finely sliced | 3 tablespoons mint, roughly chopped | 9 ounces cherry tomatoes, halved | 1 3/4 cups vegetable stock, hot | 1 teaspoon harissa | 3 tablespoons olive oil | 1 lemon, juice",,https://www.food.com/recipe/harissa-couscous-421357
Harissa-Marinated Top Sirloin Tips,6,"2 lbs top sirloin steaks, trimmed of fat (about 1 1/2 inches thick) | 4 tablespoons olive oil | 4 garlic cloves | 2 tablespoons brown sugar | 2 tablespoons soy sauce | 1 tablespoon fresh thyme leave | 5 teaspoons harissa | salt","blend, marinate",https://www.food.com/recipe/harissa-marinated-top-sirloin-tips-427734
Harissa Oil,10,"2 dried chilies | 1 teaspoon cumin seed | 1 teaspoon coriander seed | 1 teaspoon caraway seed | 1 pinch dried mint, crumbled | 1/2 teaspoon sea salt | 2 garlic cloves, peeled and smashed | 10 fluid ounces olive oil",,https://www.food.com/recipe/harissa-oil-367394
Harissa Pork Patties or Burgers,4,"1 lb good quality sausage meat | 1 -2 tablespoon harissa, more if you want it spicier | 1 small red onion, very finely chopped | 1 clove garlic, crushed | 2 tablespoons finely chopped flat leaf parsley (or a mix of coriander and parsley) | 1 tablespoon chopped chives | 2 tablespoons olive oil | lemon slice, to serve",fry,https://www.food.com/recipe/harissa-pork-patties-or-burgers-59473
Healthy Couscous With Roasted Mediterranean Vegetables (Ww),2,"1 tablespoon olive oil | 2 garlic cloves, crushed | 1 red onion | 1 yellow bell pepper | 1 zucchini | 1/2 teaspoon Cavenders All Purpose Greek Seasoning (more or less to your taste) | 3/4 cup chicken broth (I use 1 stock cube and boiling water) | 1 cup couscous | aluminum foil","bake, roast",https://www.food.com/recipe/healthy-couscous-with-roasted-mediterranean-vegetables-ww-384987
Herb Couscous Stuffed Tomatoes,4,4 tomatoes (large vin ripened) | 1/3 cup couscous | 1 tablespoon currants | 1/4 cup chicken stock (salt reduced) | 1 tablespoon lemon juice | 1 tablespoon almonds (slivered toasted) | 1 tablespoon basil leaves (fresh chopped) | 1 tablespoon parsley (fresh flat-leaf parsley leaves) | 1 tablespoon chives (fresh finely chopped) | 1 teaspoon extra virgin olive oil | salt and pepper (to taste),"bake, microwave",https://www.food.com/recipe/herb-couscous-stuffed-tomatoes-449004
Herbed Couscous,4,"2 tablespoons butter | 2 garlic cloves, minced | 3/4 cup chopped scallion (green onion) | salt | black pepper | 1 1/2 cups couscous | 2 cups low sodium chicken broth | 1 tablespoon chopped fresh parsley","boil, saute, simmer",https://www.food.com/recipe/herbed-couscous-489818
Herbed Couscous,4,"1 cup couscous | 1 tablespoon olive oil | 1 cup boiling chicken stock | 1 tablespoon preserved lemon, finely chopped | 1/2 cup parsley, finely chopped | 1/2 cup mint, finely chopped | 1/2 cup sultana | 1/2 cup almonds, roughly chopped, toasted | salt and pepper",boil,https://www.food.com/recipe/herbed-couscous-496131
Herbed Israeli Couscous,4,"2 tablespoons olive oil | 2 cups israeli couscous | 4 cups chicken broth or 4 cups vegetable broth | 1/4 cup fresh parsley, chopped | 1 tablespoon tarragon, chopped | 1 tablespoon rosemary, chopped | 1/4 cup lemon juice | 1 teaspoon salt | 1/2 teaspoon pepper","boil, saute, simmer",https://www.food.com/recipe/herbed-israeli-couscous-332670
Hoisin-Honey Beef With Couscous,4,2 cups chicken broth | 2 grated carrots | 1 cup couscous | 1 lb beef sirloin steak | 1 sweet red pepper | 12 green onions | 1 tablespoon of minced garlic | 1 tablespoon ginger | 6 tablespoons hoisin sauce | 3 tablespoons honey | 1 tablespoon toasted sesame oil | 1/4 cup fresh cilantro,"boil, fry",https://www.food.com/recipe/hoisin-honey-beef-with-couscous-479774
Homemade Piri-Piri ( Hot  Sauce) Mia's Way,4,2 kg hot red chili peppers | 3 bulbs of garlic | 2 cups olive oil | 1 1/2 cups coarse salt,blend,https://www.food.com/recipe/homemade-piri-piri-hot-sauce-mias-way-336778
Honey Almond Briouats,16,350 g marzipan | 50 g chopped almonds | 1/2 teaspoon almond extract | 4 tablespoons orange flower water | 8 -10 phyllo pastry sheets (depending on size of sheets) | 125 g melted butter | 260 g honey,"bake, boil",https://www.food.com/recipe/honey-almond-briouats-320735
Honey Dijon Almond Couscous,4,"1/2 cup Fisher Chef's Naturals Sliced Almonds, toasted | 1 1/2 cups water | 1 cup uncooked israeli couscous | 2 tablespoons olive oil | 1/2 cup diced red onion | 1/4 cup diced red bell pepper | 1/4 cup diced carrot | 1/4 cup raisins | 1 teaspoon ground turmeric | 1/2 teaspoon ground cinnamon | salt & fresh ground pepper (optional) | 3 tablespoons honey | 1 tablespoon Dijon mustard | 1/2 teaspoon lemon zest","bake, boil, toast",https://www.food.com/recipe/honey-dijon-almond-couscous-476004
Honey Orange Glazed Salmon With Orange Almond Couscous,4,"1 cup florida orange juice | 1 1/2 lbs whole wild salmon fillets | 2 tablespoons honey | 3 slices fresh gingerroot | 1 1/3 cups whole wheat couscous | 3 tablespoons extra virgin olive oil, divided | 2 cups arugula | 1/4 cup sliced green onion (2-3 onions) | 1/2 cup toasted sliced almonds | 2 cups water | salt and pepper | 1/2 cup florida orange juice | 1/4 cup extra virgin olive oil | 1 garlic clove, crushed | 1 tablespoon honey | 1 teaspoon Dijon mustard | 2 teaspoons red wine vinegar | salt and pepper","boil, fry, simmer",https://www.food.com/recipe/honey-orange-glazed-salmon-with-orange-almond-couscous-535379
Hot Moroccan Chicken Salad,4,"1 3/4 cups water | 1 (10 ounce) box couscous | 1 teaspoon salt, divided | 1 tablespoon olive oil | 4 boneless skinless chicken breast halves | 2 teaspoons chopped garlic | 3 tablespoons fresh lemon juice | 2 tablespoons chopped fresh cilantro | 1 tablespoon white wine vinegar | 1 teaspoon cumin | 1/2 teaspoon paprika | 1/4 teaspoon ground red pepper | 1/3 cup olive oil | 1/2 cup thinly sliced red onion | 1 medium yellow pepper, cut into thin strips | 1 pint cherry tomatoes, halved | 1/2 cup olive","boil, broil, grill",https://www.food.com/recipe/hot-moroccan-chicken-salad-45355
How to Prepare Beef Jerky the South African Way,5,5 kg rump steak | 300 g rock salt | 50 g of mix color whole pepper | 25 g whole coriander seeds | 4 g sugar | 1/2 liter of brow vinegar | 25 ml Worcestershire sauce | 50 g all-purpose seasoning | 250 ml warm water,,https://www.food.com/recipe/how-to-prepare-beef-jerky-the-south-african-way-533113
Injera (Ethiopian Flat Bread),24,"1/2 cup whole wheat flour | 1/3 cup all-purpose flour | 1 tablespoon brown sugar | 1/2 teaspoon salt | 1/4 teaspoon baking powder | 1/8 teaspoon baking soda | 2 eggs, beaten | 2 cups buttermilk | 1 tablespoon cooking oil",,https://www.food.com/recipe/injera-ethiopian-flat-bread-455607
Injera (Ethiopian Flatbread),12,"2 cups teff flour or 2 cups whole wheat flour, not stone ground | 1 cup all-purpose flour, not self-rising | 1 teaspoon salt | 1 1/2 teaspoons baking soda | 1/2 cup cups plain yogurt | 3 cups club soda",stew,https://www.food.com/recipe/injera-ethiopian-flatbread-396578
Injera (Fermented Sourdough Bread),20,1 1/2 lbs teff flour | 1/2 lb barley flour | 1/4 cup wheat flour,,https://www.food.com/recipe/injera-fermented-sourdough-bread-532832
Israeli Couscous and Cranberry Salad,8,"1 cup israeli couscous | 2 cups vegetable stock | 4 tablespoons olive oil, divided | 2 cups dried cranberries | 1 cup pine nuts | 1/2 cup spring onion, white parts only, chopped | 1/2 red onion, medium sized and finely chopped | 1/2 cup cilantro, chopped | 1 teaspoon lemon zest | 1 shallot, minced | 1/2 lemon | salt",simmer,https://www.food.com/recipe/israeli-couscous-and-cranberry-salad-434259
Israeli Couscous Pepper Salad,4,"2 cups water (or vegetable broth) | 1 cup israeli couscous | 1 teaspoon olive oil | 1/2 teaspoon kosher salt | 1 1/2 cups kidney beans, rinsed and drained (or black beans) | 3/4 cup chopped red bell pepper | 3/4 cup chopped green bell pepper | 1/4 cup chopped red onion | 3 green onions, chopped | 1/2 cup chopped fresh cilantro | 1/4 cup chopped fresh flat leaf parsley | 1/4-1/2 teaspoon red pepper flakes (optional) | 1 tablespoon honey | 1 large lime, juice of | 3 tablespoons extra virgin olive oil | salt and pepper","boil, simmer",https://www.food.com/recipe/israeli-couscous-pepper-salad-318373
Israeli Couscous  Salad,6,"salt | 1 lb israeli couscous | 1/4 cup extra virgin olive oil | 2 tablespoons sherry wine vinegar (or freshly squeezed lemon juice) | 1/2 teaspoon ground cumin | 1/8 teaspoon ground cinnamon | 1 preserved lemon, skin only, sliced as thinly as possible (or 1 T. lemon zest) | 1/2 small red onion, thinly sliced | 1/4 cup currants or 1/4 cup golden raisin | 1/2 cup cooked chickpeas (can be drained canned) | 2 tablespoons capers | 1/2 cup pine nuts, toasted | 1 pint cherry tomatoes or 1 pint grape tomatoes, halved if large | 1/2 cup chopped fresh parsley leaves",boil,https://www.food.com/recipe/israeli-couscous-salad-485885
Israeli Couscous Salad With Roasted Cherry Tomatoes,6,"1 cup israeli couscous | 1 pint cherry tomatoes | 3 garlic cloves | 10 olives, kalamata, cut into slivers | 1/4 cup parsley, Italian flat leaf, chopped | 5 basil leaves, slivered | 1/4 cup olive oil | 2 tablespoons white balsamic vinegar | 1/2 cup edamame (soy beans) (optional)",roast,https://www.food.com/recipe/israeli-couscous-salad-with-roasted-cherry-tomatoes-431009
"Israeli Couscous, Tomato and Mozzarella Salad",6,"2 cups fresh cherry tomatoes | 1 (8 ounce) container fresh perline mozzarella cheese | 2 tablespoons extra virgin olive oil | 1 teaspoon balsamic vinegar | 1/2 teaspoon salt | 1/4 teaspoon fresh ground black pepper | 1 garlic clove, crushed and minced | 1 (8 ounce) box israeli couscous | 1/4 cup chopped fresh basil | basil leaves, for garnish",marinate,https://www.food.com/recipe/israeli-couscous-tomato-and-mozzarella-salad-389857
Israeli Couscous With Asparagus,6,"2 cups water | 1 3/4 cups asparagus, diagonally cut into 1 inch slices | 1 teaspoon olive oil | 1/2 cup onion, chopped | 2 garlic cloves, minced | 1 1/4 cups chicken broth, fat and salt-free | 1/2 teaspoon salt | 1 cup couscous, such as Israeli couscous | 1/2 teaspoon fresh ground black pepper | 1/4 cup red bell pepper, chopped | 2 tablespoons cashew nuts, chopped and lightly salted",boil,https://www.food.com/recipe/israeli-couscous-with-asparagus-428659
Israeli Couscous With Pecans,4,"3 tablespoons butter, divided | 1/2 cup pecans, chopped | 1/2 onion, chopped | 1 1/2 cups israeli couscous | 1/2 large cinnamon stick | 1 dried bay leaf | 1 3/4 cups chicken broth | 1/2 teaspoon salt | 1/4 cup fresh parsley, minced | 1/2 lemon, zest of | black pepper","boil, saute, simmer",https://www.food.com/recipe/israeli-couscous-with-pecans-406383
Israeli Couscous With Pine Nuts and Fresh Parsley,6,"3 tablespoons butter, divided | 1/2 cup pine nuts | 1/2 cup shallot, finely chopped | 1 1/2 cups israeli couscous | 1/2 large cinnamon stick | 1 bay leaf (fresh if you have it!) | 1 3/4 cups vegetable broth (or chicken broth) | 1/2 teaspoon salt | 1/4 cup fresh parsley, minced | 1/2 lemon, zest of | 1/4 cup raisins | fresh cracked black pepper, to taste","boil, saute, simmer",https://www.food.com/recipe/israeli-couscous-with-pine-nuts-and-fresh-parsley-422893
Israeli (Pearl) Couscous,4,"1 cup israeli couscous | 1 1/4 cups water | 1 tablespoon canola oil | 1 teaspoon curry powder | 1/2 teaspoon salt | 1/2 teaspoon pepper | 1/4 cup almonds, toasted (slices or slivers) | 1/4 cup dried cranberries | 1/4 cup red pepper, diced | 1/4 cup dried apricot, cut into quarters | basil (whichever you prefer) or cilantro leaf (whichever you prefer)","boil, saute, simmer, toast",https://www.food.com/recipe/israeli-pearl-couscous-454207
Israeli Simmered Vegetables over Spiced Couscous,6,"1 small cabbage, cut vertically into 6 wedges (do not remove core) | 4 large carrots (cut each into 3 chunks) | 2 medium zucchini, unpeeled (cut each in half crosswise, then in half lengthwise) | 2 medium onions, quartered vertically | 2 medium potatoes, unpeeled, cut into eighths | 1 (19 ounce) can chickpeas (garbanzo beans) | 5 cups vegetable broth | 1/2 teaspoon garlic powder | salt and pepper, to taste | 1 1/2 cups water | 1 cup couscous, uncooked | 1/4 teaspoon cinnamon | 1/4 teaspoon cumin","boil, simmer",https://www.food.com/recipe/israeli-simmered-vegetables-over-spiced-couscous-63687
Jben - Moroccan Fresh Cheese,4,1 liter milk | 1 liter buttermilk (Jben) | 1/4 teaspoon salt | 1/4 teaspoon dried thyme (or other herbs),"boil, toast",https://www.food.com/recipe/jben-moroccan-fresh-cheese-502807
Jeweled Cinnamon Couscous,4,"1 tablespoon butter | 1/2 red onion, chopped | 1 (8 ounce) package mushrooms, sliced | 1 (14 ounce) can vegetable broth | 1/4 cup water | 1 (15 ounce) can garbanzo beans | 1/2 cup dried cranberries | 1/2 cup golden raisin | 1/4 cup dry sherry | 1 teaspoon salt | 1/2 teaspoon ground cinnamon | 1/4 teaspoon black pepper | 1 (10 ounce) package couscous",boil,https://www.food.com/recipe/jeweled-cinnamon-couscous-469676
Jeweled Couscous,4,"3 cups vegetable stock | 12 ounces uncooked couscous | 1 lemon, grated rind only | 4 tablespoons extra virgin olive oil | 2 ounces toasted sliced almonds | 3 ounces dried apricots, chopped | 2 ounces sultanas or 2 ounces golden raisins | 3 tablespoons chopped fresh parsley | salt & freshly ground black pepper","boil, microwave",https://www.food.com/recipe/jeweled-couscous-39164
Jollof Rice,4,"4 pieces chicken (4 to 6) | 1/2 teaspoon salt | 1/4 teaspoon black pepper | 1/4 cup vegetable oil | 1 medium onion, peeled and finely chopped | 1/4 lb cubed salt pork or 1/4 lb ham | 2 beef bouillon cubes | 1/4 teaspoon ground red pepper | 1/2 teaspoon dried thyme or 1 sprig fresh thyme, crushed | 1/2 cup water | 1 (6 ounce) can tomato paste | 1/4 cup uncooked rice | 2 cups tomatoes (or any combination of vegetables) or 2 cups string beans (or any combination of vegetables)","fry, saute, simmer",https://www.food.com/recipe/jollof-rice-455553
Kahawa - Ethiopian Coffee,4,"2 cardamom pods, lightly bruised | 60 g ground coffee | 1 lt water","boil, simmer",https://www.food.com/recipe/kahawa-ethiopian-coffee-456986
Kalya E Khaas (Traditional South African Chicken Curry),4,"2 -3 lbs chicken pieces | 1 cup yogurt | 1 cup tomatoes, chopped | 1 cinnamon sticks or 1/2 teaspoon ground cinnamon | 3 cardamom pods, slightly crushed or 1 teaspoon ground cardamom | 2 -4 whole cloves | 3 whole black peppercorns | 1/2 teaspoon cumin seeds or 1/4 teaspoon ground cumin | 3 -4 whole green chilies | 1/2 teaspoon saffron (optional) | 1/4 teaspoon turmeric | 1 teaspoon cayenne pepper or 1 teaspoon paprika | 1 teaspoon fresh ginger, grated | 1 teaspoon garlic, grated | 1 teaspoon salt | 2 medium onions, finely sliced | 1 -4 tablespoon clarified butter (original is 1/4 cup) or 1 -4 tablespoon butter (original is 1/4 cup) | 1 -4 tablespoon canola oil (original is 1/4 cup) or 1 -4 tablespoon olive oil (original is 1/4 cup) | prune, added the last 15 minutes of cooking (optional) | 1 sprig fresh cilantro, to garnish | 1 sprig of fresh mint, to garnish","fry, marinate, simmer, stew",https://www.food.com/recipe/kalya-e-khaas-traditional-south-african-chicken-curry-306841
Kayaku Gohan (Rice With Vegetables),4,"1 1/2 cups short-grain rice | 1/2 cup ground chicken (all work well) or 1/2 cup diced chicken | 2 tablespoons corn oil (if you're using meat) or 2 tablespoons grapeseed oil (if you're using meat) | salt, to taste | pepper, to taste | 1/4 lb shiitake mushroom, stems removed and caps sliced | 1 small carrot, finely diced | 1/4 cup water chestnuts or 1/4 cup celery, chopped | 1/4 lb fried tofu (abruage) or 1/4 lb firm tofu, well pressed and cut into chunks | 3 tablespoons soy sauce | 3 tablespoons mirin or 3 tablespoons honey | 2 1/2 cups chicken stock or 2 1/2 cups water",boil,https://www.food.com/recipe/kayaku-gohan-rice-with-vegetables-305670
Kenkey,3,"2 pepper | 2 onions | 12 ounces , sardine | two tomatoes | 1 tablespoon salt | 2 tilapia fillets | sardine oil | 2 green peppers",blend,https://www.food.com/recipe/kenkey-528961
Kenyan Coconut Rice,6,2 cups rice | 4 cups thin coconut milk | 1 pinch salt | 2 tablespoons thick coconut milk,"boil, simmer",https://www.food.com/recipe/kenyan-coconut-rice-455178
Kenyan Greens Simmered With Tomatoes (Sukuma Wiki),1,"3 tablespoons oil | 1 onions, chopped or 1 minced onion | 2 lbs kale or 2 lbs collard greens, destemmed and finely chopped | 2 cups tomatoes, chopped | 1 cup water or 1 cup stock | salt and pepper","boil, saute, simmer",https://www.food.com/recipe/kenyan-greens-simmered-with-tomatoes-sukuma-wiki-455335
Kenyan Tomato Salad - Quick &amp; Simple Side,4,"3 large tomatoes, sliced | 1 onion, finely chopped | 1 garlic clove, crushed | 2 tablespoons fresh lime juice | sea salt, to taste | fresh ground pepper, to taste",,https://www.food.com/recipe/kenyan-tomato-salad-quick-simple-side-456927
Kesra - Moroccan Bread,2,"2 1/4 teaspoons active dry yeast | 1/4 cup warm water (105 - 115 F) | 2 cups warm water | 1 teaspoon sugar | 4 cups all-purpose flour | 1/3 cup cornmeal | 1 tablespoon cornmeal, for dusting | 2 teaspoons salt | 2 tablespoons unsalted butter, melted | 2 teaspoons sesame seeds","bake, knead",https://www.food.com/recipe/kesra-moroccan-bread-503813
Key Wat (Spicy Ethiopian Stewed Beef),8,"1 set 1 tbsp rawspicebar's freshly ground berbere | 2 set 1 tbsp rawspicebar's freshly ground berbere | 3 set 1 lb stewing beef, cut into 1 inch cubes | 4 set 2 tbsp canola oil, separated | 5 set 1 onions, diced | 6 set 2 garlic cloves, minced | 7 set 1 tbsp rawspicebar's freshly ground berbere | 8 set 1 cup chopped canned tomatoes | 9 set 1/2 tsp sugar | 10 set 2 cups beef stock (or 2 cups water and a beef bullion) | 11 . set salt & pepper, to season beef","boil, simmer",https://www.food.com/recipe/key-wat-spicy-ethiopian-stewed-beef-524592
Khubz Maghrebi (Moroccan Bread),6,2 (1/4 ounce) packages dry yeast | 2 1/2 cups warm water (100F to 110F) | 7 cups all-purpose flour | 2 teaspoons all-purpose flour | 2 teaspoons kosher salt | 1 tablespoon olive oil,bake,https://www.food.com/recipe/khubz-maghrebi-moroccan-bread-348387
King's Arms Tavern Cream of Peanut Soup,10,"1 medium onion, chopped | 2 stalks celery, chopped | 1/4 cup butter | 3 tablespoons all-purpose flour | 2 quarts chicken broth or 2 quarts chicken stock | 2 cups smooth peanut butter | 1 3/4 cups light cream | peanuts, chopped","blend, boil, saute",https://www.food.com/recipe/kings-arms-tavern-cream-of-peanut-soup-46837
Kittencal's Greek Couscous,4,"1 1/2 cups chicken broth (I use a garlic flavored broth for this) or 1 1/2 cups water (I use a garlic flavored broth for this) | 1 cup uncooked couscous | 1/2-1 teaspoon dried oregano | 2 plum tomatoes, chopped | 1 -2 cup diced peeled cucumber | 1/2 cup crumbled feta cheese | 1/2 cup small ripe olives, halved | 1 small red onion, finely chopped | 1 (15 ounce) can chickpeas, well drained (garbonzo beans) | 1/4 cup water | 3 tablespoons lemon juice | 2 -3 tablespoons olive oil | 1 teaspoon fresh ground black pepper (or to taste) | salt (to taste)",boil,https://www.food.com/recipe/kittencals-greek-couscous-95818
Koeksisters (South African Syrup-Soaked Fritters),20,"500 g cake flour | 2 ml salt | 20 ml baking powder | 125 g butter | 2 eggs, beaten | milk | oil (for deep frying) | 750 g sugar | 375 ml water | 2 cinnamon sticks | 4 whole cloves | 2 inches ginger, peeled","blend, boil",https://www.food.com/recipe/koeksisters-south-african-syrup-soaked-fritters-87992
Kuku Paka (Kenyan Chicken Curry),4,"3 lbs chicken, cut into pieces | 1 onion, chopped | 2 -3 hot chili peppers, minced | 2 tablespoons fresh ginger, peeled and minced | 2 tablespoons garlic, chopped | 1/4 cup oil or 1/4 cup ghee | 1 tablespoon curry powder | 2 teaspoons cumin seeds or 3/4 teaspoon ground cumin | 2 cups chopped tomatoes or 2 cups tomato sauce | 2 cups coconut milk (15-ounce can) | salt and pepper | 1/2 cup cilantro, chopped","blend, boil, grill, simmer",https://www.food.com/recipe/kuku-paka-kenyan-chicken-curry-456503
Lamb &amp; African Fruit Sosaties,6,"2 tablespoons olive oil | 1 medium yellow onion, halved and sliced into 1/2 moons | 3 tablespoons Madras curry powder | 2 tablespoons ground coriander | 1 tablespoon honey | 1 cup tamarind juice | juice of half a lemon | 2 1/2 lbs leg of lamb, sinew removed and cut into 1 1/2-inch cubes | 1 cup dried apricot | 3 fresh peaches, cut into 8 slices each | -inch rosemary sprig, plus 1/2 cup sprigs for garnish | kosher salt | ground black pepper | long grain basmati rice with pistachio pesto sauce","boil, grill, marinate, toast",https://www.food.com/recipe/lamb-african-fruit-sosaties-536667
Lamb Chops with Chermoula,2,"2 large lamb chops, big ones or 6 small lamb cutlets | 1 lemon, juice and zest of | 1 teaspoon ground cumin | 2 teaspoons sweet paprika | 4 tablespoons olive oil | 3 tablespoons parsley, chopped | salt and pepper","fry, grill",https://www.food.com/recipe/lamb-chops-with-chermoula-86352
Lamb Chops With Moroccan Spices,4,"1/2 cup chopped of fresh mint | chopped of fresh mint, to garnish (optional) | 1 tablespoon ground coriander | 2 teaspoons minced garlic | 1 teaspoon sweet paprika | 1 teaspoon ground cumin | 1 teaspoon fresh ground black pepper | 1/4 teaspoon cayenne pepper | salt, to taste | 1 lemon, juice of | 2 tablespoons olive oil | 8 lamb loin chops or 16 small lamb rib chops","grill, marinate",https://www.food.com/recipe/lamb-chops-with-moroccan-spices-340342
Lamb Merguez - (North African Red Sausage),4,"1 tablespoon coriander seed, dry toasted | 1 tablespoon cumin seed, dry toasted | 1 tablespoon anise seed, dry toasted (or fennel seed, in a pinch) | 1 tablespoon cinnamon, preferably Ceylon | 1/2-1 teaspoon cayenne, depending on the heat level of the harissa used in the sausage | 2 teaspoons turmeric | 1 lb fresh ground lamb shoulder | 2 garlic cloves, minced fine | 1 teaspoon grated fresh ginger | 1 tablespoon mixed spice | 2 tablespoons harissa | 1 tablespoon tomato paste | 1/2 teaspoon salt, to taste | ice water, as needed",grill,https://www.food.com/recipe/lamb-merguez-north-african-red-sausage-503978
Lamb Shank Tagine,3,"1/2 cup golden raisin (sultanas) | 1/2 cup dry sherry | 2 tablespoons olive oil | 6 lamb shanks | 2 large onions, peeled and finely chopped | 4 garlic cloves, peeled and crushed | 5 cm gingerroot, grated | 2 teaspoons ground coriander | 2 cups chicken stock | 1 pinch saffron | 1/2 teaspoon ground cinnamon | 1 preserved lemon, rinsed and flesh discarded, sliced (OR 1 lemon and 2 teaspoons salt) | fresh ground black pepper | 1/4 cup slivered almonds, toasted in a dry pan until golden | 1/4 cup parsley","blend, boil, simmer, toast",https://www.food.com/recipe/lamb-shank-tagine-77451
Lamb Tagine,12,"3 lbs boneless lamb shoulder, cut into 2 inch pieces | 1 cup fresh orange juice | 1/2 cup sherry wine vinegar | 4 garlic cloves, finely minced | 1/4 cup extra virgin olive oil, plus more if needed | 1 onion, chopped | 3 carrots, peeled, halved lengthwise and cut into 2 inch pieces | 1 teaspoon saffron thread | 2 teaspoons ground cumin | 2 teaspoons dried thyme | 1 1/2 teaspoons ground coriander | 1 tablespoon all-purpose flour | 1 cup canned chick-peas, rinsed and drained | 1/2 cup pitted prunes | 1/2 cup dry red wine | salt & freshly ground black pepper, to taste | 3 ripe tomatoes, seeded and cut into 1/2 inch pieces | 1/2 cup imported black olives, pitted | 1 tablespoon fresh lemon juice | of fresh mint, for garnish","blend, marinate, simmer",https://www.food.com/recipe/lamb-tagine-414773
Lamb Tagine,4,"3 tablespoons olive oil, divided | 2 lbs lamb, cut into 1 1/2-inch cubes | 2 teaspoons paprika | 1/4 teaspoon ground turmeric | 1/2 teaspoon ground cumin | 1/4 teaspoon ground cayenne pepper | 1 teaspoon ground cinnamon | 1/4 teaspoon ground cloves | 1/2 teaspoon ground cardamom | 1 teaspoon kosher salt | 1/2 teaspoon ground ginger | 1 pinch saffron | 3/4 teaspoon garlic powder | 3/4 teaspoon ground coriander | 2 medium onions, cut into 1-inch cubes | 5 carrots, peeled, cut into fourths, then sliced lengthwise into thin strips | 3 garlic cloves, minced | 1 tablespoon freshly grated ginger | 1 lemon, zested | 1 (14 1/2 ounce) can chicken broth or 1 (14 1/2 ounce) can low sodium chicken broth | 1 tablespoon sun-dried tomato paste | 1 tablespoon honey | 1 tablespoon cornstarch (optional) | 1 tablespoon water (optional)","boil, simmer",https://www.food.com/recipe/lamb-tagine-502979
"Lamb tagine with cinnamon, saffron and dried fruit",6,"1/4 cup diced seeded anaheim chili | 1 teaspoon cumin seed, toasted (see note) | 1 teaspoon coriander seed, toasted | 1 teaspoon grated peeled fresh ginger | 1/2 teaspoon salt | 1/2 teaspoon paprika | 1/4 teaspoon freshly ground black peppercorns | 2 cloves garlic, minced | cooking spray | 1 1/2 lbs boneless leg of lamb, trimmed and cubed | 3 cups chopped onions | 1/2 cup tomato puree | 2 1/2 cups water | 2 3/4 cups green bell peppers, cut into 1 inch thick strips | 2 cups cubed butternut squash | 1 cup cubed carrot | 1/4 teaspoon saffron thread | 3 inches cinnamon sticks | 2/3 cup dried apricot, cut into 1/4 inch strips | 4 1/2 cups cooked couscous | 1/4 cup minced fresh cilantro","bake, boil, simmer",https://www.food.com/recipe/lamb-tagine-with-cinnamon-saffron-and-dried-fruit-83156
Lamb Tagine With Okra and Quince,4,"2 lbs lamb, trimmed of fat, cut into 2 inch cubes | 2 tablespoons olive oil | salt and pepper | 1 teaspoon ground ginger | 1/2 teaspoon hot paprika | 3 red onions, one grated, 2 finely chopped | 18 garlic cloves, peeled and minced | 2 tablespoons cilantro, chopped | 2 tablespoons flat leaf parsley, chopped | 1 pinch saffron thread | 1 (14 1/2 ounce) can tomatoes | 1 jalapeno pepper, seeded and minced | 1 tablespoon cumin seed | 3 large quinces | 2 tablespoons butter | 2 tablespoons sugar | 1/4 teaspoon ground cinnamon | 1 1/4 lbs okra, tops pared | 1 cup couscous","boil, poach, simmer, toast",https://www.food.com/recipe/lamb-tagine-with-okra-and-quince-488783
Lamb Tagine With Walnuts and Pomegranate,6,"2 lbs lamb, cut into 1 inch cubes | 2 tablespoons flour | 2 -3 tablespoons olive oil or 2 -3 tablespoons walnut oil | 3 red onions, very thinly and vertically sliced (2 onions are used in the tagine, and 1 is used in the onion-pomegranate relish) | 1 carrot, thinly sliced | 4 stalks celery, thinly sliced | 4 garlic cloves, finely minced | 2 tablespoons fresh ginger, finely minced | 1 cinnamon stick | 2 teaspoons ground cumin | 2 teaspoons turmeric | 2 teaspoons ground allspice | 1 cup walnuts, toasted then chopped | 2 bay leaves | 2 1/2 cups pomegranate juice | 1 cup chicken broth | 2 pomegranates, juiced and seeded | 1/4 cup honey | 2 limes, juice of | 2 cups fresh cilantro, roughly chopped","boil, saute, simmer, toast",https://www.food.com/recipe/lamb-tagine-with-walnuts-and-pomegranate-489609
Lebanese Lamb Kefta (Lamb Kabobs),8,"1/2 brown onion, grated | 1/4 cup seasoned breadcrumbs | 3 garlic cloves, minced | 2 tablespoons finely chopped fresh parsley | 1 tablespoon finely chopped of fresh mint | 1/2 teaspoon salt | 1/2 teaspoon seven-spice mix (recipe follows) | 1 egg, beaten | 1 lb ground lamb","blend, grill",https://www.food.com/recipe/lebanese-lamb-kefta-lamb-kabobs-437869
Leftover Moroccan Style Lamb and Beef Spicy Cous Cous,4,"100 g roast lamb (Leftover from a lamb roast) | 200 g grams carrots (chunky chopped) | 100 g onions, sliced (1 onion) | 100 g spring onions (chunky sliced) | 300 g stewing beef | 100 g celery | 300 g plum tomatoes | 2 tablespoons of african dry rub seasonings (see recipe) | 1 beef stock cube | 200 ml water | 50 g raisins | 50 g dried apricots (chopped) | 1 cup red wine | 100 g couscous","bake, fry",https://www.food.com/recipe/leftover-moroccan-style-lamb-and-beef-spicy-cous-cous-372434
Lemon and Parsley Couscous,4,"1 cup water | 1 teaspoon maggi vegetable stock powder | 1 cup couscous | 2 tablespoons butter | 2 tablespoons parsley, chopped | 1 teaspoon lemon rind, finely grated",boil,https://www.food.com/recipe/lemon-and-parsley-couscous-309974
Lemon Couscous,4,1 1/4 cups water | 3/4 cup uncooked couscous | 1/4 cup sliced green onion | 2 tablespoons finely chopped fresh parsley | 2 tablespoons orange juice | 1 teaspoon grated lemon rind | 1 tablespoon fresh lemon juice | 1/4 teaspoon salt | 1/8 teaspoon black pepper,boil,https://www.food.com/recipe/lemon-couscous-427438
Lemon Couscous With Peas and Carrots,4,"1 1/2 cups low sodium chicken broth | 1/4 cup water | 2 carrots, minced | 1 cup shelled fresh peas or 1 cup frozen green pea | 1 1/4 cups couscous | 3 tablespoons fresh lemon juice | 1 1/2 tablespoons grated lemon peel | 1 1/2 tablespoons butter | salt and pepper, to taste",boil,https://www.food.com/recipe/lemon-couscous-with-peas-and-carrots-428609
Lemon Honey Chicken With Couscous,4,"1 -1 1/2 lb boneless skinless chicken breast, cut into 1-inch cubes | 1 tablespoon olive oil | 1/2 teaspoon ras el hanout spice mix (<a href=""https://www.food.com/recipe/ras-el-hanout-moroccan-spice-mix-262189/"">Ras El Hanout - Moroccan Spice Mix</a>) | 1/4 teaspoon garlic powder | 1 tablespoon olive oil | 1/2 large onion, finely chopped | 2 garlic cloves, crushed | 1 tablespoon fresh cilantro | 1 teaspoon ground ginger | 1 teaspoon ras el hanout spice mix (<a href=""https://www.food.com/recipe/ras-el-hanout-moroccan-spice-mix-262189/"">Ras El Hanout - Moroccan Spice Mix</a>) | 1/2 teaspoon ground cumin | 2 cinnamon sticks | 1 chicken bouillon cube | 2 cups water | 1/4 cup golden raisins or 1/4 cup currants | 1 -2 tablespoon sliced almonds | 1/2 preserved lemon, flesh removed & cut into thin strips | 2 -3 tablespoons honey, good quality | 1 1/2 cups uncooked instant couscous | salt & pepper, to taste",simmer,https://www.food.com/recipe/lemon-honey-chicken-with-couscous-344096
Lemon Oregano Shrimp over Peppered Couscous,2,"1 large garlic clove, minced fine | 1 1/2 teaspoons dried oregano | 2 tablespoons fresh lemon juice | 1/2 teaspoon salt | 1/2 teaspoon black pepper | 12 large shrimp, shelled and deveined | 1/2 red bell pepper, cut into fine dice | 1 1/4 cups chicken broth (may sub veggie broth) | 1 pinch red pepper flakes | 1/4 teaspoon salt | 2 teaspoons olive oil | 3/4 cup couscous | 2 tablespoons extra virgin olive oil | 1/2 cup dry white wine | 2 tablespoons unsalted butter, cold and cut into small pieces","boil, saute",https://www.food.com/recipe/lemon-oregano-shrimp-over-peppered-couscous-372883
Lemon Thyme Couscous,8,"500 g couscous | 4 tablespoons fresh lemon thyme | 1 tablespoon instant bouillon granules | 1 lemon, zest of | 1 lemon, juice of | 4 tablespoons fresh parsley, finely chopped | 4 tablespoons olive oil",boil,https://www.food.com/recipe/lemon-thyme-couscous-92312
Lemony Couscous,2,"2 tablespoons oil | 1 red onion, finely sliced | 1/2 cup finely sliced green bell pepper | 1/4 cup currants | 1/2 preserved lemon, rinsed,finely sliced | 1/2 cup jarred marinated roasted red pepper | 250 g couscous | 1 teaspoon vegetable stock powder | 450 ml boiling water | 1 tablespoon butter | 3 tablespoons chopped lemon thyme","boil, roast, saute",https://www.food.com/recipe/lemony-couscous-93827
Lemony Couscous Salad,6,"2 cups uncooked couscous | 1 teaspoon salt | 3 cups boiling water | 6 green onions, chopped | 1 cucumber, peeled and diced | 2 large ripe tomatoes, peeled and diced | 1 1/2 cups cooked garbanzo beans | 1/2 cup crumbled feta cheese | 1 cup chopped fresh parsley | 1/4 cup chopped of fresh mint or 1 tablespoon dried mint | 3 tablespoons extra virgin olive oil | 2 lemons, juice of | salt & fresh ground pepper",boil,https://www.food.com/recipe/lemony-couscous-salad-55874
Lemony Vegetable Couscous,6,"2 -4 zucchini | 1 bell pepper, red | 1 bell pepper, green | 1 onion | 1 eggplant (optional) | 8 ounces chickpeas | 2 tomatoes, diced | 1 -2 cup mint | cumin | 2 tablespoons butter | 2 tablespoons olive oil | salt | pepper | 10 ounces original couscous | 2 cups vegetable broth",,https://www.food.com/recipe/lemony-vegetable-couscous-519292
Liberian Black-Eyed Pea Soup,6,"1 cup dried black-eyed peas | 2 garlic cloves (peeled ) | 6 cups water, divided | 2 cups chopped onions | 1 cup diced celery | 2 tablespoons water | 1 pinch cayenne (more to taste ) | 2 teaspoons ground allspice | 1 pinch dried thyme | 1 green bell pepper (or red, seeded and chopped ) | 1 cup fresh corn kernels (or frozen) (optional) | 1 cup sliced okra (fresh or frozen ) | 2 cups chopped fresh collard greens (or kale or chard or spinach) (optional) | 3 cups diced tomatoes with juice (28-ounce can) | 1 tablespoon chopped fresh cilantro (optional, up to 2 ) | salt & fresh ground pepper (to taste)","boil, simmer",https://www.food.com/recipe/liberian-black-eyed-pea-soup-455404
Liberian Pineapple Ginger Beer,10,2 lbs fresh gingerroot | 1 cup sugar (or more to taste) | 1 fresh pineapple (ripe) | 14 cups water,"blend, boil",https://www.food.com/recipe/liberian-pineapple-ginger-beer-310515
Lightly Spiced Cauliflower Fritters With Yoghurt-Chermoula Dip,14,"14 ounces cauliflower florets (400 g, cauli broken in florets) | 1 onion, small, finely chopped (150 ml) | 1/3 cup finely chopped flat leaf parsley (100 ml) | 1 teaspoon fennel seed | 1/2 teaspoon black pepper (or more, to taste) | 1/3 cup cornflour (slightly more, as it comes to 100 ml) | 1 teaspoon ground cumin | 2 teaspoons flaky sea salt | 3 eggs, largest size | water (see directions) | oil (for frying, I use a mixture of canola and olive) | 3/4 cup yoghurt, Greek style | 3 tablespoons chermoula, paste (or try harissa, but slightly less) | 1 teaspoon salt","boil, fry",https://www.food.com/recipe/lightly-spiced-cauliflower-fritters-with-yoghurt-chermoula-dip-425417
Lime and Coriander Couscous,5,"2 limes, zest of | 2 tablespoons coriander | 1 cup couscous | 3/4 cup chicken stock | 1/4 cup lime juice",boil,https://www.food.com/recipe/lime-and-coriander-couscous-344170
Marinated Moroccan Olives,2,"1 cup black olives | 1 cup green olives | 1/2 teaspoon ground cumin | 1/4 teaspoon ground coriander | 3 garlic cloves, thinly sliced | 1 teaspoon red pepper flakes | 1/4 cup olive oil | 2 lemon wedges",,https://www.food.com/recipe/marinated-moroccan-olives-437804
Marinated North African Olives,1,"1 teaspoon whole cumin seed | 1 tablespoon cracked coriander seed | 1 tablespoon red pepper flakes | 2 tablespoons mint, freshly chopped | 1 lemon, zest of | 1 lemon, juice of | 1/2 teaspoon black peppercorns | 1 lb east african variety olive",,https://www.food.com/recipe/marinated-north-african-olives-386311
Marrakesh Couscous,4,"2 cups vegetable broth (broth recommended) or 2 cups water (broth recommended) | 2 cups quick cooking couscous | 1/2 cup dried currants or 1/2 cup raisins | 2 tablespoons olive oil | 2 shallots, minced | 1 large red bell pepper, cut into 1/4 inch dice | 2 zucchini, chopped | 1 carrot, shredded | 1 hot chili pepper, minced | 4 scallions, minced | 1 teaspoon ground coriander | 1/2 teaspoon ground cumin | 1/4 teaspoon cayenne | 1/4 teaspoon turmeric | salt | fresh ground black pepper | 1 tablespoon fresh lemon juice | 1 tablespoon minced fresh parsley",boil,https://www.food.com/recipe/marrakesh-couscous-411662
Masai Mara (African Red Pepper Spread),6,"8 large red bell peppers, halved and seeded | 2 1/4 cups olive oil, divided | 12 garlic cloves, peeled and sliced | 1 cup toasted pecans | 2 cups fresh white breadcrumbs | 4 lemons, juice of | 4 teaspoons ground cumin | 4 teaspoons sugar | 1 -2 teaspoon finely chopped chile (or to taste) | salt | pepper","bake, roast",https://www.food.com/recipe/masai-mara-african-red-pepper-spread-455040
Mchicha (East African Spinach,4,"2 lbs fresh spinach, washed and trimmed | 1 teaspoon salt (or to taste) | 2 tablespoons butter | 1 cup finely chopped onion | 1 tablespoon finely chopped fresh chili pepper | 1 cup coconut milk | 1/2 cup unsalted dry roasted peanuts, ground",simmer,https://www.food.com/recipe/mchicha-east-african-spinach-454997
Mchicha - Tanzanian Spinach &amp; Peanut Curry.,4,"2 lbs spinach | 1 1/2 ounces peanut butter | 1 tomatoes | 1 onion | 2 teaspoons curry powder (or paste, your favourite blend!) | 1 cup coconut milk | 3 tablespoons ghee or 3 tablespoons butter | 1 teaspoon salt","fry, simmer",https://www.food.com/recipe/mchicha-tanzanian-spinach-peanut-curry-310341
Mealie Soup - South African Corn Soup,6,"4 tablespoons butter | 1 cup onion, finely chopped | 2 medium tomatoes, chopped | 2 cups frozen corn, thawed | 2 (14 ounce) cans creamed corn | 1 (12 ounce) can fat-free evaporated milk | 3 cups chicken broth | 1/2-1 teaspoon salt | 1 teaspoon black pepper",simmer,https://www.food.com/recipe/mealie-soup-south-african-corn-soup-309347
Meaono Pohaku (Stone Cookies),2,4 cups bread flour | 1/2 teaspoon cream of tartar | 1/2 cup shortening | 1 cup turbinado sugar | 1 1/4 teaspoons salt | 1 egg | 1/3 cup evaporated milk | 2 teaspoons baking soda | 1 teaspoon vanilla extract,"bake, blend",https://www.food.com/recipe/meaono-pohaku-stone-cookies-466559
Meatless Harira (A Moroccan soup),1,"1 large onion, chopped | 1 cup chopped parsley | 1 stalk celery & leaves, chopped | 1 can chickpeas | 1 teaspoon black pepper | 2 teaspoons garam masala | 1 teaspoon ginger | 1 teaspoon turmeric | 2 tablespoons butter | 1/2 teaspoon cinnamon | 1/2 cup dried brown lentils | 2 tablespoons coriander leaves | 1 (28 ounce) can crushed tomatoes | 3 tablespoons semolina or 3 tablespoons flour, mixed with | 1/2 cup water | 1 bouillon cube, preferably beef | salt | lemon wedge (to serve)","blend, saute",https://www.food.com/recipe/meatless-harira-a-moroccan-soup-44257
Mediterranean Chicken and Couscous,4,"1 (5 5/8 ounce) package near east roasted garlic & olive oil couscous | 2 tablespoons olive oil (I used the oil from the sun-dried tomatoes) | 1/2-1 lb raw boneless skinless chicken breast (about 2) | 1 garlic clove, minced | 2 cups Baby Spinach | 1 1/3 cups water | 1/3 cup chopped sun-dried tomato packed in oil, drained | 1/2 teaspoon red pepper flakes (I only use 1/4 tsp.) | 1/4 cup feta cheese, crumbled | 2 tablespoons toasted pine nuts (optional)",boil,https://www.food.com/recipe/mediterranean-chicken-and-couscous-470546
Mediterranean Chicken and Couscous Salad,8,"4 chicken breast fillets, butterflied | 200 g aubergines or 200 g eggplants, sliced | 4 tomatoes, ripe, cut into halves | 1 white onion, quartered | 1 courgettes or 1 zucchini, cut in half lengthwise | 30 ml olive oil | 2 sprigs rosemary | 3 tarragon leaves | 2 garlic cloves, chopped | 400 g couscous | 500 ml chicken stock | 1 lemon, juice and zest | 1 pinch salt, to taste | 1 pinch pepper, to taste","boil, roast",https://www.food.com/recipe/mediterranean-chicken-and-couscous-salad-534132
Mediterranean Couscous,4,"1 3/4 cups chicken broth | 3/4 cup whole wheat couscous | 1 cup grape tomatoes, halved | 1/2 cup cucumber, peeled seeded and chopped | 1/2 cup red pepper, chopped | 1/4 cup green onion, thinly sliced | 1 tablespoon fresh sage, chopped | 1/4 teaspoon lemon zest (I add more) | 2 tablespoons lemon juice | 4 teaspoons olive oil | 1/4 teaspoon salt | 1/4 teaspoon pepper",boil,https://www.food.com/recipe/mediterranean-couscous-335178
Mediterranean Lamb-And Couscous-Stuffed Bell Peppers,4,"4 green bell peppers (2 pound total or combination) or 4 yellow bell peppers, rinsed (2 pound total or combination) | 1 1/2 cups chopped onions | 1 tablespoon minced garlic | 1 1/2 teaspoons fresh thyme leaves | 1 1/2 teaspoons minced fresh mint leaves | 1 1/2 teaspoons minced fresh rosemary leaves | 1 teaspoon olive oil | 8 ounces ground lamb | 5 tablespoons lemon juice | 1 2/3 cups chicken broth (fat-skimmed) | 1 1/4 cups couscous | 1 cup chopped parsley | salt | 2 tablespoons crumbled feta cheese","bake, boil, fry",https://www.food.com/recipe/mediterranean-lamb-and-couscous-stuffed-bell-peppers-58326
Mediterranean Salad With Israeli Couscous,4,"1 (13 ounce) box israeli couscous (can be found in the Jewish food section) | 1/2 red bell pepper, chopped | 1/2 orange bell pepper, chopped | 1/2 lb grape tomatoes, halved (or other heirloom) | 1/2 cucumber, seeded and chopped | 1/3 cup pimento stuffed olive, chopped | 0.5 (8 ounce) can artichoke hearts, halved | 2 ounces prosciutto, chopped | 1/2 red onion, chopped | 1/2 cup fresh basil, chopped | 8 ounces feta cheese | 1/8 cup olive oil | 1/8 cup red wine vinegar | salt and pepper",,https://www.food.com/recipe/mediterranean-salad-with-israeli-couscous-379901
Mesfouf Qsentena - Sweet Couscous With Dates &amp; Nuts,6,"1 kg fine couscous, cooked (preferably steamed) | 300 g walnuts (or other nuts) | 200 g dates | 80 -100 g butter, softened | 80 -100 g ghee | 1/2 teaspoon salt | sugar",,https://www.food.com/recipe/mesfouf-qsentena-sweet-couscous-with-dates-nuts-387392
Mesir Wat (Ethiopian Red Lentils),6,"2 onions, chopped | 2 garlic cloves, crushed | 2 teaspoons gingerroot, peeled, minced | 1/4 cup olive oil | 1 teaspoon turmeric | 2 tablespoons paprika | 1/2 teaspoon cayenne pepper (can go up to 2 T.) | 1 lb red lentil | 4 cups water (or stock) | salt & pepper","blend, boil, simmer",https://www.food.com/recipe/mesir-wat-ethiopian-red-lentils-408641
Middle Eastern Coconut Cake (Harissah),1,2 cups sugar | 6 eggs | 2 cups corn oil | 1 1/2 cups milk | 2 tablespoons baking powder | 1 dash vanilla | 1 teaspoon lemon juice | 2 cups flour | 4 cups of shredded unsweetened coconut (usually found in middle eastern stores) | 2 cups water | 2 cups sugar | 1 dash vanilla,"bake, blend, boil",https://www.food.com/recipe/middle-eastern-coconut-cake-harissah-78772
Million Dollar Chicken - Moroccan Style,4,"1 tablespoon olive oil | 1/4 cup chopped almonds | 2 cloves garlic, minced | 8 chicken thighs, skinned and boned | 1 cup bottled salsa | 1/4 cup water | 2 tablespoons dried currants | 1 tablespoon honey | 3/4 teaspoon ground cumin | 1/2 teaspoon cinnamon | 3 cups hot cooked couscous or 3 cups cooked rice",saute,https://www.food.com/recipe/million-dollar-chicken-moroccan-style-50575
Mini Turkey Meatballs With a Fresh Couscous Salad,4,"1 (10 ounce) box couscous | 1 lb ground turkey breast | 2 teaspoons cumin | 2 teaspoons dried oregano | 1/2 teaspoon cinnamon | 6 scallions, trimmed, washed, and sliced | 4 roma tomatoes, chopped into bite sized pieces, unseeded | 1 English cucumber, unpeeled, cut in half lengthwise, and sliced into 1/4 inch half moon shapes | 3 tablespoons lemon juice, fresh squeezed | 1 teaspoon lemon zest | 1 cup garbanzo beans, drained and rinsed | 1/4 cup parsley, freshly chopped",,https://www.food.com/recipe/mini-turkey-meatballs-with-a-fresh-couscous-salad-392537
Mint Couscous With Raisins and Almonds,4,"2 1/2 cups water, boiling | 8 mint herbal tea bags | 2 teaspoons olive oil | 1 teaspoon salt | 1 cup couscous | 1/2 cup raisins | 1/4 cup slivered almonds, toasted | 2 tablespoons fresh mint leaves, chopped",,https://www.food.com/recipe/mint-couscous-with-raisins-and-almonds-345032
Misr Wot (Ethiopian Lentil Soup),6,"1 cup red lentil | 4 tablespoons olive oil | 1 small yellow onion, finely chopped | 4 garlic cloves | 1 tablespoon berbere, divided | 1 tomatoes, chopped | 4 cups water | 2 teaspoons salt | 6 tablespoons plain yogurt (optional)","saute, simmer",https://www.food.com/recipe/misr-wot-ethiopian-lentil-soup-398786
Misr Wot (Ethiopian Spicy Lentil Stew),8,"1 set 1 1/2 tbsp rawspicebar's freshly ground berbere | 2 . set 1 cup red lentils | 3 . set 1 yellow onions, diced | 4 . set 4 garlic cloves, minced | 5 set 2 tbsp canola oil | 6 set 1 inch fresh ginger, minced | 7 set 1 cup canned chopped tomatoes | 8 set kosher salt & pepper, to taste | 9 set 2 cups vegetable broth (we love Saffron Road's Vegetable Broth) | 10 set yogurt & cilantro (to garnish) (optional)","boil, saute, simmer",https://www.food.com/recipe/misr-wot-ethiopian-spicy-lentil-stew-524591
Mixed Seafood Tagine,3,"3 tablespoons olive oil | 2 tablespoons lemon juice | 1 tablespoon fresh cilantro | 1 tablespoon fresh parsley | 1 teaspoon cumin | 1/2 teaspoon paprika | 1/2 teaspoon turmeric | 1/2 teaspoon salt | 1/2 teaspoon black pepper | 1 lb mixed seafood (such as mussels, squid, shrimp, crab) | 1 (14 ounce) can petite diced tomatoes | 1 (8 ounce) can tomato sauce | 1/2 green bell pepper, seeded & sliced | 1/2 onion, chopped | 1 -2 carrot, peeled & chopped | 1/2 cup green olives, cracked & pitted (optional) | 3 garlic cloves, chopped | 1 vegetable bouillon | 1 teaspoon ginger | 1/2 teaspoon turmeric | 1/2 teaspoon salt | 1/4 teaspoon cayenne",marinate,https://www.food.com/recipe/mixed-seafood-tagine-326422
Moroccan Almond Crescent Cookies,30,"1 cup blanched finely ground almonds | 1/2 cup confectioners sugar | 1 teaspoon honey | 1 teaspoon almond extract | 1 egg, lightly beaten | 1 teaspoon ground cinnamon | 1 pinch nutmeg | 1/2 cup butter (at room temperature) | 1 -1 1/4 cup all purpose flour | 1/2 cup sesame seeds","bake, knead",https://www.food.com/recipe/moroccan-almond-crescent-cookies-438180
Moroccan Anise Bread,2,"1 tablespoon active dry yeast | 1 1/3 cups warm water | 1 teaspoon honey or 1 teaspoon granulated sugar | 1 tablespoon vegetable oil | 2 1/2 teaspoons anise seeds | 2 teaspoons salt | 4 cups all-purpose flour, unbleached | 1 egg white | 3 tablespoons sesame seeds","bake, knead",https://www.food.com/recipe/moroccan-anise-bread-503189
Moroccan Applesauce Cake (Crock Pot),1,"1/2 cup butter, softened | 1 cup sugar | 2 eggs | 1 teaspoon vanilla | 1 cup applesauce | 1 1/2 teaspoons baking soda | 1 1/2 cups all-purpose flour | 1 teaspoon cinnamon | 1/2 teaspoon salt | 1 cup chocolate chips | 3/4 cup dates, chopped or 3/4 cup raisins | 3/4 cup walnuts, chopped",steam,https://www.food.com/recipe/moroccan-applesauce-cake-crock-pot-470556
Moroccan Beef and Honey Tagine,4,"1 kg stewing beef, cubed | 2 tablespoons olive oil | 2 medium onions, peeled and quartered | 3 garlic cloves, crushed | 3 medium carrots, peeled & cut into chunks | 1 (400 g) can tomatoes, diced | 120 g dates, pitted and whole | 120 g prunes, pitted and whole | 1 tablespoon honey | 2 cups beef stock | 1 cinnamon stick | 1 1/2 tablespoons ras el hanout spice mix | salt and pepper | 40 g toasted sliced almonds | 1 tablespoon fresh coriander, chopped (optional)","fry, slow cook, toast",https://www.food.com/recipe/moroccan-beef-and-honey-tagine-374564
Moroccan Beef Kabobs,6,"1 cup chopped parsley | 1 cup chopped cilantro | 1/4 cup grated onion | 3 tablespoons lemon juice | 2 tablespoons olive oil | 1 tablespoon ground cumin | 1 tablespoon ground coriander | 1 tablespoon paprika | 1 tablespoon cider vinegar | 1 tablespoon ketchup | 2 garlic cloves, minced | 1 teaspoon minced gingerroot | 1 teaspoon thai red chili paste | salt and pepper | 2 lbs beef top sirloin steaks, cut into 1-inch pieces",grill,https://www.food.com/recipe/moroccan-beef-kabobs-438638
Moroccan Beef Stew,6,"3 tablespoons olive oil, divided | 1 3/4 lbs beef tenderloin, cut into 1-inch cubes | 1 large onion, chopped | 1 large carrot, chopped | 2 garlic cloves, chopped | 1 tablespoon paprika | 2 teaspoons ground cumin | 1 1/2 teaspoons ground cinnamon | 2 cups beef broth | 1/2 cup kalamata olive, halved pitted | 1/2 cup golden raisin | 1 (15 ounce) can garbanzo beans, drained (chickpeas) | 1/2 cup cilantro, chopped fresh | 1 teaspoon lemon peel","boil, simmer",https://www.food.com/recipe/moroccan-beef-stew-502700
Moroccan Beef With Artichokes,5,"1 1/2-2 lbs beef stew meat, cubed | 1 tablespoon smen or 1 tablespoon ghee | 2 tablespoons olive oil | 2 medium onions, chopped | 2 cups water | 1 teaspoon ground cumin | 1 teaspoon salt | 1/2 teaspoon black pepper | 1/4 teaspoon garlic powder | 1 (9 ounce) package frozen artichoke hearts | 2 tablespoons lemon juice | 1/2 teaspoon sugar | 1 tablespoon flour","fry, pressure cook",https://www.food.com/recipe/moroccan-beef-with-artichokes-362445
Moroccan Beef With Honey Spice Couscous,6,"1 1/2 lbs beef flank steak | 2 tablespoons red wine vinegar | 2 teaspoons garlic salt | 1 teaspoon ground cumin | 1 teaspoon ground coriander | 1/2 teaspoon ground cinnamon | 1/2 teaspoon ground ginger | 1/2 teaspoon black pepper | 1/2 cup honey | 1/2 cup olive oil | 2 cups water | 1/3 cup steak marinade | 8 3/4 ounces garbanzo beans | 1 cup fresh tomato, chopped | 1/3 cup fresh flat-leaf parsley, chopped | 10 -12 ounces couscous","blend, boil, marinate",https://www.food.com/recipe/moroccan-beef-with-honey-spice-couscous-399210
Moroccan Beet Salad,1,"2 lbs beets | salt | 1/2 medium Spanish onion, diced | 4 tomatoes, skinned, seeded and diced | 2 garlic cloves, minced | 4 tablespoons Italian parsley, chopped | 4 tablespoons cilantro, chopped | 4 medium potatoes, boiled | 2 tablespoons vinegar | 8 tablespoons olive oil | salt | fresh ground black pepper | cayenne pepper | 20 black olives, for garnish",boil,https://www.food.com/recipe/moroccan-beet-salad-354717
Moroccan Beet Salad,6,"6 -8 medium beets | 1 lemon, juice of | 2 cloves garlic, minced | 1 teaspoon cumin, to taste | salt and black pepper | 4 tablespoons extra virgin olive oil | 1/2 cup diced fresh parsley","boil, simmer",https://www.food.com/recipe/moroccan-beet-salad-99852
Moroccan Braised Beef,2,"400 g trimmed topside steak, cut into 4 cm strips | 2 tablespoons olive oil | 1 onion, chopped | 1 carrot, diced | 2 garlic cloves, finely chopped | 2 tablespoons dried cranberries | 1 small dried red chili, finely sliced | 1 teaspoon coriander seed | 1 teaspoon cumin | 1/2 teaspoon turmeric | 1/4 teaspoon ground cinnamon | 1 teaspoon flour | 1 teaspoon ground black pepper | 150 ml beef broth | 200 g pumpkin, cleaned, cut into cubes | 400 g chopped tomatoes, from a can | 2 tablespoons fresh parsley and coriander, chopped","boil, pressure cook",https://www.food.com/recipe/moroccan-braised-beef-527183
"Moroccan Braised Chicken Legs and Thighs With Carrot Juice, Date",4,"4 medium bone-in skin-on, chicken thighs, trimmed of excess skin and fat | 4 medium skin-on chicken drumsticks, trimmed of excess skin and fat | kosker salt | freshly ground pepper | 2 tablespoons vegetable oil | 1 large red onion, thinly sliced | 1 teaspoon ground ginger | 1 teaspoon ground cinnamon | 1/2 teaspoon ground cumin | 1 1/4 cups carrot juice | 3/4 cup chicken broth, homemade or 3/4 cup canned low salt | 10 -12 medjool dates, pitted and halved | 2 tablespoons fresh lemon juice | 2 tablespoons chopped cilantro","boil, braise, saute, simmer",https://www.food.com/recipe/moroccan-braised-chicken-legs-and-thighs-with-carrot-juice-date-434670
Moroccan Braised Chicken With Zucchini,3,"10 ounces canned chicken broth, undiluted | 1 tablespoon ground cumin | 2 teaspoons paprika | 1/2 teaspoon cinnamon | 1/2 teaspoon chili flakes (Option, replace chili flakes and garlic clove with Harissa) | 1 garlic clove, minced (Option, replace chili flakes and garlic clove with Harissa) | 1 onion, sliced into wedges | 6 slim carrots, cut into bite-sized lengths | 3 chicken breasts (cut into thirds) or 6 chicken thighs, boneless, skinless (cut in half) | 2 slim zucchini, but into thick rounds | 1 tablespoon brown sugar or 1 tablespoon honey | 1/4 cup golden raisin | 1/4 cup dried apricot, thinly sliced",boil,https://www.food.com/recipe/moroccan-braised-chicken-with-zucchini-505776
Moroccan Bread,4,1 cup water | 1 tablespoon sugar | 3 cups flour | 1 teaspoon salt | 1 tablespoon dry yeast,bake,https://www.food.com/recipe/moroccan-bread-436536
Moroccan Bread - Khobz,4,3 cups flour | 1 teaspoon salt | 10 g dry yeast | 2 cups warm water | 1/2 teaspoon white sugar | 1 tablespoon vegetable oil (optional),knead,https://www.food.com/recipe/moroccan-bread-khobz-503137
Moroccan Brown Rice (Rice Cooker),4,"1 1/2 cups long grain brown rice | 2 3/4 cups water or 2 3/4 cups vegetable stock | 3/4 teaspoon salt | 1/2 teaspoon pepper | 1 teaspoon ground coriander | 1/2 teaspoon ground cardamom | 3 tablespoons butter, cut into pieces | 1/4 cup preserved lemon, minced, garnish",steam,https://www.food.com/recipe/moroccan-brown-rice-rice-cooker-504096
Moroccan B'stella,1,"2 ounces extra virgin olive oil | 1 onion, finely chopped | 4 -6 chicken breasts, small chopped pieces (the Moroccans use squab) | 1/4 cup parsley (finely chopped) | 1/8 cup cilantro (finely chopped) | 1/2 teaspoon black pepper | 1 pinch saffron (optional spice) | 1/2 teaspoon ginger | 1 pinch nutmeg | 1 pinch clove | 1/4 teaspoon salt | 2 cups water | 6 eggs, beaten with a pinch of salt | 1 (16 ounce) package phyllo dough | 1/4 lb butter, melted | 1/2 teaspoon cinnamon | 1/2 teaspoon sugar | 1 cup almonds (roasted and crushed ) | 1 tablespoon cinnamon | 1 1/2 teaspoons granulated sugar | 1/2 cup powdered sugar","bake, roast",https://www.food.com/recipe/moroccan-bstella-425234
Moroccan Carrot and Cinnamon Salad,6,"1 lb carrot, cut into 1/4 inch strips | 1/4 teaspoon salt | 2 tablespoons lemon juice | 2 tablespoons sugar | 2 teaspoons oil | 1 garlic clove, crushed | 1 teaspoon paprika | 1 teaspoon ground cumin | 1 teaspoon parsley, dried | 1/4 teaspoon ground cinnamon","blend, boil, steam",https://www.food.com/recipe/moroccan-carrot-and-cinnamon-salad-504321
Moroccan Carrot Salad,3,"1 lb carrot | 1/2 cup parsley, chopped | 2 garlic cloves, crushed | 1/4 cup lemon juice | 1/4 cup vegetable oil | 1/2 teaspoon cumin | 1 teaspoon paprika | 1 dash red pepper flakes",,https://www.food.com/recipe/moroccan-carrot-salad-324739
Moroccan Carrot Salad,8,"6 carrots, grated | 1 dash olive oil, to coat the carrots | 1 teaspoon cumin | 1 tablespoon sugar | chopped fresh parsley | 1 dash lemon juice",,https://www.food.com/recipe/moroccan-carrot-salad-50012
Moroccan Carrot Salad With Dates and Yogurt (Vegan-Friendly),4,"6 -8 carrots, grated (I used standard orange, indigo and yellow carrots) | 1/4 cup sliced almonds, toasted (walnuts, pistachios, pine nuts, hazelnuts are good substitutes) | 3 large dates, chopped small (I used a combo of medjool and deglet noor dates) | lettuce leaf | 1 lemon, juice and zest of | 1 -2 tablespoon honey (Local honey is best! I had to warm the honey a little to make it easier to whisk.) | 2 tablespoons extra virgin olive oil | 1 -2 teaspoon orange flower water, to taste | 1 teaspoon ras el hanout spice mix | 1/4 cup greek style plain yogurt | 3 -4 tablespoons of fresh mint, minced (save a few leaves for garnish)",,https://www.food.com/recipe/moroccan-carrot-salad-with-dates-and-yogurt-vegan-friendly-480925
Moroccan Carrot Salad With Parsley and Roasted Lemon Recipe,4,"1 large lemon, washed, sliced into thin rounds, and then quartered | 1/4 cup extra-virgin olive oil, plus extra for lemons | 1 1/2 teaspoons ground cumin | 1/4 teaspoon ground cinnamon | 1/4 teaspoon ground ginger | 2 pinches cayenne pepper | 1/2 teaspoon orange zest, plus 1/4 cup orange juice | kosher salt & freshly ground black pepper | 8 medium carrots, peeled and grated (about 4 cups) | 1/4 cup parsley, fresh chopped | 2 tablespoons pine nuts, toasted",,https://www.food.com/recipe/moroccan-carrot-salad-with-parsley-and-roasted-lemon-recipe-504102
Moroccan Carrot Soup,4,"2 tablespoons butter | 1 cup white onion, chopped | 1 lb carrot (large) | 2 1/2 cups low sodium chicken broth | 1 1/2 teaspoons cumin seeds | 1 tablespoon honey | 1 teaspoon lemon juice | 1/8 teaspoon ground allspice | 1/2 cup plain yogurt, stirred to loosen","blend, boil, saute, simmer",https://www.food.com/recipe/moroccan-carrot-soup-422961
Moroccan Carrots,8,"1 lb of whole baby carrots, trimmed and peeled | 1/2 cup extra virgin olive oil | 1/3 cup red wine vinegar | 2 tablespoons sweet paprika | 2 tablespoons ground cumin | 3 cloves garlic, finely chopped | 1/4 cup flat leaf parsley, finely chopped | 1/2 teaspoon salt | 1 teaspoon pepper",boil,https://www.food.com/recipe/moroccan-carrots-43338
Moroccan Carrots,6,"1/2 cup currants | 1 1/2 lbs carrots (about 18 medium) | 6 tablespoons unsalted butter | 3 tablespoons brown sugar | 1 teaspoon cinnamon | 1/2 teaspoon ground cumin | 1/4 teaspoon cayenne (or to taste) | 1 cup fresh orange juice | salt, pepper | 2 -3 tablespoons chopped of fresh mint or 2 -3 tablespoons parsley (to garnish)","boil, saute, simmer",https://www.food.com/recipe/moroccan-carrots-512987
Moroccan Cauliflower &ldquo;Couscous&rdquo; Salad,6,"1 (14 ounce) bag cauliflower, cauliettes (Mann's) | 1 tablespoon coconut oil | 1 garlic clove, minced | 1 teaspoon ground cumin and paprika | ground coriander and salt | ground cinnamon and pepper | 1/4 cup water | 1/4 cup lemon juice | 1 (19 ounce) can chickpeas, drained and rinsed | 1 red pepper, chopped | 1/3 cup red onion, chopped | 1/4 cup orange juice | 1/4 cup dried apricot, chopped | 1/4 cup toasted almond, slivered | 3 tablespoons fresh cilantro, finely chopped and divided | 1/3 cup pomegranate seeds | 1 tablespoon of fresh mint, finely chopped",,https://www.food.com/recipe/moroccan-cauliflower-couscous-salad-531577
Moroccan Cauliflower With Spices,4,"1 tablespoon extra virgin olive oil | 3/4 teaspoon ground coriander | 2 tablespoons coriander leaves, finely chopped | 200 g onions, sliced | 1 1/4 kg cauliflower, broken into florets | 150 ml water (or as necessary) | 2 teaspoons plain flour (preferably unbleached organic) | 1 teaspoon ginger, freshly grated | 1/4 teaspoon ground cumin | 2 -3 tablespoons lemon juice","boil, simmer",https://www.food.com/recipe/moroccan-cauliflower-with-spices-374651
Moroccan Charoset Balls,3,2 cups pitted dates | 1/2 cup golden raisin | 1/2 cup dark raisin | 1/2 cup walnuts | 1 -2 tablespoon sweet red passover wine,,https://www.food.com/recipe/moroccan-charoset-balls-87724
Moroccan Chermoula Marinade,150,"1 tablespoon cumin seed | 1 tablespoon coriander seed | 2 teaspoons ground cinnamon (or a 10cm stick cinnamon) | 3 garlic cloves, chopped | 6 parsley sprigs, finely chopped (thick sprigs) | 6 coriander sprigs, finely chopped (cilantro, thick sprigs) | 2 teaspoons ground sumac (or zest of 1 large lemon) | 1 tablespoon mild paprika | 2 tablespoons honey | 3 tablespoons light olive oil | 1 teaspoon fresh ground black pepper","blend, fry",https://www.food.com/recipe/moroccan-chermoula-marinade-502545
Moroccan Chicken,8,"3 chicken breasts, cut into bite size pieces | 1 tablespoon oil, vegetable | 1 large onion, chopped | 2 cloves garlic, finely sliced | 1/2 teaspoon turmeric | 1/4 teaspoon cinnamon | 1/8 teaspoon red pepper | 4 whole cloves | 2 bay leaves | 4 cups chicken stock | 16 ounces whole tomatoes, canned and quartered with juice | 1 medium green pepper, sliced into 1 inch pieces | 2 carrots, sliced | 1/2 teaspoon salt | 1 (19 ounce) can chickpeas, drained | 4 cups couscous or 4 cups white rice, prepared | 1/4 cup raisins, seedless | 1/4 cup almonds, sliced",boil,https://www.food.com/recipe/moroccan-chicken-86716
Moroccan Chicken and Couscous Soup,4,"2 tablespoons cooking oil | 1 onion, chopped | 1 lb boneless skinless chicken thighs (about 4) | 1/4 teaspoon cayenne | 1 teaspoon ground cumin | 1 3/4 teaspoons salt | 1/4 teaspoon fresh ground black pepper | 1 sweet potato, peeled and cut into 3/4-inch cubes (about 1/2 pound) | 1 zucchini, quartered lengthwise and cut crosswise into 1-inch pieces | 3/4 cup tomato puree | 1 quart water | 2 cups canned low sodium chicken broth or 2 cups homemade stock | 1/2 cup couscous | 1/3 cup chopped fresh parsley","boil, simmer",https://www.food.com/recipe/moroccan-chicken-and-couscous-soup-331411
Moroccan Chicken and Date Tagine,2,"1 large red onion, thinly sliced | 1 unwaxed lemon, zested | 4 fresh dates or 4 soft dried dates | 2 large boneless skinless chicken breasts | 3 tablespoons olive oil | 50 g pine nuts | salt and pepper | 1 teaspoon harissa | 350 ml chicken stock | 200 g couscous | 1 tablespoon butter | 1 tablespoon chopped coriander","boil, fry, simmer",https://www.food.com/recipe/moroccan-chicken-and-date-tagine-44107
Moroccan Chicken and Raisins for 2,2,"1 tablespoon oil | 1/4 cup onion, chopped | 1 garlic clove, minced | salt and pepper | 1/2 teaspoon ground ginger | 1/2 teaspoon coriander | 1/2 teaspoon cumin | 1/2 teaspoon cinnamon | 1 dash nutmeg | 1 pinch cayenne | 1/2 teaspoon vanilla extract | 1/2 cup tomatoes, diced | 1/2 cup raisins | 1/4 cup almonds | 1 cup chickpeas, cooked | 1 boneless skinless chicken breast, chopped into bites size pieces","saute, simmer",https://www.food.com/recipe/moroccan-chicken-and-raisins-for-2-338342
Moroccan Chicken and Veggie Skillet,4,"1 teaspoon fennel seed (optional) | 1 teaspoon ground cumin | 1/4 teaspoon ground cinnamon | 1/4 teaspoon cayenne pepper | 2 teaspoons vegetable oil (Becel) | 2 boneless skinless chicken breasts, cut in 1 inch cubes | 1 medium onion, chopped | 2 garlic cloves, smashed | 3/4 cup reduced-sodium chicken broth | 1 medium zucchini, sliced | 2 -3 medium carrots, julienned | 1/4 cup raisins | 1/4 teaspoon salt | 2 teaspoons cornstarch | chopped fresh coriander (to garnish)","boil, fry, simmer",https://www.food.com/recipe/moroccan-chicken-and-veggie-skillet-38221
Moroccan Chicken Breasts,4,"1 tablespoon olive oil | 4 boneless skinless chicken breasts | 1 onion, chopped | 1/2 lb butternut squash, peeled, seeded, cut into 3/4-inch pieces | 1/4 teaspoon ground cinnamon | 1/4 teaspoon ground cumin | 1/8 teaspoon saffron thread | 1 cup low sodium chicken broth | 2 ounces kumquats, quartered lengthwise, seeded | 2 ounces prunes, pitted | 1 tablespoon honey | 4 cups cooked rice or 4 cups couscous | 2 tablespoons fresh cilantro, chopped","boil, saute, simmer",https://www.food.com/recipe/moroccan-chicken-breasts-324743
Moroccan Chicken &amp; Chickpea Tagine,3,"1 tablespoon olive oil | 1/2 medium onion, chopped | 2 tablespoons fresh cilantro | 2 tablespoons fresh parsley | 2 boneless skinless chicken breasts, cut into quarters | 1/3 preserved lemon, rinsed & sliced | 1 (15 ounce) can chickpeas, drained & rinsed | 1 1/2 cups chicken broth | 2 -3 teaspoons ras el hanout spice mix | 1/8 teaspoon cayenne | salt, to taste",,https://www.food.com/recipe/moroccan-chicken-chickpea-tagine-407110
Moroccan Chicken &amp; Egg Tagine,3,"2 tablespoons olive oil | 1 garlic clove, chopped | 1/2 medium onion, chopped | 1 1/2 lbs boneless skinless chicken breasts, cut into 1 inch pieces | 3/4 cup low sodium chicken broth | 1 lemon, juice of | 1 bunch parsley, finely chopped | 1 bunch cilantro, finely chopped | 1 1/2 tablespoons La Kama (<a href=""https://www.food.com/recipe/la-kama-moroccan-spice-blend-404629/"">La Kama Moroccan Spice Blend</a>) | 1/4-1/2 teaspoon salt | 1/4 teaspoon ginger | 2 eggs | 3 egg whites",,https://www.food.com/recipe/moroccan-chicken-egg-tagine-404000
Moroccan Chicken in Pastry Leaves,4,"1 Spanish onion, grated | 1 1/2 teaspoons black pepper | 1 teaspoon salt | 1/2 teaspoon ground ginger | 1/2 teaspoon powdered saffron | 2 tablespoons fresh Italian parsley, finely chopped | 1 tablespoon fresh cilantro, finely chopped | 3 tablespoons olive oil | 2 tablespoons lemon juice | 2 tablespoons water | 2 -3 lbs skinless chicken pieces | chicken giblets (optional) | 1 1/2 cups water | 1/2 teaspoon turmeric | 1 teaspoon sugar | 1 teaspoon cinnamon | 10 phyllo pastry sheets","marinate, simmer",https://www.food.com/recipe/moroccan-chicken-in-pastry-leaves-317272
Moroccan Chicken Kabobs,4,"1 lb chicken breast fillet | 3 tablespoons Spanish olive oil (plus extra for oiling) | 1 lemon, juice of | 2 garlic cloves, crushed | 1 1/2 teaspoons ground cumin | 1 teaspoon ground coriander | 1 teaspoon hot smoked paprika (or sweet) | 1/4 teaspoon ground cinnamon | 1/2 teaspoon dried oregano | salt | fresh parsley, chopped (for garnish)","broil, grill, marinate",https://www.food.com/recipe/moroccan-chicken-kabobs-478279
"Moroccan Chicken: Made on Stove Top, Crock-Pot or Tagine",5,"5 boneless skinless chicken breasts, chopped into bite size pieces | 1 tablespoon ground coriander | 1 tablespoon smoked paprika | 1 tablespoon ground cumin | 1 tablespoon mccormick's montreal steak grill seasoning | 1 teaspoon ground turmeric | 1/8 teaspoon ground cinnamon | olive oil | 1/2 of an onion (White, Yellow or red, your choice) | 1 cup chicken stock, from a box | 1/2 cup raisins (if you want, you can use more) | 1/2 cup prune (if you want you can use more) | couscous (optional, any flavor you want)","saute, simmer, slow cook",https://www.food.com/recipe/moroccan-chicken-made-on-stove-top-crock-pot-or-tagine-375800
Moroccan Chicken Pie,8,"2 tablespoons oil, divided | 1 large onion, chopped | 1 teaspoon ground turmeric | 1 lb boneless skinless chicken thighs, cut into 1/2-inch pieces | 1/2 cup almonds, coarsely chopped, use the salted and roasted kind | 1/3 cup golden raisin | 3 tablespoons fresh parsley, chopped | 1 teaspoon ground cinnamon | 6 eggs | 1/2 cup light sour cream | 12 sheets phyllo dough, thawed","bake, blend",https://www.food.com/recipe/moroccan-chicken-pie-446032
Moroccan Chicken Salad,6,"3 cups cooked chicken, chopped | 1 (15 ounce) can garbanzo beans, drained | 1 small red onion, halved and sliced | 1/2 cup red bell pepper, cut in strips | 1/2 cup yellow bell pepper, cut in strips | 1/2 cup ripe olives, sliced | 1/4 cup chopped fresh parsley | 1 (8 ounce) container plain yogurt (nonfat is OK) | 2 tablespoons lemon juice | 1/2 teaspoon cumin | 1/2 teaspoon coriander | 1 teaspoon caraway seed, crushed | 1/4 teaspoon salt | 1/4 teaspoon pepper | 1/4 teaspoon crushed red pepper flakes",,https://www.food.com/recipe/moroccan-chicken-salad-97430
Moroccan Chicken Salad (California Pizza Kitchen Copycat),4,"1/2 cup butternut squash, diced | 1 (8 ounce) can beets, diced | 1/4 cup dried cranberries | 1 hard-boiled egg, diced | 1 avocado, diced | 2 carrots, diced | 1 red bell pepper, diced | 1/4 cup dates or 1/4 cup dried apricot, chopped | 1 head romaine lettuce, sliced | 1/4 cup girard's champagne dressing | 1/4 cup roasted almonds | 3 boneless chicken breasts | 1 teaspoon ground coriander | 1 teaspoon cinnamon | 1 teaspoon olive oil","grill, roast, toast",https://www.food.com/recipe/moroccan-chicken-salad-california-pizza-kitchen-copycat-408831
Moroccan Chicken Salad for a Starry Night,6,"2 whole chicken breasts | 1 large red bell pepper, thinly sliced (may also use orange or yellow peppers) | 1 red onion, thinly sliced | 1 tablespoon toasted cumin seed, ground | 1/4-1/2 teaspoon cayenne | 1 teaspoon paprika | 2 tablespoons garlic, finely minced | 1/4 cup fresh lemon juice | 1/4 cup red wine vinegar | 1 cup chicken broth | 2 tablespoons olive oil | 1/2 cup cilantro, finely minced | 1/2 cup fresh Italian parsley, finely minced | salt and pepper | 1/4 cup kalamata olive (or Nicoise olives)","broil, poach, roast",https://www.food.com/recipe/moroccan-chicken-salad-for-a-starry-night-372563
Moroccan Chicken Soup,5,"1 tablespoon vegetable oil | 1 onion, choppped fine | 1 teaspoon garam masala | 5 cups low sodium chicken broth | 14 1/2 ounces diced tomatoes | 2 (16 ounce) cans chickpeas, drained and rinsed | 2 zucchini, cut in 1/2-inch pieces | 1/2 cup couscous | 3 cups cooked chicken (1 rotisserie chicken) | chopped cilantro | lemon wedge",simmer,https://www.food.com/recipe/moroccan-chicken-soup-420507
Moroccan Chicken Stew,4,"2 cups chicken broth | 1/4 cup tomato paste | 1 teaspoon ground cumin | 1 teaspoon salt | 1/4 teaspoon ground red pepper (cayenne) | 1/8 teaspoon ground cinnamon | 1/2 cup raisins | 1 medium onion, sliced thin | 1 tablespoon minced fresh garlic | 2 lbs butternut squash, peeled, seeded, and cut into 1 1/2 inch chunks (5 cups) | 2 cups frozen green peas | 1 (16 ounce) can chickpeas, drained and rinsed | 4 skinless chicken thighs, skin and visible fat removed (about 1 1/3 pounds)","blend, boil, simmer",https://www.food.com/recipe/moroccan-chicken-stew-49815
Moroccan Chicken Tagine,4,"5 teaspoons cumin seeds | 5 teaspoons coriander seeds | 2 1/2 teaspoons whole allspice | 5 teaspoons ground nutmeg | 2 1/2 teaspoons ground ginger | 1 1/4 teaspoons ground red pepper | 1 1/4 teaspoons ground cinnamon | 1 teaspoon olive oil | 2 lbs vertically sliced onions | 1/2 teaspoon salt | 1 1/2 teaspoons sugar | 1/2 teaspoon black pepper | 1 (10 1/2 ounce) can low sodium chicken broth | 1/4 cup raisins | 2 lbs skinless chicken thighs (4) | 1 (15 1/2 ounce) can chickpeas, drained (garbanzo beans) | 4 cups hot cooked couscous",bake,https://www.food.com/recipe/moroccan-chicken-tagine-349900
Classic Moroccan Chicken Tagine,4,"2 teaspoons ground cumin | 1 teaspoon ground ginger | 1 teaspoon salt | 1 teaspoon black pepper, coarse ground | 1/2 teaspoon ground cinnamon | 1/2 teaspoon ground coriander | 1/2 teaspoon paprika | 1/2 teaspoon ground turmeric | 1/4 teaspoon ground cloves | 1/4 teaspoon cayenne pepper | 2 small brown onions | 1 tablespoon olive oil or 1 tablespoon vegetable oil | 400 g chicken thigh fillets, diced | 800 g diced tomatoes | 800 g chickpeas, drained and rinsed | 200 ml chicken stock | 1/2 lemon | 1 cup water","fry, simmer",https://www.food.com/recipe/moroccan-chicken-tagine-503845
Moroccan Chicken (Tagine) - Atk,4,"1 1/4 teaspoons sweet paprika | 1/2 teaspoon ground cumin | 1/4 teaspoon cayenne pepper | 1/2 teaspoon ground ginger | 1/4 teaspoon ground coriander | 1/4 teaspoon ground cinnamon | 3 slices lemon zest (2x3/4 inches) | 3 tablespoons fresh lemon juice | 5 garlic cloves, minced | 3 1/2-4 lbs chicken, 8 pieces bone in | kosher salt | fresh ground black pepper | 1 tablespoon olive oil | 1 onion, thinly sliced into half moons (3 cups) | 1 3/4 cups chicken broth | 1 tablespoon honey | 2 carrots, peeled and cut into 1/2 inch rounds | 1 cup green olives (if you can get Moroccan or use Greek) | 2 tablespoons fresh cilantro leaves, chopped",simmer,https://www.food.com/recipe/moroccan-chicken-tagine-atk-480338
Moroccan Chicken Wings,12,"5 lbs chicken wings | 1/2 cup fresh lemon juice (about 4 lemons) | 8 garlic cloves, minced | 1 3/4 cups all-purpose flour | 2 tablespoons salt | 2 tablespoons ground coriander | 2 tablespoons ground cumin | 1 tablespoon ground cinnamon (amount decreased from 2T in original recipe) | 2 tablespoons paprika | 2 tablespoons ground red pepper | 2 tablespoons black pepper | 1/2 cup extra virgin olive oil","bake, marinate",https://www.food.com/recipe/moroccan-chicken-wings-351089
Moroccan Chicken Wings,8,"1 tablespoon ground cinnamon | 2 teaspoons cracked black pepper | 3/4 teaspoon ground coriander | 1/2 teaspoon ground cumin | 1/2 teaspoon ground cloves | 1/2 teaspoon ground cardamom | 2 tablespoons paprika | 4 garlic cloves, pressed (or mashed ) | 2 tablespoons dark brown sugar | 1 teaspoon salt | 1 teaspoon red pepper flakes | 2 tablespoons olive oil | 2 tablespoons fresh lemon juice | 4 lbs chicken wings","bake, broil, toast",https://www.food.com/recipe/moroccan-chicken-wings-411500
Moroccan Chicken With Apricots,4,"4 boneless skinless chicken breast halves | salt and pepper | 2 tablespoons olive oil | 1 1/4 cups green onions, sliced | 3 large garlic cloves, chopped | 1 tablespoon all-purpose flour | 1 teaspoon ground ginger | 1 1/2 teaspoons ground cinnamon | 1 teaspoon ground cumin | 2 cups chicken broth | 1 cup apricot, chopped | 3 tablespoons fresh lemon juice | 3 tablespoons honey | 1/3 cup slivered almonds, toasted","boil, saute, toast",https://www.food.com/recipe/moroccan-chicken-with-apricots-329675
Moroccan Chicken With Couscous,4,"1 tablespoon butter | 1 tablespoon sunflower oil | 4 chicken breasts (I used skinless breasts to reduce fat content) | 2 onions, finely chopped | 2 garlic cloves, crushed | 1/2 teaspoon ground cinnamon | 1/4 teaspoon ground ginger | 1/4 teaspoon ground turmeric | 2 tablespoons orange juice | 2 teaspoons clear honey | 1 pinch salt | of fresh mint (to garnish) | 350 g couscous | 1 teaspoon salt | 2 teaspoons caster sugar | 1 tablespoon sunflower oil | 1/2 teaspoon ground cinnamon | 1 pinch of grated nutmeg | 1 tablespoon orange blossom water (I used orange juice) | 2 tablespoons sultanas | 2 tablespoons chopped walnuts | 1/4 cup of chopped dried apricot","boil, fry, simmer, steam",https://www.food.com/recipe/moroccan-chicken-with-couscous-69340
Moroccan Chicken With Pistachio Couscous,4,"1 teaspoon garlic powder | 1 teaspoon ground cumin | 1 teaspoon paprika | 1/2 teaspoon ground turmeric | 1/4 teaspoon cayenne pepper | 2 teaspoons lemon rind, finely grated | 4 chicken breasts | 1 red capsicum, sliced thinly | 2 (100 g) sachet's quick-cooking couscous (I buy my couscous in a box of 4 quick cooking sachets each one serves 2, so make according to your b) | 1 -2 teaspoon vegetable bouillon granules | 2 tablespoons lemon juice | 1 tablespoon olive oil | 1/2 cup roasted pistachios, chopped coarsely | 2 tablespoons sultanas, chopped roughly | 1/2 cup fresh coriander, chopped coarsely","boil, fry",https://www.food.com/recipe/moroccan-chicken-with-pistachio-couscous-311203
Moroccan Chicken with Preserved Lemons,4,"2 tablespoons olive oil | 3 lbs chicken thighs, skinned and rinsed | 1 large chopped onion | 2 teaspoons paprika | 1 teaspoon ground ginger | 1/2 teaspoon ground turmeric | 1/2 teaspoon ground black pepper | 1/2 cup kalamata olive (optional) | 2 1/2 moroccan preserved lemons, cut in quarters | 1/4 cup finely chopped cilantro (optional)","fry, simmer",https://www.food.com/recipe/moroccan-chicken-with-preserved-lemons-40736
Moroccan Chicken With Sweet Couscous,4,"1 1/2 cups dry instant couscous | 1 1/2 lbs skinless chicken leg quarters, cut in half | 1/2 teaspoon salt | 1/2 teaspoon black pepper | 1/2 teaspoon ginger | 1/4 teaspoon turmeric | 1 pinch saffron | 1/2 onion, grated | 3 cinnamon sticks (about 2 inches long) | 3 cups chicken stock | 4 tablespoons sweet unsalted butter, divided | 1/4 cup icing sugar (confectioners sugar) | 2 -3 teaspoons ground cinnamon","boil, simmer",https://www.food.com/recipe/moroccan-chicken-with-sweet-couscous-338184
Moroccan Chickpea and Vegetable Stew with Couscous,6,"1 tablespoon olive oil | 2 cups zucchini, cubed | 1 cup onion, chopped | 1/2 cup carrot, chopped | 1 tablespoon garlic, minced | 1 cup chicken broth | 2 tablespoons raisins | 1 1/4 teaspoons ground ginger | 1 1/4 teaspoons ground cumin | 3/4 teaspoon ground coriander | 1/2 teaspoon salt | 1/4 teaspoon cinnamon | 1/4 teaspoon black pepper | 2 (15 1/2 ounce) cans chickpeas, drained | 1 (14 1/2 ounce) can no-salt-added diced tomatoes, undrained | 1 1/2 cups water | 1 cup uncooked couscous","boil, saute, simmer, stew",https://www.food.com/recipe/moroccan-chickpea-and-vegetable-stew-with-couscous-66380
Moroccan Chickpea Chili,4,"2 teaspoons olive oil | 1 cup onion, chopped | 3/4 cup celery, chopped | 1/2 cup carrot, chopped | 2 garlic cloves, minced | 2 teaspoons ground cumin | 2 teaspoons paprika | 1 teaspoon ground ginger | 1/2 teaspoon ground turmeric | 1/4 teaspoon ground black pepper | 1/4 teaspoon salt | 1/4 teaspoon ground cinnamon | 1/4 teaspoon ground red pepper | 1 1/2 cups water | 2 tablespoons no-added-salt tomato paste | 2 (15 1/2 ounce) cans chickpeas, rinsed and drained | 1 (14 1/2 ounce) can no-salt-added diced tomatoes, undrained | 2 tablespoons fresh cilantro, chopped | 1 tablespoon lemon juice, fresh","boil, simmer",https://www.food.com/recipe/moroccan-chickpea-chili-326457
Moroccan Chickpea Dip,8,"400 g chickpeas (13oz rinsed and drained) | 2 tablespoons tahini | 1/4 cup lemon juice (60ml/2floz) | 4 garlic cloves | 1/2 teaspoon ground cumin | 1 cup coriander (fresh leaves, cilantro 15g/1/2oz) | 1/4 cup extra virgin olive oil (60ml/2floz) | 1 green capsicum (medium bell pepper) | 2 tomatoes (medium ripe) | sea salt | pepper | celery rib (sticks to serve)","boil, grill",https://www.food.com/recipe/moroccan-chickpea-dip-460551
Moroccan Chickpea Salad,6,"1 1/3 cups dried garbanzo beans, soaked overnight | 4 scallions, finely chopped | 1 large ripe tomatoes, peeled,seeded and finely chopped | 1/2 cup cilantro or 1/2 cup parsley, minced | 8 kalamata olives, pitted and finely chopped | 1 clove garlic, minced | 2 tablespoons olive oil | 1 1/2 tablespoons fresh lemon juice | 1/2 teaspoon ground cumin | 1/4 teaspoon black pepper | 1 pinch cayenne","boil, simmer",https://www.food.com/recipe/moroccan-chickpea-salad-92523
Moroccan Chickpea Soup,4,"1 tablespoon olive oil | 1 medium onion, chopped | 2 sticks celery | 2 teaspoons ground cumin | 600 ml vegetable stock, hot | 400 g chopped tomatoes | 400 g chickpeas (ready cooked) | 1 teaspoon garlic | 1/2 lemon | 1 bunch coriander","fry, simmer",https://www.food.com/recipe/moroccan-chickpea-soup-354407
Moroccan Chickpea Soup,6,"2 tablespoons olive oil | 1 onion, small, chopped | 2 garlic cloves, minced | 1/2 teaspoon cinnamon | 1/2 teaspoon paprika | 1/2 teaspoon ground cumin | 1 pinch cayenne pepper | 15 ounces diced tomatoes | 30 ounces chickpeas, canned, drained | 3 cups vegetable broth | 1/2 teaspoon granulated sugar | salt & fresh ground pepper | 4 cups spinach, fresh, thinly sliced",simmer,https://www.food.com/recipe/moroccan-chickpea-soup-386245
Moroccan Chickpea Soup,4,"1 tablespoon olive oil | 1 medium onion, chopped | 2 celery ribs, chopped | 2 teaspoons ground cumin | 600 ml hot vegetable stock | 400 g plum tomatoes with garlic, chopped | 400 g chickpeas, rinsed and drained | 100 g frozen broad beans | 1/2 lemon, juice and zest of | 1/2 cup fresh coriander or 1/2 cup fresh parsley","fry, simmer",https://www.food.com/recipe/moroccan-chickpea-soup-503143
Moroccan Chickpea Soup,4,"2 tablespoons safflower oil | 2 carrots, grated | 2 garlic cloves, minced | 1 medium onion, chop fine (1/2 c) | 1 (15 ounce) can chickpeas, rinse, drain | 3 cups vegetable stock | 1/3 cup tahini | 2 tablespoons lemon juice | 1 tablespoon fresh parsley, chopped | 3/4 teaspoon cumin, Ground | 1/2 teaspoon black pepper | 1/2 teaspoon thyme leaves | 1/4 teaspoon powdered turmeric | 1/8 teaspoon cayenne pepper | toasted sesame seeds, minced scallions, finely chopped tomatoes (optional) or herbed garlic-flavored croutons (optional)",,https://www.food.com/recipe/moroccan-chickpea-soup-6860
Moroccan Chickpea &amp; Zucchini Salad (Africa),4,"240 g chickpeas (canned. if uncooked, soak overnight then boil until soft) | 240 g zucchini (courgettes) | 1 teaspoon garlic, minced | 10 ml lemon juice | 1 teaspoon vinegar, white wine | 2 teaspoons olive oil | 2 teaspoons honey | salt and pepper, to taste | 1 teaspoon mixed spice, paste (actually calls for spice paste take note of recipe below) | 1 teaspoon cayenne pepper | 1 teaspoon paprika | 1 teaspoon garlic powder | 1 teaspoon peppercorn, ground | 1 teaspoon cinnamon | 1 teaspoon ground cumin | 1 teaspoon fresh lemon juice | 5 teaspoons olive oil",fry,https://www.food.com/recipe/moroccan-chickpea-zucchini-salad-africa-310837
Moroccan Chickpeas and Sweet Potatoes,4,"1 large onion, thinly sliced | 3 garlic cloves, minced | 1 tablespoon fresh ginger, minced | 2 tablespoons red wine or 2 tablespoons cooking sherry | 1 teaspoon cumin | 1 teaspoon cinnamon | 1 teaspoon paprika | 1/2 teaspoon crushed red pepper flakes, to taste | 1 cup water (or chickpea cooking liquid) | 1/2 teaspoon salt | 2 medium sweet potatoes, peeled and cut into bite-size pieces (1 1/2 pounds) | 1/4 cup diced dried apricot | 2 cups cooked chickpeas | 1/4 cup raisins | 2 tablespoons lemon juice | 1/4 cup sliced almonds, toasted in a dry skillet","boil, simmer",https://www.food.com/recipe/moroccan-chickpeas-and-sweet-potatoes-85782
Moroccan Chickpeas With Carrot and Dates,5,"1/2 cup sliced almonds | 3 teaspoons olive oil | 2 brown onions, halved, thinly sliced | 2 garlic cloves, thinly sliced | 2 large carrots, cut into short sticks | 3 teaspoons ground cumin | 3 teaspoons ground ginger | 1 1/2 teaspoons ground turmeric | 1 cup chicken stock | 2 (400 g) cans diced tomatoes | 2 (400 g) cans chickpeas | 1/2 cup dried pitted dates | 50 g baby spinach leaves | 1 tablespoon honey | 3 teaspoons lemon juice or 1/2 teaspoon citric acid | fresh coriander sprig, to serve | ground cinnamon, to serve | couscous, to serve","bake, boil, deep fry, fry, microwave, simmer, toast",https://www.food.com/recipe/moroccan-chickpeas-with-carrot-and-dates-334126
Moroccan Chocolate Cake,8,"10 egg whites | 1/2 cup superfine sugar | 2 tablesppons self rising flour | 1 cup dark chocolate | 1 cup fresh dates, chopped | 1 cup roasted almonds, chopped | confectioners' sugar, to dust | chocolate syrup, to serve | strawberry, to garnish | ice cream, to serve",bake,https://www.food.com/recipe/moroccan-chocolate-cake-505632
Moroccan Cinnamon Coffee With Orange Flower Water,4,"1/2 cup ground coffee or 1/2 cup espresso beans | 1 teaspoon ground cinnamon | 3 cups water | 2 teaspoons orange flower water (to taste) | sugar (optional) or vanilla sugar, to taste (optional) | hot milk (optional) or steamed milk, to taste (optional)",,https://www.food.com/recipe/moroccan-cinnamon-coffee-with-orange-flower-water-424063
Moroccan Coconut Fudge-Zucre Coco,64,"2 cups coconut, grated | 3/4 cup sweetened condensed milk | 2 cups sugar | 2 tablespoons butter | 1 -2 tablespoon lemon rind, grated",simmer,https://www.food.com/recipe/moroccan-coconut-fudge-zucre-coco-505592
Moroccan Coffee,2,2 teaspoons orange blossom water (to taste) | 1/4 teaspoon cinnamon (ground) | 1/8 teaspoon nutmeg (ground) | 1 pinch cardamom (ground) | 16 ounces coffee (freshly brewed Arabic) | 4 teaspoons warm milk (optional),,https://www.food.com/recipe/moroccan-coffee-493140
Moroccan Coffee With Six Fragrant Spices,4,"1/4 teaspoon freshly ground cinnamon | 1/4 teaspoon freshly ground black peppercorns | 1/4 teaspoon freshly ground ginger | 1/4 teaspoon freshly grated nutmeg | 1/8 teaspoon freshly ground green cardamom seeds | 1/8 teaspoon freshly ground clove | scant 1 cup freshly roasted coffee beans | 4 cups boiling water | hot milk, to taste | sugar, if desired",boil,https://www.food.com/recipe/moroccan-coffee-with-six-fragrant-spices-502696
Moroccan Couscous and Smokey-Paprika Honey Roasted Carrot Salad,4,1 lb carrot (cut on the diagonal in 1/2' pieces) | 2 tablespoons extra virgin olive oil | 2 tablespoons honey | 1/2 teaspoon cinnamon | 1/2 teaspoon sweet smokey paprika | 1 (4 ounce) package feta cheese (crumbled) or 1 (4 ounce) package goat cheese (crumbled) | 8 -10 large medjool dates (seeds removed and quartered on the long axis) | 1 (14 ounce) can garbanzo beans (drained) | 1 cup couscous | 1 1/4 cups vegetable stock | 1 lemon (reserved for juice) | 1 tablespoon white sesame seeds | 1 tablespoon black sesame seed | 3/4 cup fresh cilantro leaves (chopped) | sea salt | black pepper,"boil, fry, roast, smoke, toast",https://www.food.com/recipe/moroccan-couscous-and-smokey-paprika-honey-roasted-carrot-salad-418119
Moroccan Couscous Salad,4,"1/3 cup couscous | 1/2 cup chicken stock | 1 teaspoon olive oil | 1 tablespoon orange juice | 1 teaspoon Dijon mustard | 1 teaspoon chopped fresh thyme | 2 green onions, thinly sliced | 1/4 cup parsley | 1/2 orange, peeled and cut into chunks | 1 tablespoon fresh lemon juice | salt and freshly ground black pepper, to taste",boil,https://www.food.com/recipe/moroccan-couscous-salad-437803
Moroccan Crock Pot Tajine,4,"1 (3 lb) package stew beef chunks or 8 skinless chicken thighs, bone-in | 4 garlic cloves | 2 onions | 1 teaspoon ground cumin | 1 teaspoon paprika | 1/2 teaspoon ground ginger | 1/2 teaspoon cinnamon | 1/2 teaspoon allspice | 1/2 teaspoon salt | 1/2 teaspoon hot red chili pepper flakes or 1/4 teaspoon cayenne pepper | 2 cups small chunks carrots | 3 cups large chunks of peeled squash or 3 cups potatoes | 1 (10 ounce) can condensed chicken broth or 1 cup chicken bouillon | 1/2 cup pitted green olives (optional) | 1 (19 ounce) can chickpeas, drained and rinsed (optional)",slow cook,https://www.food.com/recipe/moroccan-crock-pot-tajine-72218
Moroccan Daydream Coffee,1,"1 tablespoon ground coffee (or any amount you prefer for a single cup) | 1/2 teaspoon ras el hanout spice mix (or to your own spice level liking) | sugar (as and if you like, can use honey, Splenda, anything or nothing)",,https://www.food.com/recipe/moroccan-daydream-coffee-507584
Moroccan Dry Rub,1,"2 teaspoons black pepper | 1 teaspoon onion powder | 2 teaspoons garlic cloves, minced | 1 teaspoon salt | 1/2 teaspoon cayenne pepper | 1 teaspoon ground cinnamon | 1 teaspoon ground coriander | 1/2 teaspoon dried thyme | 1 teaspoon ground ginger | 1 tablespoon lemon zest | 1 tablespoon sugar","broil, grill, roast",https://www.food.com/recipe/moroccan-dry-rub-356043
Moroccan Egg and Meatball Tagine,4,"1 lb ground chuck | 2 tablespoons olive oil | 1 small onion, finely chopped | 1/2 teaspoon paprika | salt and pepper | 1 tablespoon finely chopped garlic | 1 large onion, finely chopped | 1 tablespoon extra-virgin olive oil | 2 tablespoons chopped fresh cilantro | 3 teaspoons paprika | 1 teaspoon ground cumin | salt and pepper | 2 lbs tomatoes, skins removed, peeled and finely chopped* | 4 large eggs | pita bread, for serving","boil, saute",https://www.food.com/recipe/moroccan-egg-and-meatball-tagine-532827
Moroccan Eggplant and Chickpeas,4,"1 large onion, cut in half and sliced thin | 5 medium garlic cloves, pressed | 1 medium red bell pepper, cut in 1 inch squares | 1 medium eggplant, cut into 1 inch pieces | 1 pinch red pepper flakes | 2 teaspoons turmeric | 1/2 teaspoon garam masala | 1 (15 ounce) can garbanzo beans | 1 (15 ounce) can lentils, drained | 1/2 cup tomato sauce | 1 1/4 cups tbsps vegetable broth | 1 tablespoon vegetable broth | 1/2 cup raisins | 1 tablespoon chopped fresh cilantro | salt and black pepper",simmer,https://www.food.com/recipe/moroccan-eggplant-and-chickpeas-364624
Moroccan Eggplant (Aubergine) Fritters,12,"1 large eggplant, peeled, cut into 2 inch pieces | 2 large eggs | 2 cups dry breadcrumbs | 1 cup coarsely chopped cilantro | 1/2 cup sultana raisin | 1/2 cup Greek yogurt | 3 garlic cloves, minced | 1/2 jalapeno chile, minced | 2 teaspoons tomato paste | 1 teaspoon hot paprika | 1 teaspoon ground cumin | 1/2 teaspoon curry | 1/2 teaspoon ground coriander | 1/2 teaspoon salt | 1/4 teaspoon ground ginger | 1 pinch ground cardamom | 1 cup all-purpose flour | 2 eggs, beaten to blend | tzatziki (included in my recipes)",microwave,https://www.food.com/recipe/moroccan-eggplant-aubergine-fritters-61143
Aubergine Salad,4,"1 lb eggplant, peeled and diced | 1 red bell pepper, coarsely chopped | 1/2 cup chopped red onion | 4 tablespoons olive oil | 8 sun-dried tomatoes | 1 cup boiling water | 1 teaspoon sea salt | 1/2 teaspoon black pepper | 1 teaspoon ground cumin | 1/2 teaspoon paprika | 2 garlic cloves, minced | 1/2 cup pitted kalamata olives or 1/2 cup pitted green olives, chopped | 1/2 cup chopped Italian parsley | 1/8 cup toasted slivered almonds (may substitute pine nuts) | 1 -2 lemon (juice of, no seeds, amount depending on size) | 1 tablespoon chopped of fresh mint (optional) | 4 pita bread rounds (optional)","boil, toast",https://www.food.com/recipe/moroccan-eggplant-aubergine-salad-88962
Moroccan Eggs,4,"600 g ripe tomatoes | 4 tablespoons olive oil | 6 green onions | 4 garlic cloves, sliced | 1 teaspoon cumin seed, roughly ground | 1 pinch cayenne pepper | 1 teaspoon sugar | 4 eggs","boil, fry, simmer",https://www.food.com/recipe/moroccan-eggs-505612
Moroccan Fekka Cookies (Anise Biscotti),96,6 eggs | 1 cup sugar | 1 cup cooking oil | 2 cups finely chopped walnuts | 1 cup raisins | 1 tablespoon anise | 1 tablespoon baking powder | 1 teaspoon baking powder | 3/4 teaspoon baking soda | 1 teaspoon vanilla extract | 6 cups flour,bake,https://www.food.com/recipe/moroccan-fekka-cookies-anise-biscotti-372028
Moroccan Fish Charmoula,3,"3 tablespoons cilantro, finely chopped | 3 tablespoons fresh parsley, finely chopped | 2 medium garlic cloves, minced | 1/2 onion, grated | 3 tablespoons olive oil | 3 -4 tablespoons lemon juice | 1 tablespoon vinegar | 1 teaspoon salt | 1 teaspoon paprika | 1/2 teaspoon cumin | 1/2 teaspoon black pepper | 1/2 teaspoon turmeric | 1 pinch cayenne pepper","bake, blend, broil, grill, marinate",https://www.food.com/recipe/moroccan-fish-charmoula-426697
Moroccan Fish Skewers / Kebabs,3,"1 1/2 lbs firm white fish fillets (porgy, monkfish, cod, etc) | 1/2 onion, grated | 1 garlic clove, peeled & finely chopped | 3 -4 tablespoons olive oil | 2 tablespoons lemon juice | 2 tablespoons fresh cilantro, finely chopped | 3 tablespoons fresh Italian parsley, finely chopped | 1/2 teaspoon paprika | 1/4 teaspoon turmeric | 1/4 teaspoon powdered saffron | 1/4 teaspoon cayenne pepper | 1/4 teaspoon salt","grill, marinate",https://www.food.com/recipe/moroccan-fish-skewers-kebabs-318079
Moroccan Fish Tajine,4,3 whole trout (about 10 inches long) | 2 bunches parsley | 2 russet potatoes | 4 roma tomatoes | 10 -15 white mushrooms | 1 bunch asparagus | 2 bell peppers (any color) | 1 yellow onion | 6 garlic cloves | 1 tablespoon sea salt | 1 teaspoon black pepper | 1 teaspoon chili powder | 1 teaspoon ginger powder | 1 tablespoon ras el hanout spice mix (available at mustaphas.com) | 4 tablespoons extra virgin olive oil,"bake, roast",https://www.food.com/recipe/moroccan-fish-tajine-338997
Moroccan Flatbread,8,"1/2 teaspoon dry yeast | 3/4 cup warm water | 2 cups all-purpose flour | 3/4 teaspoon kosher salt | 2 cups onions, chopped | 1/2 cup parsley, frest, finely chopped | 2 tablespoons olive oil | 2 teaspoons paprika | 1 teaspoon ground cumin | 1/2 teaspoon kosher salt | 1/4 teaspoon crushed red pepper flakes | 1 teaspoon canola oil, divided","knead, saute",https://www.food.com/recipe/moroccan-flatbread-531395
Moroccan Flatbread Pizzas (Can Be Ww),4,"1 red onion | 1 tablespoon fresh parsley leaves | 1 lb fresh ground beef or 1 lb fresh ground lamb | 2 teaspoons ground cumin | 2 tablespoons pine nuts | 1 1/2 teaspoons paprika | 1 tablespoon fresh lemon juice | 1/2 cup plain natural yoghurt (can use Greek) | 4 naan bread (garlic and coriander, should not be plain naan breads)",,https://www.food.com/recipe/moroccan-flatbread-pizzas-can-be-ww-389902
Moroccan Fried Eggplant,4,"2 medium narrow eggplants | 2 eggs, lightly beaten | 1 teaspoon cumin | 1/2 teaspoon salt | 1/4 teaspoon pepper | vegetable oil (for frying)","blend, fry",https://www.food.com/recipe/moroccan-fried-eggplant-428746
Moroccan Fried Eggs With Cumin and Salt,1,2 eggs | 1 teaspoon olive oil | salt (to taste) | cumin (to taste),fry,https://www.food.com/recipe/moroccan-fried-eggs-with-cumin-and-salt-414808
Moroccan Fried Whiting,4,"fresh whiting fish fillets, cleaned | 2 teaspoons cumin | 1 1/2 teaspoons turmeric | 1 1/2 teaspoons hot paprika | 1 teaspoon sweet paprika | 1/2 teaspoon pepper | salt | pepper | 1/2 cup flour for coating the fish | vegetable oil (for frying) | lemon wedge (optional)",fry,https://www.food.com/recipe/moroccan-fried-whiting-428747
Moroccan Garbanzo Bean and Feta Pitas,4,"1/2 cup olive oil | 1/3 cup white wine vinegar | 1 tablespoon ground cumin | 1/2 teaspoon ground coriander | 1/2 teaspoon ground cinnamon | 1/4 teaspoon cayenne pepper | 1 (15 ounce) can garbanzo beans, drained (chickpeas) | 1 1/2 cups coarsely chopped seeded tomatoes | 1 1/2 cups coarsely chopped seeded peeled cucumbers | 1 cup coarsely crumbled feta cheese | 1/2 cup chopped red onion | 1/3 cup chopped fresh Italian parsley | 4 whole pita bread rounds, halved crosswise | plain yogurt",blend,https://www.food.com/recipe/moroccan-garbanzo-bean-and-feta-pitas-428626
Moroccan Grape Juice,1,"1 quart concord grape juice (or white grape juice) | 2 tablespoons sugar (I used honey) or 2 tablespoons honey, to taste (I used honey) | 2 tablespoons orange blossom water (do not omit) | 1/4 teaspoon cinnamon, to taste (original recipe specified 1 teaspoon) or 1/2 small whole cinnamon stick | ice cube | of fresh mint, for garnish",,https://www.food.com/recipe/moroccan-grape-juice-505443
Moroccan Herbed Olives,10,"1 lb kalamata olives or 1 lb Greek olive | 1/4 cup olives or 1/4 cup vegetable oil | 2 tablespoons snipped parsley | 2 tablespoons snipped fresh cilantro | 1 tablespoon lemon juice | 1/2 teaspoon crushed red pepper flakes | 2 garlic cloves, finely chopped",,https://www.food.com/recipe/moroccan-herbed-olives-420977
Moroccan Hummus,2,"1 teaspoon vegetable oil | 1 small onion, chopped | 2 garlic cloves, chopped | 1 teaspoon ground cumin | 1/2 teaspoon ground coriander | 1/4 teaspoon cinnamon | 1/8 teaspoon cayenne | 2 tablespoons tomato paste | 540 ml chickpeas, rinsed and drained | 1/2 cup plain yogurt | 1 1/2 teaspoons lemon juice | colourful vegetables such as carrot, peppers, cucumbers and asparagus, cut into strips",fry,https://www.food.com/recipe/moroccan-hummus-505751
Moroccan Inspired Baked Potato Slices,4,"1 1/2 lbs potatoes | 2 tablespoons extra virgin olive oil | 1/4 teaspoon ground cilantro | 1/8 teaspoon turmeric | 1/8 teaspoon cinnamon | 1/4 teaspoon chili pepper flakes | 1 garlic clove | 1/2 lemon, juice and zest of",bake,https://www.food.com/recipe/moroccan-inspired-baked-potato-slices-367434
Moroccan-Inspired Flank Steak,4,"3 -4 lbs flank steaks | 1 small onion, minced | 1/2 cup olive oil | 1/4 cup lemon juice | 4 tablespoons minced ginger | 2 tablespoons soy sauce | 2 tablespoons flat leaf parsley, chopped | 3 garlic cloves, minced | 1 tablespoon cumin | 1 tablespoon chili powder | 1 tablespoon sherry wine | 1 teaspoon dried oregano | 1 teaspoon turmeric | 1 teaspoon ground black pepper | 1/4 teaspoon grated nutmeg (optional)",grill,https://www.food.com/recipe/moroccan-inspired-flank-steak-366116
Moroccan Kefta Kebabs,4,"2 lbs ground beef | 1 onion, finely chopped | 1/3 cup chopped fresh parsley | 1/2 teaspoon mint | 1/4 teaspoon marjoram | 3/4 teaspoon salt | 1/4 teaspoon pepper | 1/2 teaspoon ground cumin | 24 bamboo skewers or 24 metal skewers","blend, grill",https://www.food.com/recipe/moroccan-kefta-kebabs-71484
Moroccan Lamb,4,"1 large lemon, juice of | 1 large lemon, zest of | 3 tablespoons olive oil | 3 garlic cloves, sliced | 2 teaspoons ras el hanout spice mix | 4 lamb fillets, trimmed (about 500g total weight) | 1 cup flat leaf parsley | 20 mint leaves, roughly chopped | 20 leaves fresh oregano | 2 vine-ripened tomatoes, roughly chopped",,https://www.food.com/recipe/moroccan-lamb-99655
Moroccan Lamb Chops With Preserved Lemon Gremolata,25,"5 racks of lamb | 4 tablespoons ras el hanout spice mix | 1 bunch fresh cilantro, minced | 2 1/3 tablespoons minced garlic | 1/4 cup extra virgin olive oil | 1 tablespoon lemon juice | 2 preserved lemons | 1 bunch fresh parsley leaves","broil, grill",https://www.food.com/recipe/moroccan-lamb-chops-with-preserved-lemon-gremolata-513988
Moroccan Lamb Fillet (Backstrap),2,"2 -3 lamb fillets (backstrap) | 1 teaspoon ground cumin | 1 teaspoon paprika | 3 garlic cloves, crushed | 1 teaspoon ground coriander | 1 teaspoon dried parsley flakes | 1/2 teaspoon cinnamon | 1/2 teaspoon ground ginger | 1 teaspoon sugar | 1/2 teaspoon harissa | 2 tablespoons lemon juice | 2 tablespoons olive oil","fry, grill",https://www.food.com/recipe/moroccan-lamb-fillet-backstrap-378666
Moroccan Lamb Shank With Couscous,2,"2 lamb shanks | 2 large tomatoes, chopped to small pieces | 2 teaspoons ground cumin | 1 teaspoon ground coriander | 2 teaspoons paprika | 1 teaspoon fennel seed | 5 cm knob ginger, chop into chunky pieces | 2 thai bird's eye chili, chopped (I don't de-seed my chili, as I like them hot) | 1 cinnamon stick | 1 tablespoon olive oil | 500 ml chicken stock | 50 g dried apricots, chopped | 50 g dried figs, chopped | 1 tablespoon almond halve | 2 tablespoons honey | 1 bunch of chopped fresh coriander | 200 g couscous | salt | grounded black pepper","boil, fry, simmer",https://www.food.com/recipe/moroccan-lamb-shank-with-couscous-441037
Moroccan Lamb Tagine,4,1 teaspoon cayenne pepper | 2 teaspoons ground black pepper | 1 1/2 tablespoons paprika | 1 1/2 teaspoons ground ginger | 1 tablespoon turmeric | 2 tablespoons cinnamon | 2 1/2 lbs stewing lamb | 1 cup onion | 2 tablespoons olive oil | 2 tablespoons argan oil | 3 garlic cloves | 1 pint tomato juice | 2 (28 ounce) cans chopped tomatoes | 4 ounces dried apricots | 2 ounces dates | 2 ounces raisins | 3 ounces sliced almonds | 1 teaspoon saffron | 1 pint lamb or 1 pint chicken stock | 1 tablespoon clear honey | 2 tablespoons coriander | 2 tablespoons parsley,"boil, slow cook",https://www.food.com/recipe/moroccan-lamb-tagine-422401
Moroccan Lamb  With Couscous,2,"2 (200 g) lamb fillets (the marinade would be enough for 4 fillets) | 2 teaspoons ground cumin | 2 teaspoons ground coriander | 1 teaspoon cinnamon | 1 teaspoon paprika | 1/2 teaspoon ground ginger | 1/4 teaspoon harissa | 100 ml yogurt | 2 cups water | 2 teaspoons vegetable stock powder | 2 tablespoons hot mango chutney | 1 (100 g) sachet quick-cooking couscous | 1/2 red pepper, diced | 1/2 yellow pepper, diced | 1 tablespoon lemon juice | 3 tablespoons red currants | 2 tablespoons fresh coriander, finely chopped | 100 ml yogurt | 1 tablespoon fresh coriander, finely chopped (this is extra so a total of 3 tablespoons altogether.)","boil, fry, grill",https://www.food.com/recipe/moroccan-lamb-with-couscous-314128
Moroccan Lemon Chicken,4,"2 tablespoons olive oil | 4 chicken breast halves (bone in, skin on) | 1 small onion, sliced thin | 3/4 teaspoon cumin | 1/4 teaspoon paprika | 1/4 teaspoon cinnamon | 2 teaspoon lemons, zest of, finely grated | 1 1/2 teaspoons all-purpose flour | 1 1/2 cups chicken broth (I use College Brand) | 1/3 cup pimento stuffed olive, sliced thin | 1 tablespoon honey | 1/2 cup canned chick-peas, drained & rinsed",simmer,https://www.food.com/recipe/moroccan-lemon-chicken-34697
Moroccan Lemon Chicken With Olives,2,"1 onion, medium, peeled, quartered | 1 medium garlic clove, peeled, minced | 2 large chicken breasts | 1 tablespoon all-purpose flour | 1/2 tablespoon olive oil | 1 1/4 cups water, divided | 1 pinch saffron | 1/4 teaspoon ground ginger | 1/4 teaspoon ground cumin | 1/4 teaspoon paprika | 1/8 teaspoon salt | 2 tablespoons lemon juice | 1 lemon, zest of, minced | 1/4 cup green olives, pitted, chopped | 1 tablespoon cilantro, minced | 1/2 cup couscous | 1 dash black pepper","boil, saute, simmer",https://www.food.com/recipe/moroccan-lemon-chicken-with-olives-324785
Moroccan Lentil and Pumpkin Soup  Crockpot,6,"1 onion, chopped | 2 garlic cloves, mashed | 1 green pepper, minced | 1 teaspoon ginger, crushed | 1 tablespoon oil | 1 teaspoon turmeric | 1/2 teaspoon cumin | 1 pinch saffron | 2 cups lentils | 1 teaspoon paprika | 1/4 teaspoon chili powder | 2 cups pumpkin, cubed | 3 tablespoons tomato paste | 1 carrot, sliced | 6 cups stock | 1/4 cup cilantro, chopped",saute,https://www.food.com/recipe/moroccan-lentil-and-pumpkin-soup-crockpot-493796
Moroccan Lentil Soup with Yogurt,7,"8 spinach, leaves (use large ones) | 1 medium onion, chopped | 2 tablespoons olive oil | 1 carrot, scraped and sliced | 2 garlic cloves, minced | 6 cups chicken broth | 1 cup red lentil | 1 cup tomatoes, peeled, seeded, and chopped | 4 green onions, sliced | 1/4 cup fresh parsley, chopped | 1/4 cup fresh cilantro, chopped | 1 bay leaf | 2 teaspoons ground ginger | 2 teaspoons ground turmeric | 2 teaspoons paprika | 1 teaspoon ground cumin | 1 teaspoon ground cinnamon | 1/2 teaspoon pepper | 1/4 teaspoon salt | 1/2 cup fine egg noodles, uncooked | 1/2 cup plain yogurt","boil, saute, simmer",https://www.food.com/recipe/moroccan-lentil-soup-420718
Moroccan Lentil Soup With Coriander Oil,4,"2 tablespoons olive oil | 1 large onion, diced | 1 large carrot, diced | 2 garlic cloves, crushed | 1 tablespoon ground coriander | 2 teaspoons ground cumin | 1 teaspoon paprika | 175 g red lentils, well rinsed | 1 1/2 liters vegetable stock | 4 tablespoons olive oil | 25 g fresh coriander, roughly chopped | 1/2 garlic clove, crushed with | 1 pinch sea salt | 1 teaspoon lemon juice | 1/4 teaspoon hot chili oil","blend, boil, simmer",https://www.food.com/recipe/moroccan-lentil-soup-with-coriander-oil-315593
Moroccan Lentil Stew With Raisins,6,"1 tablespoon olive oil | 1 cup onion, chopped | 3 garlic cloves, minced (1 tbsp) | 1 (28 ounce) can crushed tomatoes | 2 (18 1/4 ounce) cartons lentil soup, such as Dr. McDougalls | 1 (15 ounce) can chickpeas, rinsed and drained | 1/2 cup raisins or 1/2 cup dried currant | 2 teaspoons ground cinnamon (to taste) | 1 1/2 teaspoons ground cumin | 1/4 teaspoon red pepper flakes (to taste) | 6 tablespoons plain nonfat Greek yogurt or 6 tablespoons plain nonfat soy yogurt","simmer, stew",https://www.food.com/recipe/moroccan-lentil-stew-with-raisins-443205
Moroccan Lentils and Couscous,6,"1 cup lentils, uncooked | 4 garlic cloves, crushed | 1 teaspoon cumin, ground | 1/2 teaspoon salt | 1/8 teaspoon pepper | 1/16 teaspoon ground cinnamon | 1 bay leaf | 3 cups water | 2 teaspoons vegetable oil | 2 cups onions, cut in thin slices | 1/2 cup couscous, uncooked","boil, simmer",https://www.food.com/recipe/moroccan-lentils-and-couscous-504317
Moroccan Liver Slices,4,"1 1/2-2 lbs calf liver, cut in 1x2 inch slices | 1/2 cup plain flour | 1 teaspoon cumin | 1 teaspoon paprika | 1 -2 pinch salt | 2 tablespoons olive oil | 1 red onion, thinly sliced | 3 garlic cloves, minced | 1 bunch parsley, chopped","fry, saute",https://www.food.com/recipe/moroccan-liver-slices-382470
Moroccan Marinated Lamb Blade Chops,8,"32 ounces kefir or 32 ounces whole milk plain yogurt | 1/3 cup ras el hanout spice mix, plus more (about 1.6 ounce jar, for serving) | 8 smashed garlic cloves | 3 tablespoons kosher salt | 8 1/2 inches thick lamb blade chops | cilantro leaves and thinly sliced scallion (for serving) | vegetable oil (for brushing)",grill,https://www.food.com/recipe/moroccan-marinated-lamb-blade-chops-536448
Moroccan Meatball Stew,6,"1 1/2 lbs ground beef | 1 onion, chopped | 1/3 cup panko breadcrumbs | 1/4 cup cilantro, chopped | 1 egg, beaten | 2 garlic cloves, minced | 1 teaspoon turmeric | 1/2 teaspoon cayenne pepper | 1/2 teaspoon ground cinnamon | 1/2 teaspoon ground nutmeg | 1/2 teaspoon pepper | 1/2 teaspoon kosher salt | 1/4 teaspoon ground ginger | 1 tablespoon olive oil | 2 onions, chopped | 4 garlic cloves, minced | 2 cinnamon sticks | 1 teaspoon turmeric | 1/8 teaspoon saffron thread, crumbled (I skipped the saffron) | 1 (14 1/2 ounce) can beef broth | 1 (14 1/2 ounce) can tomatoes, diced | 1/4 cup golden raisin | 2 cups carrots, sliced into 1/2-inch pieces cut on the diagonal | 1/4 cup cilantro, chopped | 1 (5 ounce) package spinach leaves","bake, saute, simmer, stew",https://www.food.com/recipe/moroccan-meatball-stew-404832
Moroccan Meatballs,35,"1 tablespoon extra-virgin olive oil | 1 cup diced yellow onion | 2 garlic cloves, minced | 1 tablespoon harissa | 1 (28 ounce) can crushed san marzano tomatoes | 1 cup beef broth or 1 cup beef stock | kosher salt & freshly ground black pepper | 1 tablespoon chopped fresh parsley | 1 1/2 lbs ground beef | 1/2 cup dry breadcrumbs | 1/2 small onion, finely diced | 1 large egg | 1/2 teaspoon ground coriander | 1/2 teaspoon ground cumin | 1/4 teaspoon ground cinnamon | 1/4 teaspoon curry powder | 1/4 teaspoon dried oregano | 4 tablespoons olive oil","bake, boil, saute, simmer",https://www.food.com/recipe/moroccan-meatballs-531798
Moroccan Meatballs,4,"2 teaspoons olive oil | 1/2 small onion, chopped | 1 garlic clove, smashed | 1 lb ground lamb | 1/2 cup cooked couscous | 1 egg, beaten | 2 tablespoons chopped fresh parsley | 1/2 teaspoon turmeric | 1/4 teaspoon ground cinnamon | 1/4 teaspoon ground ginger","bake, fry, saute",https://www.food.com/recipe/moroccan-meatballs-81921
Moroccan Meatballs &amp; Couscous,16,"1 lb ground lamb | 1/2 onion, finely chopped | 2 tablespoons harissa | 1 tablespoon dried breadcrumbs | salt and pepper | 2 tablespoons parsley, chopped | 1 1/2 onions, finely chopped | 4 garlic cloves, crushed | 1 tablespoon fresh ginger, finely chopped | 2 ounces dried apricots, chopped | 1 teaspoon paprika | 1 teaspoon ground cinnamon | 1 teaspoon coriander seed, crushed | 1 (14 ounce) can chopped tomatoes | 3/4 cup chicken stock | 1 tablespoon honey | 9 ounces couscous | 1 3/4 cups chicken stock, hot | flat leaf parsley | fresh cilantro | 1 lemon, juice | 2 tablespoons extra virgin olive oil | 1 1/2 ounces toasted sliced almonds","boil, fry, toast",https://www.food.com/recipe/moroccan-meatballs-couscous-410543
Moroccan Meatballs in Tomato Sauce,4,"1 1/4 lbs ground lamb | 3 teaspoons paprika, divided | 2 teaspoons cumin, divided | 12 sprigs fresh parsley, leaves chopped and divided | salt | 1 large garlic clove, peeled | 1 (15 ounce) can diced tomatoes with juice, drained | 1/4 cup olive oil | 3 tablespoons tomato paste | 1 small onion, peeled and roughly chopped into 8 pieces",boil,https://www.food.com/recipe/moroccan-meatballs-in-tomato-sauce-375975
Moroccan Meatballs -- Tagine Kefta,2,"6 -8 medium tomatoes, cored and roughly chopped | 1 tablespoon paprika | 1 teaspoon cumin | 1/2 teaspoon cayenne pepper | 3 -4 tablespoons chopped fresh flat-leaf parsley | 2 garlic cloves, minced | salt & freshly ground black pepper, to taste | 1/4 cup vegetable oil | 400 g ground beef | 1 tablespoon paprika | 1 teaspoon cumin | 1/2 teaspoon cayenne pepper | 3 -4 tablespoons chopped fresh flat-leaf parsley | 2 garlic cloves, minced | salt & freshly ground black pepper, to taste",simmer,https://www.food.com/recipe/moroccan-meatballs-tagine-kefta-87354
Moroccan Meatloaf - Loafing Around,4,"1/3 cup burghul wheat | 2 teaspoons rice bran or 2 teaspoons olive oil | 1 brown onion, finely chopped | 1 tablespoon moroccan mixed spice | 1 garlic clove, crushed | 200 g kumara, peeled and finely grated | 200 g ground lamb, lean | 1/3 cup parsley, flat leaf, finely chopped | 2 tablespoons mint, chopped | 2 tablespoons sesame seeds, toasted | 2 tablespoons tomato sauce | 1 tomatoes, medium, sliced","bake, fry",https://www.food.com/recipe/moroccan-meatloaf-loafing-around-376365
Moroccan Mint Tea,3,"gunpowder tea (or any green tea) | boiling water | of fresh mint (prefer short leaf bunch, with less stem) | sugar, to taste","blend, boil",https://www.food.com/recipe/moroccan-mint-tea-505563
Moroccan Mint Tea,6,"10 sprigs of fresh mint, plus extra for garnish | 3 teaspoons green tea | 3 tablespoons sugar (or more to taste) | 4 cups water",boil,https://www.food.com/recipe/moroccan-mint-tea-55799
Sweet & Minty Green Tea,4,"2 tablespoons green tea | 5 cups boiling water | 1 bunch of fresh mint | 1/2-1 cup sugar, to taste",boil,https://www.food.com/recipe/moroccan-mint-tea-83186
Moroccan Mushroom Couscous,4,"1/4 cup olive oil | 1 lb fresh mushrooms, sliced | 1 small onion, thinly sliced | 1 clove garlic | 1 teaspoon cumin | 1 teaspoon coriander seed, crushed | 1/4 teaspoon cinnamon | 1/4 teaspoon nutmeg | 1/4 teaspoon turmeric | 1/4 teaspoon saffron thread | 1 1/2 cups orange juice | 1 teaspoon lemons, zest of or 1 teaspoon orange zest | 1 cup uncooked couscous | 1/4 cup raisins | salt & pepper","saute, simmer",https://www.food.com/recipe/moroccan-mushroom-couscous-86590
Moroccan Mushroom Tagine,4,"1 tablespoon olive oil | 1 brown onion, finely chopped | 1 tablespoon ras el hanout spice mix (Moroccan spice blend) | 1/2 small butternut squash, peeled, chopped (1 2/3 pounds) | 1 lb small portabella mushroom (or white) | 1 (15 ounce) can diced tomatoes | 1 cup vegetable stock (or can use chicken stock) | 1 (15 ounce) can chickpeas, drained, rinsed | 2 ounces pitted dates, chopped (1/4 cup) | plain yogurt | coriander leaves | cooked couscous, to serve","deep fry, fry, simmer",https://www.food.com/recipe/moroccan-mushroom-tagine-502991
Moroccan Olive Omelette (Bayd De Zaitun),2,"6 eggs | 1 (4 1/4 ounce) can black olives, drained (the chopped kind) | 2 tablespoons fresh parsley, chopped | 1/2 teaspoon caraway seed, crushed in a mortar and pestle | 1/2 teaspoon ground cumin | salt & freshly ground black pepper, to taste | 1 tablespoon olive oil | 1 pinch sweet paprika | 1 teaspoon fresh tarragon, minced",fry,https://www.food.com/recipe/moroccan-olive-omelette-bayd-de-zaitun-504185
Moroccan Orange and Almond Cake,8,"1 orange | 4 ounces softened butter | butter, for greasing | 4 ounces superfine sugar | 2 eggs, beaten | 1 cup semolina | 1 cup ground almonds | 1 1/2 teaspoons baking powder | confectioners' sugar, for dusting | strained plain yogurt, to serve | 1 1/4 cups orange juice | 2/3 cup superfine sugar | 8 cardamom pods, crushed","bake, boil, simmer",https://www.food.com/recipe/moroccan-orange-and-almond-cake-478889
Moroccan Orange-Blossom Scented Carrot Salad,4,"1/2 garlic clove, mashed into paste | 1/2 teaspoon ground cinnamon | 1 teaspoon ground cumin | 1 pinch cayenne pepper | fresh ground black pepper, to taste | 1 teaspoon sugar | 2 teaspoons lemon juice (or 1 packet of True Lemon) | 3 tablespoons extra virgin olive oil | 1 tablespoon orange blossom water, divided | 1 lb carrot, scraped and cut diagonally into 1/8-inch thick slices (approx. 4 cups sliced carrots) | 1 tablespoon finely chopped fresh parsley",boil,https://www.food.com/recipe/moroccan-orange-blossom-scented-carrot-salad-428587
Moroccan Orange Cake,1,"4 eggs | 1 1/2 cups sugar | 1/2 cup vegetable oil | 2 cups flour | 4 teaspoons baking powder | 1/2 teaspoon salt | 1/2 cup fresh orange juice | 2 tablespoons orange zest, from 1- 2 oranges | 1 teaspoon vanilla",bake,https://www.food.com/recipe/moroccan-orange-cake-424183
Moroccan Oven Roasted Sesame Potatoes,4,"2 lbs potatoes, scrubbed (I used russets) | 1 tablespoon harissa | 2 tablespoons olive oil | 1 1/2 teaspoons coarse sea salt (I used the coarse type) | 1 tablespoon sesame seeds | 1/4-1/2 lemon",bake,https://www.food.com/recipe/moroccan-oven-roasted-sesame-potatoes-88218
Moroccan Pasta Salad With Chicken,3,"1 tablespoon olive oil | 2 -3 tablespoons mayonnaise | 1/2-1 teaspoon cumin | 1/4-1/2 teaspoon salt | 1/4 teaspoon onion powder | 8 ounces tri-colored rotini pasta, cooked | 1 cooked boneless skinless chicken breast, shredded | 2 hard-boiled eggs, yolk discarded, & white diced | 1 (8 ounce) can peas, drained | 2 -3 tablespoons sliced black olives (optional)",,https://www.food.com/recipe/moroccan-pasta-salad-with-chicken-390481
Moroccan Pasta Salad With Tuna,3,"2 tablespoons mayonnaise | 1 tablespoon olive oil | 1/2-1 teaspoon cumin | 1/4-1/2 teaspoon salt | 1/4 teaspoon onion powder | 8 ounces tri-colored rotini pasta, cooked | 1 (3 ounce) can tuna in olive oil, flaked apart | 1 (8 ounce) can corn, drained | 2 -3 tablespoons sliced black olives",,https://www.food.com/recipe/moroccan-pasta-salad-with-tuna-400659
Moroccan Peanut Couscous With Peas,4,"2 tablespoons crisco pure canola oil | 1/2 cup onion, chopped | 1/4 cup green bell pepper, diced | garlic clove, minced (use 2 - 3 garlic cloves) | 1 1/2 cups chicken broth (or vegetable broth) | 1/2 cup jif crunchy peanut butter | 1/2 teaspoon ground cumin | salt and pepper | 1 (10 ounce) package frozen peas (tiny deluxe, if possible) | 1 cup couscous","blend, boil",https://www.food.com/recipe/moroccan-peanut-couscous-with-peas-428026
Moroccan Peas &amp; Eggs,1,"1 (8 1/2 ounce) can sweet peas, drained or 9 ounces frozen peas | 1 tablespoon olive oil | 1 teaspoon paprika | 1 teaspoon cumin | 1/4-1/2 teaspoon black pepper | 1/4 teaspoon salt | 1/4 teaspoon ginger | 2 -3 eggs",fry,https://www.food.com/recipe/moroccan-peas-eggs-305567
Moroccan Phyllo Rolls,4,"2 cups diced bell peppers (combination yellow, red, and orange) | 2 1/2-3 cups diced zucchini or 2 1/2-3 cups yellow squash | 1 -1 1/4 cup diced onion | 1 1/2-2 cups diced fennel bulbs (about 1 medium bulb) | 1/2 cup dried diced apricots (preferably unsulfured) or 1 cup fresh fig | 5 -6 large garlic cloves, minced | 1 1/2-2 tablespoons extra-virgin olive oil | 3/4 teaspoon ground ginger | 3/4 teaspoon cinnamon | 1 1/2 teaspoons cumin | 1/2 teaspoon paprika | 1/2 teaspoon sea salt | fresh ground black pepper | 1 cup cooked chickpeas or 1 cup white beans | 1/2 cup fresh basil or 1/2 cup parsley, minced | 8 -12 sheets phyllo pastry sheets (see ****) | 2 1/2-3 tablespoons extra-virgin olive oil (to brush phyllo) | 1/4 cup chopped or slivered almonds, lightly toasted (for garnish)","bake, roast",https://www.food.com/recipe/moroccan-phyllo-rolls-427828
Moroccan Pilaf,4,"2 tablespoons olive oil | 1/3 cup whole almond, blanched | 1 small onion, chopped | 1 carrot, peeled and cut into 1/4-inch dice | 1/2 teaspoon ground cinnamon | 1 cup long-grain rice | 3 cups chicken stock | 1/3 cup dried currant | 1 orange, zest of, minced | 1/4 teaspoon cayenne pepper | 1 1/2 tablespoons fresh chives, snipped","bake, boil, saute",https://www.food.com/recipe/moroccan-pilaf-321104
Moroccan Pork Mince,4,"500 g pork mince, trim pork | 1 teaspoon paprika | 1 teaspoon ground ginger | 1 teaspoon cumin | 1 teaspoon cinnamon | 1 onion, chopped | 1 carrot, sliced into thin strips | 1 green pepper, deseeded and sliced | 1 (410 g) can tomatoes, crushed, keep juice","boil, fry, simmer",https://www.food.com/recipe/moroccan-pork-mince-415397
Moroccan Potato Casserole,6,"6 garlic cloves | salt, to taste | 2 teaspoons paprika | 1/2 teaspoon ground cumin | 1/4 teaspoon ground cayenne pepper | 3/4 cup chopped fresh cilantro | 3/4 cup chopped parsley | 1 lemon, juiced | 3 tablespoons red wine vinegar | 3 tablespoons olive oil | 1 1/2 lbs red potatoes, sliced 1/2 inch thick | 1 yellow bell pepper, cut into 1 1/2 inch squares | 1 large green bell pepper, cut into 1 1/2 inch pieces | 4 stalks celery, cut into 2 inch pieces | 1 lb tomatoes, each cut into 8 wedges | 2 tablespoons olive oil","bake, blend",https://www.food.com/recipe/moroccan-potato-casserole-502901
Moroccan Pound Cake,12,"2/3 cup oleo | 1/2 cup vegetable shortening | 2 cups sugar | 4 eggs | 3 cups all-purpose flour | 3 teaspoons baking powder | 1/4 teaspoon salt | 1 cup milk | 1 teaspoon vanilla | 1/2 cup raisins | 3/4 cup nuts, chopped, unsalted, mixed | 1 tablespoon cocoa | 1 tablespoon cinnamon",bake,https://www.food.com/recipe/moroccan-pound-cake-423980
Moroccan Preserved Lemons,1,6 -8 meyer lemons (as many as will fit in your jar) | kosher salt,,https://www.food.com/recipe/moroccan-preserved-lemons-308919
Moroccan Quinoa Salad With Sweet Potato and Spinach,4,"1 sweet potato, peeled and chopped | 1/2 cup almond breeze unsweetened vanilla | 1/4 cup olive oil | 2 tablespoons lemon juice | 1 tablespoon Dijon mustard | 1 garlic clove, minced | 1/4 teaspoon each salt & freshly ground black pepper | 2 tablespoons olive oil | 1/4 teaspoon each salt & freshly ground black pepper | 2 cups cooked quinoa | 2 cups fresh Baby Spinach | 1/4 cup diced red onion | 1/4 cup sliced dried apricot | 1/4 cup sliced natural almonds | 1/4 cup pomegranate seeds (arils) | 2 tablespoons chopped fresh cilantro","bake, blend",https://www.food.com/recipe/moroccan-quinoa-salad-with-sweet-potato-and-spinach-531661
Moroccan Ramadan Soup,4,"1/2 cup dried garbanzo beans, rinsed, picked over (4-ounces) | 2 tablespoons unsalted butter | 1 1/4 teaspoons cinnamon | 1 teaspoon ground ginger | 1 teaspoon ground turmeric | 3/4 teaspoon sweet paprika | 1/2 teaspoon fresh ground black pepper | 1 pinch saffron thread | 3/4 lb boneless lamb, cut in 1/2-inch cubes | 1 cup chopped onion | 3 tablespoons chopped parsley | 3 tablespoons chopped fresh cilantro | 1 1/2 cups crushed canned tomatoes | 5 1/3 cups water | 1/2 cup lentils, rinsed, picked over (4-ounces) | 2 tablespoons lemon juice | 1 1/2 teaspoons salt","boil, simmer",https://www.food.com/recipe/moroccan-ramadan-soup-503356
Moroccan Ras El Hanout Spice Mix,4,1/2 teaspoon ground mustard | 1 teaspoon turmeric | 1 teaspoon salt (ideally sea salt) | 1 teaspoon ground ginger | 1 teaspoon fresh coarse ground black pepper | 1/2 teaspoon cinnamon | 1/2 teaspoon cayenne pepper | 1/2 teaspoon white pepper | 3/4 teaspoon ground coriander | 1/2 teaspoon nutmeg | 1/2 teaspoon star anise | 1/4 teaspoon clove (well ground) | 1 teaspoon ground cumin | 1/2 teaspoon allspice,,https://www.food.com/recipe/moroccan-ras-el-hanout-spice-mix-312698
Moroccan Rice Meatballs,20,"500 g hamburger | 200 g short-grain rice | 2 medium onions, finely chopped | 2 tablespoons lemon juice (40 ml) | 1 teaspoon ground coriander | 1 teaspoon ground paprika | 1 teaspoon ground cinnamon | 1/4 teaspoon powdered saffron | pepper | flat leaf parsley, finely chopped | 2 cups chicken stock (500 ml) | 150 g butter","boil, simmer",https://www.food.com/recipe/moroccan-rice-meatballs-35429
Moroccan Rice Pilaf,3,"2 cups white rice | 4 tablespoons butter, divided | 1 medium onion | 2 tablespoons minced garlic | 1 Thai chile, chopped | 3 cups chicken broth | 1/2 cup white wine | 1 handful Italian parsley | 4 sprigs mint | 10 ounces mixed dried figs, dates and apricots | 2 pinches saffron | salt and pepper | 4 pieces crystallized ginger, finely chopped | 1 tablespoon olive oil | 1/3 cup sliced almonds","boil, microwave, saute, simmer, toast",https://www.food.com/recipe/moroccan-rice-pilaf-523587
Moroccan Rice Pilaf With Saffron,4,"2 cups long grain rice | 2 tablespoons butter | 2 tablespoons olive oil | 1 onion, chopped | 2 garlic cloves, finely chopped | 1 -2 cinnamon stick | 1/2 teaspoon salt (to taste) | 1/2 teaspoon ginger | 1/2 teaspoon white pepper | 1/2 teaspoon cumin | 1/2 teaspoon turmeric | 1/4 cup fresh cilantro, chopped | 1/4 cup peas (fresh or frozen) | 1 red bell pepper, finely chopped (or yellow bell pepper) | 1 carrot, finely chopped | 4 1/2 cups chicken stock or 4 1/2 cups vegetable stock | 1/4 teaspoon saffron thread, crushed","boil, simmer",https://www.food.com/recipe/moroccan-rice-pilaf-with-saffron-414811
Moroccan Rice Salad (Gluten-Free),1,"1 1/2 cups long grain brown rice | 6 green onions, finely chopped (shallots) | 1 tablespoon lemon rind, finely grated | 1/3 cup toasted almond, coarsely chopped | 1/3 cup lemon juice | 1/3 cup fresh dates, chopped | 2 tablespoons mint, torn | 2 teaspoons orange rind, finely grated | 2 teaspoons ground coriander | 2 teaspoons ground cumin | 1/4 cup olive oil",,https://www.food.com/recipe/moroccan-rice-salad-gluten-free-501849
Moroccan Roasted Chicken,4,"2 tablespoons unsalted butter, softened | 1 teaspoon ground cumin | 1 teaspoon ground coriander | 1 teaspoon sweet paprika | 1/4 teaspoon cayenne pepper | 1/4 teaspoon ground cinnamon | salt & freshly ground black pepper | 4 lbs chicken, whole, at room temperature | 1 onion, quartered | 4 garlic cloves | 12 pitted dates | 12 dried apricots | 1/2 cup chicken stock or 1/2 cup broth, low-sodium",roast,https://www.food.com/recipe/moroccan-roasted-chicken-502706
Moroccan Roasted Pomegranate Chicken,1,"1 (3 lb) whole chickens | 1 teaspoon kosher salt, divided | 1 pomegranate, quartered | 3 tablespoons dry white wine | 2 teaspoons sugar | 1/4 teaspoon ground cinnamon | 1/4 teaspoon black pepper | 1 garlic clove, minced | 2 tablespoons fresh lemon juice","bake, blend, boil, roast",https://www.food.com/recipe/moroccan-roasted-pomegranate-chicken-459193
Moroccan Roasted Salmon With Mango Salsa,4,"1 1/2 cups chopped peeled mangoes (about 1 large) | 2 tablespoons finely chopped red onions | 2 tablespoons chopped of fresh mint | 2 tablespoons orange juice | 1 1/2 teaspoons harissa (a hot red pepper sauce) | 4 salmon fillets, skinned (about 1 1/2 pounds total) | 1/4 teaspoon salt",bake,https://www.food.com/recipe/moroccan-roasted-salmon-with-mango-salsa-423755
Moroccan-Rubbed Grilled Steak and Sweet Potatoes,4,"1 teaspoon ground allspice | 1 teaspoon ground cumin | 1 teaspoon ground ginger | 1 teaspoon kosher salt | 1/2 teaspoon ground cinnamon | 1/2 teaspoon ground coriander | 1/2 teaspoon cayenne pepper | 1 lb strips steak, trimmed of visible fat and cut into 4 portions | 2 medium sweet potatoes (about 1 pound total) | 1 medium red onion, halved and very thinly sliced | 4 teaspoons canola oil | 1 teaspoon freshly grated orange zest","grill, steam",https://www.food.com/recipe/moroccan-rubbed-grilled-steak-and-sweet-potatoes-423333
Moroccan Saffron Chicken,4,"1 whole chicken, cut into pieces and skin removed | 2 large sweet onions, chopped medium | 1 tablespoon ground ginger | 1 teaspoon white pepper | 1/2 teaspoon black pepper | 2 sticks cinnamon | 1 teaspoon saffron thread, crumbled | 1 teaspoon turmeric | 1 1/2-2 teaspoons salt | 1/4 cup butter | 1/4 cup olive oil | 1/4 cup fresh cilantro, chopped",,https://www.food.com/recipe/moroccan-saffron-chicken-414809
Moroccan Saffron Rice,4,"2 1/2 cups rice, uncooked | 3 3/4 cups water | 1/2 teaspoon saffron thread, crushed | 2 tablespoons olive oil | 1/2 teaspoon salt | 1 1/2 tablespoons butter | 2 ounces pistachios, shelled and coarsely chopped","boil, simmer",https://www.food.com/recipe/moroccan-saffron-rice-502997
Moroccan Salad of Raw Grated Carrots/Citrus Cinnamon Dressing,4,"4 large carrots, grated | 1/2 cup olive oil | 3 tablespoons orange juice | 2 tablespoons lemon juice | 1 teaspoon grated lemon zest | 1 tablespoon confectioners' sugar | 1/2 teaspoon sea salt | 1/2 teaspoon ground cinnamon | chopped walnuts (optional) or almonds (optional) | golden raisin (optional) | pine nuts, toasted (optional)",,https://www.food.com/recipe/moroccan-salad-of-raw-grated-carrots-citrus-cinnamon-dressing-320513
Moroccan Seasoned Chicken With Pine Nut Couscous,6,"1 tablespoon sweet paprika | 2 teaspoons turmeric | 2 teaspoons ground coriander | 2 teaspoons ground cumin | 1/2 teaspoon ground cinnamon | 2 lbs chicken, cut into 2 inch pieces | 2 tablespoons olive oil | 1 large onion, thinly sliced | 4 garlic cloves, crushed | 2 lemons (1 thinly sliced, the other juiced) | salt & freshly ground black pepper | 2 1/2 cups chicken stock | 1 cup large green olives | 1 tablespoon butter | 1 1/2 cups couscous | 1/4 cup pine nuts, toasted | 1 cup fresh parsley",boil,https://www.food.com/recipe/moroccan-seasoned-chicken-with-pine-nut-couscous-383746
Moroccan Seasoned Wedges,4,"5 large potatoes, cut into wedges, skin on | 2 tablespoons morrocan seasoning | 1/4 cup oil",bake,https://www.food.com/recipe/moroccan-seasoned-wedges-378966
Moroccan Sizzling Shrimp,4,"1 lb jumbo shrimp, peeled and deveined | 2 tablespoons olive oil | 2 -3 tablespoons butter | 2 garlic cloves, crushed | 1 teaspoon ground cumin | 1/2 teaspoon ground ginger | 2 teaspoons paprika | 1/2 teaspoon cayenne pepper | lemon wedge, for garnish | chopped fresh cilantro, for garnish",fry,https://www.food.com/recipe/moroccan-sizzling-shrimp-428595
Moroccan Skirt Steak W/Roasted Pepper Couscous (ZWT-9),4,"2 medium bell peppers | 1 teaspoon cumin | 1 teaspoon coriander | 3/4 teaspoon salt | 1/2 teaspoon turmeric | 1/2 teaspoon cinnamon | 1/2 teaspoon black pepper (freshly ground) | 1 lemon (Plus more lemon wedges for garnish) | 1 teaspoon olive oil (for couscous) | 1 tablespoon olive oil (for steak) | 2/3 cup whole wheat couscous | 1 lb skirt steak (Or sirloin steak, 3/4 to 1-in thick & trimmed) | 2 tablespoons green olives (chopped)","boil, broil, roast",https://www.food.com/recipe/moroccan-skirt-steak-w-roasted-pepper-couscous-zwt-9-505448
Moroccan Spice Blend,3,"2 teaspoons ground cumin | 1 teaspoon ground ginger | 1 teaspoon salt | 1 teaspoon black pepper, coarse ground | 1/2 teaspoon ground cinnamon | 1/2 teaspoon ground coriander | 1/2 teaspoon paprika | 1/2 teaspoon ground turmeric | 1/4 teaspoon ground cloves | 1/4 teaspoon cayenne pepper",blend,https://www.food.com/recipe/moroccan-spice-blend-503841
Moroccan Spice Corn Topper,4,4 medium ears fresh cooked corn | 2 teaspoons ground cumin | 2 teaspoons ground coriander | 1 teaspoon dried oregano | 1/2 teaspoon ground ginger | 1/4 teaspoon kosher salt | 2 teaspoons extra-virgin olive oil,,https://www.food.com/recipe/moroccan-spice-corn-topper-503299
Moroccan Spice Mix,1,"1 grated orange, zest of (1 tablespoon) | 2 teaspoons ground cumin | 2 teaspoons ground coriander | 2 teaspoons ground ginger | 1 teaspoon hot chili powder | 1 teaspoon fresh coarse ground black pepper | 1/2 teaspoon turmeric | 1/2 teaspoon ground cinnamon | 1/2 teaspoon salt, preferably kosher | 1/2 teaspoon sugar | 1/4 teaspoon ground cloves",,https://www.food.com/recipe/moroccan-spice-mix-422399
Moroccan Spice Paste,1,4 fresh garlic cloves | 1 teaspoon ground cumin | 1/2 teaspoon salt | 1/2 teaspoon cracked black pepper (not ground) | 2 teaspoons lemon juice | 2 teaspoons olive oil,"blend, roast",https://www.food.com/recipe/moroccan-spice-paste-377034
Moroccan Spice Rub (For Lamb &amp; Other Meat),5,"2 tablespoons ground cumin | 1 tablespoon paprika | 1 tablespoon ground coriander | 1 teaspoon salt | 1 teaspoon fresh ground black pepper | 1 teaspoon cinnamon | 1 teaspoon allspice | 1/4 teaspoon clove | 1/8 teaspoon cayenne, to taste | 2 tablespoons minced fresh garlic, to taste",,https://www.food.com/recipe/moroccan-spice-rub-for-lamb-other-meat-349928
Moroccan Spice Rubbed Pork Chops,4,"2 garlic cloves, minced | 1 teaspoon olive oil | 1/2 teaspoon ground cinnamon | 1/2 teaspoon ground coriander | 1/2 teaspoon ground cumin | 1/2 teaspoon paprika | 4 pork chops, 1/2 inch thick | 1/4 teaspoon salt | black pepper",grill,https://www.food.com/recipe/moroccan-spice-rubbed-pork-chops-475667
Moroccan-Spiced Baby Carrots,4,"2 tablespoons olive oil, extra-virgin | 12 ounces baby carrots, peeled | 1 lemon, cut into 8 wedges | 1 teaspoon cumin, ground | 1/2 teaspoon cinnamon, ground | 1/4 teaspoon kosher salt | 1/4 teaspoon red pepper, ground | 1 tablespoon cilantro, fresh, chopped",bake,https://www.food.com/recipe/moroccan-spiced-baby-carrots-500463
Moroccan Spiced Carrot Salad,2,"2 medium carrots, peeled and coarsely grated | 1/2 orange, juiced | 1/2 teaspoon ground cumin | 1 pinch sugar | salt and pepper | 1 -2 teaspoon olive oil | fresh coriander (optional) | fresh parsley (optional)",,https://www.food.com/recipe/moroccan-spiced-carrot-salad-70156
Moroccan-Spiced Chicken Breasts,4,"3 tablespoons moroccan mixed spice (<a href=""https://www.food.com/recipe/moroccan-spice-mix-422399"">Moroccan Spice Mix</a>, #422399) | 2 teaspoons extra-virgin olive oil | 1 lb boneless skinless chicken breast (about 4 breasts) | 2 teaspoons extra-virgin olive oil or 2 teaspoons canola oil (for cooking)",blend,https://www.food.com/recipe/moroccan-spiced-chicken-breasts-422400
Moroccan Spiced Chicken Kebabs,4,"1 teaspoon ground cumin | 1 teaspoon paprika | 1 teaspoon turmeric | 1/2 teaspoon ground cinnamon | 1/4 teaspoon garlic powder | 1/8 teaspoon cayenne pepper | salt | 1 1/4 lbs boneless skinless chicken breasts, cut into 1 1/2 inch cubes | 2 tablespoons olive oil | 1 large red pepper, cut into pieces | 2 tablespoons fresh cilantro, chopped",grill,https://www.food.com/recipe/moroccan-spiced-chicken-kebabs-416089
Moroccan Spiced Chicken Stew With Carrots,2,"3 -4 carrots, scrubbed and cut into 1-1/2 inch lengths | 2 boneless skinless chicken breasts, cut into large chunks | 1 garlic clove, thinly sliced | 1 cinnamon stick | 1/4 teaspoon cumin | 1/4 teaspoon ginger | 1/4 teaspoon allspice | 1/4 teaspoon clove | salt and pepper | 1 cup chicken broth | 2 tablespoons golden raisins | 1/4 cup cilantro leaf (optional) | gluten-free curry gravy mix (optional)",bake,https://www.food.com/recipe/moroccan-spiced-chicken-stew-with-carrots-362949
Moroccan Spiced Chickpea or Garbanzo Soup,6,"1 tablespoon olive oil | 1 large onion, chopped | 3 large garlic cloves, minced | 1 tablespoon ginger, fresh, minced fine | 1 teaspoon turmeric | 1 1/2 teaspoons cumin | 1 1/2 teaspoons garam masala | 1/4 teaspoon cinnamon | 1 1/2 teaspoons ground coriander | 1 teaspoon salt | 4 cups vegetable broth | pepper | 1 lb potato, cleaned and chopped into smallish pieces | 2 (15 ounce) cans chickpeas, drained | 4 large tomatoes, sliced thick and cut in half or | 1 (14 ounce) can stewed tomatoes | 1 tablespoon lemon juice | 1 cup yogurt, tempered (see description) or 1 cup sour cream | 1/2 cup cilantro, minced","boil, saute",https://www.food.com/recipe/moroccan-spiced-chickpea-or-garbanzo-soup-391963
Moroccan-Spiced Fava Bean Stew,4,"1/2 cup mixed dried fruit | 1/4 cup raisins or 1/4 cup dried currant | 1 tablespoon olive oil | 1 large yellow sweet onion, chopped | 1 large carrot, diced | 1 large garlic clove, minced | 1 teaspoon ground cumin | 1 teaspoon ground cinnamon | 1 (14 1/2 ounce) can diced tomatoes, drained and chopped | 8 ounces green beans, ends trimmed and cut into 1-inch pieces | 2 cups vegetable stock | 1 1/2 cups cooked fresh fava beans (or one 15-oz can fava beans, drained and rinsed) | 1/2 cup frozen green pea, thawed | salt & freshly ground black pepper | 1 tablespoon minced fresh cilantro or 1 tablespoon fresh parsley leaves","blend, boil, simmer",https://www.food.com/recipe/moroccan-spiced-fava-bean-stew-325189
Moroccan Spiced Green Olives,10,"2 teaspoons cumin seeds | 2 teaspoons fennel seeds | 2 teaspoons coriander seeds | 1/2 teaspoon cardamom, ground | 1/8 teaspoon red pepper flakes, Crushed | 1/8 teaspoon ground nutmeg | 1/8 teaspoon cinnamon | 2 tablespoons olive oil | 3 cups green olives, drained (pitted, unstuffed and room temperature) | 2 tablespoons lemon juice | 2 tablespoons orange juice | 5 garlic cloves, peeled and minced",marinate,https://www.food.com/recipe/moroccan-spiced-green-olives-504183
Moroccan-Spiced Lamb Burgers,4,"1 1/2 lbs ground lean lamb | 1 yellow onion, finely chopped | 3/4 cup fresh breadcrumb (fine) | 1/4 cup chopped of fresh mint | 2 garlic cloves, finely chopped | 1 teaspoon ground cumin | 3/4 teaspoon ground coriander | 3/4 teaspoon salt (plus more to taste) | 1/4 teaspoon ground cayenne pepper | 1 large tomatoes, diced | 3 tablespoons chopped fresh cilantro | 4 whole wheat pita bread | 1 cup plain yogurt (whole milk or low fat) | 1 cup alfalfa sprout",grill,https://www.food.com/recipe/moroccan-spiced-lamb-burgers-305505
Moroccan Spiced Lamb Chops,4,1/4 teaspoon grated nutmeg | 1 pinch clove | 1 teaspoon ground black pepper | 1 teaspoon white pepper (or use 2 tsp of ground mixed pepper) | 1 1/2 teaspoons cinnamon | 2 teaspoons ground cardamom | 1 pinch cayenne | 1 pinch cumin | 1 pinch turmeric | 1 pinch sea salt | 8 lamb rib chops | 2 tablespoons olive oil or 2 tablespoons grapeseed oil,,https://www.food.com/recipe/moroccan-spiced-lamb-chops-63885
Moroccan Spiced Nuts,3,"1 cup cashews, unsalted | 1 cup peanuts, unsalted | 1 cup pistachios, unsalted | 3 tablespoons ras el hanout spice mix | 1 tablespoon salt | juice of one lime",bake,https://www.food.com/recipe/moroccan-spiced-nuts-505616
Moroccan Spiced Roast Chickpeas,6,"one 15 . 5-ounce can low-sodium chickpeas, drained and rinsed | 1 tablespoon olive oil | 1/2 teaspoon ground cumin | 1/2 teaspoon light brown sugar | 1/4 teaspoon cayenne | 1/4 teaspoon ground cinnamon | 1/4 teaspoon garlic powder | 1/4 teaspoon ground ginger | 1/4 teaspoon paprika | 1/4 teaspoon kosher salt","blend, roast",https://www.food.com/recipe/moroccan-spiced-roast-chickpeas-523991
Moroccan Spiced Roast Potatoes,3,"2 lbs potatoes, suitable for roasting | 4 fresh garlic cloves | 1 teaspoon ground cumin | 1/2 teaspoon salt | 1/2 teaspoon cracked black pepper (not ground) | 2 teaspoons lemon juice | 4 teaspoons olive oil","bake, blend, boil, roast, simmer",https://www.food.com/recipe/moroccan-spiced-roast-potatoes-377030
Moroccan-Spiced Roasted Vegetables,12,"2 lbs shallots, quartered | 4 tablespoons olive oil | 4 lbs butternut squash, peeled, seeded, and cut into 3/4-inch cubes | 4 large red bell peppers, cut into 1/2-inch-thick strips | 2 lbs sweet potatoes, peeled and cut into cubes | 1 tablespoon coarse salt | 4 teaspoons ground cumin | 2 teaspoons ground coriander | 1 teaspoon ground cinnamon | 1/4 cup unsalted butter, cut into bits",roast,https://www.food.com/recipe/moroccan-spiced-roasted-vegetables-305797
Moroccan Spiced Salmon over Lentils,4,"2 tablespoons ground coriander | 2 tablespoons ground fennel | 2 teaspoons ground cumin | 1/2 teaspoon ground cardamom | 1/2 teaspoon ground cloves | 1 cup dry lentils | salt and black pepper | 2 tablespoons olive oil | 4 -5 garlic cloves, minced | 1/2 medium onion, grated | 1 tablespoon harissa | 1 1/2 lbs Italian plum tomatoes, chopped (save the juice) or 1 (28 ounce) can diced tomatoes | 1 1/2 tablespoons canola oil | 1 tablespoon unsalted butter | 4 (6 ounce) salmon fillets, with skin","blend, boil, roast, saute, simmer",https://www.food.com/recipe/moroccan-spiced-salmon-over-lentils-324119
Moroccan Spiced Spaghetti Squash,4,"4 lbs spaghetti squash (whole) | 4 tablespoons unsalted butter, cut into pieces | 2 garlic cloves, minced | 1 teaspoon ground cumin | 1/2 teaspoon ground coriander | 1/8 teaspoon cayenne | 3/4 teaspoon salt | 2 tablespoons fresh cilantro, chopped","bake, microwave, steam",https://www.food.com/recipe/moroccan-spiced-spaghetti-squash-425488
Moroccan Spiced Squash and Carrot Soup,6,"1 butternut squash, about 1 1/2 to 2 pounds | 3 tablespoons olive oil | 1 large yellow onion, chopped | 1 1/2 teaspoons paprika | 1 1/2 teaspoons cumin | 1 teaspoon turmeric | 1 1/2 teaspoons ground coriander | 4 large carrots, coarsely chopped | 1 teaspoon sugar | 3 cups chicken stock | 3 cups water | salt & freshly ground black pepper | 3 tablespoons chopped fresh cilantro | 1/2 cup plain yogurt","bake, blend, boil, simmer",https://www.food.com/recipe/moroccan-spiced-squash-and-carrot-soup-85052
Moroccan Spiced Stewed Pork Belly in a Slow Cooker,4,"2 lbs pork belly | 2 medium yellow onions, diced | 4 small yellow onions, peeled and quartered | 4 garlic cloves, minced | 1 1/2 inches fresh ginger, minced | 1/2 cup dried mushroom (optional) | 2 cups chicken stock | 1 1/2 tablespoons ras el hanout spice mix | 1 pinch saffron | 1 teaspoon honey | salt | 1 tablespoon argan oil (this is very expensive and hard to find, you can use any other oil you like but if you can get your ) | 200 ml strained yoghurt (I use Fage 2 %) | 1/2 cup strained tomatoes | 1 cup white wine (or light red if you have that on hand) (optional)","fry, slow cook",https://www.food.com/recipe/moroccan-spiced-stewed-pork-belly-in-a-slow-cooker-414922
Moroccan Spiced Veal,8,2 cups diced tomatoes | 2 1/2 cups chickpeas | 8 veal fillets | 2 small onions | 1 sweet potato | 3 cups mushrooms | 1/2 cup chicken broth | 1 cup white wine | 3 tablespoons lemon juice | 1 tablespoon turmeric | 1 tablespoon cinnamon | 1 teaspoon ginger | 1 tablespoon coriander leaves | 1/2 teaspoon chili pepper | 1 tablespoon cumin | 1 teaspoon garlic | 2 tablespoons olive oil,"boil, fry, microwave, simmer",https://www.food.com/recipe/moroccan-spiced-veal-319862
Moroccan Squash Salad,8,"3 lbs butternut squash (aka buttercup squash...bright orange inside) | 1 cup raisins | 1/4 cup fresh lemon juice | 1/4 cup olive oil | 2 garlic cloves, minced | 2 teaspoons brown sugar (or use a sugar alternative such as agave) | 1 teaspoon sea salt | 1 teaspoon ground cumin | 3/4 teaspoon ground cinnamon | 1/8 teaspoon cayenne (or to taste) | 1/4 cup fresh parsley, finely chopped | 1/2 cup slivered almonds, toasted | 2 cups cucumbers, diced | 3 green onions, sliced | 1/4 red onion, minced | 1 cup radish, diced",boil,https://www.food.com/recipe/moroccan-squash-salad-389097
Moroccan Stewed Lentils,4,"2 cups lentils | 2 quarts water or 2 quarts vegetable stock | 3 tomatoes, finely chopped | 1 medium onion, chopped | 3 garlic cloves, finely chopped | 4 tablespoons fresh parsley or 4 tablespoons cilantro, chopped | 2 1/2 teaspoons cumin | 2 1/2 teaspoons paprika (some hot, if desired) | 1 1/2 teaspoons ginger | 1/2 teaspoon pepper","pressure cook, simmer",https://www.food.com/recipe/moroccan-stewed-lentils-505594
Moroccan Stuffed Dates,30,"1 lb dates | 1 cup almonds | 1/4 cup sugar | 1 1/2 tablespoons orange flower water | 1 tablespoon butter, melted | 1/4 teaspoon cinnamon",boil,https://www.food.com/recipe/moroccan-stuffed-dates-503363
Moroccan Stuffed Peppers,8,"8 bell peppers (Recipe called for Green, but I like to mix mine up for visual appeal....they need to be fairly large) | 2 medium onions, chopped | 2 garlic cloves, minced | 3 tablespoons olive oil | 2 lbs ground beef | 2 cooking apples, peeled and chopped | 1 (16 ounce) can tomatoes, undrained and chopped (I used diced tomatoes) | 1 (3 ounce) jar pimento-stuffed olives, drained and chopped | 1/2 cup raisins | 1/4 cup pine nuts (or substitute slivered toasted almonds) | 1/2 teaspoon salt | 1/8 teaspoon ground cumin | 1/8 teaspoon ground cinnamon","bake, boil, saute",https://www.food.com/recipe/moroccan-stuffed-peppers-437417
Moroccan Style Barramundi,4,185 -200 g barramundi fillets | 1 punnet cherry tomatoes | 2 cups sliced rainbow olives | 1 cup chopped fresh parsley | 1 lemon | 3 tablespoons virgin olive oil | 1 teaspoon nutmeg | 1 teaspoon ground cloves | 1 teaspoon sweet paprika | 1 teaspoon garlic salt | 2 pinches pepper | 1 1/2-2 cups black quinoa,"bake, blend, boil, simmer",https://www.food.com/recipe/moroccan-style-barramundi-523012
Moroccan-Style Beef Kabobs,4,"2 garlic cloves, minced | 2 green onions, thinly sliced | 1/4 cup minced fresh cilantro | 1 lemon, grated rind and juice | 2 tablespoons mild curry paste | 4 teaspoons olive oil | 1 tablespoon minced gingerroot | 1 pinch salt | 1 lb top sirloin beef grilling steak | 1 cup whole wheat couscous | 1 cup red pepper | 1/2 cup low-fat plain yogurt | 1 cup green pepper","broil, grill",https://www.food.com/recipe/moroccan-style-beef-kabobs-537364
Moroccan-Style Chicken With Lentils,4,"2 tablespoons olive oil | 8 boneless skinless chicken thighs | 2 garlic cloves, crushed | 1 tablespoon ground cumin | 1 tablespoon ground coriander | 1 tablespoon smoked paprika | salt and pepper | 1 large onion, finely sliced | 2 ounces split red lentils | 14 ounces chopped tomatoes | 1 tablespoon tomato ketchup | 3 cups chicken stock | 1 cinnamon stick | 5 ounces dried apricots | 1 ounce mint leaf, to serve (optional)","boil, fry",https://www.food.com/recipe/moroccan-style-chicken-with-lentils-357472
Moroccan Style Eggplant,8,"2 eggplants (approximately 800g total) | 1 tablespoon salt | 2 red capsicums | 1 teaspoon cumin seed | 3 tablespoons olive oil | 2 garlic cloves, finely chopped | 1 teaspoon salt | 1/2 teaspoon red pepper flakes | 1 cup tomato sauce or 1 cup chopped diced tomato | juice 1 lemon | 3 tablespoons chopped flatleaf parsley","fry, roast, saute, steam",https://www.food.com/recipe/moroccan-style-eggplant-434716
Moroccan-Style Marinade,3,"1/2 cup lemon juice | 2 tablespoons oil | 1 tablespoon honey | 2 garlic cloves, crushed | 2 teaspoons ground cumin | 2 teaspoons salt | 1 teaspoon ground turmeric | 1/2 teaspoon cayenne pepper | 1/4 teaspoon ground cinnamon",,https://www.food.com/recipe/moroccan-style-marinade-381911
Moroccan Style Pasta Salad,8,"1 lb tri-colored rotini pasta (spiral) | 1 cup salami, cut into very thin sticks (or saucisson) | 1 cup edam cheese, cut into tiny cubes (or other variety) | 1 bell pepper, finely chopped (or cut into thin sticks) | 1/2 cup green olives, sliced | 1/2 cup corn | 2/3 cup vinegar | 2/3 cup olive oil | 1 small onion, finely chopped | 3 garlic cloves, partially crushed but not pressed | 2 teaspoons dried za'atar spice mix (or oregano) | 1 1/2 teaspoons sugar | 1 teaspoon salt | 1/4 teaspoon cayenne pepper (optional)","boil, marinate, simmer",https://www.food.com/recipe/moroccan-style-pasta-salad-503679
Moroccan Style Potato and Egg Sandwiches,4,"4 large eggs | 1 tablespoon cumin seed | 1/2 lb colored bell pepper, cut into 2- by 1/4-inch strips | 1 large onion, halved lengthwise, then cut lengthwise into 1/4-inch-thick slices | 3/4 lb boiling potato, peeled and thinly sliced crosswise | 1/2 teaspoon salt | 1/4 teaspoon black pepper | 3 tablespoons extra virgin olive oil | 4 Portuguese rolls (about 4 inches in diameter) or 4 kaiser rolls (about 4 inches in diameter) | extra virgin olive oil | harissa (spicy North African condiment) (optional) or cayenne (optional)","boil, toast",https://www.food.com/recipe/moroccan-style-potato-and-egg-sandwiches-306114
Moroccan Style Pumpkin and Couscous Salad,4,"750 g pumpkin, peeled, deseeded, cut into 2cm pieces (suggests Kent pumpkin) | 1 teaspoon olive oil | 1 teaspoon cumin seed | 1 teaspoon ground coriander | 1/2 teaspoon ground ginger | 1 (500 g) packet frozen broad beans | 1 1/2 cups vegetable stock | 1 1/2 cups couscous | 1 (400 g) can chickpeas, rinsed, drained | 30 g pine nuts, toasted | 1/4 cup fresh lemon juice | 1 cup fresh coriander, chopped | plain yogurt, to serve",boil,https://www.food.com/recipe/moroccan-style-pumpkin-and-couscous-salad-310939
Moroccan-Style Roast Chicken,4,"1/4 cup unsalted butter, melted | 1/4 cup honey | 1 teaspoon ground cinnamon | 1/4 teaspoon turmeric | 1 whole chicken, rinsed, patted dry",roast,https://www.food.com/recipe/moroccan-style-roast-chicken-421201
Moroccan Style Spicy Chicken &amp; Rice - 25 Minutes to Make!,4,"4 skinless chicken breasts, diced | 1 tablespoon ras el hanout spice mix | 1 onion, finely sliced | 50 g butter | 300 g long grain rice | 12 dried apricots, quartered | chicken stock cube (Maggi or Knorr) | 410 g chickpeas, drained and rinsed | 15 g flat leaf parsley, chopped | 1 tablespoon chopped pistachio nut","boil, fry, simmer",https://www.food.com/recipe/moroccan-style-spicy-chicken-rice-25-minutes-to-make-325979
Moroccan Style Spicy Pickled Vegetables,1,"2 cups white vinegar | 2 cups water | 1 teaspoon coriander seed | 1 teaspoon cumin seed | 1 teaspoon black peppercorns | 1 teaspoon fennel seed | 1/2 teaspoon brown mustard seeds | 1/2 teaspoon yellow mustard seeds | 1 lemon zest, cut into ribbons and julienned | 2 cinnamon sticks, broken into pieces about 1-inch long | 3 small bay leaves | 1/2 teaspoon dried thyme | 1/4-1/2 teaspoon crushed red pepper flakes (or to taste) | 1/4 cup Splenda sugar substitute | 2 cups sliced carrots or 2 cups baby carrots | 1/2 cup onion, sliced | 3/4 cup green bell pepper, cut into 1-inch pieces | 1 cup tomatoes, cut into large chunks | 2 large garlic cloves, thinly sliced | 1/4 cup pimento stuffed green olive","blend, boil, marinate, simmer",https://www.food.com/recipe/moroccan-style-spicy-pickled-vegetables-504738
Moroccan-Style Stuffed Acorn Squash,4,"2 tablespoons brown sugar | 1 tablespoon butter, melted | 2 large acorn squash, halved and seeded | 2 tablespoons olive oil | 2 garlic cloves, chopped | 2 stalks celery, chopped | 2 carrots, chopped | 1 cup garbanzo beans, drained | 1/2 cup raisins | 1 1/2 tablespoons ground cumin | salt and pepper | 1 (14 ounce) can chicken broth | 1 cup couscous, uncooked",bake,https://www.food.com/recipe/moroccan-style-stuffed-acorn-squash-393699
"Moroccan-Style Tilapia With Cumin, Mango and Cilantro Recipe",4,"4 (5 ounce) tilapia fillets | salt & fresh ground pepper | 2 teaspoons ground cumin | 2 teaspoons ground coriander | 1 tablespoon olive oil | 1 mango, ripe and diced | 1/4 cup cilantro leaf, fresh and chopped",,https://www.food.com/recipe/moroccan-style-tilapia-with-cumin-mango-and-cilantro-recipe-503619
Moroccan Sweet Couscous,4,"1/2 lb couscous | 1 1/4 cups hot water | 2 tablespoons butter or 2 tablespoons margarine, melted | 12 dates, stoned and chopped | 12 almonds, whole | 1 1/2 cups mixed nuts, finely chopped | 2 tablespoons raisins, currants or 2 tablespoons sultanas | 1/2 cup sugar (to taste) | 1 orange, juice of | 1 tablespoon powdered sugar | 1 teaspoon ground cinnamon","boil, steam",https://www.food.com/recipe/moroccan-sweet-couscous-424039
Moroccan Sweet Potato and Chickpea Soup,4,"2 tablespoons olive oil | 1 large onion, roughly chopped | 2 garlic cloves, crushed | 1 teaspoon ground coriander | 2 teaspoons ground cumin | 1/4 teaspoon chili powder | 600 g sweet potatoes, peeled and diced | 500 g carrots, peeled and sliced | 6 cups chicken stock or 6 cups vegetable stock | 300 g chickpeas | 1/2 lemon, juice of","blend, boil, simmer",https://www.food.com/recipe/moroccan-sweet-potato-and-chickpea-soup-312286
Moroccan Sweet Potato With Couscous,2,"1 large sweet potato, peeled and cut into 1 inch cubes | 1/4 teaspoon salt | 1 tablespoon fresh ginger, minced | 1/2 teaspoon ground cinnamon | 1/2 lemon, juice only | 1 teaspoon honey | 1/4 teaspoon chile | 1/4 cup raisins (to taste) | 1/2 teaspoon olive oil | lemon zest | 3/4 cup couscous | 3/4 cup boiling water","boil, simmer",https://www.food.com/recipe/moroccan-sweet-potato-with-couscous-363965
Moroccan Tagine,4,"2 teaspoons vegetable oil | 2 cups chopped onions | 2 garlic cloves, crushed | 2 boneless skinless chicken breasts, diced 1/2 cm cubes | 1 cup carrot, sliced 1/2 cm thick | 1 large red capsicums (also known as a bell pepper) or 1 large green capsicum, cut into strips (also known as a bell pepper) | 1 teaspoon ground cumin | 1/2 teaspoon ground allspice | 1/2 teaspoon ground ginger | 1/2 teaspoon turmeric | 1/4 teaspoon cinnamon | 1/4 teaspoon salt | 1/4 teaspoon cayenne | 1 cup water | 1 medium eggplant, cut into 1 cm cubes | 1/2 cup raisins (I have substituted sultanas) | 1 (400 g) can chickpeas, drained and rinsed (I understand these are called garbanzo beans in other places) | 1/2 cup dried apricot (optional)","simmer, toast",https://www.food.com/recipe/moroccan-tagine-83356
Moroccan Tagine of Chicken With Apricots,6,"2 1/2 lbs boneless skinless chicken thighs | 3 large garlic cloves, crushed (for marinade) | 1/4 cup orange juice | 1/4 cup extra virgin olive oil | 1/4 cup chopped fresh cilantro | 1 tablespoon chopped of fresh mint | 1 teaspoon ground cumin | 1/8 teaspoon ground nutmeg | 3 tablespoons extra virgin olive oil | 1 medium yellow onion | 1 large garlic clove, minced | 3/4 cup dried apricot, soaked overnight just covered by water | 1/4 cup prune (that have been quartered) | 2 cups chicken stock | 1/2 teaspoon kosher salt","boil, marinate, simmer",https://www.food.com/recipe/moroccan-tagine-of-chicken-with-apricots-438158
Moroccan Tajine - for the Crock Pot!,4,"3 lbs stew beef chunks or 8 skinless bone-in chicken thighs | 4 garlic cloves, minced | 2 onions, thinly sliced | 1 teaspoon ground cumin | 1 teaspoon paprika | 1/2 teaspoon ground ginger | 1/2 teaspoon cinnamon | 1/2 teaspoon allspice | 1/2 teaspoon salt | 1/2 teaspoon red chili pepper flakes or 1/4 teaspoon cayenne pepper | 2 cups carrots, cut into small chunks | 3 cups squash or 3 cups potatoes, peeled cut into large chunks | 1 cup chicken broth | 1/2 cup green olives, pitted (optional) | 19 ounces chickpeas, drained and rinsed (optional)",slow cook,https://www.food.com/recipe/moroccan-tajine-for-the-crock-pot-505754
Moroccan Tuna Patties,8,"2 medium potatoes, boiled, mashed and slightly cooled | 425 g tuna in water, drained | 1/2 cup fresh breadcrumb | 1 egg, lightly beaten | 1/2 cup fresh coriander leaves, finely chopped | 1 teaspoon ground cumin | 1 teaspoon ground coriander | 1/4 teaspoon ground cinnamon | 1 tablespoon olive oil | 1/2 cup natural yoghurt | 1 teaspoon finely grated lemon rind",fry,https://www.food.com/recipe/moroccan-tuna-patties-331445
Moroccan Turkey Stew,6,"1 tablespoon olive oil | 1 small onion, halved and sliced thinly | 6 garlic cloves, minced | 1 hungarian wax pepper, halved, seeded and diced | 1 1/2 cups shredded carrots | 1/2 medium zucchini, shredded | 10 ounces cooked chopped turkey meat | 1/2 tablespoon ground cinnamon | 1/4 teaspoon ground allspice | 1 teaspoon ground cumin | 1 teaspoon paprika | 1 teaspoon dried thyme | 1 (29 ounce) can diced tomatoes | 1/2 cup turkey stock or 1/2 cup chicken stock | 1 tablespoon honey | 7 ounces chopped green beans",simmer,https://www.food.com/recipe/moroccan-turkey-stew-519772
Moroccan Turkey Tagine,4,"generous pinch saffron thread | 1/4 teaspoon ground turmeric | 1 cinnamon stick (3 inch long) | 1 fresh hot red chili pepper, cored seeded quartered | 3 cups turkey stock | 1 medium red onion, cut into wedges about 3/4 inch thick | 2 medium carrots, peeled cut into sticks | 2 medium parsnips, peeled cut into sticks | 1 cup butternut squash, peeled diced (1 ­inch dice) | 2 medium zucchini, cut into sticks | 2 large tomatoes, peeled seeded diced | 1 (15 ounce) can chickpeas, rinsed drained | kosher salt, to taste | 1 1/2 cups cooked turkey, diced | 1/4 cup golden seedless raisins | 1/2 cup lightly packed fresh cilantro leaves | 2 tablespoons unsalted butter | 1 1/4 cups couscous | sambal oelek (optional) or Tabasco sauce (optional)","boil, simmer, toast",https://www.food.com/recipe/moroccan-turkey-tagine-519768
Moroccan Turkey Tenderloin,4,"1 lb turkey breast tenderloin | 1 tablespoon lemon juice | 1 pinch black pepper | 1 pinch turmeric | 1 pinch ginger | 1 pinch nutmeg | 1/2 teaspoon cumin | 1 teaspoon salt | 1 onion, sliced | 1 pinch saffron | 1 cup chicken broth | 1 garlic clove, minced | 1 teaspoon cornstarch",roast,https://www.food.com/recipe/moroccan-turkey-tenderloin-57571
Moroccan Vegetable and Chickpea Tagine,4,"9 ounces Greek yogurt | 2 tablespoons sunflower oil | 1/2 large onion, peeled and thinly sliced | 2 large garlic cloves, peeled and finely chopped | 1 teaspoon paprika | 1 teaspoon ground cumin | 1 teaspoon cinnamon | 1 teaspoon turmeric | 1/4 teaspoon cayenne pepper (or to taste) | 14 ounces chickpeas, tinned (or soaked, dried chickpeas) | 14 ounces chopped tomatoes | 1 1/4 cups vegetable stock | 3 1/2 ounces eggplants, diced | 3 1/2 ounces zucchini, diced | 2 ounces baby corn | 2 ounces snow peas | 2 ounces baby carrots | 2 teaspoons parsley, chopped | 2 teaspoons cilantro, chopped | salt and pepper, to taste","boil, fry, simmer",https://www.food.com/recipe/moroccan-vegetable-and-chickpea-tagine-435567
Moroccan Vegetable Soup (Chorba),6,"2 tablespoons extra virgin olive oil | 1 medium onion, finely diced | 2 teaspoons ground turmeric | 1 lb beef stew meat (such as chuck) or 1 lb lamb stew meat, trimmed and cut into 1/2 thick cubes (shoulder or leg) | 6 cups reduced-sodium beef broth or 6 cups water | 1 (14 ounce) can diced tomatoes | 2 small turnips, peeled and diced | 2 carrots, diced | 2 stalks celery, leaves included, thinly sliced | 1 pinch saffron thread | 12 sprigs flat leaf parsley, plus more leaves for garnish | 8 sprigs fresh cilantro, plus more leaves for garnish | 1 large zucchini, peeled and cut into 1/4-inch dice | 2 ounces angel hair pasta (capellini, broken into small pieces, about 1/2 cup) or 2 ounces orzo pasta, preferably whole-wheat | 1 -2 teaspoon kosher sea salt | 1/2 teaspoon fresh ground pepper","boil, simmer",https://www.food.com/recipe/moroccan-vegetable-soup-chorba-347072
Moroccan Vegetable Stew,4,"2 tablespoons olive oil | 1 onion, chopped | 2 cloves of crushed garlic | 1 large carrot, diced | 1 large red pepper, chopped | 2 stalks celery, chopped | 1 teaspoon ground ginger | 1/2 teaspoon ground cinnamon | 1 teaspoon ground cumin | 1/2 teaspoon dried oregano | 1/2 teaspoon ground cayenne pepper, to taste | 1/2 teaspoon ground turmeric | 1 -1 1/2 cup vegetable stock | 1 cup chopped tomato, canned or fresh | 2 cups cooked chickpeas | 1 medium chopped zucchini | 1/2 cup stoned black olives | lemon juice, approx 1 tablespoon | salt | 1 ounce sliced almonds (optional)","fry, simmer, stir-fry",https://www.food.com/recipe/moroccan-vegetable-stew-51902
Moroccan White Beans Loubia,2,"1 onion, chopped | 2 tablespoons olive oil | 1 tomatoes, chopped | 1 teaspoon garlic, minced | 2 teaspoons turmeric | 1/2 teaspoon ground cumin | 1 teaspoon salt | 1 teaspoon pepper | 1 tablespoon parsley, minced | 1 tablespoon cilantro, minced | 1/2 tablespoon tomato paste | 1 cup water | 15 ounces navy beans, drained","saute, simmer",https://www.food.com/recipe/moroccan-white-beans-loubia-465880
Moroccian Chicken Tagine,4,"1 teaspoon saffron thread | 1 tablespoon warm water | 1 tablespoon kosher salt | 1/2 teaspoon fresh ground black pepper | 1/2 teaspoon ground cumin | 1/4 teaspoon ground cardamom | 1 (3 1/2-4 lb) roasting chickens, cut into 8 pieces | 2 tablespoons olive oil | 2 sticks cinnamon | 2 bay leaves | 1 yellow onion, thinly sliced | 1 tablespoon garlic, minced | 2 cups chicken stock | 1/2 cup golden raisin | 1/3 cup rough chopped preserved lemon | 1/4 cup rough chopped green olives | 1/4 cup toasted slivered almonds | 1/4 cup chopped of fresh mint","blend, boil, saute, simmer",https://www.food.com/recipe/moroccian-chicken-tagine-503117
Morrocan Chicken With Couscous,6,"1/2 cup flour | 3 tablespoons sweet paprika | 2 teaspoons salt (optional) | 1/2 teaspoon black pepper | 3 -3 1/2 lbs chicken, cut into 8 serving pieces | 2 -3 tablespoons olive oil | 1 yams or 1 sweet potato, peeled and cut into 1-inch pieces | 1 onion, thinly sliced | 2 garlic cloves, minced | 1 bay leaf | 1 tablespoon ground cumin | 1 tablespoon ground cardamom | 1 teaspoon ground cinnamon | generous pinch saffron thread | 1/2 cup raisins | 1/2 cup chopped dried apricot | 3 cups chicken broth | 1 cup couscous | 1/4 cup minced of fresh mint","boil, simmer",https://www.food.com/recipe/morrocan-chicken-with-couscous-428281
Morrocan Couscous With Green Beans,4,1/4 cup butter | 1 cup chicken broth | 3/4 cup couscous | 1/2 cup pine nuts | 1 tablespoon olive oil | 10 ounces green beans (preferably the flat or wide Italian beans),"boil, microwave",https://www.food.com/recipe/morrocan-couscous-with-green-beans-427752
Msemmen - Moroccan Crepes,10,2 cups flour | 1 cup semolina | 3/4 cup oil | 3 tablespoons butter | 1 tablespoon salt | 1 tablespoon sugar | 1 teaspoon dry yeast | 1 -2 cup warm water (depending on the quality of absorption of your flour),knead,https://www.food.com/recipe/msemmen-moroccan-crepes-334684
Mushroom Couscous With Moroccan Flavors,4,"2 tablespoons olive oil | 1 lb fresh mushrooms, sliced | 1 small onion, thinly sliced | 1 garlic clove, minced | 1 cup beef broth | 1/2-3/4 teaspoon cumin | 1/4 teaspoon ground coriander | 1/4 teaspoon turmeric | 1/8 teaspoon saffron thread | salt & pepper, to taste | 3/4 cup instant couscous, uncooked","saute, simmer",https://www.food.com/recipe/mushroom-couscous-with-moroccan-flavors-407118
My Mediterranean Couscous Salad,4,"3/4 cup chicken broth | 1 cup couscous, uncooked | 2 tablespoons olive oil | 15 ounces artichoke hearts, chopped coarsely | 10 ounces canned diced tomatoes | 3 green chilies, chopped | 1/2 cup feta cheese, crumbled (or another) | 1/4 cup pine nuts, toasted (or other nuts) | 1/4 cup olive (kalamata nice) | 2 green onions, chopped | 1 teaspoon garlic, chopped | 2 tablespoons basil, fresh chopped | 2 tablespoons mint, fresh chopped | 2 tablespoons parsley, fresh chopped | romaine lettuce or baby spinach leaves",boil,https://www.food.com/recipe/my-mediterranean-couscous-salad-451940
Nigerian Beef in Tomato Sauce,4,1 (2 lb) New York strip steaks | 3 tablespoons olive oil | salt | ground black pepper | 6 chicken bouillon cubes | 6 tomatoes | 2 red peppers | 2 onions | 2 garlic cloves,"blend, steam",https://www.food.com/recipe/nigerian-beef-in-tomato-sauce-307519
Nigerian Ewa Agoyin,2,1 bulb onion | 2 cups beans | 3 tomatoes | 5 habanero peppers | 1/2 cup peanut oil | 1 teaspoon seasoning | 1 teaspoon salt | 1/2 cup palm oil,"blend, boil, fry, stew",https://www.food.com/recipe/nigerian-ewa-agoyin-532458
Nigerian Fruit  Salad,10,"4 ripe papayas or 4 mangoes, peeled, seeded and cut into bite-size pieces | 2 red apples, cored and chopped | 2 ripe bananas, peeled and sliced | 1 (16 ounce) can pineapple tidbits, well-drained | 1 cup fresh orange juice | 1 tablespoon granulated sugar | 1/2 teaspoon ground cinnamon | 1/3 cup sweetened flaked coconut",,https://www.food.com/recipe/nigerian-fruit-salad-310793
Nigerian Pancakes With Shrimp,16,"1 lb pea beans, soaked in water to cover overnight (any white beans will do) | 1 tablespoon salt | 1/2 lb fresh tomato, cut in 1/4 inch cubes | 1/2 lb yellow onion, finely chopped | 1 lb cooked shrimp, in 1/2 inch pieces | 1 tablespoon salt | 1/4 teaspoon black pepper | 1/4 teaspoon cayenne pepper | 6 large eggs, beaten lightly | 1/2 cup peanut oil",simmer,https://www.food.com/recipe/nigerian-pancakes-with-shrimp-455200
Nigerian Peanut Soup,4,"4 cups chicken broth | 1 jalapeno pepper, seeded and minced | 1/2 cup green bell pepper, chopped | 1/2 cup onion, chopped | 1/2 cup crunchy peanut butter","blend, boil, simmer",https://www.food.com/recipe/nigerian-peanut-soup-457015
Nigerian Peanut Soup,2,"3 cups beef broth | 1 cup roasted peanuts, ground fine | 2 -3 small dried hot red chili peppers or 1/2 teaspoon dried red pepper flakes | 1 small green bell pepper, minced | 1 small onion, minced","boil, simmer",https://www.food.com/recipe/nigerian-peanut-soup-71416
Nigerian Peppersoup Seasoning Substitute,6,"1/4 teaspoon pepper, ground | 1/4 teaspoon clove, ground | 1/4 teaspoon cinnamon, ground | 1/2 teaspoon coriander seed, ground | 1/2 teaspoon cumin, ground | 1/4 teaspoon nutmeg, ground | 1/2 teaspoon ginger, ground | 3/4 teaspoon fennel seed, ground",,https://www.food.com/recipe/nigerian-peppersoup-seasoning-substitute-311240
Nigerian Rice Water,2,"1 tablespoon white rice | 2 cups whole milk (I'll try 1%) | 1 teaspoon sugar, more to taste (I'll try Splenda) | 1/8 teaspoon ground cinnamon | 1/8 teaspoon ground nutmeg | 1/8 teaspoon orange zest or 1/8 teaspoon lemon zest","boil, simmer",https://www.food.com/recipe/nigerian-rice-water-310159
Nigerian Suya,2,"3 teaspoons finely ground roasted peanuts (see below) | 1 teaspoon red peppers or 1 teaspoon red pepper flakes | 1 teaspoon paprika | 1 teaspoon salt | 1/2 teaspoon ground ginger | 1/2 teaspoon garlic powder | 1/2 teaspoon onion powder | 2 lbs beef, cut into bite-sized pieces (beef, chicken, etc.) | 1 onion, peeled and cut into chunks (optional) | 1 tomatoes, cut into chunks (optional) | 1 sweet green pepper, cleaned and cut into chunks (optional)","broil, grill, marinate, roast",https://www.food.com/recipe/nigerian-suya-309911
Niter Kibbeh--Ethiopian Spiced Clarified Butter,2,"1 lb unsalted butter | 1/2 onion, chopped | 2 -3 garlic cloves, crushed | 1 inch gingerroot, cut into 1/4-inch slices | 3 -4 cardamom pods | 1 cinnamon stick | 3 -4 whole cloves | 1 teaspoon fenugreek seeds | 1/2 teaspoon turmeric",simmer,https://www.food.com/recipe/niter-kibbeh-ethiopian-spiced-clarified-butter-455044
North African Bulgar Salad,4,"1 1/2 cups bulgur wheat | 1 1/4 cups boiling water | 4 tablespoons olive oil | 3 tablespoons lemon juice | 1/2 teaspoon garlic powder | salt & pepper | 2 tablespoons of fresh mint, chopped | 3 tablespoons fresh cilantro, chopped | 1 red bell pepper | 1 bunch scallion, chopped | 1/2 cucumber, chopped | 1/3 cup black olives, pitted & sliced | 2 cups feta cheese, crumbled | lime wedge, to serve","boil, broil",https://www.food.com/recipe/north-african-bulgar-salad-314428
North African Bulgar Stuffed Baby Eggplant,4,"6 finger eggplants (about 4 in long) | 1/2 cup coarse Bulgar wheat | 1 1/2 cups boiling water, salted | 3 tablespoons olive oil, divided | 1 small yellow onion | 6 garlic cloves | 1 (16 ounce) can diced tomatoes (400g) | 2 teaspoons honey | 1/2 teaspoon cumin | 1/2 teaspoon cinnamon | 1/4 teaspoon ground allspice | 1/4 teaspoon red pepper flakes | 1/2 cup pine nuts | 1 small bunch of fresh mint (1/2 cup chopped) | handful fresh parsley (1/2 cup chopped) | 1/2 lemon, juice only | salt and pepper","bake, boil, toast",https://www.food.com/recipe/north-african-bulgar-stuffed-baby-eggplant-491177
North African Chicken,4,"2 tablespoons seasoning, mix North African (see my posted recipe) | 1/4 cup lemon juice | 1/4 cup olive oil | 2 garlic cloves, chopped | 1 lb chicken, your choice","grill, marinate",https://www.food.com/recipe/north-african-chicken-373000
North African Chicken and Couscous,6,"2 cups water | 1 1/2 cups uncooked couscous | 1/2 cup golden raisin | 1/2 cup thawed orange juice concentrate, undiluted | 1/3 cup lemon juice | 2 tablespoons water | 2 tablespoons olive oil | 2 teaspoons ground cumin | 1/2 teaspoon salt | 1/4 teaspoon black pepper | 3 cups chopped chopped ready-to-eat roasted boneless skinless chicken breasts (about 3 breasts) | 2 cups chopped peeled cucumbers | 1 cup chopped red bell pepper | 1/4 cup thinly sliced green onion | 1/2 cup chopped fresh cilantro | sliced green onion (optional)",boil,https://www.food.com/recipe/north-african-chicken-and-couscous-366997
North African Dry Rub,3,"1/2 teaspoon salt | 1/2 teaspoon sweet paprika | 1 teaspoon ground cumin | 3/4 teaspoon black pepper | 3/4 teaspoon ground coriander | 1/2 teaspoon cayenne | 1/2 teaspoon ground ginger | 1/4 teaspoon turmeric | 1 teaspoon ground cinnamon | 1 teaspoon garlic clove, finely minced | 1/2 lemon, zest of, minced",,https://www.food.com/recipe/north-african-dry-rub-385552
North African-Grilled Corn on the Cob,4,"2 teaspoons ground cumin | 2 teaspoons ground coriander | 1 teaspoon dried oregano | 1/2 teaspoon ground ginger | 1/2 teaspoon salt | 1/4 teaspoon ground cinnamon | 1/4 teaspoon black pepper | 1 dash clove | 4 ears corn, with husks | 2 teaspoons butter, melted",grill,https://www.food.com/recipe/north-african-grilled-corn-on-the-cob-470176
North African Marinade for Flank Steak,4,"1 cup onion, finely chopped | 1 1/2 tablespoons fresh ginger, finely chopped | 1 tablespoon minced garlic | 1/2 cup olive oil | 6 tablespoons fresh lemon juice | 2 tablespoons soy sauce | 1 tablespoon dry sherry | 1/4 cup chopped fresh cilantro | 1 tablespoon chili powder | 1 tablespoon ground cumin | 1 teaspoon turmeric | 1 teaspoon dried marjoram | 1/4 teaspoon saffron (optional) | 2 teaspoons harissa (optional) or 2 teaspoons hot sauce (optional) | 2 teaspoons salt | 1 teaspoon fresh ground black pepper | 2 flank steaks (1 - 1 1/4 lbs each)",grill,https://www.food.com/recipe/north-african-marinade-for-flank-steak-503334
North African Meatballs (Boulettes),4,"2 tablespoons olive oil | 1 1/2 cups finely diced onions | 3 garlic cloves, minced | 2 tablespoons tomato paste | 1 inch piece cinnamon stick | 1 large pinch saffron, crumbled | salt and pepper | 3 cups vegetable broth or 3 cups water | 1 1/2 cups cubed day-old firm white bread | 1 cup milk | 1 lb ground beef or 1 lb ground lamb | 1 large egg, beaten | 1 teaspoon salt | 1/4 teaspoon black pepper | 4 garlic cloves, minced | 1/8 teaspoon grated nutmeg | 1 teaspoon ground ginger | 1 teaspoon turmeric | 2 teaspoons paprika | 1/4 teaspoon cayenne | 1/4 teaspoon ground cloves | 1/4 teaspoon ground coriander | 1/2 teaspoon ground cumin | 3 tablespoons chopped parsley | 3 tablespoons chopped cilantro | 3 tablespoons finely chopped scallions | all-purpose flour, for dusting | olive oil or vegetable oil | 1 cup giant couscous or 1 cup medium couscous | 2 tablespoons butter | 1/2 cup golden raisin, soaked in hot water to soften, then drained | salt | 1/4 teaspoon ground cinnamon","fry, knead, roast, simmer",https://www.food.com/recipe/north-african-meatballs-boulettes-505050
North African Orange Salad,4,"4 oranges (peeled, deseeded, cut into bite sized pieces) | 1/2 cup pomegranate seeds | 1 tablespoon orange zest | 1/2 cup almonds (chopped) | 1/4 cup pistachios (chopped) | 3 tablespoons honey | 1 tablespoon water | cinnamon (to taste)",microwave,https://www.food.com/recipe/north-african-orange-salad-493125
North African Soup (Vegetarian),2,"2 tablespoons olive oil | 1 large onion, chopped | 2 tablespoons paprika | water | 2 carrots, peeled and diced | 2 garlic cloves, minced | 2 tablespoons tomato paste | 1 (14 ounce) can diced tomatoes, undrained | 1/4 cup fresh cilantro, chopped (or use Italian parsley) | 1 teaspoon turmeric | 1 teaspoon ground cinnamon | 1 large potato, peeled and diced | 1 (15 3/4 ounce) can garbanzo beans, drained | 2 tablespoons lemon juice | salt, to taste | black pepper, to taste | cilantro leaf, to garnish (or parsley)","fry, simmer",https://www.food.com/recipe/north-african-soup-vegetarian-385621
North African Spiced Chicken,4,1 tablespoon ground cumin | 1 tablespoon kosher salt | 1 1/2 teaspoons ground cinnamon | 1 1/2 teaspoons ground allspice | 1 teaspoon fresh ground black pepper | 1 teaspoon ground turmeric | 1 pinch cayenne powder | 4 boneless skinless chicken breasts | canola oil,grill,https://www.food.com/recipe/north-african-spiced-chicken-503438
North African Style Chicken,4,"2 cups cooked chicken breasts, cut into bite size pieces | 1/16 teaspoon ground cinnamon | 1 pinch ground cloves | 1/16 teaspoon cayenne pepper or 1/16 teaspoon berbere | 1 tablespoon olive oil | 1/4 cup orange juice | 1/4 cup raisins | 1 teaspoon red wine vinegar | couscous or rice, for serving",blend,https://www.food.com/recipe/north-african-style-chicken-505395
Nshima,4,4 cups cornmeal (one cup per serving is sufficient) | 2 teaspoons salt (to taste) | 16 cups water (more as or if as needed),boil,https://www.food.com/recipe/nshima-455157
Okra &amp; Chickpea Tagine,6,"1 lb okra, stem ends trimmed, cut into 1/2-inch pieces (fresh or frozen) | 10 sprigs fresh cilantro, plus more leaves for garnish | 2 tablespoons extra virgin olive oil | 1 red bell pepper, finely diced | 1 medium onion, finely diced | 3 garlic cloves, minced | 1/2 teaspoon ground ginger | 1/2 teaspoon fresh ground pepper | 3 plum tomatoes, diced or 1 cup drained canned diced tomato | 1/2 cup vegetable broth or 1/2 cup reduced-sodium chicken broth | 3/4 teaspoon ground cumin | 1 (15 ounce) can chickpeas, rinsed | 3/4 teaspoon salt | 1 teaspoon chili-garlic sauce or 1 teaspoon hot sauce (or to taste)",boil,https://www.food.com/recipe/okra-chickpea-tagine-346494
Orange Breakfast Couscous,2,3/4 cup water | 1/4 cup orange juice | 1/2 cup dry couscous | 1 teaspoon orange zest | 1 tablespoon honey | 1 tablespoon frozen apple juice concentrate | 1 dash cinnamon,microwave,https://www.food.com/recipe/orange-breakfast-couscous-343244
Orange Israeli Couscous With Snow Peas,4,"3/4 cup israeli couscous | 1 3/4 cups chicken or 1 3/4 cups vegetable broth | 1 cup snow peas, trimmed | 6 small green onions, thinly sliced | 2 tablespoons slivered almonds | 1 orange, peel and white pith removed, sliced into 1/2 inch pieces | salt and pepper | 1 orange, juice and zest of | 1 tablespoon seasoned rice wine vinegar (or white wine vinegar) | 3 tablespoons olive oil | salt and pepper","simmer, steam, toast",https://www.food.com/recipe/orange-israeli-couscous-with-snow-peas-425683
Orange-Nut Couscous,6,"1 tablespoon oil | 1 cup almonds, coarsely chopped | 1 onion, chopped | 1/2 green pepper, chopped | 2 cups orange juice | 2 cinnamon sticks | 5 cloves, whole | 1/4 teaspoon turmeric | 1/4 teaspoon ground red pepper | 1/4 teaspoon salt | 1/4 teaspoon pepper | 2 cups couscous | 1/4 cup raisins | 1/2 cup green onion, chopped","boil, toast",https://www.food.com/recipe/orange-nut-couscous-424710
Orange-Pineapple Couscous,8,"1 (11 ounce) can mandarin oranges, liquid reserved | 2 1/4 cups orange juice | 1 1/2 teaspoons ground cumin | 1 (10 ounce) box couscous | 3 tablespoons olive oil | 1 tablespoon reduced sodium soy sauce | 3 tablespoons lime juice, fresh | 1/4 cup cilantro, freshly chopped | 2 tablespoons basil, freshly chopped | 3 tablespoons green onions, freshly chopped | 1 1/2 teaspoons ginger, freshly chopped | 1 (15 1/4 ounce) can pineapple tidbits, drained | 1/3 cup pine nuts, toasted",boil,https://www.food.com/recipe/orange-pineapple-couscous-422127
Orange Scented Couscous,4,"2 cups water | 5 -6 tablespoons orange juice | 1 tablespoon olive oil | 1 teaspoon orange zest, grated | 1 (10 ounce) box couscous",boil,https://www.food.com/recipe/orange-scented-couscous-504145
Orange Yogurt Smoothie - Moroccan,2,"2 cups orange juice | 1 orange, peeled and broken into wedges (seedless) | 1 cup plain yogurt (or vanilla flavored) | 2 tablespoons powdered milk (optional) | sugar (optional) | 7 -8 ice cubes",blend,https://www.food.com/recipe/orange-yogurt-smoothie-moroccan-503815
Osso Buco With Couscous,4,"2 carrots, medium, finely chopped | 2 celery ribs, finely chopped | 1 brown onion, large, finely chopped | cooking spray | 2 garlic cloves, crushed | 8 veal bones, osso buco | 1/2 cup plain flour | 1/3 cup tomato paste | 800 g canned tomatoes, diced | 2 cups beef stock | 2 bay leaves | 3 cups couscous, prepared, strips of lemon zest and oregano leaves to serve","bake, fry",https://www.food.com/recipe/osso-buco-with-couscous-381819
Paleo  Moroccan Carrot Salad With Dates,4,"4 organic carrots, peeled and shredded | 1/4 cup dried dates | 2 tablespoons olive oil | 1 large lemon, juice of | 2 tablespoons chopped fresh cilantro | 1 teaspoon paprika | coriander (to garnish)",,https://www.food.com/recipe/paleo-moroccan-carrot-salad-with-dates-486819
Palestinian Harissa,12,"3 cups semolina | 3/4 cup sugar | 3/4 cup melted butter, unsalted | 1 1/2 tea spoon baking powder | 1 cup yoghurt | 1/2 cup almonds | 1 table spoon tahini | 3 cups sugar | 2 cups water | 1/2 lemon, juice of",boil,https://www.food.com/recipe/palestinian-harissa-484855
Pan-Fried Moroccan Chicken,4,"1 red chile, seeds removed, finely chopped | 1 teaspoon dried chili pepper flakes | 2 garlic cloves, crushed | 1 lemon, juice of | 2 teaspoons ground cinnamon | 3 teaspoons ground cumin | 4 tablespoons sultanas | 4 tablespoons pine nuts | 40 ml olive oil | 800 g chicken fillets, cut into thin strips | 1 orange, halved, sliced | 4 tablespoons freshly chopped mint",fry,https://www.food.com/recipe/pan-fried-moroccan-chicken-304917
Pan Fried Seabass Fillet With Salsa Sauce and Couscous,2,"2 (150 g) sea bass fillets, de-scaled and cleaned, skin on | 50 g ripped cherry tomatoes, chopped into small pieces | 1 tablespoon capers, chopped | 2 tablespoons chopped olives | 1 bunch fresh basil leaf, chopped | 1 tablespoon olive oil | 1 teaspoon balsamic vinegar | 1/2 lime, freshly squeeze lime juice | 1/2 lime, for garnish | sea salt | grounded black pepper | 200 g couscous | 400 ml chicken stock",fry,https://www.food.com/recipe/pan-fried-seabass-fillet-with-salsa-sauce-and-couscous-440804
Paprika Butter Chicken With Couscous,2,"5 skinless chicken thigh fillets | 25 g butter or 25 g margarine | 1 tablespoon honey | sea salt | ground pepper | 1 teaspoon paprika | 1 lime, juices only freshly squeezed | 1/2 lime wedge, to serve | 150 g couscous | 100 ml hot vegetable stock | 1 tablespoon almond halve | 1 handful chopped fresh coriander (large handful) | 1 red chili, de-seeded and cut into strips, to serve","bake, boil",https://www.food.com/recipe/paprika-butter-chicken-with-couscous-440937
Pea Tomato Couscous,2,"1/2 cup chopped shallot | 2 garlic cloves, minced | 1 tablespoon oil | 1/2 teaspoon ground cumin | 1 cup vegetable stock | 1 cup frozen baby sweet peas | 1/2 cup diced tomato, seeds removed | 3/4 cup couscous, uncooked | salt and pepper, to taste","saute, simmer",https://www.food.com/recipe/pea-tomato-couscous-436627
Peanut Soup,4,1/2 lb peanut butter | 1 1/2 pints vegetable stock | 1/2 pint milk | 2 teaspoons nutmeg (preferably freshly ground) | 2 teaspoons of hot curry powder | 1 teaspoon fresh ground black pepper,,https://www.food.com/recipe/peanut-soup-95945
Peanut Soup With Rice and Scallions,6,"2 tablespoons peanut oil or 2 tablespoons vegetable oil | 2 large onions, diced | 2 large bell peppers, 1 red and 1 green, diced into 1/2-inch chunks | 2 teaspoons ginger, chopped | 2 sweet potatoes, peeled and cut into 1-inch chunks | 3 large garlic cloves, finely chopped | salt & freshly ground black pepper | 1/4 teaspoon cayenne pepper or 1/4 teaspoon red pepper flakes, approx | 2 cups crushed tomatoes | 5 cups chicken stock or 5 cups vegetable stock | 3/4 cup peanut butter | 6 ounces soft tofu | 2 cups cooked rice | 1 cup scallion, sliced, including the firm greens","boil, saute, simmer",https://www.food.com/recipe/peanut-soup-with-rice-and-scallions-456089
Persian Beef and Couscous,4,"1 tablespoon vegetable oil | 1 lb boneless beef roast, in 3/4 inch chunks | 1/2 teaspoon salt | 1/8 teaspoon pepper | 2 1/4 cups beef stock | 1 1/2 teaspoons cinnamon | 8 ounces white pearl onions, peeled | 8 ounces butternut squash or 8 ounces sweet potatoes, in 1/2 inch cubes | 3 tablespoons vinegar | 1 tablespoon honey | 1 cup pitted prune | 3/4 cup couscous (or quick cooking brown rice)","boil, simmer, stew",https://www.food.com/recipe/persian-beef-and-couscous-50120
Piri Piri Chicken (Quick Stir Fry Version),4,"4 large boneless skinless chicken breasts or 4 large chicken thighs, would be best for flavour | 1 red pepper, thinly sliced | 1 yellow pepper, thinly sliced | red onion, finely chopped | 4 garlic cloves | 1 -2 fresh red chili pepper (if not available, can replace with 1 tbsp red chilli flakes) | 1 tablespoon sweet paprika | 1 lemon, juice and zest of | 1/2 cup white wine | 1 tablespoon Worcestershire sauce | fresh basil | salt | fresh ground black pepper | extra virgin olive oil","blend, fry, roast, saute, simmer, slow cook, smoke",https://www.food.com/recipe/piri-piri-chicken-quick-stir-fry-version-489613
Piri Piri Dressing,4,"6 small red chilies, chopped | 2 garlic cloves, chopped | 1 lemon, juice of | 1 pinch salt | 3 1/2 ounces extra virgin olive oil",blend,https://www.food.com/recipe/piri-piri-dressing-367617
Piri Piri Sauce,3,"3/4 cup olive oil | 2 jalapeno peppers, coarsely chopped, including stems and seeds | 1 poblano pepper, coarsely chopped, including stems and seeds | 1 1/2 teaspoons red pepper flakes | 1/2 teaspoon salt | 1/4 teaspoon fresh ground black pepper | 1 1/2 teaspoons garlic, minced",blend,https://www.food.com/recipe/piri-piri-sauce-369728
Piri Piri Sauce,1,"14 red chilies, chopped, I used a mix of finger chilies and habaneros and left the seeds in (fresh or dried, soak dried ones in water for 2 hours, then drain) | 10 garlic cloves, chopped | 1/2 cup chopped cilantro | 1/4 cup lemon balm | 1/4 cup minced fish mint (optional) | 1 lemon, zest of | 2 tablespoons lemon juice | 3 tablespoons white vinegar | 1/3 cup olive oil (nothing too flavourful) | 1 teaspoon sea salt",blend,https://www.food.com/recipe/piri-piri-sauce-532416
Pistachio Couscous,4,"1/4 cup pistachios, shelled | 2 1/2 cups low sodium chicken broth (or use vegetable broth) | 1/2 teaspoon salt | 1 (10 ounce) box couscous | 1/8-1/4 cup fresh mint leaves, chopped | 2 tablespoons olive oil | 1 teaspoon fresh lemon juice | ground pepper, to taste","boil, toast",https://www.food.com/recipe/pistachio-couscous-425485
Pistachio-Crusted Moroccan Rack of Lamb With Israeli Couscous,2,"1 rack of lamb | 2 teaspoons ras el hanout spice mix | 2 teaspoons spanish smoked paprika (pimenton) | 1 tablespoon extra virgin olive oil | 1 tablespoon pomegranate molasses | 1/2 cup pistachio nut | 1/4 cup breadcrumbs | 1/2 onion, chopped | 1 tablespoon butter | 1/2 cup israeli couscous | 1 cup chicken stock | 1/3 cup mint leaf | 1/3 cup cilantro leaf | 1/3 cup flat leaf parsley | 1/4 cup pomegranate seeds | 1/2 preserved lemons or 1 lemon, zest of | 10 dried apricots","blend, boil, roast, simmer",https://www.food.com/recipe/pistachio-crusted-moroccan-rack-of-lamb-with-israeli-couscous-493364
Poached Eggs With Harissa Oil,2,2 eggs | 2 teaspoons vinegar | 2 teaspoons harissa | 1 tablespoon olive oil | sea salt (to taste),"boil, poach, simmer, toast",https://www.food.com/recipe/poached-eggs-with-harissa-oil-434771
Pork Ribs  With Aloha Shoyu Sauce,8,"1 cup aloha shoyu soy sauce | 1/2 cup sugar | 1 ounce Kahlua | 1/2 cup pineapple juice | 1 tablespoon gingerroot, freshly grated | 3 garlic cloves, grated | 8 lbs pork ribs","boil, marinate",https://www.food.com/recipe/pork-ribs-with-aloha-shoyu-sauce-306183
Portuguese-African Chicken in Coconut Sauce,6,"4 lbs chicken, pieces | 3/4 teaspoon salt | 3/4 teaspoon pepper | 1/4 cup vegetable oil | 1 onion, chopped | 4 garlic cloves, chopped | 2 tablespoons hot red pepper, seeded and minced | 3 tablespoons tomato paste | 2 tablespoons paprika | 1/2 teaspoon ground ginger | 1 cup coconut milk | 3 tablespoons peanut butter | 1/4 cup fresh coriander (or parsley)",roast,https://www.food.com/recipe/portuguese-african-chicken-in-coconut-sauce-371142
Portuguese Chicken Piri-Piri,4,"3 tablespoons olive oil | 4 -6 chicken breast halves, skinless if desired | salt & freshly ground black pepper | 1 onion, thinly sliced | 2 carrots, cut into thin strips | 2 parsnips, cut into thin strips | 1 red bell pepper, cored, seeded, and cut into thin strips | 1 green bell pepper, cored, seeded, and cut into thin strips | 4 cups chicken or 4 cups vegetable stock | 3 -4 tomatoes, cored and quartered | 1 tablespoon tomato paste | 1 cinnamon stick | 2 bay leaves | 1 sprig fresh thyme | piri-piri, sauce (or other hot sauce) | 1 1/2 cups long-grain rice | 1 tablespoon lime (or lemon juice)","bake, boil, saute",https://www.food.com/recipe/portuguese-chicken-piri-piri-369942
Prawn and Harissa Stew With Couscous,2,"100 g couscous | olive oil, for frying | 200 ml chicken stock, fresh | 1 small onion, sliced | 2 garlic cloves, crushed | 1 teaspoon ground cumin | 400 g chopped tomatoes | 1 -2 teaspoon harissa | 150 g raw peeled prawns | 1 small bunch coriander leaves","boil, fry",https://www.food.com/recipe/prawn-and-harissa-stew-with-couscous-427635
Prawns Peri-Peri,4,"18 -24 large prawns (large shrimp) | 3/4 cup butter | 2 teaspoons crushed garlic | 2 tablespoons lemon juice | 2 tablespoons peri-peri, sauce (recipe below) | salt | fresh ground black pepper | fresh parsley (optional for garnish) | 1 1/2 ounces red chilies, very finely chopped | 5 garlic cloves, crushed | 2 cups olive oil | 1 pared small lemon, rind of (use a vegetable peeler to remove the skin in thin strips)",fry,https://www.food.com/recipe/prawns-peri-peri-456440
Prawns Peri Peri Mozambique,4,"24 prawns (twelve count shrimp substitute) | 1/4 cup extra virgin olive oil | 4 cups of cooked savory rice | 2 tablespoons peri peri oil (Palm oil infused with hot red peppers for at least 1 week) | 2 medium onions, chopped | 6 garlic cloves, chopped | 4 large ripe tomatoes, diced | salt and pepper | 2 cups frozen sweet peas","boil, fry, saute, simmer, smoke",https://www.food.com/recipe/prawns-peri-peri-mozambique-427978
Puff Puff,50,4 cups warm water | 2 1/4 ounces active dry yeast | 6 cups bread flour | 2 tablespoons sugar | 1 1/4 cups sugar | 1 tablespoon salt | 1 tablespoon vanilla extract | 1/2 gallon canola oil,fry,https://www.food.com/recipe/puff-puff-415720
Pumpkin Spice Dabo Kolo (Ethiopian Pumpkin Spice Ricotta Donuts),8,"1 set 1/2 tbsp rawspicebar's freshly ground pumpkin spice | 2 set 1/2 pound ricotta cheese | 3 set 2 eggs | 4 set 1/3 cup unbleached all-purpose flour | 5 set 1/4 teaspoon fine sea salt | 6 set 1 1/2 tablespoons butter, softened | 7 set 1/2 cup honey | 8 set vegetable oil, for frying","deep fry, fry",https://www.food.com/recipe/pumpkin-spice-dabo-kolo-ethiopian-pumpkin-spice-ricotta-donuts-524594
Quick Moroccan Chickpea and Vegetable Couscous,6,"4 tablespoons unsalted butter | 2 cups couscous | 1 medium onion, chopped fine | 2 medium carrots, chopped fine | salt | 4 garlic, cloves"" minced "" (about 4 teaspoons) | 1/2 teaspoon ground coriander | 1/2 teaspoon ground ginger | 1 (15 ounce) can chickpeas, drained and rinsed | 1 3/4 cups canned low sodium chicken broth | 1 1/2 cups frozen peas | 1/2 cup fresh parsley, cilantro and or mint leaf, chopped | ground black pepper | 1 lemon, cut into wedges","boil, toast",https://www.food.com/recipe/quick-moroccan-chickpea-and-vegetable-couscous-426033
Ras El Hanout,3,4 whole nutmegs | 10 rosebuds (dried) | 12 cinnamon sticks (Ceylon) | 12 pieces mace (blades) | 1 teaspoon anise seed | 2 dried chipotle peppers | 1/2 teaspoon lavender (dried) | 1 tablespoon white peppercorns | 1 tablespoon cumin seed | 1 tablespoon coriander | 2 pieces galangal (dried) | 2 tablespoons whole gingerroot (dried) | 8 pieces turmeric (dried) | 6 cloves | 24 allspice berries | 20 green cardamom pods | 4 black cardamom pods | 2 teaspoons saffron threads,"blend, roast, smoke",https://www.food.com/recipe/ras-el-hanout-486491
Ras El Hanout,24,4 tablespoons coriander | 2 tablespoons ginger | 2 tablespoons cardamom | 1 1/2 tablespoons cumin | 1 1/2 teaspoons cinnamon | 1 tablespoon turmeric | 1 tablespoon black pepper | 1 1/2 teaspoons mace | 1 1/2 teaspoons cayenne pepper | 3/4 teaspoon clove,,https://www.food.com/recipe/ras-el-hanout-503579
Ras El Hanout a Moroccan Spice Blend by Rachael Ray,1,1 tablespoon ground cumin | 1 tablespoon ground coriander | 1 tablespoon turmeric | 1 tablespoon paprika | 1 1/2 teaspoons freshly grated nutmeg | 1 teaspoon ground cinnamon | 1 teaspoon ground cardamom | 1 teaspoon ground allspice | 1 teaspoon cayenne pepper | 1/2 teaspoon ground cloves,,https://www.food.com/recipe/ras-el-hanout-a-moroccan-spice-blend-by-rachael-ray-505582
Ras El Hanout Couscous,6,"500 g couscous | 1 red onion (finely diced) | 3/4 cup dates (chopped) | 1/2 cup dried apricot (chopped) | 1/2 cup raisins | 1/4 cup fresh coriander (chopped) | 1 tablespoon sesame seed oil | 1 tablespoon ras el hanout spice mix (Moroccan spice mix) | 1 tablespoon sumac | home-made chicken stock, sufficient for cooking the Couscous (optional)","boil, steam",https://www.food.com/recipe/ras-el-hanout-couscous-505086
Ras El Hanout - Moroccan Spice Mix from Vegetarian Times,1,2 teaspoons smoked paprika | 1 1/2 teaspoons ground coriander | 1 1/2 teaspoons ground cumin | 1 teaspoon ground ginger | 1 teaspoon ground turmeric | 1 teaspoon ground black pepper | 1/2 teaspoon garlic powder | 1/4 teaspoon ground allspice | 1/4 teaspoon ground cinnamon | 1/4 teaspoon ground nutmeg,,https://www.food.com/recipe/ras-el-hanout-moroccan-spice-mix-from-vegetarian-times-479884
"Ras El-Hanout, Moroccan Spiced Chicken",4,"1/4 cup ground cinnamon | 1 tablespoon turmeric | 1 1/2 teaspoons fresh ground black pepper | 3/4 teaspoon nutmeg, fresh ground | 3/4 teaspoon ground cardamom | 3/4 teaspoon ground cloves | 4 chicken drumsticks | 4 chicken thighs | 1 tablespoon fresh thyme | 5 garlic cloves, thinly sliced | 1/2 cup olive oil, plus | 1 tablespoon olive oil | 1 onion, thinly sliced | 1 lemon, quartered | 3 cups chicken broth | salt","boil, marinate, simmer",https://www.food.com/recipe/ras-el-hanout-moroccan-spiced-chicken-334911
Ras El Hanout Roasted Potatoes,4,"500 g white potatoes | 1 lemon | 2 garlic cloves, crushed | 2 tablespoons ras el hanout spice mix | olive oil","boil, roast",https://www.food.com/recipe/ras-el-hanout-roasted-potatoes-505620
Ras el Hanout Spice Mix,3,1 teaspoon ground cumin | 1 teaspoon ground ginger | 1 teaspoon turmeric | 1 teaspoon salt | 3/4 teaspoon sugar | 3/4 teaspoon fresh ground black pepper | 1/2 teaspoon cinnamon | 1/2 teaspoon ground coriander | 1/2 teaspoon cayenne | 1/2 teaspoon ground allspice | 1/2 teaspoon ground fennel | 1/4 teaspoon ground cloves,,https://www.food.com/recipe/ras-el-hanout-spice-mix-80983
Red Bell Pepper Couscous,4,"1 tablespoon olive oil | 1 small onion, finely chopped | 1/2 red bell peppers or 1/2 green bell pepper, diced | 1/4 teaspoon dried thyme | 1/4 teaspoon salt | 1/4 teaspoon fresh black pepper | 1 1/2 cups vegetable broth | 1 cup couscous",boil,https://www.food.com/recipe/red-bell-pepper-couscous-428770
Roast Pork With Piri Piri,8,1 large red bell pepper (finely chopped ) | 4 garlic cloves (finely chopped ) | 1 teaspoon salt | 4 tablespoons olive oil | 3 teaspoons piri-piri (or hot sauce ) | 3 lbs pork loin (tied for roasting),marinate,https://www.food.com/recipe/roast-pork-with-piri-piri-369919
Roasted Cauliflower With Harissa Sauce,4,"1 head cauliflower, broken into uniform sized florets | 2 tablespoons olive oil | 1/2 teaspoon salt | 1 teaspoon cumin seed | chopped cilantro or flat leaf parsley | 1 cup mayonnaise (or sour cream, or Greek yogurt, or any combination of these.) | 1 teaspoon harissa (or more, to taste)",roast,https://www.food.com/recipe/roasted-cauliflower-with-harissa-sauce-495946
Roasted Cauliflower With Ras El Hanout Tahini Sauce,8,"3 tablespoons olive oil | 3 tablespoons tahini | 2 -3 tablespoons ras el hanout spice mix (use <a href=""https://www.food.com/recipe/ras-el-hanout-moroccan-spice-mix-from-vegetarian-times-479884"">Ras El Hanout - Moroccan Spice Mix from Vegetarian Times</a> #479884 or <a href=""https://www.food.com/recipe/clean-eating-ras-el-hanout-moroccan-spice-mix-374781"">Clean Eating Ras El Hanout Moroccan Spice Mix</a> #374781) | 8 cups cauliflower florets (2 small or 1 large head of cauliflower cut into 2-inch florets) | 2 lemons, cut into wedges | 2 tablespoons tahini | 1 tablespoon lemon juice | 2 teaspoons ras el hanout spice mix | 1/2 cup water | salt and pepper, to taste (optional) | 8 lemon wedges, for garnish (optional)",roast,https://www.food.com/recipe/roasted-cauliflower-with-ras-el-hanout-tahini-sauce-479886
Roasted Garlic and Olive Oil Couscous,4,"1 1/4 cups water or 1 1/4 cups broth | 1 cup couscous | 1 teaspoon butter or 1 teaspoon margarine (optional) | 1/2 teaspoon salt (optional) | 2 cloves garlic, minced | 1 tablespoon olive oil | 1/2 teaspoon dried thyme leaves | 1/2 teaspoon paprika | 1/4 teaspoon black pepper, freshly ground","boil, roast",https://www.food.com/recipe/roasted-garlic-and-olive-oil-couscous-48100
Roasted Garlic Couscous With Tomatoes &amp; Basil,2,"1 (6 ounce) box wheat garlic couscous | 2 small tomatoes, coarse chop | 1/4 cup chopped red onion | 1/2 cup chopped fresh basil | 1 lime, juice of | salt & fresh ground pepper",,https://www.food.com/recipe/roasted-garlic-couscous-with-tomatoes-basil-391475
Roasted Moroccan Spiced Chicken,2,3 1/2 lbs roasting chickens | 1/2 teaspoon pepper (fresh grind) | 4 garlic cloves | 1/4 teaspoon cinnamon | 1 lemon (halved) | 1/4 teaspoon cayenne pepper | 1/2 teaspoon cumin (ground) | 1/2 teaspoon salt | 1/2 teaspoon coriander (ground) | 3 tablespoons olive oil | 1/2 teaspoon paprika,"bake, roast",https://www.food.com/recipe/roasted-moroccan-spiced-chicken-306750
Roasted Vegetable Couscous Salad,6,"1 zucchini, quartered lengthwise | 1 yellow squash, quartered lengthwise | 3 portabella mushrooms | 2 sweet peppers, halved | 8 asparagus spears | 2 tablespoons olive oil | salt & pepper | 1 (10 ounce) box couscous (1 1/2 cups) | 2 1/2 cups boiling water or 2 1/2 cups vegetable stock | 1 lemon, juice of | 4 tablespoons fresh herbs (basil, chives, mint) | 2 tablespoons olive oil | 1 cup kalamata olive, pitted | 8 ounces feta cheese, cubed (optional)","boil, grill",https://www.food.com/recipe/roasted-vegetable-couscous-salad-378310
Roasted Vegetable Couscous With Hummus,4,"1 red bell pepper | 1 yellow bell pepper | 2 garlic cloves, sliced thinly | 1 small zucchini | 1 small eggplant | 6 small mushrooms, quartered | 1 sprig fresh rosemary | 1 red onion | 1 tablespoon olive oil | 2 cups whole wheat couscous | 2 1/2 cups vegetable stock (or water) | 1 cup garbanzo beans | 1/2 lemon, juice of | 4 green olives, pitted | 1 garlic clove | salt & freshly ground black pepper","blend, boil, roast",https://www.food.com/recipe/roasted-vegetable-couscous-with-hummus-316337
Rudy's Moroccan Stewed Chicken With Couscous,2,"1 tablespoon olive oil | sea salt | fresh ground pepper | 1 1/2 lbs chicken thighs, bone and skin removed | 1 large sweet onion, sliced into half-rounds | 2 medium zucchini, sliced into 1/4 inch thick half-rounds | 1 (16 ounce) can garbanzo beans, rinsed and drained | 1 (14 1/2 ounce) can tomatoes, diced | 2 cups chicken broth, reduced sodium | 1/4-1/2 teaspoon cayenne pepper (optional) | 1 1/2 teaspoons mild chili powder | 2 teaspoons ground cumin | 1 teaspoon ground cinnamon | 2 teaspoons ground ginger | 2 teaspoons ground coriander | 1 lemon | fresh cilantro, chopped (for garnish) | couscous, whole wheat (or your favorite type)","boil, saute, simmer, stew",https://www.food.com/recipe/rudys-moroccan-stewed-chicken-with-couscous-483881
Rwandan Chicken,4,"1 chicken, cut into pieces | 3 tablespoons oil | 1 onion, thinly sliced | 3 large tomatoes, mashed | 2 stalks celery, cut into thin rounds | 1 teaspoon salt | 1 hot chili pepper","fry, simmer",https://www.food.com/recipe/rwandan-chicken-457010
Saffron Couscous With Herbs,8,"2 tablespoons sesame seeds | 2 tablespoons pine nuts | 1 tablespoon butter | 1 small onion, finely diced | 2 1/2 cups chicken stock or 2 1/2 cups vegetable stock | 1 pinch saffron, crumbled | 2 cups couscous (whole wheat or regular) | 1/4 cup olive oil, extra virgin | 1 lemon, juice of | 1/2 teaspoon red pepper flakes (to taste) | 1/4 cup sultana raisin | 1 1/2 cups mixed herbs, finely chopped (including mint, cilantro, flat-leaf parsley) | kosher salt ground pepper | fresh ground pepper","bake, boil",https://www.food.com/recipe/saffron-couscous-with-herbs-428285
Saffron &amp; Raisin Couscous With Fresh Mint,6,1 1/2 cups water | 3/8 teaspoon saffron thread | 3/4 teaspoon extra virgin olive oil | 3/8 teaspoon salt | 1 1/2 cups couscous | 1/4 cup raisins | 2 1/4 tablespoons chopped of fresh mint,boil,https://www.food.com/recipe/saffron-raisin-couscous-with-fresh-mint-424325
Saffron-Scented  Couscous With Pine Nuts,8,"3 cups low sodium chicken broth | 3 tablespoons unsalted butter, divided | 1/2 teaspoon saffron thread, crushed | 1/4 teaspoon coarse kosher salt | 2 cups couscous (about 12 ounces) | 3/4 cup green onion, thinly sliced and divided (about 5) | 1/2 cup pine nuts, toasted and divided",boil,https://www.food.com/recipe/saffron-scented-couscous-with-pine-nuts-359422
Salmon and Couscous,4,"3/4 teaspoon salt | 1 cup couscous | 2 1/4 tablespoons panko breadcrumbs | 2 tablespoons dill, chopped | 4 salmon fillets (4 ounces each) | 1/4 teaspoon pepper | 2 teaspoons Dijon mustard | 3 cups Baby Spinach, chopped | 1/4 cup chicken broth","boil, broil",https://www.food.com/recipe/salmon-and-couscous-472837
Salmon Fillets With Dill Couscous and Spicy Kale,4,"3 tablespoons olive oil | 1 red onion, chopped | 1/2 lb kale, stemmed and chopped (about 1 bunch) | 1/2 teaspoon crushed red pepper flakes | salt & freshly ground black pepper | nutmeg, freshly grated | 2 1/4 cups chicken stock | 4 radishes, sliced thin | 1 lemon, juiced | 2 lbs salmon fillets, cut into 4 equal pieces | 1 tablespoon Old Bay Seasoning | 1 tablespoon butter | 1 1/4 cups couscous | 1/4 cup fresh dill, chopped | 1/4 English cucumber, cut into 1/4 inch dice","boil, simmer",https://www.food.com/recipe/salmon-fillets-with-dill-couscous-and-spicy-kale-391684
Salmon With Couscous,2,"2 (4 ounce) salmon fillets, 1-inch thick | 1/4 teaspoon lemon pepper or 1/4 teaspoon black pepper | 1 teaspoon low sodium soy sauce | 4 orange slices, thin | 1 cup broccoli floret (very small pieces) | 1/2 cup low sodium chicken broth | 1/3 cup water | 1 garlic clove, minced | 1/8 teaspoon salt | 1/2 cup regular couscous or 1/2 cup whole wheat couscous","bake, boil, simmer",https://www.food.com/recipe/salmon-with-couscous-501908
Sambossa (Ethiopian Appetizer),48,"48 wonton wrappers | 1/2 cup red onion, finely chopped | 1 lb lean ground lamb or 1 lb beef | 1/2 teaspoon ginger, minced | 1/2 teaspoon turmeric | 1/2 teaspoon garlic, minced | 1/2 teaspoon cayenne | salt | 1/2 teaspoon cinnamon | 4 sprigs fresh coriander, chopped | 3 sprigs mint, chopped | 2 cups water","boil, fry, simmer",https://www.food.com/recipe/sambossa-ethiopian-appetizer-457139
Savory Tofu and Vegetables over Tomato Couscous,4,"1 (6 ounce) jar marinated artichoke hearts | 1 (14 ounce) package extra firm tofu, drained and cubed | 1 teaspoon ground cumin | 1 teaspoon black pepper, divided | 2 tablespoons olive oil | 4 medium carrots, thinly sliced (1 1/2 cups) | 2 medium leeks, white and light green parts thinly sliced (1 1/2 cups) | 1 (14 1/2 ounce) can diced tomatoes | 1 cup whole wheat couscous | 2 garlic cloves, minced (2 tsp) | salt, to taste",boil,https://www.food.com/recipe/savory-tofu-and-vegetables-over-tomato-couscous-309605
Seffa (Sweet Couscous With Almond Milk),4,"1 cup whole milk | 1/2 cup blanched almond, very finely chopped (or ground) | 4 tablespoons butter | 1 1/2 cups couscous | salt | 1/4 cup raisins | 1/4 cup dried apricot, chopped | 1/4 cup dates, chopped | 1/4 cup sugar (to taste) | 1/2 teaspoon ground cinnamon (to taste)",boil,https://www.food.com/recipe/seffa-sweet-couscous-with-almond-milk-455883
Sellou (Moroccan Cookie Mixture),4,"1 1/2 cups flour, sifted | 3/4 cup sesame seeds | canola oil, for frying | 1 1/4 cups blanched skinless almonds, sliced | 1/3 cup powdered sugar | 1/2-1 teaspoon ground cinnamon | 1/4-1/2 tablespoon ground aniseed (ground anise) | salt, to taste | 1/3-1/2 cup ghee (clarified butter)","bake, blend, fry, knead, toast",https://www.food.com/recipe/sellou-moroccan-cookie-mixture-505847
Senegal Yassa,4,"3 lbs boneless skinless chicken breasts, cut in large pieces | 1 cup balsamic vinegar | 3 large onions, sliced | 6 large limes, juice of | 2 teaspoons pepper | 1 teaspoon cayenne | 1 tablespoon vinegar | salt, to taste | 2 tablespoons peanut oil","marinate, saute, simmer",https://www.food.com/recipe/senegal-yassa-456408
Senegalese Peanut Soup,4,"1 (15 ounce) can chickpeas, drained and rinsed | 3 cups chicken broth | 3 tablespoons peanut butter | 1 teaspoon peanut oil | 2 onions, chopped | 1 inch minced gingerroot | 1 1/2 teaspoons curry powder | 1/2 teaspoon ground cumin | 14 1/2 ounces diced tomatoes (can) | 1/4 teaspoon cayenne pepper | chopped cilantro","saute, simmer",https://www.food.com/recipe/senegalese-peanut-soup-57557
"Senegalese Sweet Potato, Rice and Beans Stew",8,"1/4 cup vegetable oil | 2 1/2 large onions, chopped | 5 garlic cloves, chopped | 0.5 (6 ounce) can tomato paste | 1 cup black-eyed peas (pre-soaked) | 2 carrots, well-chopped | 1 yam, well-chopped | 2 1/2 cups rice | 1 vegetable bouillon cube | 2 1/2 teaspoons salt | pepper | 1/4 teaspoon hot pepper","boil, saute",https://www.food.com/recipe/senegalese-sweet-potato-rice-and-beans-stew-457134
Sfenj - Deep Fried Moroccan Doughnuts,12,4 tablespoons warm water | 2 tablespoons sugar | 1/2 teaspoon salt | 1 tablespoon dry active yeast | 3 cups flour | 2 tablespoons flour | 1 cup warm water | oil (for frying) | coarse sugar (optional) | powdered sugar (optional) | honey (optional),"deep fry, fry, knead",https://www.food.com/recipe/sfenj-deep-fried-moroccan-doughnuts-509899
Shaah Bigays - Somali Spice Tea,2,3 cloves | 1 cinnamon stick | 3 peppercorns | 2 tea bags or 2 loose tea | 4 cups water | 2 -3 teaspoons sugar,"boil, simmer",https://www.food.com/recipe/shaah-bigays-somali-spice-tea-456985
Shaah (Somali Tea),1,"1 tea bag, regular black tea | 4 cardamom seeds, crushed | 1/2 teaspoon clove, crushed | 2 tablespoons sugar | 1 1/2 cups water, boiling | 1 tablespoon milk (or Nido which is a powdered milk)",boil,https://www.food.com/recipe/shaah-somali-tea-456826
Shakshuka Burrito With Roasted Pepper Salsa and Tzatziki,8,"3 roasted red peppers | 1 tablespoon chopped dill | 1 tablespoon chopped parsley | 1 tablespoon chopped scallion | 1 tablespoon mint | kosher salt, to taste | 1 cup full fat Greek yogurt | 1/2 lemon, juiced | 2 tablespoons chopped mint, plus more to garnish | 2 tablespoons chopped dill, plus more to garnish | 1 garlic clove, minced | 2 teaspoons apple cider vinegar | kosher salt, to taste | ground black pepper, to taste | extra virgin olive oil, to garnish | paprika, to garnish | 1 pint cherry tomatoes (about 10 ounces) | 1/4 cup plus 2 tablespoons extra virgin olive oil | 2 teaspoons kosher salt | 1 large eggplant, cut into 1/4 inch slices | 1 yellow onion, sliced into half rounds (about 2 cups) | 3 garlic cloves, thinly sliced | 1 teaspoon paprika | 1 teaspoon cayenne pepper | 1/2 teaspoon cumin seed | 1 small sweet potato, peeled and cut into1/4 inch dices (about 1 cup) | 1 zucchini, cut into 1/4 inch dice (about 1 1/4 cups) | 1 red bell pepper, cut into 1/4 inch dices (about 1 cup) | 6 cups Baby Spinach | 8 (10 inch) whole wheat tortillas | 8 eggs | 2 small avocados, sliced","fry, roast, toast",https://www.food.com/recipe/shakshuka-burrito-with-roasted-pepper-salsa-and-tzatziki-537245
Shakshuka Mia,2,"2 tablespoons coconut oil | 2 onions, diced | 1 cup bell pepper, fried | 1 (14 ounce) can tomatoes, diced | 1 tablespoon garlic | 1 teaspoon salt | 1 teaspoon sugar | 1 teaspoon paprika | 1 teaspoon cinnamon | 1/2 teaspoon black pepper | 1/2 teaspoon turmeric | 1/2 teaspoon cumin | 2 tablespoons balsamic vinegar | 6 eggs","saute, simmer",https://www.food.com/recipe/shakshuka-mia-514539
Shakshuka With Swiss Chard,1,"3 tablespoons extra virgin olive oil | 4 ounces meaty bacon, minced (optional) | 1 medium onion, minced | 4 garlic cloves | 1 bunch swiss chard, stems minced and leaves torn and reserved | 32 ounces prepared tomato sauce (I used arrabiata) | 1 teaspoon dried basil | 1 pinch crushed red pepper flakes | 1 pinch kosher salt | 1 pinch fresh ground pepper | 8 large eggs | 3 tablespoons grated parmesan cheese | 1/4 cup thinly sliced basil leaves (optional)","bake, boil, simmer",https://www.food.com/recipe/shakshuka-with-swiss-chard-514034
Shakshuka Yemani Basted Eggs,4,"2 tablespoons olive oil | 1 onion, chopped | 1/2 red bell pepper, chopped | 1/2 green bell pepper, chopped | 4 tomatoes, chopped | 4 eggs",simmer,https://www.food.com/recipe/shakshuka-yemani-basted-eggs-465881
Sheet Pan Harissa Shrimp With Roasted Zucchini and Eggplant,4,"3 small zucchini, sliced | 3 tablespoons olive oil | 1 teaspoon salt | 1 teaspoon black pepper | 1/2 teaspoon garlic powder | 1/2 teaspoon onion powder | 1/4 teaspoon dried oregano | 1/4 teaspoon crushed red pepper flakes | 1 medium eggplant, chopped | 1/2 teaspoon za atar seasoning (optional) | 1 lb peeled shrimp | 2 tablespoons harissa | 1/4 cup crumbled feta | 1 tablespoon fresh parsley",roast,https://www.food.com/recipe/sheet-pan-harissa-shrimp-with-roasted-zucchini-and-eggplant-536826
Shelly's Chicken and Zucchini Couscous,6,"1 tablespoon olive oil | 1 1/2 lbs boneless skinless chicken breasts, cut into bite-sized pieces (raw) | 1 1/2 teaspoons salt | 1 large yellow onion, chopped | 4 garlic cloves, mined | 1 tablespoon fresh ginger, chopped | 1/2 teaspoon paprika | 3/4 teaspoon ground cumin | 1/2 teaspoon dried oregano | 1/2 teaspoon cayenne pepper | 1/4 teaspoon ground turmeric | 1 1/2 cups canned chicken broth | 1 cup crushed tomatoes, canned | 1 cup canned chick-peas, drained | 1 small zucchini, sliced | 3 tablespoons fresh parsley, chopped (optional) | 1 tablespoon fresh lemon juice | 4 cups cooked couscous",simmer,https://www.food.com/recipe/shellys-chicken-and-zucchini-couscous-83943
Shortcut Shakshuka,6,"1/4 cup olive oil, plus additional for serving | 1 large onion, chopped | 6 garlic cloves, thinly sliced | kosher salt & freshly ground black pepper | 3 tablespoons harissa | 1 (28 ounce) can crushed tomatoes | 6 eggs | 1/3 cup crumbled feta | 1/4 cup chopped cilantro | toasted rustic bread, for serving","saute, simmer, toast",https://www.food.com/recipe/shortcut-shakshuka-531151
Shrimp and Couscous Stirfry,2,"1/2 inch gingerroot, peeled | 1 garlic clove | 1 cup couscous | 1 tablespoon sesame oil or 1 tablespoon coconut oil | 1 tablespoon red pepper flakes | 2 tablespoons soy sauce (reduced sodium) | 2 cups mixed frozen vegetables (ie ( Asian Medley) | 1/2 cup frozen edamame | 1/2 lb uncooked shrimp (peeled and deveined) | 2 tablespoons lime juice | 1/2 teaspoon sea salt | 1 teaspoon black pepper",steam,https://www.food.com/recipe/shrimp-and-couscous-stirfry-457721
Simple Moroccan Chicken,4,"500 g chicken fillets, cut into 2 cm dice | 3 tablespoons flour | salt and pepper | 1/4 cup olive oil | 2 onions, sliced | 2 teaspoons ground cinnamon | 1/4 teaspoon ground cloves | 2 teaspoons sumaq | 1/4 cup sultana | 250 ml chicken stock | 50 g pine nuts | 1/4 cup fresh coriander, chopped | 1 lemon, juice of",,https://www.food.com/recipe/simple-moroccan-chicken-98989
Slow Cooked Moroccan Lamb Shanks,4,"4 lamb shanks | 2 tablespoons olive oil, divided use | 1 onion, chopped finely | 5 garlic cloves, crushed | 1 tablespoon cumin | 2 teaspoons ground coriander | 2 teaspoons cinnamon | 3/4 teaspoon cayenne pepper | 1 teaspoon grated fresh ginger | 1/2 cup white wine | 4 cups water | 4 teaspoons instant chicken bouillon granules | 1 tablespoon tomato paste | 4 tablespoons honey | 2 tablespoons hot mango chutney | 10 dried apricots, chopped finely | 1 1/2 tablespoons cornflour",boil,https://www.food.com/recipe/slow-cooked-moroccan-lamb-shanks-351666
"Slow-Cooker Lamb, Apricot, and Olive Tagine",4,"1 1/2 lbs lamb shoulder, trimmed and cut into 1-inch pieces | 4 carrots, cut into 1-inch pieces | 1 medium onion, chopped | 1/2 cup dried apricot, halved | 1/2 cup pitted green olives | 2 garlic cloves, chopped | 2 tablespoons all-purpose flour | 1 teaspoon paprika | 1 teaspoon ground cumin | 1/2 teaspoon ground cinnamon | 1/2 teaspoon ground ginger | kosher salt and black pepper | 1 cup couscous | chopped pistachios, fresh cilantro leaves, and lemon wedges, for serving",slow cook,https://www.food.com/recipe/slow-cooker-lamb-apricot-and-olive-tagine-472737
Slow Cooker Moroccan Brisket,6,"1 large red onion, sliced into thin wedges | 2 parsnips, chopped | 2 lbs boneless beef brisket | salt & freshly ground black pepper | 2 teaspoons ground coriander | 2 teaspoons ground cumin | 1/2 teaspoon ground cinnamon | 1/2 teaspoon garlic powder | 1/8 teaspoon nutmeg | 1 cup whole dried apricot | 1 cup dry red wine | 1/2 cup reduced-sodium beef broth | 2 tablespoons honey | 1/4 cup chopped fresh cilantro leaves",slow cook,https://www.food.com/recipe/slow-cooker-moroccan-brisket-307043
Slow-Cooker Moroccan-Spiced Chicken,6,"2 1/2 lbs bone-in skinless chicken thighs | 1 teaspoon ground cumin | 1/2 teaspoon ground coriander | 1/2 teaspoon pumpkin pie spice | 1/2 teaspoon salt | 1/2 teaspoon pepper | 1 1/2 cups chicken broth | 1 (15 ounce) can diced fire-roasted tomatoes, drained | 1 (15 ounce) can white kidney beans or 1 (15 ounce) can cannellini beans, rinsed and drained | 1 large sweet potato, peeled and chopped | 1 medium onion, chopped | 1/2 cup dried apricot, sliced",slow cook,https://www.food.com/recipe/slow-cooker-moroccan-spiced-chicken-503811
Slow Cooker Moroccan-Style Chicken &amp; Potato Stew,6,"1 tablespoon vegetable oil | 2 teaspoons finely chopped garlic | 1 (24 ounce) package chicken drumsticks | 1 (20 ounce) package Simply Potatoes Diced Potatoes with Onion | 1 1/2 cups baby carrots | 2 teaspoons ground cumin | 2 teaspoons ground ginger | 1/2-1 teaspoon ground red pepper | 1/2-1 teaspoon crushed red pepper flakes | 1 (14 ounce) can chicken broth | 1 (14 ounce) can stewed tomatoes, un-drained | 1/2 cup raisins | 1 teaspoon lemon juice","blend, slow cook",https://www.food.com/recipe/slow-cooker-moroccan-style-chicken-potato-stew-473512
Soetkoekies - Sweet Wine and Spice South African Cookies,30,"4 tablespoons butter, softened | 2 -2 1/4 cups all-purpose flour | cooking spray | 1 teaspoon baking soda | 1 teaspoon ground cinnamon | 1/2 teaspoon ground ginger | 1/4 teaspoon ground cloves | 1/4 teaspoon salt | 1 1/4 cups dark brown sugar | 1 egg, lightly beaten | 1/4 cup port wine (or Madeira or a sweet sherry) | 1/2 cup blanched almond, finely chopped | 15 whole blanched almonds, split lengthwise into halves | 1 egg white, combined with 2 teaspoons of water and beaten to a froth","bake, blend, knead",https://www.food.com/recipe/soetkoekies-sweet-wine-and-spice-south-african-cookies-309794
Somali Stew - Maraq (pronounced MAH-ruhk),8,"1 onion, chopped | 1 -2 tablespoon oil | 1 lb stewing beef, cubed | 2 large tomatoes, chopped | 1 cup squash, cubed | 2 -3 okra, sliced | 3 carrots, sliced | 6 ounces tomato paste | 2 cups water, divided (or enough for stew consistency) | 1 large potato, cubed | 1 large green pepper, chopped | 1 tablespoon salt | 1 tablespoon ground cumin | 2 -3 cloves garlic, minced | 1/3-1/2 cup cilantro, finely chopped","saute, simmer, stew",https://www.food.com/recipe/somali-stew-maraq-pronounced-mah-ruhk-52967
Somalian tea,1,"1/2 teaspoon freshly grated nutmeg | 2 crushed cardamom pods | 5 cloves, crushed | 1 inch cinnamon stick, crushed",boil,https://www.food.com/recipe/somalian-tea-50407
Sosaties (South African Kabobs),3,"2 medium onions, finely chopped | 2 garlic cloves, minced | 2 tablespoons cooking oil | 1 tablespoon curry powder | 1 teaspoon sugar | 1/2 teaspoon ground turmeric | 1/3 cup lemon juice | 2 ounces canned green chili peppers, rinsed, seeded and finely chopped | 1 bay leaf | 1/2 cup water | 1 lb boneless lamb (sirloin or filet) or 1 lb boneless beef roast, cut into 1-inch pieces (sirloin or filet) | 1 cup long grain rice | 2 cups cold water | 1/2 teaspoon ground turmeric | 1/8 teaspoon saffron thread, crushed | 1/2 teaspoon salt","boil, broil, grill, simmer",https://www.food.com/recipe/sosaties-south-african-kabobs-455609
South African Bazaar Pancakes,14,"8 ounces flour (250 g) | 1/2 teaspoon salt | 3 eggs | 3/4 pint milk (about 375 ml) | 2 tablespoons melted butter (30 ml) | 2 tablespoons cognac (or brandy or rum) | 1 cup sugar | 1 tablespoon cinnamon, ground",bake,https://www.food.com/recipe/south-african-bazaar-pancakes-429101
South African Beet and Onion Salad,4,"1 lb small fresh beet, all but 1-inch of stems removed | boiling salt water (for cooking) | 1/4 cup red wine vinegar | 1 teaspoon salt | 1/2 teaspoon sugar | 2 small onions, peeled, sliced and separated into rings","boil, marinate, simmer",https://www.food.com/recipe/south-african-beet-and-onion-salad-454996
South African Biltong,10,"2 kg filet of beef | 150 ml red wine vinegar | 50 ml Worcestershire sauce | 2 tablespoons coriander seeds, coarsely ground | 1 tablespoon black pepper, coarsely ground | 50 g fine sea salt | 150 g brown sugar | 1 teaspoon bicarbonate of soda",,https://www.food.com/recipe/south-african-biltong-309886
South African Bobotie,4,"500 g beef, minced | 2 eggs | 2 slices white bread, stale with crusts removed | water | 1 onion, thinly sliced | 2 tablespoons cooking oil | 2 tablespoons hot water | 2 tablespoons sugar | 2 tablespoons lemon juice | 2 teaspoons curry powder | 1/2 teaspoon ground cloves | 1 teaspoon garlic, crushed | 1 teaspoon turmeric | 1/2 teaspoon salt | 1 egg, lightly beaten | 1/2 cup milk",fry,https://www.food.com/recipe/south-african-bobotie-307845
South African Bobotie,6,"1 teaspoon olive oil | 2 onions, sliced | 2 garlic cloves, crushed | 1 lb ground beef | 5 teaspoons curry powder | 1 teaspoon salt | 2 tablespoons chutney | 1 tablespoon apricot jam | 1 tablespoon Worcestershire sauce | 1 teaspoon turmeric | 2 tablespoons vinegar | 4 tablespoons oat bran | 1 (14 ounce) can lentils, drained | 1/2 cup sultanas or 1/2 cup raisins | 2 eggs | 1 cup nonfat milk | 3 bay leaves","bake, fry, simmer",https://www.food.com/recipe/south-african-bobotie-368252
"South African Butternut Rings (Vegan, Gluten Free)",6,"2 large butternut squash, sliced into rings and unpeeled (long thin ones) | 1/3 cup vegetable oil | 1 teaspoon minced garlic | 1 teaspoon salt | 1 teaspoon curry powder | 1 tablespoon brown sugar | 2 teaspoons cinnamon",roast,https://www.food.com/recipe/south-african-butternut-rings-vegan-gluten-free-418473
South African Butternut Soup,2,"1 1/2 kg butternut squash | 2 large brown onions, finely chopped | 3 small garlic cloves, finely chopped or 1 elephant garlic clove | 500 ml chicken stock | 1 teaspoon lemon juice | 250 ml water | 3 small strong green chilies or 1 large jalapeno, no pips, finely chopped | 1 tablespoon melted butter | 250 ml fresh pouring cream","blend, simmer",https://www.food.com/recipe/south-african-butternut-soup-380151
South African Chicken Curry,6,"3 tablespoons olive oil | 2 lbs chicken thighs, cut into bite size pieces | 2 -3 small potatoes, peeled and cubed | 1 large onion, chopped | 1 tablespoon ginger paste | 1 -2 tablespoon chili paste (depending on how hot you like it) | 1 tablespoon garlic, minced | 1 tablespoon good quality curry powder | 2 teaspoons garam masala | 1 (14 1/2 ounce) can diced tomatoes | 1/2 cup chicken stock (you may also use water) | 2 bay leaves | 2 curry leaves | 1 cinnamon stick | 4 ounces plain yogurt","boil, saute, simmer",https://www.food.com/recipe/south-african-chicken-curry-394452
South African Creamy Delight,1,1 fluid ounce vodka | 2 ounces Amarula cream liqueur | 2 ounces irish cream (Bailey's) | 2 ounces Amaretto (Disaronno) | 1 fluid ounce Kahlua,,https://www.food.com/recipe/south-african-creamy-delight-309558
South African Crustless Milk Tart,6,"3/4 cup self-raising flour | 2 cups milk | 2 eggs | 3/4 cup sugar | 1 teaspoon vanilla essence | 1 ounce butter, melted | 1 pinch salt | 1/2 teaspoon cinnamon",bake,https://www.food.com/recipe/south-african-crustless-milk-tart-306000
South African - Curried Carrot Salad,7,"1 kg carrot | 1/2 kg onion | 2 cups white vinegar | 2 cups sugar | 1/2 cup raisins, seedless | 1/2 tablespoon salt | 1/2 teaspoon clove, whole | 1/2 teaspoon peppercorn, black | 1/2 cup water | 1 1/2 tablespoons cornflour | 1 1/2 tablespoons curry powder",boil,https://www.food.com/recipe/south-african-curried-carrot-salad-455993
South African Curried Eggs,2,"2 tablespoons butter | 2 onions, finely chopped | 2 1/2 teaspoons hot curry powder | 2 tablespoons cake flour | 1 teaspoon salt | fresh ground black pepper | 1 tablespoon sugar | 1 tablespoon apple cider vinegar | 1 1/2 cups water | 6 hard-boiled eggs, shelled and halved","saute, simmer",https://www.food.com/recipe/south-african-curried-eggs-309938
South African Curry,1,"1 medium onion, chopped | 2 teaspoons curry powder | 1/2 teaspoon turmeric | 3 ripe tomatoes, chopped | 6 pieces chicken | 1 1/2 teaspoons garlic | 1/2 teaspoon ginger | potato, cubed (personal preference) | 2 teaspoons salt","saute, simmer",https://www.food.com/recipe/south-african-curry-392938
South African Date and Onion Salad,4,"3 tablespoons red wine vinegar | 1/2 teaspoon salt | 1/4 teaspoon sugar | 8 ounces pitted dates, cut into quarters | 1 medium onion, peeled, cut lengthwise into quarters and then crosswise into 1/8-inch slivers",,https://www.food.com/recipe/south-african-date-and-onion-salad-454995
South African Fridge Tart,6,375 ml sweetened condensed milk | 500 ml custard | 200 g tennis biscuits | 40 ml lemon juice,,https://www.food.com/recipe/south-african-fridge-tart-530524
South African Homemade Lemonade,6,"1 cup sugar, reduce to 3/4 cup if you'd prefer it less sweet | 1 cup water | 1 cup lemon juice, freshly squeezed | 1 handful raisins | cold water and ice, so that you can dilute to taste",,https://www.food.com/recipe/south-african-homemade-lemonade-456722
South African Inspired Potato Salad,8,"4 cups potatoes, diced and cooked | 1/2 cup carrot, fresh grated | 1/4 cup chives, fresh chopped | 1/4 cup tofu sour cream or 1/4 cup sour cream | 1/4 cup vegan mayonnaise or 1/4 cup Miracle Whip | 1/2 teaspoon sea salt | 1/2 teaspoon onion powder | 1/2 teaspoon seasoning salt | 1/8 teaspoon turmeric | 3 tomatoes, grape for garnish | 1/8 cup fresh parsley, fresh chopped for garnish",blend,https://www.food.com/recipe/south-african-inspired-potato-salad-307578
South African Koeksisters,4,"250 ml water (1 cup) | 625 ml white sugar (2 1/2 cups) | 12 1/2 ml lemon juice (2 1/2 tsp.) | 5 ml vanilla essence (1 tsp.) | 375 ml cake flour (1 1/2 cups) | 22 ml baking powder (4 1/2 tsp.) | 1 ml salt (1/4 tsp.) | 20 g butter or 20 g margarine | 150 ml milk (the vanilla soy milk gives added flavor, 5/8 cup) or 150 ml vanilla-flavored soymilk (the vanilla soy milk gives added flavor, 5/8 cup) | 750 ml canola oil (3 cups)","boil, fry",https://www.food.com/recipe/south-african-koeksisters-309851
South African Melktert (Milktart),2,"2 prepared graham cracker crusts | 1 liter milk | 1 1/4 cups cake flour | 1 cup white sugar | 1 teaspoon vanilla extract | 1 teaspoon almond extract | 1 pinch salt | 4 eggs, separated | 1 tablespoon margarine | 2 teaspoons cinnamon",boil,https://www.food.com/recipe/south-african-melktert-milktart-80049
South African Milktart With an Easy Shortcrust Base,2,"125 g butter | 100 g caster sugar | 1 egg | 275 g flour | 10 ml baking powder | 2 ml salt | 1 liter milk, plus | 125 ml milk | 3 eggs | 30 g flour | 25 g butter | 150 g sugar | 30 g cornflour | 5 ml vanilla essence | 2 ml salt | 10 ml ground cinnamon","bake, boil, microwave",https://www.food.com/recipe/south-african-milktart-with-an-easy-shortcrust-base-317470
South African Nestle's Fudge,24,1 (397 g) can condensed milk | 400 g sugar or 500 ml sugar | 25 ml golden syrup | 75 ml water | 60 g butter | 5 ml vanilla,boil,https://www.food.com/recipe/south-african-nestles-fudge-361940
South African - Roasted Eggplant Salad,2,"1 1/2 lbs eggplants | 1 bell pepper, red | 1/3 cucumber, English | 1/4 red onion, small | 1/2 garlic, clove, small | 3 tablespoons olive oil, extra virgin | 2 tablespoons lemon juice, fresh | 1/2 teaspoon salt | 1 teaspoon black pepper, freshly ground","broil, grill, roast",https://www.food.com/recipe/south-african-roasted-eggplant-salad-455998
South African Samp and Beans (Umngqusho),4,"2 cups samp (cracked hominy) | 3 cups sugar beans or 3 cups pinto beans | 1 onion | 2 -3 potatoes | 1 large tomatoes | 2 -3 tablespoons canola oil | salt, to taste | 1 -2 vegetable bouillon cube | 2 -3 teaspoons curry powder",,https://www.food.com/recipe/south-african-samp-and-beans-umngqusho-309678
South African Sausage (Boerewors),40,"2 kg well matured beef | 1 kg fatty pork (neck, shoulder, belly) | 45 ml whole coriander seeds | 5 ml whole cloves | 30 ml salt | 15 ml fresh ground black pepper | 2 ml grated nutmeg | 10 ml ground allspice | 10 ml brown sugar | 125 ml dry red wine or 125 ml dark vinegar | 90 g thick sausage casings, soaked in water","fry, roast",https://www.food.com/recipe/south-african-sausage-boerewors-50588
South African Seed Bread,2,"1 tablespoon granulated sugar | 2 1/2 cups warm water, divided | 1 tablespoon dry yeast (1 package) | 1/3 cup molasses | 1 tablespoon vegetable oil | 2 cups whole wheat flour | 1 cup rolled oats | 1/2 cup rye flour | 1/2 cup wheat bran | 1/4 cup wheat germ | 1/4 cup sunflower seeds | 1/4 cup sesame seeds | 1/4 cup poppy seed | 1/4 cup linseeds, crushed, ground or 1/4 cup seeds, mixed | 4 teaspoons kosher salt | 3 tablespoons seeds, any combination for topping",bake,https://www.food.com/recipe/south-african-seed-bread-353692
South African Spicy  Melon Salad,4,"1/4 cup extra virgin olive oil | 1 1/2 tablespoons fresh lemon juice | 1/2 teaspoon harissa (or other hot sauce) | 1/2 teaspoon serrano chili (seeded, chopped fine) | 1/2 teaspoon cumin (kamoun) | 1/2 teaspoon paprika (tahmira) | salt & freshly ground black pepper | 3 -4 cups watermelon (rine removed, chunked,chilled) | 1/2 red onion (sliced thin) | 2 tablespoons parsley (fresh-chopped) | 2 tablespoons mint (fresh- chopped) | 1/4 cup black olives (Moroccan olives, pitted-or other oil cured black olives, coarsely chopped) | 2 ounces feta cheese (crumbled about 1/2 c.) | 3 tablespoons almonds (slivered-optional)",,https://www.food.com/recipe/south-african-spicy-melon-salad-456080
South African Telephone Pudding,4,"1 cup superfine sugar or 1 cup caster sugar | 4 ounces butter | 2 tablespoons apricot jam, smooth | 1 large egg, largest size, beaten lightly | 1 teaspoon baking soda or 5 ml bicarbonate of soda | 1 cup milk | 1 1/2 cups flour | 1 teaspoon ginger | 1 teaspoon salt | 1 cup sugar | 2 cups water, boiling | 1 teaspoon vanilla","bake, boil",https://www.food.com/recipe/south-african-telephone-pudding-348551
South African Yellow Rice,6,2 tablespoons canola oil | 1 teaspoon fresh grated ginger | 1/2 teaspoon ground ginger | 2 tablespoons brown sugar | 1/2 tablespoon turmeric | 1/4 teaspoon cinnamon | 1/4 teaspoon curry powder | 2 cups white basmati rice | 3 1/2 cups low sodium vegetable broth or 3 1/2 cups water | 1 teaspoon salt | 1/2 cup raisins,"boil, simmer",https://www.food.com/recipe/south-african-yellow-rice-526371
Spice-Crusted Salmon With Couscous Salmon,2,3 teaspoons salt-free lemon pepper (Masterfood recommended) | 2 teaspoons coriander (dried leaves) | 1 teaspoon paprika (ground) | 2 (150 g) salmon fillets (boneless skinless) | cooking spray (olive oil spray stipulated) | 70 g couscous (1/2 cup) | 125 ml orange juice (1/2 cup freshly squeezed) | 1/4 cup coriander leaves (fresh roughly chopped) | 1 lebanese cucumber (finely chopped) | 1 tomatoes (large finely chopped) | 4 radishes (finely chopped) | 1 teaspoon lemon zest (finely grated) | 1 tablespoon lemon juice (freshly squeezed) | 1/2 teaspoon extra virgin olive oil | 1/2 teaspoon paprika (ground),grill,https://www.food.com/recipe/spice-crusted-salmon-with-couscous-salmon-474041
Spice-Rubbed Steak With Carrots and Couscous,3,"1/2 teaspoon ground allspice | 1/2 teaspoon ground cumin | 1/2 teaspoon fresh ground black pepper, plus more | 1/2 teaspoon caraway seed, lightly crushed | 1/4 teaspoon paprika | 1/4 teaspoon sea salt, plus more | 12 ounces kansas city steaks (or other lean, thin steaks, 12 oz total) | 1 1/2 tablespoons olive oil, divided, plus more for drizzling | 1 cup peeled baby carrots, cut into 1/4-inch rounds | 3/4 cup chicken broth or 3/4 cup vegetable broth | 1/3 cup dry couscous | 1 tablespoon fresh lemon juice | 1 teaspoon finely grated lemon peel | 2 tablespoons chopped cilantro leaves","simmer, steam",https://www.food.com/recipe/spice-rubbed-steak-with-carrots-and-couscous-519947
Spiced Couscous,4,2 cups chicken stock | 1/3 cup currants | 1/2 teaspoon salt | 1/8 teaspoon allspice | 1 cup quick-cooking couscous,boil,https://www.food.com/recipe/spiced-couscous-60838
Spiced Couscous With Raisins and Almonds,4,"2 cups hot water | 3/4 cup raisins | 4 tablespoons butter, divided | 3 tablespoons dry white wine | 1/2 teaspoon saffron thread | 1 cup couscous | 1 medium onions or 1 1/2 cups onions, chopped | 3/4 cup sliced almonds, toasted | 2 teaspoons ground cinnamon",boil,https://www.food.com/recipe/spiced-couscous-with-raisins-and-almonds-505429
Spiced Shakshuka With Goat Cheese Polenta #Ragu,6,"15 ounces garbanzo beans, drained, rinsed and patted dry | 1 tablespoon extra virgin olive oil | 1 3/4 teaspoons fine sea salt, divided use | 5 cups water | 1 cup fine cornmeal | 1 1/2 teaspoons fine sea salt | 3 ounces goat cheese | 2 tablespoons butter | 45 ounces Ragú® Pasta Sauce, old world style traditional sauce | 1/2 teaspoon smoked paprika | 1/2 teaspoon red pepper flakes | 6 eggs | 2 tablespoons fresh cilantro or 2 tablespoons fresh parsley leaves","boil, poach, roast, simmer, smoke",https://www.food.com/recipe/spiced-shakshuka-with-goat-cheese-polenta-ragu-524677
Spiced Vegetable Couscous,4,"1/2 cup canned chick-peas, rinsed | 1/2 cup finely chopped carrot | 1/2 cup finely chopped zucchini | 1/2 cup chopped green onion | 2 tablespoons olive oil | 1 1/2 cups vegetable stock or 1 1/2 cups water | 2 tablespoons chopped parsley | 1 teaspoon paprika | 1/4 teaspoon chili flakes | salt | 1 cup couscous | 1/2 cup raisins",boil,https://www.food.com/recipe/spiced-vegetable-couscous-420635
Spicy African Peanut Soup With Chickpeas,10,"1 tablespoon vegetable oil | 1 onion, chopped | 1 sweet potato, peeled and diced | 2 garlic cloves, crushed | 8 cups vegetable broth | 1 cup long grain rice, uncooked | 1 teaspoon ground thyme | 1/2 teaspoon ground cumin | 1 (24 ounce) jar tomato-based salsa | 1 (15 1/2 ounce) can garbanzo beans, rinsed and drained | 1 cup zucchini, diced | 2/3 cup crunchy peanut butter | crushed peanuts (to garnish)","boil, saute, simmer",https://www.food.com/recipe/spicy-african-peanut-soup-with-chickpeas-339766
Spicy Authentic Moroccan Salmon - a Taste of Casablanca!,6,"1 teaspoon canola oil | 1 red bell peppers or 1 orange bell pepper, chopped | 1 big tomatoes, chopped | 1 teaspoon salt | 1 teaspoon ground pepper | 1 teaspoon turmeric | 6 pieces salmon, fresh or 6 pieces salmon, thawed | 1/2 cup water | 1 green chili pepper, cut into strips (for especially spicy peppers, take out the seeds for a lighter spice) | 1/4 cup fresh parsley, finely chopped | 7 garlic cloves, pealed and whole (or to your taste)",,https://www.food.com/recipe/spicy-authentic-moroccan-salmon-a-taste-of-casablanca-444229
Spicy Cardamom Salmon (North African Inspired),2,"12 ounces salmon fillets (2 fillets, 6 ozs each, fresh or thawed) | 1/2 teaspoon cardamom | 1/4 teaspoon coriander | 1/2 teaspoon dried cilantro | 1/4 teaspoon cumin | 1/8 teaspoon cayenne | 1/2 teaspoon celery seed | 1/4 teaspoon sea salt | 1 1/2 teaspoons lemon zest | 1 garlic clove, minced | 1 teaspoon olive oil | 4 tablespoons cilantro, fresh (optional)",bake,https://www.food.com/recipe/spicy-cardamom-salmon-north-african-inspired-426915
Spicy Carrot Peanut Soup,6,"1 tablespoon canola oil | 1 large onion, thinly sliced | 6 cups thinly sliced carrots | 1 stalk celery, thinly sliced | 1 teaspoon salt | 1 teaspoon chinese chili paste | 6 cups water | 2 tablespoons peanut butter | 3 tablespoons soy sauce | 2 tablespoons fresh lime juice","blend, boil, saute, simmer",https://www.food.com/recipe/spicy-carrot-peanut-soup-58593
Spicy Chicken With Couscous,4,"1/2 lb skinless chicken breast, diced | 1 cup dry couscous | 4 zucchini, diced | 1 onion, diced | 1 (14 1/2 ounce) can chopped tomatoes | 1 teaspoon ground coriander | 1 teaspoon ground cumin | 2 teaspoons curry powder | 1 tablespoon olive oil | 2 teaspoons sugar","fry, simmer",https://www.food.com/recipe/spicy-chicken-with-couscous-72101
Spicy Chickpea Tagine,2,"2 tablespoons olive oil | 1/2 onion, chopped | 1 (15 ounce) can chickpeas, drained & rinsed | 1 (15 ounce) can diced tomatoes | 1 tablespoon fresh Italian parsley, finely chopped | 1 tablespoon fresh cilantro, finely chopped | 1/4 teaspoon salt | 1/4 teaspoon black pepper | 1/4 teaspoon harissa (cayenne pepper can be substituted) | 1/4 teaspoon cinnamon | 1/4 teaspoon turmeric | 1/4 teaspoon ginger | 1/4 teaspoon cumin",,https://www.food.com/recipe/spicy-chickpea-tagine-317123
Spicy Lamb With Garlic Couscous,4,"2 (400 g) loin lamb, back straps about (eye of lamb loin) | 2 -3 teaspoons chopped chili (fresh or bottled) | 2 teaspoons ground cumin | 1 garlic clove, crushed | 1/4 cup fresh coriander, chopped (cilantro) | 1 cup peas (frozen or fresh) | 1 1/2 cups couscous | 2 cups chicken stock | 3 garlic cloves, thinly sliced | 2 teaspoons olive oil | 1/2 cup low-fat yogurt","boil, grill, marinate",https://www.food.com/recipe/spicy-lamb-with-garlic-couscous-65835
Spicy Matoke (Plantains),6,"8 plantains (green or only slightly ripe) | 2 tablespoons lemon juice | 1 tablespoon ghee | 2 onions, sliced thinly | 1 teaspoon cilantro, fresh, minced | 1/4 teaspoon bird chile, minced | 2 cups stock (beef or vegetable)","fry, simmer",https://www.food.com/recipe/spicy-matoke-plantains-309861
Spicy Moroccan Butter,1,"1/2 bunch scallion, white parts only | 2 garlic cloves, coarsely chopped | 1 tablespoon sweet paprika | 2 teaspoons ground cumin | 1/2 teaspoon ground coriander | cayenne | 2 tablespoons chopped parsley | 2 tlbs. chopped cilantro | 1/8 teaspoon salt | 1/4 lb butter | 1 lime, juice of",,https://www.food.com/recipe/spicy-moroccan-butter-426805
Spicy Moroccan Carrot Soup,4,"1 tablespoon olive oil | 1 medium onion, thinly sliced | 3 garlic cloves, thinly sliced | 1 lb carrot, thinly sliced | 3/4 teaspoon ground cinnamon | 3/4 teaspoon ground ginger | 3/4 teaspoon ground turmeric | 1/2 teaspoon ground paprika | 1 cup carrot juice | 2 tablespoons tomato paste | 3 tablespoons rice | 3/4 teaspoon salt | 1/2 teaspoon fresh ground black pepper | 1/2 cup fresh cilantro, chopped","boil, simmer",https://www.food.com/recipe/spicy-moroccan-carrot-soup-502940
Spicy Moroccan Chicken Skewers,4,"1 1/2 tablespoons fresh garlic, minced | 1 1/2 tablespoons chili paste (such as sambal oelek) | 2 tablespoons olive oil | 1 teaspoon ground cumin | 1/2 teaspoon ground coriander | 5/8 teaspoon kosher salt, divided | 4 chicken thighs, skinless, boneless (cut into 36 pieces) | 1/2 yellow bell pepper, cut into 12 pieces | 12 cherry tomatoes | cooking spray | 1/4 cup Greek yogurt","grill, marinate",https://www.food.com/recipe/spicy-moroccan-chicken-skewers-479326
Spicy Moroccan Yogurt Marinade or Dip,4,"1 cup plain yogurt | 1/4 cup olive oil | 1/4 cup cilantro leaf, chopped | 2 teaspoons cumin powder | 2 teaspoons fresh lime juice | 2 garlic cloves, minced | 1 teaspoon paprika | 1 pinch cayenne pepper | 1 pinch sugar | 3 grinds black pepper | salt","bake, grill, marinate",https://www.food.com/recipe/spicy-moroccan-yogurt-marinade-or-dip-460375
"Spicy Orange Salad, Moroccan Style",4,"3 large oranges, seedless | 1/8 teaspoon cayenne | 1 teaspoon paprika | 1/2 teaspoon garlic | 1 tablespoon olive oil | 1 tablespoon red wine or 1 tablespoon sherry wine vinegar | salt | fresh ground black pepper | 1/3 cup parsley, chopped | 12 black olives, pitted (preferably imported Greek or Italian)",blend,https://www.food.com/recipe/spicy-orange-salad-moroccan-style-420506
Spicy Peanut Soup,8,"1 tablespoon vegetable oil | 1 large onion, chopped | 1 medium sweet potato, diced | 2 garlic cloves, minced | 8 cups chicken broth or 8 cups vegetable broth | 1 teaspoon dried thyme leaves | 1/2 teaspoon ground cumin | 1 cup rice | 3 cups thick & chunky salsa | 3 (16 ounce) cans garbanzo beans, drained and rinsed | 1 cup diced unpeeled zucchini | 2/3 cup creamy peanut butter","boil, saute, simmer",https://www.food.com/recipe/spicy-peanut-soup-50572
Spicy Spinach and Onion Couscous,8,"2 tablespoons olive oil | 1 Spanish onion, chopped | 5 garlic cloves, minced | 1 tablespoon crushed red pepper flakes | 1/4 teaspoon salt | 1 (12 ounce) package frozen chopped spinach | 1 (10 ounce) package couscous | 2 cups chicken broth | 1 tablespoon lemon zest | 1/4 cup fresh lemon juice","microwave, steam",https://www.food.com/recipe/spicy-spinach-and-onion-couscous-450340
Spicy Vegetable Couscous,4,"1 tablespoon pine nuts | 1 onion, sliced | 1 tablespoon sweet chili sauce | 1 teaspoon ground cumin | 1 teaspoon fresh ginger or 1/2 teaspoon ground ginger | 300 g chickpeas, drained (canned or freshly cooked dried chickpeas) | 1 red capsicum, chopped | 1/2-1 bunch spinach, leaves shredded | 1 large zucchini, sliced | 1 carrot, sliced | 1 (440 g) can peeled tomatoes | 1 tablespoon tomato paste | 1/2 cup wine (optional) | cracked pepper | 2 cups couscous | 2 cups water","boil, fry, stir-fry, toast",https://www.food.com/recipe/spicy-vegetable-couscous-51063
Spinach and Chickpeas With Couscous,4,"2 1/4 cups low sodium vegetable broth | 1/2 cup onion, chopped | 2 garlic cloves, minced | 2 teaspoons curry powder | 6 cups fresh spinach, chopped | 2 cups canned chick-peas, rinsed and drained | 1/4 teaspoon ground black pepper | 2 cups boiling water | 1 cup couscous, uncooked","boil, saute, simmer",https://www.food.com/recipe/spinach-and-chickpeas-with-couscous-415544
Spinach and Onion Couscous,7,"1 medium onion, chopped | 2 garlic cloves, minced | 2 tablespoons olive oil | 1 (14 1/2 ounce) can chicken broth | 1 (10 ounce) package frozen chopped spinach | 1 (10 ounce) package couscous | 3/4 cup fresh grated parmesan cheese | 2 tablespoons lemon juice | salt (to taste) | fresh ground pepper (to taste) | 1/2 cup chopped pecans, toasted",boil,https://www.food.com/recipe/spinach-and-onion-couscous-80667
Spinach -  (M'chicha) - East African,4,"1/2 cup onion, finely chopped | 2 ounces butter (or margarine) | 1 cup peanuts, finely chopped (or ground) | 2 (8 ounce) packages frozen spinach, chopped, thawed | 1/2 teaspoon salt | 2 -3 drops Tabasco sauce | 2 tablespoons coconut, grated (optional)","poach, saute",https://www.food.com/recipe/spinach-mchicha-east-african-455078
Spring Couscous Stuffed Bell Peppers,6,"6 bell peppers, halved and seeded | 2 tablespoons olive oil, divided | 1 onion, chopped | 1 lb ground round | 1 teaspoon garlic salt | 1/2 teaspoon black pepper | 1 teaspoon oregano | 2 teaspoons of fresh mint, chopped | 1 ripe tomatoes, seeded and diced | 1/4 cup sun-dried tomato, diced | 3 cups couscous, cooked | 2 cups feta cheese, crumbled | of fresh mint (to garnish) or basil (to garnish)","bake, roast",https://www.food.com/recipe/spring-couscous-stuffed-bell-peppers-305317
Squash and Chickpea Moroccan Stew,6,"1 tablespoon unsalted butter | 1 tablespoon olive oil | 1 medium yellow onion, small dice | 4 medium garlic cloves, thinly sliced | 2 teaspoons ground cumin | 1 (3 inch) cinnamon sticks | salt & freshly ground black pepper | 1 lb butternut squash, large dice | 3/4 lb red potatoes, large dice | 2 cups low sodium chicken broth or 2 cups vegetable broth | 2 cups cooked chickpeas, drained | 1 (14 ounce) can diced tomatoes, with juices | 1 pinch saffron thread (optional) | 1/2 preserved lemon, finely chopped | 1 cup green olives in brine (recommend ( Cerignola) | steamed couscous, for serving | fresh cilantro leaves, roughly chopped, for garnish | toasted slivered almonds, for garnish | plain yogurt, for garnish","boil, simmer",https://www.food.com/recipe/squash-and-chickpea-moroccan-stew-354119
Stuffed Peppers With Couscous or Harvest Grain Blend,6,"3 large bell peppers (I use red, orange, and yellow for the colors) | 1 (28 ounce) can crushed tomatoes | 1 1/4 cups couscous (use morrocan, the larger the better) | 2 1/2 cups low sodium chicken broth | 1 lb pork sausage, cooked, crumbled, and drained (I use fresh) | 1 (14 1/2 ounce) can diced tomatoes | 1/2 sweet onion, chopped fine | 1 celery rib, chopped fine | 2 garlic cloves, minced | 1 teaspoon dried oregano | 1 teaspoon dried basil | 1/2 teaspoon dried mint | salt and pepper | 1 bay leaf | 2 tablespoons olive oil","bake, blend, boil, simmer",https://www.food.com/recipe/stuffed-peppers-with-couscous-or-harvest-grain-blend-476831
Sudanese Cinnamon Tea.,4,"4 cups boiling water | 4 tea english tea bags or 4 teaspoons of loose english tea | 4 cinnamon sticks (approx 1/2-inch) | 4 lumps of sugar, plus extra | sugar",boil,https://www.food.com/recipe/sudanese-cinnamon-tea-310746
Sudanese Tomato Salad (Salata Tomatim Bel Daqua),6,"5 tomatoes, diced, seeds removed | 4 green onions, finely diced | 1 small green chili pepper, seeds and stem removed | 1/4 cup Italian parsley, finely diced | 1/3 cup oil | 1/4 cup peanut butter, smooth | 2 limes, juice of | 1/2 teaspoon salt, adjust to taste",,https://www.food.com/recipe/sudanese-tomato-salad-salata-tomatim-bel-daqua-311688
Sudanese Yogurt and Tahini Dip,4,"2/3 cup tahini (sesame seed paste) | 2/3 cup plain nonfat yogurt | 3 cloves garlic, minced | 2 lemons, juice of | 2 tablespoons chopped fresh parsley | salt (to taste) | black pepper (to taste)",,https://www.food.com/recipe/sudanese-yogurt-and-tahini-dip-37613
Sumac Fish &amp; Couscous Salad (21 Day Wonder Diet: Day 3),2,"cooking spray | 1 small red onion, chopped finely | 1 garlic clove, crushed | 180 g zucchini, sliced diagonally | 125 g cherry tomatoes | 1/4 cup of fresh mint, coarsley chopped | 1/2 cup vegetable stock | 1/2 cup couscous | 320 g firm white fish fillets | 2 teaspoons sumac | 1 lemon","boil, grill",https://www.food.com/recipe/sumac-fish-couscous-salad-21-day-wonder-diet-day-3-358990
Summer Couscous,4,"1 cup couscous | 1 1/2 cups boiling water | 1/4 cup finely chopped carrot | 1/4 cup finely chopped celery | 1/4 cup finely chopped green pepper | 2 tablespoons finely chopped scallions | 2 tablespoons finely chopped parsley | 6 tablespoons olive oil | 2 tablespoons lemon juice | 1 garlic clove, crushed | 1/2 teaspoon salt | black pepper","blend, boil",https://www.food.com/recipe/summer-couscous-340550
Sun-Dried Tomato Chicken Pesto Couscous Salad,2,"olive oil | 2 chicken breasts | 2 tablespoons sun-dried tomato pesto | 2 (100 g) sachets quick-cooking couscous (this makes enough for 4 but I make this amount as I like to take the couscous to work the next day f) | 700 ml water | 1 teaspoon instant chicken bouillon granules | 2 teaspoons lemon rind, finely grated | 2 tablespoons lemon juice | 4 sun-dried tomatoes, chopped finely | 2 tablespoons sun-dried tomato pesto (Extra) | 60 g rocket","boil, fry",https://www.food.com/recipe/sun-dried-tomato-chicken-pesto-couscous-salad-321792
Sundried Tomato and Sweet Basil Shakshuka #Ragu,4,"1 (26 ounce) jar Ragú® Pasta Sauce, chunky sundried tomato and sweet basil flavor | 1 (15 ounce) can chickpeas | 8 large eggs | 1 teaspoon extra virgin olive oil | 2 tablespoons pine nuts | 3 tablespoons crumbled feta cheese | 1 loaf crusty bread (optional)",,https://www.food.com/recipe/sundried-tomato-and-sweet-basil-shakshuka-ragu-524983
Suya (Meat on Stick),4,"1 lb lean beef, boneless (sirloin for example) | 1 1/2 tablespoons natural-style peanut butter (ground roasted peanuts) | 1 1/2 tablespoons vegetable oil | 1 tablespoon ginger powder | 1/2 tablespoon red cayenne pepper | 1/2 teaspoon ground cloves | 2 bouillon cubes (such as Maggi)",grill,https://www.food.com/recipe/suya-meat-on-stick-306963
Suya (Nigerian Chicken Skewers),4,"1 tablespoon garlic powder | 1 tablespoon ground ginger | 1 tablespoon paprika | 2 tablespoons cayenne powder | 1 tablespoon dried onion flakes | 2 tablespoons peanuts, finely minced | 1 lb boneless skinless chicken breast | 2 tablespoons peanut oil","broil, grill",https://www.food.com/recipe/suya-nigerian-chicken-skewers-455402
Sweet and Nutty Moroccan Couscous,8,"2 cups vegetable broth | 2 tablespoons unsalted butter | 1/3 cup dates, chopped | 1/3 cup dried apricot, chopped | 1/3 cup golden raisin | 2 cups couscous, dry | 2 teaspoons ground cinnamon | 1/2 cup slivered almonds, toasted","boil, toast",https://www.food.com/recipe/sweet-and-nutty-moroccan-couscous-312710
Sweet and Sour Couscous Salad,6,"1 1/2 cups water | 1/4 teaspoon salt | 3/4 cup quick-cooking couscous | 3/4 cup apple, chopped | 1/2 cup celery, sliced | 1/3 cup walnut pieces | 1/4 cup raisins | 1/4 cup plain yogurt | 1 1/2 teaspoons lemon juice | 1 1/2 teaspoons cider vinegar | 1 1/2 teaspoons salad oil (or olive oil) | 1 1/2 teaspoons honey | 1/4 teaspoon celery seed | 1 dash pepper",boil,https://www.food.com/recipe/sweet-and-sour-couscous-salad-472500
Sweet and Spicy Couscous Salad,6,"1 cup chicken broth | 1 cup quick-cooking couscous | 1 cup red seedless grapes, halved | 1/2 cup pine nuts, toasted | 1/2 cup dried apricot, sliced | 1/2 cup sliced green onion | 2 tablespoons chopped fresh parsley | 2 tablespoons chopped of fresh mint | 1/4 cup olive oil | 1/4 cup lemon juice | 1/4 cup chicken broth | 1/4 teaspoon ground cinnamon | salt and pepper | 1/8 teaspoon cayenne pepper",boil,https://www.food.com/recipe/sweet-and-spicy-couscous-salad-46493
Sweet Honeyed Date Nut Couscous With Tahini Note,4,"1 cup couscous (real couscous, not instant) | 1 tablespoon tahini | 1/2 teaspoon cinnamon | 1/4 teaspoon ground cardamom (or 2 pods) | 6 large pitted dates, chopped into pieces | 1/3 cup slivered almonds | 4 tablespoons creamed honey","blend, boil, simmer",https://www.food.com/recipe/sweet-honeyed-date-nut-couscous-with-tahini-note-428140
Sweet Potato and Peanut Soup,6,"1 tablespoon vegetable oil | 2 lbs sweet potatoes, peeled and chopped into 1 ich pieces (the orange-fleshed variety) | 2 large onions, peeled and chopped | 2 cloves garlic, crushed | 1 tablespoon ground cumin | 8 cups chicken stock | 1 1/4 cups crunchy peanut butter | 1 tablespoon chili sauce | 1/4 cup chopped peanuts | 1/4 cup chopped chives (or chopped cilantro)","blend, boil, fry, saute, simmer, stir-fry",https://www.food.com/recipe/sweet-potato-and-peanut-soup-63311
Sweet Potato-Peanut Soup,4,"2 tablespoons coconut oil (or olive oil) | 1 onion, chopped | salt (to taste) | pepper (to taste) | 4 garlic cloves, finely chopped | 2 tablespoons ginger, freshly grated | 2 teaspoons cumin | 1/4 teaspoon cayenne | 1 teaspoon cinnamon | 1 tablespoon cilantro | 2 tablespoons peanuts, crushed | 3 large sweet potatoes, cut into 1/2 inch pieces (1.5 pounds) | 1/2 cup creamy peanut butter | 14 ounces crushed tomatoes | 4 cups water","blend, boil, simmer",https://www.food.com/recipe/sweet-potato-peanut-soup-487065
Sweet Potato Salad (Slada Batata Hilwa) -Moroccan,2,"1 medium white onion, diced | 5 tablespoons olive oil | 1 lb sweet potato, cubed | 1/2 teaspoon ground ginger | 1/2 teaspoon ground cumin | 1/2 teaspoon paprika | salt | 6 -8 green olives | 1/2 preserved lemon, rind of, chopped (optional) | half a lemon, juice of | 2 tablespoons flat leaf parsley, chopped",saute,https://www.food.com/recipe/sweet-potato-salad-slada-batata-hilwa-moroccan-397052
Swiss Chard With Chickpeas and Couscous,4,"1 (10 ounce) box couscous | 1/2 cup pine nuts | 3 tablespoons olive oil | 2 garlic cloves, thinly sliced | 1 (15 1/2 ounce) can chickpeas, rinsed | 1/2 cup raisins (dark or golden) | 2 bunches swiss chard, stems trimmed | 1 dash salt | 1 teaspoon onion powder","boil, toast",https://www.food.com/recipe/swiss-chard-with-chickpeas-and-couscous-535197
Tabouli &amp; Chickpea Couscous Salad,6,"1 1/2 cups couscous | 1 1/2 cups boiling water | 1/3 cup extra virgin olive oil | 1 tablespoon ground cumin | 300 g chickpeas, rinsed & drained | 3 cups flat leaf parsley, chopped | 1 cup mint leaf, chopped | 6 green onions, finely chopped | 3 tomatoes, deseed & chopped | 2 lemons, juiced | salt & pepper",boil,https://www.food.com/recipe/tabouli-chickpea-couscous-salad-375265
Tagine De Poulet Aux Abricots Et Aux Amandes-Chicken Apricots Al,4,"4 ounces dried apricots | 1 chicken, cut into 8 pieces (2 legs, 2 things, and each breast cut in half crosswise, leaving wings attached) | 1 teaspoon ground ginger | 1 teaspoon ground turmeric | 2 teaspoons paprika | 1/4 teaspoon saffron thread | 1 teaspoon ground cinnamon | 1 teaspoon coarse salt | fresh ground black pepper | 1 tablespoon butter (salted or unsalted) | 1 large onion, finely chopped | 2 cups chicken stock | 1/3 cup chopped fresh cilantro, plus a bit extra for garnish | 1 tablespoon honey | 1/2 lemon, juice of | 3/4 cup blanched almond, toasted","bake, boil",https://www.food.com/recipe/tagine-de-poulet-aux-abricots-et-aux-amandes-chicken-apricots-al-460373
"Tagine of Chicken, Preserved Lemon, & Olives",8,"2 -4 cloves garlic, minced | olive oil, for pan-frying chicken and mixing marinade (or any oil) | 1 -2 chicken, cut into serving sized pieces (or similar amount of chicken breasts) | 1/4 teaspoon black pepper | 1/4 teaspoon ground ginger | 1 pinch saffron | 1 teaspoon cumin (optional) | 1 teaspoon turmeric (optional) | 1 cinnamon sticks or 3 -5 pinches ground cinnamon (optional) | 1 teaspoon coriander (optional) | 2 onions, finely chopped | 2 cups chicken broth or 2 cups chicken stock (or water) | 1 cup green olives | 2 preserved lemons, cut into slices (see recipe I have posted) | salt, to taste","boil, broil, fry, simmer, steam, stir-fry",https://www.food.com/recipe/tagine-of-chicken-preserved-lemon-olives-77530
Tagine With Chicken  and Quinces,4,"1 chicken, skinned and cut in eight pieces (alternative 1 kg turkey meat) | 3 onions, medium size, cut in rings | 6 tablespoons butter or 6 tablespoons margarine | 8 quinces, peeled, cored and sliced | 200 ml chicken soup base | 1 teaspoon red pepper, ground | 1 teaspoon coriander, ground | 1 teaspoon ginger, ground | 1 teaspoon turmeric powder | 1 teaspoon cinnamon, ground (or one cinnamon stick) | salt | pepper",roast,https://www.food.com/recipe/tagine-with-chicken-and-quinces-437225
Tajine Bil Khodar (Vegetable Tagine),6,"2 preserved lemons, in water (can be made ahead of time or purchased) | 1 teaspoon olive oil | 2 1/3 cups yellow onions, finely chopped | 2 cups vegetable broth, boiling | 1 cup hot water | 1/4 cup lemon juice | 1 teaspoon ras el hanout spice mix | 1/4 teaspoon kosher salt | 1 lb carrot, peeled and chopped into 1 inch pieces | 1/2 lb turnip, peeled and chopped into 1 inch pieces | 1/2 lb yukon gold potato, peeled and cut into 1 1/2 inch chunks | 1/2 lb sweet potato, peeled and cut into 1 1/2 inch chunks | 1 teaspoon ground cinnamon | 1 (9 ounce) package frozen artichoke hearts, thawed","boil, simmer",https://www.food.com/recipe/tajine-bil-khodar-vegetable-tagine-350796
Tampa Chicken  With Couscous,4,"1 1/2 cups couscous | 1 1/2 cups chicken broth | 2 tablespoons butter | 1 tablespoon oil | 4 boneless skinless chicken breast halves, flattened slightly | 1 bunch green onion, trimmed (green & white parts sliced separately) | 3/4 cup orange juice | 1/2 cup heavy cream | 1/4 teaspoon salt | 1 orange, thinly sliced","boil, saute",https://www.food.com/recipe/tampa-chicken-with-couscous-372094
Tanzanian Pineapple Salad,8,"3 large pineapple | 2/3 cup cashew nuts | 1/2 cup coconut, slivers | 1 cup cream | 4 tablespoons honey | 1 1/2-3 ounces white rum (to taste, 1-2 shots)","fry, toast",https://www.food.com/recipe/tanzanian-pineapple-salad-306835
Tanzanian Vegetable Rice,4,"1 1/2 cups basmati rice | 3 tablespoons vegetable oil | 1 onion, chopped | 2 garlic cloves, crushed | 3 cups vegetable stock or 3 cups water | 4 ounces sweet corn (2/3 cup) | 1/2 red bell peppers or 1/2 green bell pepper, chopped | 1 large carrot, grated","boil, fry, steam, stir-fry",https://www.food.com/recipe/tanzanian-vegetable-rice-310161
Classic Ethiopian Honey Wine,4,"2 cups water | 1/3 cup honey | 1 (3 cup) bottle white wine (light, mildly sweet wine such as a riesling, soave or pinot grigio)",,https://www.food.com/recipe/tej-ethiopian-honey-wine-456498
The Moroccan Pita Sandwich (ZWT-9),3,"4 cups cooked chicken (pre-cooked & shredded) | 1 small sweet onion, chopped | 1/2 cup fresh parsley, chopped | 1/2 cup of fresh mint, chopped | 1/2 cup black olives, halved | 1/2 cup raisins, chopped | 1/2 cup orange juice | 1/4 cup olive oil | 1/2 teaspoon garlic, minced | 1 tablespoon cumin | 2 teaspoons cinnamon | 1 teaspoon coriander | 1/2 teaspoon cayenne pepper | salt & pepper (to taste) | 3 whole wheat pita bread | 3 tablespoons mayonnaise or 3 tablespoons avocados, may be used | 3 cups romaine lettuce (chopped & may use mixed greens)",,https://www.food.com/recipe/the-moroccan-pita-sandwich-zwt-9-503146
Tikil Gomen (Ethiopian  Cabbage),4,1 head green cabbage | 1 onion | 5 potatoes | 3 carrots | 1 tablespoon turmeric | 1 tablespoon curry powder | 1 teaspoon cumin | 1/3 cup olive oil | salt and pepper | 1/2 cup water,,https://www.food.com/recipe/tikil-gomen-ethiopian-cabbage-520600
Tilapia Baked in Couscous,4,"1 (10 ounce) box couscous | 3/4 cup slivered almonds | 1/2 cup sun-dried tomato, finely chopped | 1 tablespoon ground cumin | salt and pepper | 1/4 cup extra-virgin olive oil, plus | 2 tablespoons extra-virgin olive oil | 1 tablespoon fresh lemon juice plus 1 lemon, thinly sliced | 4 (8 ounce) tilapia fillets | 4 tablespoons chopped flat leaf parsley | 1/2 red onion, chopped",bake,https://www.food.com/recipe/tilapia-baked-in-couscous-471643
Toasted Couscous with Almonds and Raisins,8,"1 1/2 cups couscous | 1/4 cup slivered almonds | 2 cups vegetable stock or 2 cups chicken stock | 2 stalks celery, diced | 1/8 teaspoon salt | 1/8 teaspoon pepper | 1 pinch ground cumin | 1 pinch cayenne pepper | 1/2 cup raisins","boil, simmer, toast",https://www.food.com/recipe/toasted-couscous-with-almonds-and-raisins-44180
Tomato and Basil Couscous Salad,4,"2 cups cooked couscous | 1/2 cup crushed home grown tomatoes | 1 clove garlic, minced | 1/4 salt | 3 ounces gorgonzola | 1 teaspoon Dijon mustard | 1/4 cup virgin olive oil | 1/8 cup white balsamic vinegar | pepper | 1 tablespoon fresh basil, chopped | fresh herbs, mixed with | fresh greens | 1 small red onion, sliced very thinly",,https://www.food.com/recipe/tomato-and-basil-couscous-salad-57290
Tomato and Couscous Soup,4,"1 -2 tablespoon olive oil | 1 large onion, finely diced | 1 teaspoon cumin, ground | 3 garlic cloves, crushed | 2 (400 g) cans diced tomatoes | 70 g tomato paste | 4 cups vegetable stock or 4 cups chicken stock | 1/3 cup instant couscous | 1/2 bunch fresh coriander, chopped | 1/2 teaspoon sea salt (or to taste) | 1/2 teaspoon fresh ground pepper (or to taste)","boil, simmer",https://www.food.com/recipe/tomato-and-couscous-soup-348969
"Tomato, Artichoke and Feta Couscous Salad",4,"1 1/4 cups water | 1/4 teaspoon salt | 2 tablespoons lemon juice | 1 cup couscous | 2 cups cherry tomatoes, quartered | 1 cup feta cheese | 1/2 cup red onion, thinly sliced | 2/3 cup kalamata olive, halved | 2 -170 ml marinated artichoke hearts, drained and halved | 4 tablespoons parsley, chopped | 1/3 cup olive oil | 1/4 cup lemon juice | 2 garlic, minced | 3 tablespoons basil, chopped | 1/2 teaspoon oregano, dried | 1 teaspoon salt | 1 teaspoon pepper | 1/2 teaspoon sugar, honey (optional)",boil,https://www.food.com/recipe/tomato-artichoke-and-feta-couscous-salad-505323
Tomato-Basil Couscous Salad,1,"3/4 cup cooked couscous | 1 tomatoes, chopped | 1/3 cup chickpeas, drained & rinsed (canned) | 2 scallions, chopped | 1 teaspoon extra virgin olive oil | 1 tablespoon lemon juice | 1 tablespoon fresh basil, chopped | lettuce",,https://www.food.com/recipe/tomato-basil-couscous-salad-385217
Tomato Chickpea Couscous,6,"1 tablespoon butter | 2 garlic cloves | 3 green onions, Chopped | 8 ounces dried couscous | 1 1/2 cups broth (Chicken or Veggie) | 1/2 cup wine | 1 (15 ounce) can garbanzo beans | 1/8 teaspoon ground pepper | 1/4 teaspoon cinnamon | 1/2 lemon, Squeezed | 1 1/2 cups halved cherry tomatoes | salt",boil,https://www.food.com/recipe/tomato-chickpea-couscous-438728
Traditional Moroccan Chicken,4,"1 whole chicken | 1 tablespoon olive oil | 1/2 teaspoon smen, softened | 2 large garlic cloves, peeled & grated | 1 tablespoon fresh parsley, finely chopped | 1/2 teaspoon turmeric | 1/4 teaspoon salt | 1/4 teaspoon black pepper | 2 -3 onions, chopped | 2 tablespoons olive oil | 1 tablespoon canola oil | 2 teaspoons ginger | 1 teaspoon turmeric | 1/2 teaspoon salt | 1/2 teaspoon black pepper | 1/4 teaspoon powdered saffron | 1/2 teaspoon smen | 1 tablespoon fresh parsley, finely chopped | 1/2 preserved lemon, rinsed (rind only, sliced) | 1/2 cup green olives, cracked & pitted | 1/2 preserved lemon, fleshly insides (remove seeds) | 1/2 teaspoon smen | 1 teaspoon butter | 1 pinch saffron","pressure cook, simmer",https://www.food.com/recipe/traditional-moroccan-chicken-320267
Traditional Portuguese Piri Piri Sauce for Chicken,1,"4 tablespoons lemon juice | 5 tablespoons olive oil | 1/4 cup vinegar (balsamic gives an excellent flavour) | 1 tablespoon cayenne pepper | 1 tablespoon garlic, minced | 1 tablespoon paprika | 1 teaspoon salt | 1 tablespoon chili flakes",marinate,https://www.food.com/recipe/traditional-portuguese-piri-piri-sauce-for-chicken-371075
Traditional Senegalese Soup,10,"3 tart apples (such as Granny Smith) | 2 tablespoons unsalted butter | 2 carrots, chopped | 1 large white onion, chopped | 1/4 cup raisins | 1 garlic clove, chopped | 3 tablespoons curry powder | 2 tablespoons all-purpose flour (preferably unbleached) | 8 cups chicken broth | 1 tablespoon canned tomato puree | 1/2 cup heavy cream | 2 1/2 tablespoons mango chutney (garnish)","blend, simmer",https://www.food.com/recipe/traditional-senegalese-soup-455314
Trincado African Beef Stew - Portugal,4,"2 tablespoons olive oil | 2 tablespoons butter | 2 1/2 lbs beef, rump roast, cut into 1-inch cubes | 2 cups Spanish onions, coarsely chopped | 1 -2 tablespoon hot pepper paste (may sub chopped, stemmed chili peppers, or hot sauce) | 4 garlic cloves, smashed | 1 bay leaf | 2 cups red wine (or 1 cup wine and 1 cup water or beef stock) | 24 black olives | 1/4 cup flour (mixed with 1/4 cup water) | 1 teaspoon salt, coarse sea salt | 1/2 teaspoon black pepper, freshly ground","boil, saute, simmer",https://www.food.com/recipe/trincado-african-beef-stew-portugal-482409
Tropical Chicken Couscous W/ Rum Vinaigrette,2,"3 ounces couscous | 1 ounce dried mango, chopped up | 5 fluid ounces boiling water | 4 ounces cooked boneless skinless chicken breasts, shredded | 2 green onions, chopped up | 2 teaspoons slivered almonds, toasted | 1 1/2 tablespoons extra virgin olive oil | 2 1/2 tablespoons pineapple juice | 1 1/2 teaspoons dark rum | 1 teaspoon lime juice | 1/4 teaspoon dried chili pepper flakes | 1/2 teaspoon brown sugar","boil, toast",https://www.food.com/recipe/tropical-chicken-couscous-w-rum-vinaigrette-368091
Tsiren Dakakken Nama - Nigerian Kofta,4,"500 g lean ground beef | 1 teaspoon ground dried chile | 1 onion, finely chopped | 1 egg, beaten | 2 tablespoons fresh coriander, chopped | 1 teaspoon nutmeg, ground | salt | oil, for brushing",grill,https://www.food.com/recipe/tsiren-dakakken-nama-nigerian-kofta-455421
Tuna Skewers With Moroccan Spices and Chermoula,4,"1 1/2 lbs tuna steaks, cut into 1 1/4 inch cubes | 2 tablespoons olive oil | 1/2 teaspoon ground cumin | 2 teaspoons lemon zest, finely grated | 1/2 teaspoon ground coriander | 3 teaspoons ground cumin | 2 teaspoons paprika | 1 pinch cayenne pepper | 4 garlic cloves, crushed and minced | 1/2 cup flat leaf parsley, minced | 1/2 cup cilantro, minced | 1/3 cup lemon juice | 1/2 cup olive oil","fry, grill, marinate, toast",https://www.food.com/recipe/tuna-skewers-with-moroccan-spices-and-chermoula-502993
Tunisia: Beef Meatballs (Kefta De Boeuf),4,"1 lb ground beef | 1 small onion, finely chopped | 6 sprigs parsley, finely chopped | 2 tablespoons gruyere cheese, grated | 2 teaspoons ground coriander | 2 teaspoons harissa (Tunisia) | 1/2 teaspoon salt | 2 medium egg yolks | 1/4 cup breadcrumbs | 1/2 cup mashed potatoes | 1/4 cup olive oil",,https://www.food.com/recipe/tunisia-beef-meatballs-kefta-de-boeuf-504022
Ugandan Curried Potatoes,4,"1 kg potato, peeled & parboiled | 1 medium onion, peeled & finely chopped | 2 garlic cloves, minced | 1/2 teaspoon turmeric | 1/2 teaspoon piri piri chili sauce | 1/2 teaspoon ground cinnamon | 1/2 teaspoon ground coriander | 1 teaspoon tomato puree | 1 tablespoon lemon juice | 1 tablespoon fresh parsley, chopped | salt | 2 tablespoons cooking oil","boil, fry, saute",https://www.food.com/recipe/ugandan-curried-potatoes-310292
Ugandan Vegetable Casserole,4,"2 tablespoons vegetable oil | 1 small onion, sliced and separated into rings | 1 medium eggplant, unpeeled, cut into bite-sized pieces | 1 small sweet red pepper, cored and thinly sliced | 1 -2 garlic clove, peeled and crushed | 1 lb fresh spinach, cleaned and chopped or 1 (10 ounce) package frozen chopped spinach, thawed | 1 small zucchini, peeled and sliced | 2 medium tomatoes, cut in wedges | 1/2 teaspoon salt | 1/4 teaspoon black pepper","fry, simmer, stir-fry",https://www.food.com/recipe/ugandan-vegetable-casserole-455783
Vegetable Couscous Salad With Parmesan,3,"1 cup vegetable broth or 1 cup chicken broth | 3/4 cup couscous | 3 ripe plum tomatoes, seeded and diced | 2 green onions, finely minced | 1/2 cucumber, seeded and diced (I like to leave them unpeeled) | 1/2 cup fresh parsley, minced | 4 ounces grated parmesan cheese | 4 tablespoons fresh lemon juice | 2 1/2 tablespoons olive oil | 2 teaspoons dried oregano, crushed | 1/4 teaspoon salt (taste first, Parmesan is pretty salty) | 1/2 teaspoon black pepper | 1/4 teaspoon cayenne pepper",boil,https://www.food.com/recipe/vegetable-couscous-salad-with-parmesan-94598
Vegetable Tagine,4,"2 tablespoons butter or 2 tablespoons extra virgin olive oil | 2 medium onions, diced | 2 small fresh chili peppers, thinly sliced | 1 tablespoon paprika | 1/2 teaspoon cayenne pepper | 1 teaspoon ground cumin | 1 cup dried lentils | 4 tomatoes, peeled,seeded and chopped | 1/4 cup tomato puree | 1 cup chickpeas, cooked or canned (if canned, drain and rinse) | 1 cup carrot, cut into 1/2 inch dice | 1 1/2 cups green beans, cut into 1 inch pieces | 1 zucchini, cut into 1 inch dice | 3/4 cup frozen green pea | 1/2 cup flat leaf parsley, chopped | 1 tablespoon za'atar spice mix | salt and pepper, to taste.",simmer,https://www.food.com/recipe/vegetable-tagine-89278
Vegetarian Mafe (African Stew),4,"4 tablespoons peanut oil (or Canola) | 2 large onions, peeled and chopped | 1 small butternut squash, peeled and cubed into 1/2 inch pieces | 4 small turnips, peeled and chopped | 4 medium potatoes, peeled and quartered | 2 large carrots, peeled and chopped | 1/2 head cabbage, chopped | 2 large tomatoes, seeded and chopped | 1 bunch swiss chard, chopped | 2 small jalapenos, seeded and chopped | 2 cups tomato sauce | water, as needed | 3/4 cup peanut butter (creamy or chunky)","saute, simmer, stew",https://www.food.com/recipe/vegetarian-mafe-african-stew-457209
Vegetarian Moroccan Stew,4,"1 medium onion, chopped | 1 garlic clove, peeled and minced | 2 tablespoons water | 1 tablespoon canola oil | 2 medium potatoes, peeled and cut into 1-inch dice | 2 cups carrots, peeled and chopped | 1 (15 ounce) can reduced-sodium diced tomatoes, undrained | 1 teaspoon ground cumin | 1 cup low-sodium tomato juice | 2 cups green beans, sliced in 2-inch pieces | 1/4 teaspoon pepper",simmer,https://www.food.com/recipe/vegetarian-moroccan-stew-335835
Vegetarian Peanut Curry (African Inspired),10,"2 tablespoons olive oil or 2 tablespoons peanut oil | 1 large white onion, chopped | 2 carrots, peeled and grated | 1 -2 jalapeno, minced | 3 garlic cloves, minced | 1 tablespoon ginger, fresh grated or 1 tablespoon ginger paste | 1 lime, zest of | 3 tablespoons curry powder (I think this would work with almost any type but I used Madras) | 1 tablespoon ground coriander | 1/2 teaspoon crushed red pepper flakes | 2 (14 ounce) cans vegetable broth | 1 (8 ounce) can tomato sauce | 1 (14 1/2 ounce) can diced tomatoes, with juice | 2/3 cup creamy peanut butter | 1 (13 1/2 ounce) can coconut milk | 2 (15 ounce) cans garbanzo beans, drained and rinsed (chickpeas) | 1/2 cup dried apricot, chopped (optional) | 1/2 cup golden raisin (optional) | sea salt, to taste (I used 2 tsp) | cooked brown rice, to serve | nonfat yogurt, to serve | cilantro, chopped, to serve","boil, simmer",https://www.food.com/recipe/vegetarian-peanut-curry-african-inspired-440725
Wali - Kenyan Coconut Rice,6,"2 cups rice, washed and drained | 2 teaspoons salt | 500 ml coconut milk | 500 ml water | 2 tablespoons coconut milk, extra","boil, simmer, stew",https://www.food.com/recipe/wali-kenyan-coconut-rice-455420
Weight Watchers Ethiopian Fruit Salad,4,"1 1/2 cups seedless grapes | 1 ripe mango, peeled and cut in pieces | 1 navel orange, peel removed and cut in sections | 1 small ripe papaya, peeled and cut in pieces | 1 banana, sliced",,https://www.food.com/recipe/weight-watchers-ethiopian-fruit-salad-306295
West African Banana Fritters,20,"1 1/2 cups all-purpose flour | 6 tablespoons sugar | 3 eggs | 1 cup milk | 5 bananas (about 1 pound) | oil, for deep frying | powdered sugar, for topping","deep fry, deep-fry, fry",https://www.food.com/recipe/west-african-banana-fritters-309737
West African Banana Fritters,4,"2 eggs, lightly beaten | 1/2 cup cold milk | 3 tablespoons light brown sugar | 1 cup flour | 1 pinch baking soda | 4 ripe bananas, sliced diagonally into 1/4-inch pieces | 2 tablespoons confectioners' sugar | peanut oil, for frying","deep fry, fry",https://www.food.com/recipe/west-african-banana-fritters-456447
West African Barbecue Sauce,2,"2 tablespoons olive oil | 1 medium Spanish onion, diced | 5 tomatoes, seeded and chopped (or 2 1/2 cups chopped canned tomatoes) | 2 inches ginger, peeled and grated | 3 garlic cloves, minced | 1 serrano chili, seeds and ribs removed and finely chopped | 2 cups water | 1/4 cup brewed coffee | 1 tablespoon tamarind paste | 2 teaspoons berbere or 2 teaspoons chili powder | 1/4 teaspoon ground cumin | 1/4 teaspoon coriander seed, roughly crushed | 1/4 cup honey","saute, simmer",https://www.food.com/recipe/west-african-barbecue-sauce-310558
West African Chicken-Peanut Soup,6,"1 cup diced cooked chicken | 2/3 cup diced onion | 1 1/2 teaspoons minced garlic | 2 tablespoons sesame oil | 1 1/2 teaspoons curry powder | 1/2 teaspoon salt | 1/2 teaspoon black pepper | 1/2 teaspoon dried red pepper flakes | 3 cups chicken broth | 1/4 cup tomato paste | 1 cup chopped stewed tomatoes, drained | 3 tablespoons chunky peanut butter (more to taste) | 2 cups cooked rice, for a thick stew","boil, saute, stew",https://www.food.com/recipe/west-african-chicken-peanut-soup-441962
West African Chicken Yassa,4,"4 chicken breasts, skin on | 2 garlic cloves, finely chopped | 1 fresh chili pepper, mild, chopped | 2 tablespoons vegetable oil | 2 large vidalia onions | 1/2 teaspoon thyme, chopped | 3 lemons | 12 1/2 fluid ounces chicken stock | salt & freshly ground black pepper","boil, deep fry, fry, grill, marinate",https://www.food.com/recipe/west-african-chicken-yassa-306868
West African Chili,10,"1 smoked ham hock | 4 bay leaves | 4 whole molido chilies (dried, smoked) | 1 whole habanero pepper (dried) | 4 whole dundicut chilies (dried) | 4 garlic cloves, whole | 1 tablespoon cumin seed | 1 teaspoon salt | water | 2 tablespoons olive oil | 2 yellow onions | 4 tomatoes | 2 tablespoons curry powder | 1 1/2 tablespoons cumin powder | 2 tablespoons hot paprika | 3 tablespoons mild smoked chili powder | 1 teaspoon salt | 1 head cauliflower (broken into bite-sized florets) | 6 carrots, bisected lengthwise and then chopped into bite-sized pieces | 1/2 lb green chard leaves (chopped into 1 cm squares) | 6 garlic cloves (squished)","boil, simmer, toast",https://www.food.com/recipe/west-african-chili-521673
West African Groundnut Stew (Moosewood),6,"2 cups chopped onions | 2 tablespoons peanut oil or 2 tablespoons vegetable oil | 1/2 teaspoon cayenne pepper | 1 teaspoon garlic, pressed | 2 cups chopped cabbage | 3 cups cubed sweet potatoes (1-inch cubes) | 3 cups tomato juice | 1 cup apple juice or 1 cup apricot juice | 1 teaspoon salt | 1 teaspoon grated peeled gingerroot, fresh | 1 tablespoon chopped cilantro, fresh (optional) | 2 chopped tomatoes | 1 1/2-2 cups chopped okra | 1/2 cup natural-style peanut butter","simmer, stew",https://www.food.com/recipe/west-african-groundnut-stew-moosewood-333170
West African Jollof Rice,4,"2 cups rice (long grained or medium variety) | 1/4 cup groundnut oil or 1/4 cup olive oil | 1/2 tablespoon butter | 1 teaspoon dried thyme, if using fresh 2 tbsp would be perfect | 1/4 teaspoon curry powder (optional) | 1 onion, sliced | 1 celery, diced | 1 green pepper, diced (remove the seeds & white stuff) | 2 -3 garlic cloves (as per taste) | 1 cup chicken breast, diced not cooked preferably, omit if vegan | 1/2 inch piece ginger, peeled and grated | 1 tablespoon ground paprika (smoked would be ideal) | 2 tablespoons cayenne, add more if you want it hotter | 3 tablespoons tomato paste, I love using hunts | 2 large tomatoes, chopped finely (or 1 small can pureed tomatoes) | 1 carrot, cubed | 1 chicken bouillon cube (I love knorr chicken or maggi) | 1 bay leaf | 2 cups chicken stock | 2 cups water | 1/2 cup portebello mushroom (optional) | peas (You can use frozen mixed veggeis) | salt | 1/4 cup cilantro (to garnish) or 1/4 cup parsley (to garnish)","saute, steam",https://www.food.com/recipe/west-african-jollof-rice-445447
West African Meat Kebabs,4,"2 lbs cubed meat (beef, goat, lamb etc) | 2 beef bouillon cubes | 1 teaspoon ground black pepper | 1/2 teaspoon salt | 2 cups peanut butter | 1 tablespoon peanut oil | 1 onion, cubed | red wine vinegar","grill, marinate",https://www.food.com/recipe/west-african-meat-kebabs-455559
West African Peanut Soup,3,"1 tablespoon olive oil | 1 cup chopped yellow onion | 3/4 cup chopped peeled carrot | 1 -2 teaspoon minced peeled fresh ginger | 1 dash cayenne pepper | 1 cup chopped peeled sweet potato | 2 1/2 cups water, divided | 1/2 cup tomato juice | 1/4 teaspoon salt | 1/4 teaspoon black pepper | 1/2 cup creamy peanut butter | 5 green onions, chopped","boil, simmer",https://www.food.com/recipe/west-african-peanut-soup-455020
West African Peanut Stew,4,"1 teaspoon canola oil or 1 teaspoon peanut oil | 1 onion, finely chopped | 1 -2 garlic clove, minced | 1 1/2 tablespoons fresh ginger, grated | 1 jalapeno pepper, diced (or serrano if you like it more spicy) | 2 chicken breasts, finely chopped | 2 -3 medium tomatoes, chopped | 1 carrot, peeled and grated | 1/2-1 teaspoon turmeric | 1 teaspoon berbere, spice powder (or cayenne) | 1/2 teaspoon ground cloves | black pepper, to taste | 1 -2 teaspoon sugar | 3 -4 cups water or 3 -4 cups broth | 1/2-1 cup crunchy peanut butter (adjust to taste) | peanuts, for garnish (optional) | 1 dash lemons (optional) or 1 dash lime juice (optional)","boil, simmer, toast",https://www.food.com/recipe/west-african-peanut-stew-438533
West African Pepper Sauce,10,"3 -4 hot peppers, cleaned and cut into small pieces or 60 g pickled jalapeno peppers, drained and washed | 1 tomatoes, cut into small pieces | 2 small onions, chopped | 5 garlic cloves, peeled | 1 -2 cm gingerroot, peeled | 1/2 tablespoon ground cayenne pepper | 2 teaspoons maggi liquid seasoning | 1 pinch sea salt | 1/4 cup olive oil (or more, if necessary)","blend, boil, simmer",https://www.food.com/recipe/west-african-pepper-sauce-533964
&quot;West African's Finest&quot; Mafe,4,"1/2 cup peanut oil | 4 carrots, cut in 1/2-finger size | 4 garlic cloves, chopped | 2 large potatoes, cubed | 2 large sweet potatoes, cubed | 1 large onion, diced | 2 tablespoons tomato paste | 1 tablespoon paprika | 1/2 tablespoon cayenne pepper | 1/2 tablespoon cumin | 2 fresh thyme sprigs | 1 (16 ounce) can chickpeas, drained and rinsed | fine salt & freshly ground black pepper | 4 cups stock, of your choice or 4 cups water | 3/4 cup creamy peanut butter | basmati rice, quinoa or couscous","boil, simmer",https://www.food.com/recipe/west-african-s-finest-mafe-532472
Wild Forest Mushroom Couscous,4,"1 1/4 cups water or 1 1/4 cups broth | 1 cup couscous | 1 teaspoon butter or 1 teaspoon margarine (optional) | 1/2 teaspoon salt (optional) | 2 tablespoons white wine (use decent quality!) | 1/2 cup shiitake mushroom | 1/2 cup porcini mushroom | 1 small onion, finely chopped | 1 clove garlic, minced | 1 teaspoon basil",boil,https://www.food.com/recipe/wild-forest-mushroom-couscous-48102
William Sonoma Tagine Red Wine-Braised Short Ribs,4,"3 tablespoons olive oil | 3 3/4 lbs beef short ribs, bone in 6-8 pieces | kosher salt | fresh ground pepper | 1 cup all-purpose flour | 1 celery rib, cut into 1/4-inch dice | 3/4 cup shallot, finely diced | 1 tablespoon garlic, minced | 3 tablespoons tomato paste | 3/4 teaspoon chili, Aleppo crushed | 1 teaspoon fresh thyme, chopped | 1/2 cup beef broth | 3/4 cup red wine",simmer,https://www.food.com/recipe/william-sonoma-tagine-red-wine-braised-short-ribs-448587
Ww Couscous Salad,2,3/4 cup broth (a garlic and herb stock cube is perfect but chicken broth also works nicely) | 1 cup couscous | 10 cherry tomatoes | 1/2 cucumber | 1 yellow bell pepper | 3 spring onions (also known as scallions) | 1 tablespoon olive oil | 1 tablespoon red wine vinegar | salt and pepper,"blend, boil",https://www.food.com/recipe/ww-couscous-salad-387683
Yataklete Kilkil (Ethiopian Vegetable Stew),6,4 potatoes | 3 carrots | 3 garlic cloves | 1 tablespoon fresh ginger | 2 serrano peppers | 2 small onions | 2 tablespoons oil | 2 cups water | 1/2 teaspoon ground cardamom | 1 teaspoon black pepper | 1 tablespoon salt,"boil, saute, simmer",https://www.food.com/recipe/yataklete-kilkil-ethiopian-vegetable-stew-381648
Yokohama Style Shumai Dumpling,35,"35 gyoza skins (pot sticker wrappers) or 35 wonton wrappers | 1/2 lb ground pork | 1/2 lb shrimp, finely minced (medium sized) | 1/4 lb bay scallops or 1/4 lb sea scallops, finely minced | 2 teaspoons gingerroot, minced | 2 garlic cloves, minced | 3 ounces bamboo shoots, minced | 4 shiitake mushrooms, minced (can use dry shitake mushrooms, reconstituted, minced) | 4 green onions, minced | 2 tablespoons soy sauce | 2 tablespoons sake | 2 teaspoons sugar | 2 teaspoons sesame oil | 1 teaspoon salt | 1/2 teaspoon pepper | 3 tablespoons chicken stock or 3 tablespoons clam broth | 2 1/2 tablespoons cornstarch | 30 -40 green peas (frozen or fresh)","saute, steam",https://www.food.com/recipe/yokohama-style-shumai-dumpling-332192
"Yummy, More Simple Jollof Rice!",8,1 cup oil | 13 -15 ounces tomato sauce | 1/2 onion | 2 -3 red peppers | 1/2 cup water | 2 teaspoons thyme | 1 tablespoon curry powder | 2 chicken bouillon cubes | 3 1/2 cups long-grain rice | 1 pinch salt (optional),blend,https://www.food.com/recipe/yummy-more-simple-jollof-rice-335408
Zucchini Couscous,4,1 1/2 lbs zucchini (about 3 large) | 1 tablespoon olive oil | 1/2 teaspoon ground cumin | 1 cup boiling water | 2/3 cup couscous,boil,https://www.food.com/recipe/zucchini-couscous-31597
