recipe_ingredient_name,cleaned_ingredient_name,matched_fdc_id,matched_food_name,match_status,match_type,notes
active yeast (dried),active yeast (dried),2710005.0,Yeast,matched,original,
active yeast batter cover bowl clean kitchen (dried),Yeast,2710005.0,Yeast,matched,manual_match,Matched after cleaning ingredient name
african bird eye chile habanero chile,Hot pepper sauce,2709753.0,Hot pepper sauce,matched,manual_match,Matched after cleaning ingredient name
african bird eye chile red thai chile habanero chile,Hot pepper sauce,2709753.0,Hot pepper sauce,matched,manual_match,Matched after cleaning ingredient name
african nutmeg (ground),"Cake or cupcake, spice",2707885,"Cake or cupcake, spice",matched,manual_match,Best available — no plain nutmeg in USDA subset; used in small amounts
african nutmeg,"Cake or cupcake, spice",2707885,"Cake or cupcake, spice",matched,manual_match,Best available — no plain nutmeg in USDA subset; used in small amounts
aish baladi,aish baladi,2708157,"Crackers, flatbread",matched,african_proxy,"African proxy resolved: 'whole wheat flatbread' → USDA 'Crackers, flatbread'"
all purpose flour,all purpose flour,2708157,"Crackers, flatbread",matched,original,Corrected: taco shell has added fat — flatbread is closer to plain flour
all purpose flour enough water make (paste),all purpose flour enough water make (paste),2708056.0,"Pastry, mainly flour and water, fried",matched,original,
all-purpose flour,all-purpose flour,2708157,"Crackers, flatbread",matched,original,Corrected: taco shell has added fat — flatbread is closer to plain flour
all-purpose flour as,all-purpose flour as,2708157,"Crackers, flatbread",matched,original,Corrected: taco shell has added fat — flatbread is closer to plain flour
all-purpose flour handheld,"Tortilla, flour",2707824.0,"Tortilla, flour",matched,manual_match,Matched after cleaning ingredient name
all-purpose flour pancake batter,"Tortilla, flour",2707824.0,"Tortilla, flour",matched,manual_match,Matched after cleaning ingredient name
all-purpose flour sifted,"Tortilla, flour",2707824.0,"Tortilla, flour",matched,manual_match,Matched after cleaning ingredient name
all-purpose seasoning,all-purpose seasoning,2709754.0,Puerto Rican seasoning with ham,matched,original,
allspice (ground),"Cake or cupcake, spice",2708000.0,"Cake or cupcake, spice",matched,manual_match,Matched after cleaning ingredient name
almond (roasted),almond (roasted),2710181.0,Almond oil,matched,original,
almond extract,almond extract,2707533.0,Almond butter,matched,original,
apple cider vinegar,apple cider vinegar,2709319.0,Apple cider,matched,original,
apricot (dried),apricot (dried),2709221.0,"Apricot, raw",matched,original,
apricot chutney,apricot chutney,2709222.0,"Apricot, canned",matched,original,
apricot jam,apricot jam,2709221.0,"Apricot, raw",matched,original,
assorted boneles meat bite-size,"Beef, NFS",2105822.0,"Beef, NFS",matched,manual_match,Matched after cleaning ingredient name
aunty bernie chapati rice,"Yellow rice, cooked, no added fat",2707797.0,"Yellow rice, cooked, no added fat",matched,manual_match,Matched after cleaning ingredient name
avocado pitted,avocado pitted,2709223.0,"Avocado, raw",matched,original,
baking (powder),"Tortilla, flour",2707824.0,"Tortilla, flour",matched,manual_match,Matched after cleaning ingredient name
baking flour (powder),baking flour (powder),2707824.0,"Tortilla, flour",matched,original,
baking oil (powder),baking oil (powder),2710191.0,Soybean oil,matched,original,
baking soda,baking soda,2707852.0,"Bread, Irish soda",matched,original,
banana leave hot water soften thoroughly,"Green beans, raw",2109285.0,"Green beans, raw",matched,manual_match,Matched after cleaning ingredient name
banku fufu,banku fufu,2709568.0,Fufu,matched,original,
basil (dried),basil (dried),2709780.0,"Basil, raw",matched,original,
basil (fresh),basil (fresh),2709780.0,"Basil, raw",matched,original,
basmati rice,basmati rice,2707794.0,"Bread, rice",matched,original,
bay leaf,bay leaf,2710488.0,"Tea, hot, leaf, black",matched,original,
bay leave,"Garlic, raw",2110003.0,"Garlic, raw",matched,manual_match,Matched after cleaning ingredient name
bean (dried),bean (dried),2707409.0,Bean cake,matched,original,
beef (bouillon),beef (bouillon),2705822.0,"Beef, NFS",matched,original,
beef (ground),beef (ground),2705822.0,"Beef, NFS",matched,original,
beef (stock),beef (stock),2705822.0,"Beef, NFS",matched,original,
beef,beef,2705822.0,"Beef, NFS",matched,original,
beef chicken (bouillon),beef chicken (bouillon),2707471.0,"Luncheon slice, meatless-beef, chicken, salami or turkey",matched,original,
beef chicken cube (bouillon),beef chicken cube (bouillon),2705826.0,"Beef, steak, cube",matched,original,
beef chicken vegetable (bouillon),beef chicken vegetable (bouillon),2707097.0,"Beef with vegetable, diet frozen meal",matched,original,
beef cube (bouillon),beef cube (bouillon),2705826.0,"Beef, steak, cube",matched,original,
beef cube (stock),beef cube (stock),2705826.0,"Beef, steak, cube",matched,original,
beef short rib,beef short rib,2705845.0,"Beef, shortribs",matched,original,
beef silverside brisket coarsely,beef silverside brisket coarsely,2705851.0,"Beef, brisket",matched,original,
beef stew meat,beef stew meat,2705849.0,"Beef, stew meat",matched,original,
beef trotter,beef trotter,2705847.0,"Beef, roast",matched,original,
bell pepper,bell pepper,2710045.0,Stuffed jalapeno pepper,matched,original,
berbere spice,berbere spice,2707885.0,"Cake or cupcake, spice",matched,original,
berbere spice mix,berbere,2710093,Hot pepper sauce,matched,african_proxy,African proxy resolved: 'ethiopian spice blend' → USDA 'Hot pepper sauce'
berbere spice texture potato season,Puerto Rican seasoning with ham,2709754.0,Puerto Rican seasoning with ham,matched,manual_match,Matched after cleaning ingredient name
bicarbonate soda,bicarbonate soda,2707852.0,"Bread, Irish soda",matched,original,
bisto gravy,bisto gravy,2706379.0,Beef with gravy,matched,original,
bisto gravy thickener,bisto gravy thickener,2707145.0,"Gravy, beef",matched,original,
bitter leaf washed,bitter leaf washed,2709878.0,"Bitter melon, cooked",matched,original,
black cardamom seed,black cardamom seed,2707395.0,Black bean salad,matched,original,
black eyed bean overnight least hour,black eyed bean overnight least hour,2707395.0,Black bean salad,matched,original,
black eyed pea,black eyed pea,2707359.0,"Black beans, NFS",matched,original,
black pepper (ground),black pepper (ground),2707404.0,Black bean sauce,matched,original,
black pepper,black pepper,2707404.0,Black bean sauce,matched,original,
black pepper as,black pepper as,2707359.0,"Black beans, NFS",matched,original,
black peppercorn (ground),black peppercorn (ground),2710672.0,Black Russian,matched,original,
black peppercorn,black peppercorn,2710672.0,Black Russian,matched,original,
black peppercorn ginger,black peppercorn ginger,2709035.0,Black beans and brown rice,matched,original,
black-eyed bean (dried),black-eyed bean (dried),2707395.0,Black bean salad,matched,original,
black-eyed pea (dried),black-eyed pea (dried),2707359.0,"Black beans, NFS",matched,original,
black-eyed pea,black-eyed pea,2707359.0,"Black beans, NFS",matched,original,
black-eyed pea overnight (dried),"Black beans, NFS",2709236.0,"Black beans, NFS",matched,manual_match,Matched after cleaning ingredient name
blanched almond,blanched almond,2707900.0,"Cookie, almond",matched,original,
boerewor sausage,boerewor sausage,2706171.0,Beef sausage,matched,original,
boiled fried plantain,boiled fried plantain,2709559,"Plantain, cooked with oil",matched,original,Corrected: was matched to fried eggplant
boiled yam,boiled yam,2709385.0,"Potato, boiled, NFS",matched,original,
boiling water,boiling water,2710669.0,Vodka and water,matched,original,
boiling water as,boiling water as,2710706.0,"Water, NFS",matched,original,
bologna,bologna,2706176.0,Bologna,matched,original,
bondwe,bondwe leaves,2709642,"Sweet potato, squash, pumpkin, chrysanthemum, or bean leaves, cooked",matched,african_proxy,"African proxy resolved: 'amaranth leaves' → USDA 'Sweet potato, squash, pumpkin, chrysanthemum, or bean leaves, cooked'"
bondwe leave,bondwe leaves,2709642,"Sweet potato, squash, pumpkin, chrysanthemum, or bean leaves, cooked",matched,african_proxy,"African proxy resolved: 'amaranth leaves' → USDA 'Sweet potato, squash, pumpkin, chrysanthemum, or bean leaves, cooked'"
bone-in boneles chicken,bone-in boneles chicken,2708560.0,"Burrito bowl, chicken",matched,original,
bone-in chicken breast bite-size,bone-in chicken breast bite-size,2705965.0,"Chicken breast, stewed, skin eaten",matched,original,
bone-in chicken thigh drumstick,bone-in chicken thigh drumstick,2705988.0,"Chicken leg, drumstick and thigh, stewed, skin eaten",matched,original,
boneles pork loin roast,boneles pork loin roast,2705882.0,"Pork, roast",matched,original,
boneles skinles chicken breast,boneles skinles chicken breast,2705965.0,"Chicken breast, stewed, skin eaten",matched,original,
boneles skinles chicken breast bite-size,boneles skinles chicken breast bite-size,2705965.0,"Chicken breast, stewed, skin eaten",matched,original,
boneles skinles chicken thigh breast,boneles skinles chicken thigh breast,2706037.0,"Chicken thigh, stewed, skin eaten",matched,original,
bread,bread,2707755.0,"Bread, rye",matched,original,
bread bowl,bread bowl,2707764.0,"Bread, black",matched,original,
breadcrumb,"Bread, rye",2707838.0,"Bread, rye",matched,manual_match,Matched after cleaning ingredient name
brown flour,brown flour,2707824.0,"Tortilla, flour",matched,original,
brown lentil,brown lentil,2707462.0,"Soup, lentil",matched,original,
brown onion,brown onion,2707633.0,"Bread, onion",matched,original,
brown spirit vinegar,brown spirit vinegar,2709351.0,Vinegar,matched,original,
brown sugar,brown sugar,2710260.0,"Sugar, brown",matched,original,
bunch cilantro (fresh),bunch cilantro (fresh),2709782.0,"Cilantro, raw",matched,original,
bunch cilantro garnish (fresh),bunch cilantro garnish (fresh),2709782.0,"Cilantro, raw",matched,original,
bunch coriander (fresh),"Garlic, raw",2110003.0,"Garlic, raw",matched,manual_match,Matched after cleaning ingredient name
butter,butter,2710154.0,"Butter, NFS",matched,original,
butter as,butter as,2710154.0,"Butter, NFS",matched,original,
butter extra greasing,butter extra greasing,2710155.0,"Butter, stick",matched,original,
butter greasing,butter greasing,2710155.0,"Butter, stick",matched,original,
butter margarine,butter margarine,2709562.0,"Plantain, cooked with butter or margarine",matched,original,
buttermilk plain them,buttermilk plain them,2705393.0,Buttermilk,matched,original,
butternut,butternut squash,2709693,"Winter squash, raw",matched,african_proxy,"African proxy resolved: 'butternut squash' → USDA 'Winter squash, raw'"
butternut squash,butternut squash,2709693.0,"Winter squash, raw",matched,original,
cabbage,cabbage,2709775.0,"Cabbage, red, raw",matched,original,
cake flour,cake flour,2707882.0,"Cake, pound",matched,original,
canola oil,canola oil,2710188.0,Canola oil,matched,original,
canola oil as,canola oil as,2710188.0,Canola oil,matched,original,
canola oil end skin plantain half lengthwise,Canola oil,2710189.0,Canola oil,matched,manual_match,Matched after cleaning ingredient name
canola oil oil,canola oil oil,2710188.0,Canola oil,matched,original,
canola oil sprinkle over onion (bouillon),canola oil sprinkle over onion (bouillon),2710188.0,Canola oil,matched,original,
canola oil turmeric,canola oil turmeric,2710188.0,Canola oil,matched,original,
canola oil warm oil dutch oven other heavy,Canola oil,2710189.0,Canola oil,matched,manual_match,Matched after cleaning ingredient name
cardamom (ground),"Cake or cupcake, spice",2708000.0,"Cake or cupcake, spice",matched,manual_match,Matched after cleaning ingredient name
cardamom fat ghee egg yolk will start (ground),"Cake or cupcake, spice",2708000.0,"Cake or cupcake, spice",matched,manual_match,Matched after cleaning ingredient name
cardamom pod,"Cake or cupcake, spice",2708000.0,"Cake or cupcake, spice",matched,manual_match,Matched after cleaning ingredient name
cardamom seed,"Cake or cupcake, spice",2708000.0,"Cake or cupcake, spice",matched,manual_match,Matched after cleaning ingredient name
carrot,carrot,2707845.0,"Muffin, carrot",matched,original,
carrot bite-size,carrot bite-size,2709683.0,"Carrot juice, 100%",matched,original,
carrot julienned,carrot julienned,2709683.0,"Carrot juice, 100%",matched,original,
carrot shredded,carrot shredded,2708479.0,"Cereal, shredded wheat, plain",matched,original,
cassava flour all-purpose,cassava flour all-purpose,2709564.0,"Cassava, cooked",matched,original,
caster sugar,caster sugar,2707970.0,"Cookie, butter or sugar",matched,original,
castor sugar,castor sugar,2707970.0,"Cookie, butter or sugar",matched,original,
cayenne pepper,cayenne pepper,2710045.0,Stuffed jalapeno pepper,matched,original,
cayenne pepper nigerian red pepper,Hot pepper sauce,2709753.0,Hot pepper sauce,matched,manual_match,Matched after cleaning ingredient name
celery stick,celery stick,2710072.0,"Celery, pickled",matched,original,
chapati,chapati,2708157,"Crackers, flatbread",matched,african_proxy,"African proxy resolved: 'flatbread' → USDA 'Crackers, flatbread'"
cheddar cheese,cheddar cheese,2705773.0,"Cheese spread, American or Cheddar cheese base",matched,original,
cherry tomato,cherry tomato,2709757.0,"Soup, tomato",matched,original,
chicken (bouillon),chicken (bouillon),2706081.0,"Chicken, back",matched,original,
chicken (stock),chicken (stock),2706081.0,"Chicken, back",matched,original,
chicken,chicken,2706081.0,"Chicken, back",matched,original,
chicken -inch,chicken -inch,2706084.0,Chicken skin,matched,original,
chicken bite-size,chicken bite-size,2706439.0,Chicken with mole sauce,matched,original,
chicken bone skin separated (whole),chicken bone skin separated (whole),2705965.0,"Chicken breast, stewed, skin eaten",matched,original,
chicken breast,chicken breast,2705965.0,"Chicken breast, stewed, skin eaten",matched,original,
chicken breast -inch,chicken breast -inch,2705965.0,"Chicken breast, stewed, skin eaten",matched,original,
chicken breast julienned,chicken breast julienned,2705971.0,"Chicken breast, sauteed, skin eaten",matched,original,
chicken drumstick,chicken drumstick,2706014.0,"Chicken drumstick, stewed, skin eaten",matched,original,
chicken gizzard,chicken gizzard,2706091.0,"Chicken, ground",matched,original,
chicken quarter,chicken quarter,2706437.0,Chicken curry,matched,original,
chicken thigh,chicken thigh,2706037.0,"Chicken thigh, stewed, skin eaten",matched,original,
chicken thigh skin-on bone-in,chicken thigh skin-on bone-in,2706037.0,"Chicken thigh, stewed, skin eaten",matched,original,
chicken vegetable (bouillon),chicken vegetable (bouillon),2707110.0,"Chicken with rice and vegetable, diet frozen meal",matched,original,
chicken vegetable (stock),chicken vegetable (stock),2707110.0,"Chicken with rice and vegetable, diet frozen meal",matched,original,
chicken wing,chicken wing,2706061.0,"Chicken wing, stewed",matched,original,
chickpea,chickpea,2707414.0,"Chickpeas, NFS",matched,original,
chile pepper (dried),chile pepper (dried),2710093.0,Hot pepper sauce,matched,original,
chili (fresh),chili (fresh),2706373.0,"Chili, NFS",matched,original,
chili (powder),chili (powder),2706373.0,"Chili, NFS",matched,original,
chilli (dried),Hot pepper sauce,2709753.0,Hot pepper sauce,matched,manual_match,Matched after cleaning ingredient name
chilli (flakes),Hot pepper sauce,2709753.0,Hot pepper sauce,matched,manual_match,Matched after cleaning ingredient name
chilli chutney plain chutney,Hot pepper sauce,2709753.0,Hot pepper sauce,matched,manual_match,Matched after cleaning ingredient name
chily (fresh),Hot pepper sauce,2709753.0,Hot pepper sauce,matched,manual_match,Matched after cleaning ingredient name
cider vinegar,cider vinegar,2709351.0,Vinegar,matched,original,
cilantro (fresh),cilantro (fresh),2709782.0,"Cilantro, raw",matched,original,
cinnamon (ground),cinnamon (ground),2707620.0,"Bread, cinnamon",matched,original,
cinnamon extra dusting (ground),cinnamon extra dusting (ground),2708450.0,"Cereal, cinnamon toast",matched,original,
cinnamon stick,cinnamon stick,2708450.0,"Cereal, cinnamon toast",matched,original,
cm root ginger (fresh),cm root ginger (fresh),2710082.0,"Ginger root, pickled",matched,original,
cob sweetcorn,sweetcorn,2709933,"Hominy, cooked",matched,african_proxy,"African proxy resolved: 'corn on the cob' → USDA 'Hominy, cooked'"
coconut milk (canned),coconut milk (canned),2705413.0,Coconut milk,matched,original,
coconut milk,coconut milk,2705413.0,Coconut milk,matched,original,
coconut milk tin,coconut milk tin,2705413.0,Coconut milk,matched,original,
coconut oil medium-high,coconut oil medium-high,2710182.0,Coconut oil,matched,original,
coconut raw unsweetened coconut (flakes),coconut raw unsweetened coconut (flakes),2707572.0,"Coconut water, unsweetened",matched,original,
coconut sugar,coconut sugar,2707500.0,"Coconut, fresh",matched,original,
cod fillet thawed (frozen),cod fillet thawed (frozen),2706089.0,"Chicken fillet, breaded",matched,original,
cold margarine tiny,cold margarine tiny,2710159.0,"Margarine, stick",matched,original,
cold water,cold water,2710669.0,Vodka and water,matched,original,
cold water once bubble,cold water once bubble,2710508.0,"Tea, bubble",matched,original,
cooked french fry as,cooked french fry as,2709456.0,"Potato, french fries, NFS",matched,original,
cooked rice,cooked rice,2707794.0,"Bread, rice",matched,original,
cooking oil,cooking oil,2710183.0,Corn oil,matched,original,
cooking spray,cooking spray,2707161.0,"Egg, whole, fried with cooking spray",matched,original,
coriander (fresh),"Garlic, raw",2110003.0,"Garlic, raw",matched,manual_match,Matched after cleaning ingredient name
coriander (ground),Puerto Rican seasoning with ham,2709754.0,Puerto Rican seasoning with ham,matched,manual_match,Matched after cleaning ingredient name
coriander leave some stem attached (fresh),"Garlic, raw",2110003.0,"Garlic, raw",matched,manual_match,Matched after cleaning ingredient name
coriander seed,"Garlic, raw",2110003.0,"Garlic, raw",matched,manual_match,Matched after cleaning ingredient name
corn flour,corn flour,2707815.0,"Corn flour patty or tart, fried",matched,original,
corn kernel (fresh),corn kernel (fresh),2710504.0,Corn beverage,matched,original,
corned beef (canned),corned beef (canned),2706477.0,Corned beef hash,matched,original,
corned beef,corned beef,2706477.0,Corned beef hash,matched,original,
cornmeal,cornmeal,2708375.0,"Cornmeal mush, fat added",matched,original,
couscous (dried),couscous (dried),2708441.0,"Couscous, plain, cooked",matched,original,
couscous rice,couscous rice,2708441.0,"Couscous, plain, cooked",matched,original,
cranberry (dried),cranberry (dried),2709280.0,Cranberry sauce,matched,original,
crayfish (ground),crayfish (ground),2706347.0,"Crayfish, fried",matched,original,
crayfish (powder),crayfish (powder),2706347.0,"Crayfish, fried",matched,original,
cream mushroom soup bisto gravy thickener,cream mushroom soup bisto gravy thickener,2710107.0,"Soup, cream of mushroom",matched,original,
cream tomato soup (powder),cream tomato soup (powder),2709758.0,"Soup, cream of tomato",matched,original,
crusty hoagie roll split half lightly (toasted),"Bread, rye",2707838.0,"Bread, rye",matched,manual_match,Matched after cleaning ingredient name
cucumber,cucumber,2709784.0,"Cucumber, raw",matched,original,
cumin (ground),Puerto Rican seasoning with ham,2709754.0,Puerto Rican seasoning with ham,matched,manual_match,Matched after cleaning ingredient name
cumin (powder),Puerto Rican seasoning with ham,2709754.0,Puerto Rican seasoning with ham,matched,manual_match,Matched after cleaning ingredient name
cumin seed,Puerto Rican seasoning with ham,2709754.0,Puerto Rican seasoning with ham,matched,manual_match,Matched after cleaning ingredient name
cumin seed pestle mortar,Puerto Rican seasoning with ham,2709754.0,Puerto Rican seasoning with ham,matched,manual_match,Matched after cleaning ingredient name
currant (dried),"Mango, canned",2709224.0,"Mango, canned",matched,manual_match,Matched after cleaning ingredient name
curry (powder),curry (powder),2706388.0,Beef curry,matched,original,
custard (powder),custard (powder),2705682.0,Custard,matched,original,
desiccated coconut serve,desiccated coconut serve,2710343.0,"Chocolate candy, coconut filled",matched,original,
dijon mustard,dijon mustard,2710085.0,Mustard,matched,original,
distilled white vinegar,distilled white vinegar,2707655.0,"Roll, white, hard",matched,original,
drumstick,drumstick,2706122.0,"Turkey, drumstick, cooked, skin eaten",matched,original,
ear corn,ear corn,2710047.0,"Fritter, corn",matched,original,
egg,egg,2707179.0,"Egg, creamed",matched,original,
egg lightly,egg lightly,2707168.0,"Egg, white only, raw",matched,original,
eggplant,eggplant,2709785.0,"Eggplant, raw",matched,original,
egusi melon seed (ground),egusi melon seed (ground),2709878.0,"Bitter melon, cooked",matched,original,
egusi seed (toasted),Sesame oil,2110193.0,Sesame oil,matched,manual_match,Matched after cleaning ingredient name
egusi seed pumpkin seed,egusi seed pumpkin seed,2707579.0,"Pumpkin seeds, NFS",matched,original,
elbow macaroni,elbow macaroni,2706483.0,Chili with macaroni,matched,original,
enough water go just below potato,,,"SKIP - instruction fragment, not an ingredient",skip,skip,"This entry appears to be a recipe instruction, not an ingredient"
evaporated milk,evaporated milk,2705399.0,"Milk, evaporated, whole",matched,original,
ewedu leave (fresh),"Green beans, raw",2109285.0,"Green beans, raw",matched,manual_match,Matched after cleaning ingredient name
extra hot chilli (powder),extra hot chilli (powder),2710505.0,"Tea, hot, chamomile",matched,original,
extra-virgin olive oil,extra-virgin olive oil,2710186.0,Olive oil,matched,original,
extra-virgin olive oil ae,extra-virgin olive oil ae,2710186.0,Olive oil,matched,original,
extra-virgin olive oil garnish,extra-virgin olive oil garnish,2710186.0,Olive oil,matched,original,
extremely ripe mango,"Mango, raw",2109236.0,"Mango, raw",matched,manual_match,Matched after cleaning ingredient name
fennel seed,fennel seed,2709907.0,"Fennel bulb, cooked",matched,original,
fenugreek seed,Sesame oil,2110193.0,Sesame oil,matched,manual_match,Matched after cleaning ingredient name
filo pastry sheet,filo pastry sheet,2708061.0,"Danish pastry, with cheese",matched,original,
fire-roasted tomato,fire-roasted tomato,2709758.0,"Soup, cream of tomato",matched,original,
fish fillet your choice,fish fillet your choice,2710784.0,"Fish fillet, fried as ingredient in sandwiches",matched,original,
fl brandy,fl brandy,2710699.0,Brandy,matched,original,
fl chicken (stock),fl chicken (stock),2706154.0,"Liver, chicken",matched,original,
fl full-fat milk,fl full-fat milk,2705387.0,"Milk, low fat (1%)",matched,original,
fl full-fat milk warmed,fl full-fat milk warmed,2705419.0,"Yogurt, low fat milk, plain",matched,original,
fl lamb (stock),fl lamb (stock),2706660.0,"Stew, lamb",matched,original,
fl milk,fl milk,2705412.0,Oat milk,matched,original,
fl tomato ketchup,fl tomato ketchup,2709733.0,Ketchup,matched,original,
fl vegetable oil,fl vegetable oil,2710180.0,"Vegetable oil, NFS",matched,original,
flaky sea salt,"Sugar, NFS",2100373.0,"Sugar, NFS",matched,manual_match,Matched after cleaning ingredient name
flavored salt,flavored salt,2708930.0,Flavored pasta,matched,original,
flour,flour,2707824.0,"Tortilla, flour",matched,original,
fonio,fonio,2708377,Millet,matched,african_proxy,African proxy resolved: 'millet' → USDA 'Millet'
free-range egg,"Egg, whole, boiled or poached",2108064.0,"Egg, whole, boiled or poached",matched,manual_match,Matched after cleaning ingredient name
free-range egg free-range egg yolk,free-range egg free-range egg yolk,2708049.0,"Pastry, made with bean paste and salted egg yolk filling, baked",matched,original,
free-range egg white,free-range egg white,2707168.0,"Egg, white only, raw",matched,original,
free-range egg yolk,free-range egg yolk,2707172.0,"Egg, yolk only, raw",matched,original,
fufu,fufu,2709568.0,Fufu,matched,original,
full-fat plain yoghurt,full-fat plain yoghurt,2705419.0,"Yogurt, low fat milk, plain",matched,original,
full-fat unsweetened,full-fat unsweetened,2707572.0,"Coconut water, unsweetened",matched,original,
full-fat unsweetened other heavy pot,,,"SKIP - instruction fragment, not an ingredient",skip,skip,"This entry appears to be a recipe instruction, not an ingredient"
full-fat unsweetened reserved bone,,,"SKIP - instruction fragment, not an ingredient",skip,skip,"This entry appears to be a recipe instruction, not an ingredient"
garam masala,garam masala,2710093,Hot pepper sauce,matched,african_proxy,African proxy resolved: 'indian spice blend' → USDA 'Hot pepper sauce'
garlic (fresh),garlic (fresh),2709786.0,"Garlic, raw",matched,original,
garlic (granulated),garlic (granulated),2709786.0,"Garlic, raw",matched,original,
garlic (powder),garlic (powder),2709786.0,"Garlic, raw",matched,original,
garlic (whole),garlic (whole),2709786.0,"Garlic, raw",matched,original,
garlic half (fresh),garlic half (fresh),2709786.0,"Garlic, raw",matched,original,
garri,garri,2709564,"Cassava, cooked",matched,african_proxy,"African proxy resolved: 'cassava flour' → USDA 'Cassava, cooked'"
generou red chilli extra if desired (flakes),Hot pepper sauce,2709753.0,Hot pepper sauce,matched,manual_match,Matched after cleaning ingredient name
ghee,ghee,2710168.0,"Ghee, clarified butter",matched,original,
ghee unsalted,ghee unsalted,2707497.0,"Cashews, unsalted",matched,original,
ginger (fresh),ginger (fresh),2710507.0,"Tea, ginger",matched,original,
ginger (ground),ginger (ground),2710507.0,"Tea, ginger",matched,original,
ginger (powder),ginger (powder),2710507.0,"Tea, ginger",matched,original,
ginger cumin (fresh),ginger cumin (fresh),2710507.0,"Tea, ginger",matched,original,
grain hub mhunga,mhunga,2708377,Millet,matched,african_proxy,African proxy resolved: 'pearl millet' → USDA 'Millet'
grain hub mupunga,mupunga,2708403,"Rice, white, cooked, NS as to fat",matched,african_proxy,"African proxy resolved: 'white rice' → USDA 'Rice, white, cooked, NS as to fat'"
grain hub sorghum,sorghum,2708377,Millet,matched,african_proxy,African proxy resolved: 'sorghum grain' → USDA 'Millet'
grain hub zviyo,zviyo,2708377,Millet,matched,african_proxy,African proxy resolved: 'finger millet' → USDA 'Millet'
greek yogurt,greek yogurt,2705441.0,"Yogurt, Greek, with oats",matched,original,
green banana,green banana,2709769.0,"Green beans, raw",matched,original,
green bell pepper,green bell pepper,2710798.0,"Green pepper, cooked, as ingredient",matched,original,
green chilli,green chilli,2710070.0,"Green beans, pickled",matched,original,
green onion,green onion,2709829.0,"Seven-layer salad, lettuce salad made with a combination of onion, celery, green pepper, peas, mayonnaise, cheese, eggs, and/or bacon",matched,original,
green pepper,green pepper,2710798.0,"Green pepper, cooked, as ingredient",matched,original,
green ripe plantain,green ripe plantain,2709560,"Plantain, raw",matched,original,Corrected: was matched to Puerto Rican plantain pie
green yellow pepper,green yellow pepper,2710058.0,"Fried summer squash, yellow or green",matched,original,
grilled lemon parsley garnishing (fresh),"Lemon, raw",2109242.0,"Lemon, raw",matched,manual_match,Matched after cleaning ingredient name
groundnut oil vegetable oil,groundnut oil vegetable oil,2710180.0,"Vegetable oil, NFS",matched,original,
gruy re cheese,gruy re cheese,2708042.0,"Strudel, cheese",matched,original,
guinea pepper,guinea pepper,2710545.0,"Soft drink, pepper type",matched,original,
habanero chile,habanero,2710093,Hot pepper sauce,matched,african_proxy,African proxy resolved: 'habanero pepper' → USDA 'Hot pepper sauce'
habanero chile seeded,habanero,2710093,Hot pepper sauce,matched,african_proxy,African proxy resolved: 'habanero pepper' → USDA 'Hot pepper sauce'
habanero chile stem removed,habanero,2710093,Hot pepper sauce,matched,african_proxy,African proxy resolved: 'habanero pepper' → USDA 'Hot pepper sauce'
habanero pepper,habanero pepper,2710093.0,Hot pepper sauce,matched,original,
halibut -inch,halibut -inch,2706260.0,"Fish, halibut",matched,original,
halibut fillet skin removed,halibut fillet skin removed,2706089.0,"Chicken fillet, breaded",matched,original,
handful spring onion green tip,"Bread, onion",2707834.0,"Bread, onion",matched,manual_match,Matched after cleaning ingredient name
hard-boiled egg,hard-boiled egg,2707154.0,"Egg, whole, boiled or poached",matched,original,
harissa sauce,harissa sauce,2707441.0,Hoisin sauce,matched,original,
harissa spice mix,harissa,2710093,Hot pepper sauce,matched,african_proxy,African proxy resolved: 'chili spice paste' → USDA 'Hot pepper sauce'
head green cabbage shredded,head green cabbage shredded,2709773.0,"Cabbage, green, raw",matched,original,
head lettuce shredded,head lettuce shredded,2709949.0,"Lettuce, cooked",matched,original,
heaped ancho habanero chilli (flakes),Hot pepper sauce,2709753.0,Hot pepper sauce,matched,manual_match,Matched after cleaning ingredient name
heaped butter margarine,heaped butter margarine,2709562.0,"Plantain, cooked with butter or margarine",matched,original,
heaped flour,heaped flour,2708157,"Crackers, flatbread",matched,original,Corrected: taco shell has added fat — flatbread is closer to plain flour
heaped peanut butter,heaped peanut butter,2707537.0,Peanut butter,matched,original,
heinz brand baked bean,heinz brand baked bean,2707390.0,Baked beans,matched,original,
heinz salad cream,heinz salad cream,2706221.0,Chicken salad spread,matched,original,
homemade shop bought puff pastry thawed egg,"Pastry, mainly flour and water, fried",2708056.0,"Pastry, mainly flour and water, fried",matched,manual_match,Matched after cleaning ingredient name
hot curry (powder),hot curry (powder),2706460.0,Fish curry,matched,original,
hot paprika,hot paprika,2709744.0,Hot Thai sauce,matched,original,
hot water,hot water,2705483.0,"Hot chocolate / cocoa, dry mix, made with water",matched,original,
hot water chicken (stock),hot water chicken (stock),2708740.0,"Turnover or hot pocket, chicken",matched,original,
ice cube as,ice cube as,2705629.0,"Ice cream, NFS",matched,original,
ice-cold water,ice-cold water,2710656.0,Whiskey and water,matched,original,
icing sugar dusting,icing sugar dusting,2710372.0,"Chewing gum, sugar free",matched,original,
impwa,impwa,2709785,"Eggplant, raw",matched,african_proxy,"African proxy resolved: 'african eggplant' → USDA 'Eggplant, raw'"
instant yeast,instant yeast,2710005.0,Yeast,matched,original,
jalape,Stuffed jalapeno pepper,2109371.0,Stuffed jalapeno pepper,matched,manual_match,Matched after cleaning ingredient name
jalape chile,Stuffed jalapeno pepper,2109371.0,Stuffed jalapeno pepper,matched,manual_match,Matched after cleaning ingredient name
jalape chile seeded,Stuffed jalapeno pepper,2109371.0,Stuffed jalapeno pepper,matched,manual_match,Matched after cleaning ingredient name
jalape chile serrano chile,Stuffed jalapeno pepper,2109371.0,Stuffed jalapeno pepper,matched,manual_match,Matched after cleaning ingredient name
jalape seeded,Stuffed jalapeno pepper,2109371.0,Stuffed jalapeno pepper,matched,manual_match,Matched after cleaning ingredient name
jar mango chutney,jar mango chutney,2709243.0,"Mango, canned",matched,original,
jarred red bell pepper (fresh),"Red pepper, cooked, as ingredient",2109394.0,"Red pepper, cooked, as ingredient",matched,manual_match,Matched after cleaning ingredient name
jasmine rice,jasmine rice,2710691.0,"Wine, rice",matched,original,
jollof rice,jollof rice,2709146.0,"Soup, rice",matched,original,
juice lemon,juice lemon,2709181.0,"Lemon juice, 100%, freshly squeezed",matched,original,
juice lime,juice lime,2709184.0,"Lime juice, 100%, freshly squeezed",matched,original,
kabulangeti bean (dried),kabulangeti bean (dried),2707395.0,Black bean salad,matched,original,
kachumbari,kachumbari,2709795,"Onions, raw",matched,african_proxy,"African proxy resolved: 'fresh tomato onion salad' → USDA 'Onions, raw'"
kalembula,kalembula,2709642,"Sweet potato, squash, pumpkin, chrysanthemum, or bean leaves, cooked",matched,african_proxy,"African proxy resolved: 'sweet potato leaves' → USDA 'Sweet potato, squash, pumpkin, chrysanthemum, or bean leaves, cooked'"
kapenta (dried),"Fish, mackerel, NFS",2101107.0,"Fish, mackerel, NFS",matched,manual_match,Matched after cleaning ingredient name
kariba bream gutted scaled,"Fish, halibut",2101106.0,"Fish, halibut",matched,manual_match,Matched after cleaning ingredient name
ketchup,ketchup,2709733.0,Ketchup,matched,original,
kosher salt,"Sugar, NFS",2100373.0,"Sugar, NFS",matched,manual_match,Matched after cleaning ingredient name
kosher salt kitchen,"Sugar, NFS",2100373.0,"Sugar, NFS",matched,manual_match,Matched after cleaning ingredient name
lamb meat inch cube,lamb meat inch cube,2708611.0,"Pupusa, meat, with beans",matched,original,
lamb mince,lamb mince,2705906.0,"Lamb, chop",matched,original,
lamb rib chop,lamb rib chop,2705906.0,"Lamb, chop",matched,original,
lamb shoulder coarsely,"Stew, lamb",2705840.0,"Stew, lamb",matched,manual_match,Matched after cleaning ingredient name
lemon,lemon,2708000.0,"Pie, lemon",matched,original,
lemon essence,lemon essence,2710170.0,Lemon-butter sauce,matched,original,
lemon juice (fresh),lemon juice (fresh),2709180.0,"Lemon juice, 100%, NS as to form",matched,original,
lemon juice,lemon juice,2709180.0,"Lemon juice, 100%, NS as to form",matched,original,
lemon juice only,lemon juice only,2709181.0,"Lemon juice, 100%, freshly squeezed",matched,original,
lemon rind,lemon rind,2709168.0,"Lemon, raw",matched,original,
lemon wedge garnish,lemon wedge garnish,2709168.0,"Lemon, raw",matched,original,
lemon zest only,lemon zest only,2709169.0,Lemon pie filling,matched,original,
light brown sugar,light brown sugar,2710260.0,"Sugar, brown",matched,original,
lime juice (fresh),lime juice (fresh),2709183.0,"Lime juice, 100%, NS as to form",matched,original,
litre boiling water,litre boiling water,2710656.0,Whiskey and water,matched,original,
long grain rice,long grain rice,2710679.0,Long Island iced tea,matched,original,
long grain white rice,long grain white rice,2708990.0,Beans and white rice,matched,original,
loosely packed spinach,loosely packed spinach,2708755.0,Lasagna with meat and spinach,matched,original,
low-sodium chicken (stock),low-sodium chicken (stock),2707134.0,"Soup, chicken",matched,original,
lukewarm water,lukewarm water,2708178.0,"Crackers, water",matched,original,
lumanda leave,lumanda leaves,2709642,"Sweet potato, squash, pumpkin, chrysanthemum, or bean leaves, cooked",matched,african_proxy,"African proxy resolved: 'hibiscus leaves' → USDA 'Sweet potato, squash, pumpkin, chrysanthemum, or bean leaves, cooked'"
mackerel,mackerel,2706263.0,"Fish, mackerel, NFS",matched,original,
madra curry (paste),madra curry (paste),2706388.0,Beef curry,matched,original,
malt vinegar,malt vinegar,2709351.0,Vinegar,matched,original,
mango,mango,2709242.0,"Mango, raw",matched,original,
mango chutney,mango chutney,2709243.0,"Mango, canned",matched,original,
mango chutney other chutney,mango chutney other chutney,2709345.0,Mango nectar,matched,original,
margarine,margarine,2710158.0,"Margarine, NFS",matched,original,
mature cheddar,mature cheddar,2705709.0,"Cheese, Cheddar",matched,original,
mayonnaise,mayonnaise,2710205.0,Vegan mayonnaise,matched,original,
mealie meal white cornmeal,mealie meal white cornmeal,2708990.0,Beans and white rice,matched,original,
meat,meat,2705819.0,"Meat, NFS",matched,original,
medium-large potato,medium-large potato,2707648.0,"Bread, sweet potato",matched,original,
mild curry (powder),mild curry (powder),2707431.0,Lentil curry,matched,original,
mild hot red chile pepper,mild hot red chile pepper,2710093.0,Hot pepper sauce,matched,original,
milk (fresh),milk (fresh),2705384.0,"Milk, NFS",matched,original,
milk (powder),milk (powder),2705384.0,"Milk, NFS",matched,original,
milk,milk,2705384.0,"Milk, NFS",matched,original,
milk (whole),milk (whole),2705384.0,"Milk, NFS",matched,original,
milk alternatively (whole),milk alternatively (whole),2705501.0,"Milk, malted",matched,original,
milk maa,milk maa,2705383.0,"Milk, human",matched,original,
mint (fresh),mint (fresh),2710358.0,"Candy, mint",matched,original,
mint leave (fresh),mint leave (fresh),2710643.0,Mint julep,matched,original,
mixed offal,mixed offal,2707504.0,"Mixed nuts, NFS",matched,original,
moscato,moscato,2710687,"Wine, sparkling",matched,african_proxy,"African proxy resolved: 'sweet white wine' → USDA 'Wine, sparkling'"
mr sauce bbq sauce,mr sauce bbq sauce,2710176.0,Fry sauce,matched,original,
mr sauce beef burger sauce,mr sauce beef burger sauce,2706391.0,"Barbecue beef, no sauce",matched,original,
mr sauce ketchup,mr sauce ketchup,2709733.0,Ketchup,matched,original,
mr sauce lemon herb marinade,Lemon-butter sauce,2109762.0,Lemon-butter sauce,matched,manual_match,Matched after cleaning ingredient name
mr sauce lemon juice,mr sauce lemon juice,2709811.0,Celery juice,matched,original,
mr sauce miri piri sauce,Hot Thai sauce,2109753.0,Hot Thai sauce,matched,manual_match,Matched after cleaning ingredient name
mr sauce mustard sauce,mr sauce mustard sauce,2706405.0,Sausage with tomato-based sauce,matched,original,
mr sauce smokey bbq marinade,"Barbecue beef, no sauce",2105862.0,"Barbecue beef, no sauce",matched,manual_match,Matched after cleaning ingredient name
mr sauce soy sauce,mr sauce soy sauce,2707442.0,Soy sauce,matched,original,
mr sauce sticky bbq basting,"Barbecue beef, no sauce",2105862.0,"Barbecue beef, no sauce",matched,manual_match,Matched after cleaning ingredient name
mr sauce sweet chilli sauce,mr sauce sweet chilli sauce,2709735.0,Tomato chili sauce,matched,original,
mr sauce tomato sauce,mr sauce tomato sauce,2706405.0,Sausage with tomato-based sauce,matched,original,
mr sauce worcester sauce,mr sauce worcester sauce,2707447.0,Worcestershire sauce,matched,original,
mufushwa wemunyemba,mufushwa,2709642,"Sweet potato, squash, pumpkin, chrysanthemum, or bean leaves, cooked",matched,african_proxy,"African proxy resolved: 'dried cowpea leaves' → USDA 'Sweet potato, squash, pumpkin, chrysanthemum, or bean leaves, cooked'"
new mexico chile (ground),Hot pepper sauce,2709753.0,Hot pepper sauce,matched,manual_match,Matched after cleaning ingredient name
nigerian red pepper,nigerian red pepper,2710799.0,"Red pepper, cooked, as ingredient",matched,original,
nigerian red pepper cayenne pepper,nigerian red pepper cayenne pepper,2710799.0,"Red pepper, cooked, as ingredient",matched,original,
nutmeg (ground),"Cake or cupcake, spice",2708000.0,"Cake or cupcake, spice",matched,manual_match,Matched after cleaning ingredient name
oil,oil,2710183.0,Corn oil,matched,original,
oil frying,oil frying,2710164.0,"Oil or table fat, NFS",matched,original,
okra (fresh),okra (fresh),2710054.0,Fried okra,matched,original,
okra,okra,2710054.0,Fried okra,matched,original,
okra (whole),okra (whole),2710054.0,Fried okra,matched,original,
okra half,okra half,2710087.0,"Okra, pickled",matched,original,
okra trimmed -inch round,Fried okra,2109308.0,Fried okra,matched,manual_match,Matched after cleaning ingredient name
olive oil,olive oil,2710186.0,Olive oil,matched,original,
olive oil as,olive oil as,2710186.0,Olive oil,matched,original,
onion (fresh),onion (fresh),2707633.0,"Bread, onion",matched,original,
onion (powder),onion (powder),2707633.0,"Bread, onion",matched,original,
onion salt,onion salt,2705622.0,"Onion dip, light",matched,original,
orange bell pepper,orange bell pepper,2709171.0,"Orange, raw",matched,original,
oregano (dried),Puerto Rican seasoning with ham,2709754.0,Puerto Rican seasoning with ham,matched,manual_match,Matched after cleaning ingredient name
organic jaggery,jaggery,2710260,"Sugar, brown",matched,african_proxy,"African proxy resolved: 'unrefined cane sugar' → USDA 'Sugar, brown'"
overly ripe plantain,overly ripe plantain,2710140.0,"Ripe plantain meat pie, Puerto Rican style",matched,original,
overripe banana,overripe banana,2707856.0,"Cake or cupcake, banana",matched,original,
ox kidney,ox kidney,2706157.0,Kidney,matched,original,
packet active yeast (dried),Yeast,2710005.0,Yeast,matched,manual_match,Matched after cleaning ingredient name
palm oil,palm oil,2710181.0,Almond oil,matched,original,
panko breadcrumb,"Bread, rye",2707838.0,"Bread, rye",matched,manual_match,Matched after cleaning ingredient name
paprika (smoked),Hot pepper sauce,2709753.0,Hot pepper sauce,matched,manual_match,Matched after cleaning ingredient name
paprika,Hot pepper sauce,2709753.0,Hot pepper sauce,matched,manual_match,Matched after cleaning ingredient name
paprika curry (smoked),paprika curry (smoked),2706437.0,Chicken curry,matched,original,
parsley (dried),parsley (dried),2709796.0,"Parsley, raw",matched,original,
parsley (fresh),parsley (fresh),2709796.0,"Parsley, raw",matched,original,
parsley garnish (fresh),parsley garnish (fresh),2709796.0,"Parsley, raw",matched,original,
parsley garnish,parsley garnish,2709796.0,"Parsley, raw",matched,original,
pea (frozen),pea (frozen),2710056.0,Pea salad,matched,original,
pea carrot thawed (frozen),pea carrot thawed (frozen),2710056.0,Pea salad,matched,original,
pea thawed (frozen),pea thawed (frozen),2710056.0,Pea salad,matched,original,
peanut (ground),peanut (ground),2710187.0,Peanut oil,matched,original,
peanut butter,peanut butter,2707537.0,Peanut butter,matched,original,
peanut oil,peanut oil,2710187.0,Peanut oil,matched,original,
penne pasta,penne pasta,2708930.0,Flavored pasta,matched,original,
pepper (fresh),pepper (fresh),2706747.0,Pepper steak,matched,original,
pepper soup spice mix,pepper soup spice mix,2710093.0,Hot pepper sauce,matched,original,
peri peri sauce,peri peri sauce,2707445.0,Teriyaki sauce,matched,original,
pili pili,pili pili,2710093,Hot pepper sauce,matched,african_proxy,African proxy resolved: 'hot chili pepper' → USDA 'Hot pepper sauce'
pili pili store-bought hot sauce,hot sauce,2707442.0,Soy sauce,matched,fuzzy (78%),Fuzzy matched after cleaning (score: 78)
pimento-stuffed olive,pimento-stuffed olive,2710091.0,"Olives, stuffed",matched,original,
pint cherry tomato half,"Soup, cream of tomato",2103199.0,"Soup, cream of tomato",matched,manual_match,Matched after cleaning ingredient name
pint lamb (stock),pint lamb (stock),2706660.0,"Stew, lamb",matched,original,
pint sunflower oil deep-frying,pint sunflower oil deep-frying,2710192.0,Sunflower oil,matched,original,
piri piri sauce refrigerator let marinate,Hot Thai sauce,2109753.0,Hot Thai sauce,matched,manual_match,Matched after cleaning ingredient name
plain flour,plain flour,2707824.0,"Tortilla, flour",matched,original,
plantain,plantain,2709560.0,"Plantain, raw",matched,original,
plum tomato,plum tomato,2709757.0,"Soup, tomato",matched,original,
plum tomato (whole),plum tomato (whole),2709757.0,"Soup, tomato",matched,original,
plum tomato seed removed strip,"Soup, tomato",2103200.0,"Soup, tomato",matched,manual_match,Matched after cleaning ingredient name
pointed red pepper,pointed red pepper,2710799.0,"Red pepper, cooked, as ingredient",matched,original,
pork,pork,2705862.0,"Pork, NFS",matched,original,
pork chop,pork chop,2705872.0,"Pork, chop, stuffed",matched,original,
pork chop trimmed,pork chop trimmed,2705872.0,"Pork, chop, stuffed",matched,original,
pork fillet,pork fillet,2705883.0,"Pork, roll",matched,original,
pork sausage (ground),pork sausage (ground),2706191.0,Pork sausage,matched,original,
pork shoulder belly coarsely,pork shoulder belly coarsely,2705901.0,"Pork, belly",matched,original,
potato,potato,2709382.0,"Potato, NFS",matched,original,
pound beef (ground),pound beef (ground),2710115.0,"Soup, beef",matched,original,
pound bone-in,pound bone-in,2707882.0,"Cake, pound",matched,original,
pound boneles,pound boneles,2707882.0,"Cake, pound",matched,original,
pound boneles salt cod bowl,"Fish, mackerel, NFS",2101107.0,"Fish, mackerel, NFS",matched,manual_match,Matched after cleaning ingredient name
pound each,pound each,2707882.0,"Cake, pound",matched,original,
pound kale collard,"Green beans, raw",2109285.0,"Green beans, raw",matched,manual_match,Matched after cleaning ingredient name
pound lamb stew meat,pound lamb stew meat,2705849.0,"Beef, stew meat",matched,original,
pound oxtail,pound oxtail,2707882.0,"Cake, pound",matched,original,
pound red potato,pound red potato,2707642.0,"Bread, potato",matched,original,
pound shredded,pound shredded,2708479.0,"Cereal, shredded wheat, plain",matched,original,
pound skirt steak flank steak,pound skirt steak flank steak,2705827.0,"Beef, steak, flank",matched,original,
pounded groundnut,pounded groundnut,2707519,"Peanuts, dry roasted, unsalted",matched,african_proxy,"African proxy resolved: 'ground peanuts' → USDA 'Peanuts, dry roasted, unsalted'"
prawn shrimp,prawn shrimp,2706857.0,Kung Pao shrimp,matched,original,
puff pastry sheet thawed (frozen),puff pastry sheet thawed (frozen),2708726.0,"Pastry, cheese-filled",matched,original,
puff pastry thawed (frozen),puff pastry thawed (frozen),2708053.0,"Pastry, puff",matched,original,
punnet cauliflower,punnet cauliflower,2710042.0,Fried cauliflower,matched,original,
punnet green bean,punnet green bean,2710040.0,Green bean casserole,matched,original,
punnet mushroom,punnet mushroom,2710107.0,"Soup, cream of mushroom",matched,original,
punnet oyster mushroom,punnet oyster mushroom,2710107.0,"Soup, cream of mushroom",matched,original,
punnet oyster mushroom julienned,"Soup, cream of mushroom",2103195.0,"Soup, cream of mushroom",matched,manual_match,Matched after cleaning ingredient name
punnet pea (fresh),punnet pea (fresh),2707459.0,"Soup, split pea",matched,original,
punnet pea,punnet pea,2707459.0,"Soup, split pea",matched,original,
pure vanilla extract,pure vanilla extract,2708013.0,"Pie, vanilla cream",matched,original,
purple onion,purple onion,2707633.0,"Bread, onion",matched,original,
rack pork rib,rack pork rib,2705894.0,"Pork, ribs",matched,original,
raisin,raisin,2707644.0,"Bread, raisin",matched,original,
ras el hanout,ras el hanout,2710093,Hot pepper sauce,matched,african_proxy,African proxy resolved: 'moroccan spice blend' → USDA 'Hot pepper sauce'
raw organic tigernut,raw organic tigernut,2705559.0,"Infant formula, organic, ready-to-feed",matched,original,
raw unsweetened coconut (flakes),raw unsweetened coconut (flakes),2707572.0,"Coconut water, unsweetened",matched,original,
real premium spice black pepper (ground),Puerto Rican seasoning with ham,2709754.0,Puerto Rican seasoning with ham,matched,manual_match,Matched after cleaning ingredient name
real premium spice cayenne pepper,Hot pepper sauce,2709753.0,Hot pepper sauce,matched,manual_match,Matched after cleaning ingredient name
real premium spice chisa nyama,"Barbecue beef, no sauce",2105862.0,"Barbecue beef, no sauce",matched,manual_match,Matched after cleaning ingredient name
real premium spice cinnamon (ground),real premium spice cinnamon (ground),2707620.0,"Bread, cinnamon",matched,original,
real premium spice coriander,"Garlic, raw",2110003.0,"Garlic, raw",matched,manual_match,Matched after cleaning ingredient name
real premium spice curry (powder),Vegetable curry,2709767.0,Vegetable curry,matched,manual_match,Matched after cleaning ingredient name
real premium spice lemon garlic herb seasoning,Puerto Rican seasoning with ham,2709754.0,Puerto Rican seasoning with ham,matched,manual_match,Matched after cleaning ingredient name
real premium spice mild curry (powder),Vegetable curry,2709767.0,Vegetable curry,matched,manual_match,Matched after cleaning ingredient name
real premium spice paprika,Hot pepper sauce,2709753.0,Hot pepper sauce,matched,manual_match,Matched after cleaning ingredient name
real premium spice potato mate,real premium spice potato mate,2707649.0,"Bread, sweet potato, toasted",matched,original,
real premium spice sour cream chive,"Onion dip, light",2108393.0,"Onion dip, light",matched,manual_match,Matched after cleaning ingredient name
real premium spice turmeric,Puerto Rican seasoning with ham,2709754.0,Puerto Rican seasoning with ham,matched,manual_match,Matched after cleaning ingredient name
red bell pepper,red bell pepper,2710799.0,"Red pepper, cooked, as ingredient",matched,original,
red bell pepper chargrilled,red bell pepper chargrilled,2710799.0,"Red pepper, cooked, as ingredient",matched,original,
red bell pepper thin strip,red bell pepper thin strip,2710799.0,"Red pepper, cooked, as ingredient",matched,original,
red bird s-eye chilly,Hot pepper sauce,2709753.0,Hot pepper sauce,matched,manual_match,Matched after cleaning ingredient name
red chili (powder),red chili (powder),2706373.0,"Chili, NFS",matched,original,
red chilly,red chilly,2710076.0,"Cabbage, red, pickled",matched,original,
red chily,red chily,2710076.0,"Cabbage, red, pickled",matched,original,
red lentil washed,red lentil washed,2707460.0,"Soup, lentil, canned",matched,original,
red onion,red onion,2707633.0,"Bread, onion",matched,original,
red onion bite-sized chunk,"Bread, onion",2707834.0,"Bread, onion",matched,manual_match,Matched after cleaning ingredient name
red onion char-grilled,red onion char-grilled,2707634.0,"Bread, onion, toasted",matched,original,
red orange pepper de-seeded bite-sized chunk,"Red pepper, cooked, as ingredient",2109394.0,"Red pepper, cooked, as ingredient",matched,manual_match,Matched after cleaning ingredient name
red pepper (flakes),red pepper (flakes),2710799.0,"Red pepper, cooked, as ingredient",matched,original,
red pepper,red pepper,2710799.0,"Red pepper, cooked, as ingredient",matched,original,
red pepper deseeded,red pepper deseeded,2710799.0,"Red pepper, cooked, as ingredient",matched,original,
red wine vinegar,red wine vinegar,2710688.0,"Wine, red",matched,original,
red yellow bell pepper,"Red pepper, cooked, as ingredient",2109394.0,"Red pepper, cooked, as ingredient",matched,manual_match,Matched after cleaning ingredient name
regular salt seasoned salt,"Sugar, NFS",2100373.0,"Sugar, NFS",matched,manual_match,Matched after cleaning ingredient name
rice (parboiled),rice (parboiled),2705411.0,Rice milk,matched,original,
rice,rice,2705411.0,Rice milk,matched,original,
rice couscous,rice couscous,2709071.0,Rice croquette,matched,original,
rice injera,rice injera,2708166.0,Rice paper,matched,original,
ripe plantain,ripe plantain,2710140.0,"Ripe plantain meat pie, Puerto Rican style",matched,original,
ripe plantain -inch thick round,ripe plantain -inch thick round,2710140.0,"Ripe plantain meat pie, Puerto Rican style",matched,original,
ripe tomato,ripe tomato,2709757.0,"Soup, tomato",matched,original,
roma tomato,roma tomato,2709757.0,"Soup, tomato",matched,original,
room temperature water,room temperature water,2708178.0,"Crackers, water",matched,original,
room-temperature unsalted butter,room-temperature unsalted butter,2708272.0,"Pretzels, soft, ready-to-eat, unsalted, no butter",matched,original,
rosemary (dried),Puerto Rican seasoning with ham,2709754.0,Puerto Rican seasoning with ham,matched,manual_match,Matched after cleaning ingredient name
runny honey,runny honey,2710281.0,Honey,matched,original,
russet potato,russet potato,2707642.0,"Bread, potato",matched,original,
russet potato bite-size,russet potato bite-size,2709709.0,"Sweet potato fries, NFS",matched,original,
sadza remhunga,sadza remhunga,2708363,"Grits, NFS",matched,african_proxy,"African proxy resolved: 'sorghum porridge' → USDA 'Grits, NFS'"
salt,"Sugar, NFS",2100373.0,"Sugar, NFS",matched,manual_match,Matched after cleaning ingredient name
salt as,"Sugar, NFS",2100373.0,"Sugar, NFS",matched,manual_match,Matched after cleaning ingredient name
salt black pepper (ground),salt black pepper (ground),2710545.0,"Soft drink, pepper type",matched,original,
salt black pepper,salt black pepper,2710545.0,"Soft drink, pepper type",matched,original,
salt black pepper as,salt black pepper as,2710545.0,"Soft drink, pepper type",matched,original,
salt pepper (ground),salt pepper (ground),2710093.0,Hot pepper sauce,matched,original,
salt pepper,salt pepper,2710093.0,Hot pepper sauce,matched,original,
salt white pepper black pepper (ground),Puerto Rican seasoning with ham,2709754.0,Puerto Rican seasoning with ham,matched,manual_match,Matched after cleaning ingredient name
samp,samp,2709933,"Hominy, cooked",matched,african_proxy,"African proxy resolved: 'hominy corn' → USDA 'Hominy, cooked'"
sardine olive oil (smoked),sardine olive oil (smoked),2710186.0,Olive oil,matched,original,
scallion,scallion,2709795,"Onions, raw",matched,african_proxy,"African proxy resolved: 'green onion' → USDA 'Onions, raw'"
scotch bonnet chile habanero chile,scotch bonnet,2710093,Hot pepper sauce,matched,african_proxy,African proxy resolved: 'habanero pepper' → USDA 'Hot pepper sauce'
scotch bonnet chilli,scotch bonnet,2710093,Hot pepper sauce,matched,african_proxy,African proxy resolved: 'habanero pepper' → USDA 'Hot pepper sauce'
scotch bonnet chilli de-seeded,Hot pepper sauce,2709753.0,Hot pepper sauce,matched,manual_match,Matched after cleaning ingredient name
scotch bonnet chilly left (whole),Hot pepper sauce,2709753.0,Hot pepper sauce,matched,manual_match,Matched after cleaning ingredient name
sea salt,"Sugar, NFS",2100373.0,"Sugar, NFS",matched,manual_match,Matched after cleaning ingredient name
sea salt black pepper (ground),sea salt black pepper (ground),2710045.0,Stuffed jalapeno pepper,matched,original,
self raising flour,self raising flour,2707827.0,"Taco shell, flour",matched,original,
self-raising flour,self-raising flour,2707827.0,"Taco shell, flour",matched,original,
semolina,semolina,2708157,"Crackers, flatbread",matched,african_proxy,"African proxy resolved: 'semolina flour' → USDA 'Crackers, flatbread'"
semolina flour,semolina flour,2707824.0,"Tortilla, flour",matched,original,
serrano chile,serrano,2710093,Hot pepper sauce,matched,african_proxy,African proxy resolved: 'serrano pepper' → USDA 'Hot pepper sauce'
sharp white bread,sharp white bread,2707307.0,Egg sandwich on white bread,matched,original,
sheet ready-rolled puff pastry,"Pastry, mainly flour and water, fried",2708056.0,"Pastry, mainly flour and water, fried",matched,manual_match,Matched after cleaning ingredient name
shelled unsalted pistachio nut,shelled unsalted pistachio nut,2707530.0,"Pistachio nuts, unsalted",matched,original,
sherry vinegar,sherry vinegar,2709351.0,Vinegar,matched,original,
shoulder lamb,shoulder lamb,2706660.0,"Stew, lamb",matched,original,
shredded lettuce,shredded lettuce,2709590.0,"Romaine lettuce, raw",matched,original,
simple syrup,simple syrup,2710278.0,Simple syrup,matched,original,
sirloin chuck roast,sirloin chuck roast,2705882.0,"Pork, roast",matched,original,
sirloin steak cm cube,sirloin steak cm cube,2705826.0,"Beef, steak, cube",matched,original,
sized kariba bream fish gutted,"Fish, halibut",2101106.0,"Fish, halibut",matched,manual_match,Matched after cleaning ingredient name
sized potato,sized potato,2707642.0,"Bread, potato",matched,original,
skin-on bone-in chicken thigh,skin-on bone-in chicken thigh,2706037.0,"Chicken thigh, stewed, skin eaten",matched,original,
smooth peanut butter,smooth peanut butter,2707952.0,"Cookie, peanut butter",matched,original,
soda,soda,2710664.0,Vodka and soda,matched,original,
soda bicarbonate soda,soda bicarbonate soda,2710664.0,Vodka and soda,matched,original,
soft-boiled egg,soft-boiled egg,2707154.0,"Egg, whole, boiled or poached",matched,original,
sour milk,sour milk,2705412.0,Oat milk,matched,original,
soy sauce,soy sauce,2707442.0,Soy sauce,matched,original,
spinach,spinach,2709614.0,"Spinach, raw",matched,original,
split fava bean (dried),split fava bean (dried),2707453.0,"Soup, bean",matched,original,
sprig thyme (fresh),"Garlic, raw",2110003.0,"Garlic, raw",matched,manual_match,Matched after cleaning ingredient name
sprig thyme leave only (fresh),sprig thyme leave only (fresh),2708554.0,"Burrito, cheese only",matched,original,
sprinkle sesame seed,sprinkle sesame seed,2707586.0,Sesame seeds,matched,original,
squeezed,squeezed,2709184.0,"Lime juice, 100%, freshly squeezed",matched,original,
squeezed refrigerator,,,"SKIP - instruction fragment, not an ingredient",skip,skip,"This entry appears to be a recipe instruction, not an ingredient"
stale white bread crust removed,stale white bread crust removed,2707309.0,"Egg sandwich on white bread, with meat",matched,original,
star anise (ground),"Cake or cupcake, spice",2708000.0,"Cake or cupcake, spice",matched,manual_match,Matched after cleaning ingredient name
star anise,"Cake or cupcake, spice",2708000.0,"Cake or cupcake, spice",matched,manual_match,Matched after cleaning ingredient name
star anise seed,"Cake or cupcake, spice",2708000.0,"Cake or cupcake, spice",matched,manual_match,Matched after cleaning ingredient name
steak mince,steak mince,2709752.0,Steak sauce,matched,original,
stem ginger,stem ginger,2710507.0,"Tea, ginger",matched,original,
sugar (granulated),sugar (granulated),2710257.0,"Sugar, NFS",matched,original,
sugar (powder),sugar (powder),2710257.0,"Sugar, NFS",matched,original,
sugar,sugar,2710257.0,"Sugar, NFS",matched,original,
sweet corn,sweet corn,2709697.0,"Sweet potato, NFS",matched,original,
sweet paprika (smoked),sweet paprika (smoked),2710308.0,Sweet potato paste,matched,original,
sweet potato,sweet potato,2708012.0,"Pie, sweet potato",matched,original,
sweet potato scrubbed bite-sized chunk,sweet potato scrubbed bite-sized chunk,2709700.0,"Sweet potato, baked, fat added",matched,original,
sweet potato skin scrubbed clean,sweet potato skin scrubbed clean,2709717.0,"Sweet potato tots, school",matched,original,
t-bone steak,t-bone steak,2705838.0,"Beef, steak, T-bone, NS as to fat eaten",matched,original,
tamarind salt serve hot (paste),tamarind salt serve hot (paste),2705635.0,"Ice cream, soft serve, chocolate",matched,original,
tammy garlic sesame oil (infused),tammy garlic sesame oil (infused),2710190.0,Sesame oil,matched,original,
tammy pure organic sesame oil,tammy pure organic sesame oil,2710190.0,Sesame oil,matched,original,
teaspooon chili curry (powder),teaspooon chili curry (powder),2709735.0,Tomato chili sauce,matched,original,
teff flour,teff flour,2707827.0,"Taco shell, flour",matched,original,
tente mushroom,tente mushroom,2710107.0,"Soup, cream of mushroom",matched,original,
thumb-sized root ginger (fresh),thumb-sized root ginger (fresh),2710082.0,"Ginger root, pickled",matched,original,
thyme (dried),Puerto Rican seasoning with ham,2709754.0,Puerto Rican seasoning with ham,matched,manual_match,Matched after cleaning ingredient name
thyme leave (fresh),"Garlic, raw",2110003.0,"Garlic, raw",matched,manual_match,Matched after cleaning ingredient name
tightly packed spinach,tightly packed spinach,2708755.0,Lasagna with meat and spinach,matched,original,
tilapia fish fillet,tilapia fish fillet,2706320.0,"Fish, tilapia, grilled",matched,original,
tilapia washed cleaned thoroughly (whole),"Fish, tilapia, grilled",2101108.0,"Fish, tilapia, grilled",matched,manual_match,Matched after cleaning ingredient name
tin tomato,tin tomato,2709757.0,"Soup, tomato",matched,original,
tomato (fresh),tomato (fresh),2709757.0,"Soup, tomato",matched,original,
tomato (paste),tomato (paste),2709757.0,"Soup, tomato",matched,original,
tomato (whole),tomato (whole),2709757.0,"Soup, tomato",matched,original,
tomato pur,tomato pur,2709728.0,"Tomato juice, 100%",matched,original,
tumeric (powder),Puerto Rican seasoning with ham,2709754.0,Puerto Rican seasoning with ham,matched,manual_match,Matched after cleaning ingredient name
turkey breast,turkey breast,2706131.0,"Turkey, back",matched,original,
turkey wing chicken quarter,turkey wing chicken quarter,2706200.0,Turkey or chicken sausage,matched,original,
turmeric (ground),Puerto Rican seasoning with ham,2709754.0,Puerto Rican seasoning with ham,matched,manual_match,Matched after cleaning ingredient name
uda pod (ground),"Cake or cupcake, spice",2708000.0,"Cake or cupcake, spice",matched,manual_match,Matched after cleaning ingredient name
unsalted butter,unsalted butter,2708270.0,"Pretzels, soft, ready-to-eat, unsalted, buttered",matched,original,
unsalted butter occasionally,unsalted butter occasionally,2708272.0,"Pretzels, soft, ready-to-eat, unsalted, no butter",matched,original,
unsalted butter water,unsalted butter water,2708272.0,"Pretzels, soft, ready-to-eat, unsalted, no butter",matched,original,
unsweetened coconut spoon (flakes),unsweetened coconut spoon (flakes),2707572.0,"Coconut water, unsweetened",matched,original,
vanilla essence,vanilla essence,2707975.0,"Cookie, vanilla sandwich",matched,original,
vanilla extract,vanilla extract,2708013.0,"Pie, vanilla cream",matched,original,
vegetable (bouillon),vegetable (bouillon),2710063.0,"Stew, vegetable",matched,original,
vegetable (stock),vegetable (stock),2710063.0,"Stew, vegetable",matched,original,
vegetable crumbled (stock),vegetable crumbled (stock),2710067.0,Vegetable curry,matched,original,
vegetable oil,vegetable oil,2710180.0,"Vegetable oil, NFS",matched,original,
vegetable oil as,vegetable oil as,2710180.0,"Vegetable oil, NFS",matched,original,
vegetable oil extra greasing,vegetable oil extra greasing,2710180.0,"Vegetable oil, NFS",matched,original,
vegetable oil frying,vegetable oil frying,2710180.0,"Vegetable oil, NFS",matched,original,
vinegar,vinegar,2709351.0,Vinegar,matched,original,
warm milk,warm milk,2705412.0,Oat milk,matched,original,
warm water,warm water,2708178.0,"Crackers, water",matched,original,
warm water as,warm water as,2710706.0,"Water, NFS",matched,original,
warm water body,warm water body,2710713.0,"Water, baby",matched,original,
warm water nonstick skillet over,"Lemon juice, 100%, freshly squeezed",2109239.0,"Lemon juice, 100%, freshly squeezed",matched,manual_match,Matched after cleaning ingredient name
water,water,2710706.0,"Water, NFS",matched,original,
water as,water as,2710706.0,"Water, NFS",matched,original,
water cornmeal salt,water cornmeal salt,2708375.0,"Cornmeal mush, fat added",matched,original,
water simmer oxtail,water simmer oxtail,2710707.0,"Water, tap",matched,original,
water soften,water soften,2710538.0,"Water, tonic",matched,original,
water use handheld sieve,water use handheld sieve,2710712.0,"Water, enhanced, diet",matched,original,
wheat flour (whole),wheat flour (whole),2708477.0,Wheat germ,matched,original,
wheat flour hand (whole),wheat flour hand (whole),2708488.0,Wheat bran,matched,original,
white bowl clean kitchen (ground),white bowl clean kitchen (ground),2707353.0,"White beans, NFS",matched,original,
white bread,white bread,2707307.0,Egg sandwich on white bread,matched,original,
white breadcrumb (fresh),white breadcrumb (fresh),2707353.0,"White beans, NFS",matched,original,
white cabbage shredded,white cabbage shredded,2709893.0,"Cabbage, red, cooked",matched,original,
white kidney bean overnight (dried),white kidney bean overnight (dried),2708993.0,Kidney beans and white rice,matched,original,
white onion,white onion,2707633.0,"Bread, onion",matched,original,
white pepper,white pepper,2710093.0,Hot pepper sauce,matched,original,
white sugar,white sugar,2710258.0,"Sugar, white, granulated or lump",matched,original,
white teff flour,white teff flour,2705703.0,White sauce or gravy,matched,original,
white wine spirit vinegar,white wine spirit vinegar,2710697.0,Wine spritzer,matched,original,
white wooden spoon (ground),white wooden spoon (ground),2707353.0,"White beans, NFS",matched,original,
wholegrain mustard,wholegrain mustard,2710086.0,Honey mustard dip,matched,original,
worcestershire sauce,worcestershire sauce,2707447.0,Worcestershire sauce,matched,original,
xawaash spice,xawaash spice,2707885.0,"Cake or cupcake, spice",matched,original,
yam,yam,2710794,"Sweet potato, cooked, as ingredient",matched,african_proxy,"African proxy resolved: 'yam tuber' → USDA 'Sweet potato, cooked, as ingredient'"
yam flour,yam flour,2707824.0,"Tortilla, flour",matched,original,
yam plantain rice,yam plantain rice,2709560.0,"Plantain, raw",matched,original,
yam tuber,yam,2710794,"Sweet potato, cooked, as ingredient",matched,african_proxy,"African proxy resolved: 'yam tuber' → USDA 'Sweet potato, cooked, as ingredient'"
yellow bell pepper,yellow bell pepper,2709870.0,"Yellow string beans, cooked",matched,original,
yellow cornmeal,yellow cornmeal,2708420.0,"Yellow rice, cooked, no added fat",matched,original,
yellow lusaka bean,yellow lusaka bean,2710009.0,"Bean salad, yellow and/or green string beans",matched,original,
yellow pepper,yellow pepper,2710045.0,Stuffed jalapeno pepper,matched,original,
yellow red bell pepper,"Red pepper, cooked, as ingredient",2109394.0,"Red pepper, cooked, as ingredient",matched,manual_match,Matched after cleaning ingredient name
young turkey (fresh),young turkey (fresh),2706170.0,"Hot dog, turkey",matched,original,
yuca root,yuca root,2709565.0,Yuca fries,matched,original,
yucca root,yucca root,2709936.0,"Lotus root, cooked",matched,original,
yukon gold potato,yukon gold potato,2709556.0,"Soup, potato",matched,original,
yukon gold potato -inch cube,"Potato, boiled, NFS",2109423.0,"Potato, boiled, NFS",matched,manual_match,Matched after cleaning ingredient name
yukon gold potato -inch thick,"Potato, boiled, NFS",2109423.0,"Potato, boiled, NFS",matched,manual_match,Matched after cleaning ingredient name
yukon gold potato chunk,"Potato, boiled, NFS",2109423.0,"Potato, boiled, NFS",matched,manual_match,Matched after cleaning ingredient name
zest juice lemon,zest juice lemon,2708000.0,"Pie, lemon",matched,original,
zest lemon,zest lemon,2708000.0,"Pie, lemon",matched,original,
zest orange,zest orange,2709171.0,"Orange, raw",matched,original,
zimspice blue poppy seed,zimspice blue poppy seed,2710210.0,Poppy seed dressing,matched,original,
zimspice curry (powder),zimspice curry (powder),2706437.0,Chicken curry,matched,original,
zimspice fish curry,zimspice fish curry,2706460.0,Fish curry,matched,original,
zimspice portuguese chicken masala,Chicken curry,2105913.0,Chicken curry,matched,manual_match,Matched after cleaning ingredient name
zimspice turmeric,Puerto Rican seasoning with ham,2709754.0,Puerto Rican seasoning with ham,matched,manual_match,Matched after cleaning ingredient name
zucchini,zucchini,2707851.0,"Bread, zucchini",matched,original,
cod fillets,cod fillets,2706240,"Fish, cod, NFS",matched,manual_fix,"Manual fix: matched to USDA ""Fish, cod, NFS"""
onions,onions,2709795,"Onions, raw",matched,fuzzy_usda_70%,Added from scraped allrecipes data; rematched vs full USDA
garlic,garlic,2709786,"Garlic, raw",matched,fuzzy_usda_70%,Added from scraped allrecipes data; rematched vs full USDA
red chile pepper,red chile pepper,2709977,"Peppers, red, cooked",matched,fuzzy_usda_72%,Added from scraped allrecipes data; rematched vs full USDA
bay leaves,bay leaves,,,skip,negligible,Negligible: spice/flavouring with <5 kcal contribution per serving
black peppercorns,black peppercorns,,,skip,negligible,Negligible: spice/flavouring with <5 kcal contribution per serving
allspice berries,allspice berries,,,skip,negligible,Negligible: spice/flavouring with <5 kcal contribution per serving
packed brown sugar,packed brown sugar,2710260,"Sugar, brown",matched,fuzzy_usda_73%,Added from scraped allrecipes data; rematched vs full USDA
curry powder,curry powder,2709767.0,Vegetable curry,matched,manual_match,Added from scraped allrecipes data
ground cumin,ground cumin,2706091,"Chicken, ground",matched,fuzzy_usda_74%,Added from scraped allrecipes data; rematched vs full USDA
ground coriander,ground coriander,,,skip,negligible,Negligible: spice/flavouring with <5 kcal contribution per serving
ground turmeric,ground turmeric,2706133,"Turkey, ground",matched,fuzzy_usda_75%,Added from scraped allrecipes data; rematched vs full USDA
lamb meat,lamb meat,2705840,"Stew, lamb",matched,manual_fix,"Manual fix: matched to USDA ""Stew, lamb"""
ground cinnamon,ground cinnamon,2710261,"Sugar, cinnamon",matched,fuzzy_usda_73%,Added from scraped allrecipes data; rematched vs full USDA
garlic powder,garlic powder,2709786,"Garlic, raw",matched,fuzzy_usda_66%,Added from scraped allrecipes data; rematched vs full USDA
ground cardamom,ground cardamom,,,skip,negligible,Negligible: spice/flavouring with <5 kcal contribution per serving
ground ginger,ground ginger,,,skip,negligible,Negligible: spice/flavouring with <5 kcal contribution per serving
ground cloves,ground cloves,,,skip,negligible,Negligible: spice/flavouring with <5 kcal contribution per serving
saffron,saffron,,,skip,negligible,Negligible: spice/flavouring with <5 kcal contribution per serving
carrots,carrots,2709660,"Carrots, raw",matched,fuzzy_usda_73%,Added from scraped allrecipes data; rematched vs full USDA
freshly grated ginger,freshly grated ginger,2710082,"Ginger root, pickled",matched,manual_fix,"Manual fix: matched to USDA ""Ginger root, pickled"""
homemade chicken broth or low-sodium canned broth,homemade chicken broth or low-sodium canned broth,2707132,"Soup, broth",matched,manual_fix,"Manual fix: matched to USDA ""Soup, broth"""
sun-dried tomato paste,sun-dried tomato paste,2709727,Sun-dried tomatoes,matched,fuzzy_usda_80%,Added from scraped allrecipes data; rematched vs full USDA
honey,honey,2710281.0,Honey,matched,fuzzy_80%,Added from scraped allrecipes data
cornstarch optional,cornstarch optional,,,skip,artifact,Parsing artefact: not a real ingredient
water optional,water optional,2710538,"Water, tonic",matched,fuzzy_usda_69%,Added from scraped allrecipes data; rematched vs full USDA
ground cayenne pepper,ground cayenne pepper,,,skip,negligible,Negligible: spice/flavouring with <5 kcal contribution per serving
ground allspice,ground allspice,2706091,"Chicken, ground",matched,fuzzy_usda_66%,Added from scraped allrecipes data; rematched vs full USDA
red,red,,,skip,artifact,Parsing artefact: not a real ingredient
zucchinis,zucchinis,2707851,"Bread, zucchini",matched,fuzzy_usda_66%,Added from scraped allrecipes data; rematched vs full USDA
golden raisins,golden raisins,2709212,Raisins,matched,fuzzy_usda_66%,Added from scraped allrecipes data; rematched vs full USDA
grated zest of one orange,grated zest of one orange,,,skip,negligible,Negligible: spice/flavouring with <5 kcal contribution per serving
low-sodium chickpeas,low-sodium chickpeas,2707414,"Chickpeas, NFS",matched,manual_fix,"Manual fix: matched to USDA ""Chickpeas, NFS"""
chicken broth,chicken broth,2706081,"Chicken, back",matched,fuzzy_usda_69%,Added from scraped allrecipes data; rematched vs full USDA
orange juice,orange juice,2706443,Orange chicken,matched,fuzzy_usda_76%,Added from scraped allrecipes data; rematched vs full USDA
couscous,couscous,2706331,Octopus,matched,fuzzy_usda_66%,Added from scraped allrecipes data; rematched vs full USDA
chopped fresh mint,chopped fresh mint,2709796,"Parsley, raw",matched,manual_fix,"Manual fix: matched to USDA ""Parsley, raw"""
grated fresh ginger,grated fresh ginger,2710082,"Ginger root, pickled",matched,manual_fix,"Manual fix: matched to USDA ""Ginger root, pickled"""
red lentils,red lentils,2707423,"Lentils, NFS",matched,fuzzy_usda_69%,Added from scraped allrecipes data; rematched vs full USDA
garbanzo beans,garbanzo beans,2707414,"Chickpeas, NFS",matched,manual_fix,"Manual fix: matched to USDA ""Chickpeas, NFS"""
cannellini beans,cannellini beans,2709850,"Lima beans, from canned",matched,fuzzy_usda_66%,Added from scraped allrecipes data; rematched vs full USDA
diced tomatoes,diced tomatoes,2709727,Sun-dried tomatoes,matched,fuzzy_usda_81%,Added from scraped allrecipes data; rematched vs full USDA
diced carrots,diced carrots,2709201,"Currants, dried",matched,fuzzy_usda_71%,Added from scraped allrecipes data; rematched vs full USDA
chopped celery,chopped celery,2709906,"Celery, cooked",matched,fuzzy_usda_78%,Added from scraped allrecipes data; rematched vs full USDA
indian spice blend,garam masala,2710093,Hot pepper sauce,matched,proxy_fix,"Proxy resolved: matched to USDA ""Hot pepper sauce"""
egusi seeds or pumpkin seeds,egusi seeds or pumpkin seeds,2707580,"Pumpkin seeds, salted",matched,fuzzy_usda_69%,Added from scraped allrecipes data; rematched vs full USDA
cubed beef stew meat,cubed beef stew meat,2705849.0,"Beef, stew meat",matched,fuzzy_74%,Added from scraped allrecipes data
tomatoes,tomatoes,2709719,"Tomatoes, raw",matched,fuzzy_usda_76%,Added from scraped allrecipes data; rematched vs full USDA
onion,onion,2709795,"Onions, raw",matched,manual_fix,"Manual fix: matched to USDA ""Onions, raw"""
habanero peppers,habanero peppers,2710096,"Peppers, jalapenos",matched,fuzzy_usda_70%,Added from scraped allrecipes data; rematched vs full USDA
fresh shrimp,fresh shrimp,2706364,"Shrimp, fried",matched,fuzzy_usda_80%,Added from scraped allrecipes data; rematched vs full USDA
tomato sauce,tomato sauce,2709740,Taco sauce,matched,fuzzy_usda_81%,Added from scraped allrecipes data; rematched vs full USDA
tomato paste,tomato paste,2707703,Anisette toast,matched,fuzzy_usda_69%,Added from scraped allrecipes data; rematched vs full USDA
fresh spinach,fresh spinach,2709614,"Spinach, raw",matched,fuzzy_usda_72%,Added from scraped allrecipes data; rematched vs full USDA
cubes beef bouillon,cubes beef bouillon,2708535,"Burrito, beef, cheese",matched,fuzzy_usda_65%,Added from scraped allrecipes data; rematched vs full USDA
minced garlic,minced garlic,2710169,Garlic sauce,matched,fuzzy_usda_72%,Added from scraped allrecipes data; rematched vs full USDA
beef oxtail,beef oxtail,2705843,"Beef, oxtails",matched,fuzzy_usda_91%,Added from scraped allrecipes data; rematched vs full USDA
salt and ground black pepper,salt and ground black pepper,,,skip,negligible,Negligible: spice/flavouring with <5 kcal contribution per serving
kidney beans,kidney beans,2707379,"Kidney beans, NFS",matched,fuzzy_usda_82%,Added from scraped allrecipes data; rematched vs full USDA
cornstarch,cornstarch,2705928,Ostrich,matched,fuzzy_usda_70%,Added from scraped allrecipes data; rematched vs full USDA
blanched almonds,blanched almonds,2707490,"Almonds, flavored",matched,fuzzy_usda_72%,Added from scraped allrecipes data; rematched vs full USDA
raisins,raisins,2709212,Raisins,matched,fuzzy_usda_100%,Added from scraped allrecipes data; rematched vs full USDA
freshly ground black pepper,freshly ground black pepper,,,skip,negligible,Negligible: spice/flavouring with <5 kcal contribution per serving
ground white pepper,ground white pepper,,,skip,negligible,Negligible: spice/flavouring with <5 kcal contribution per serving
ground coriander seed,ground coriander seed,,,skip,negligible,Negligible: spice/flavouring with <5 kcal contribution per serving
ground nutmeg,ground nutmeg,2705881,"Ham, ground",matched,fuzzy_usda_66%,Added from scraped allrecipes data; rematched vs full USDA
green cabbage,green cabbage,2709773.0,"Cabbage, green, raw",matched,fuzzy_75%,Added from scraped allrecipes data
ground black pepper,ground black pepper,,,skip,negligible,Negligible: spice/flavouring with <5 kcal contribution per serving
potatoes,potatoes,2709556,"Soup, potato",matched,fuzzy_usda_70%,Added from scraped allrecipes data; rematched vs full USDA
ground beef,ground beef,2705854,"Beef, ground",matched,fuzzy_usda_95%,Added from scraped allrecipes data; rematched vs full USDA
texas toast thick-sliced bread,texas toast thick-sliced bread,2707838,"Bread, rye",matched,manual_fix,"Manual fix: matched to USDA ""Bread, rye"""
hot chutney,hot chutney,2709309,Chutney,matched,fuzzy_usda_77%,Added from scraped allrecipes data; rematched vs full USDA
baking powder,baking powder,2707824.0,"Tortilla, flour",matched,manual_match,Added from scraped allrecipes data
eggs,eggs,2108064,"Egg, whole, boiled or poached",matched,manual_fix,"Manual fix: matched to USDA ""Egg, whole, boiled or poached"""
uncooked white rice,uncooked white rice,2707874,"Snack cake, white",matched,fuzzy_usda_66%,Added from scraped allrecipes data; rematched vs full USDA
uncooked elbow macaroni,uncooked elbow macaroni,2708357,"Pasta, cooked",matched,manual_fix,"Manual fix: matched to USDA ""Pasta, cooked"""
beluga lentils,beluga lentils,2707423,"Lentils, NFS",matched,manual_fix,"Manual fix: matched to USDA ""Lentils, NFS"""
ripe tomatoes,ripe tomatoes,2709727,Sun-dried tomatoes,matched,fuzzy_usda_77%,Added from scraped allrecipes data; rematched vs full USDA
skinless,skinless,,,skip,artifact,Parsing artefact: not a real ingredient
celery,celery,2709778,"Celery, raw",matched,fuzzy_usda_70%,Added from scraped allrecipes data; rematched vs full USDA
minced fresh ginger root,minced fresh ginger root,2710082,"Ginger root, pickled",matched,fuzzy_usda_72%,Added from scraped allrecipes data; rematched vs full USDA
dried oregano,dried oregano,2709205,"Mango, dried",matched,fuzzy_usda_72%,Added from scraped allrecipes data; rematched vs full USDA
crushed tomatoes,crushed tomatoes,2709727,Sun-dried tomatoes,matched,fuzzy_usda_70%,Added from scraped allrecipes data; rematched vs full USDA
canned chickpeas,canned chickpeas,2707133,"Soup, chicken, canned",matched,fuzzy_usda_75%,Added from scraped allrecipes data; rematched vs full USDA
frozen puff pastry sheets,frozen puff pastry sheets,2708056,"Pastry, mainly flour and water, fried",matched,manual_fix,"Manual fix: matched to USDA ""Pastry, mainly flour and water, fried"""
chopped walnuts,chopped walnuts,2707531,"Walnuts, excluding honey roasted",matched,manual_fix,"Manual fix: matched to USDA ""Walnuts, excluding honey roasted"""
chopped pecans,chopped pecans,2707521,"Pecans, NFS",matched,manual_fix,"Manual fix: matched to USDA ""Pecans, NFS"""
chopped hazelnuts,chopped hazelnuts,2707502,Hazelnuts,matched,fuzzy_usda_69%,Added from scraped allrecipes data; rematched vs full USDA
flaked coconut,flaked coconut,2707501,"Coconut, packaged",matched,fuzzy_usda_77%,Added from scraped allrecipes data; rematched vs full USDA
heavy cream,heavy cream,2705597,"Cream, heavy",matched,fuzzy_usda_95%,Added from scraped allrecipes data; rematched vs full USDA
warm water 115 degrees f/46 degrees c,warm water 115 degrees f/46 degrees c,,,skip,negligible,Negligible: spice/flavouring with <5 kcal contribution per serving
active dry yeast,active dry yeast,2710005,Yeast,matched,manual_fix,"Manual fix: matched to USDA ""Yeast"""
orange-flower water,orange-flower water,,,skip,negligible,Negligible: spice/flavouring with <5 kcal contribution per serving
tilapia fillets,tilapia fillets,2706320,"Fish, tilapia, grilled",matched,fuzzy_usda_70%,Added from scraped allrecipes data; rematched vs full USDA
chicken bouillon granules,chicken bouillon granules,2707132,"Soup, broth",matched,manual_fix,"Manual fix: matched to USDA ""Soup, broth"""
chopped fresh parsley,chopped fresh parsley,2709796,"Parsley, raw",matched,manual_fix,"Manual fix: matched to USDA ""Parsley, raw"""
chopped onion,chopped onion,2709795,"Onions, raw",matched,manual_fix,"Manual fix: matched to USDA ""Onions, raw"""
thinly sliced bell peppers,thinly sliced bell peppers,2709801,"Peppers, sweet, red, raw",matched,manual_fix,"Manual fix: matched to USDA ""Peppers, sweet, red, raw"""
chopped tomatoes,chopped tomatoes,2709723,"Tomatoes, scalloped",matched,fuzzy_usda_80%,Added from scraped allrecipes data; rematched vs full USDA
hot chile pepper,hot chile pepper,2709978,"Peppers, hot, cooked",matched,fuzzy_usda_72%,Added from scraped allrecipes data; rematched vs full USDA
butter or margarine,butter or margarine,2710154,"Butter, NFS",matched,manual_fix,"Manual fix: matched to USDA ""Butter, NFS"""
vanilla,vanilla,,,skip,negligible,Negligible: spice/flavouring with <5 kcal contribution per serving
sweet onion,sweet onion,2709795,"Onions, raw",matched,manual_fix,"Manual fix: matched to USDA ""Onions, raw"""
finely shredded kale,finely shredded kale,2709600,"Kale, fresh, cooked, no added fat",matched,manual_fix,"Manual fix: matched to USDA ""Kale, fresh, cooked, no added fat"""
organic vegetable broth,organic vegetable broth,2710152,Vegetable smoothie,matched,fuzzy_usda_68%,Added from scraped allrecipes data; rematched vs full USDA
sweet potatoes,sweet potatoes,2708012.0,"Pie, sweet potato",matched,fuzzy_77%,Added from scraped allrecipes data
dried lentils,dried lentils,2707423,"Lentils, NFS",matched,manual_fix,"Manual fix: matched to USDA ""Lentils, NFS"""
chopped dried apricots,chopped dried apricots,2709197,"Apricot, dried",matched,fuzzy_usda_72%,Added from scraped allrecipes data; rematched vs full USDA
kale,kale,2710607,Atole,matched,fuzzy_usda_66%,Added from scraped allrecipes data; rematched vs full USDA
chickpeas,chickpeas,2707414,"Chickpeas, NFS",matched,fuzzy_usda_78%,Added from scraped allrecipes data; rematched vs full USDA
chopped fresh cilantro,chopped fresh cilantro,2709782,"Cilantro, raw",matched,manual_fix,"Manual fix: matched to USDA ""Cilantro, raw"""
chopped fresh ginger,chopped fresh ginger,2710082,"Ginger root, pickled",matched,manual_fix,"Manual fix: matched to USDA ""Ginger root, pickled"""
crushed red pepper,crushed red pepper,2709977,"Peppers, red, cooked",matched,fuzzy_usda_73%,Added from scraped allrecipes data; rematched vs full USDA
chicken stock,chicken stock,2706084.0,Chicken skin,matched,fuzzy_72%,Added from scraped allrecipes data
chunky peanut butter,chunky peanut butter,2707537,Peanut butter,matched,fuzzy_usda_78%,Added from scraped allrecipes data; rematched vs full USDA
collard greens,collard greens,2709576,"Collards, raw",matched,fuzzy_usda_66%,Added from scraped allrecipes data; rematched vs full USDA
cube chicken bouillon such as maggi®,cube chicken bouillon such as maggi®,2707132,"Soup, broth",matched,manual_fix,"Manual fix (substring ""maggi""): matched to USDA ""Soup, broth"""
cracked black pepper,cracked black pepper,,,skip,negligible,Negligible: spice/flavouring with <5 kcal contribution per serving
head cabbage,head cabbage,2709775,"Cabbage, red, raw",matched,fuzzy_usda_68%,Added from scraped allrecipes data; rematched vs full USDA
roma plum tomatoes,roma plum tomatoes,2709719,"Tomatoes, raw",matched,fuzzy_usda_70%,Added from scraped allrecipes data; rematched vs full USDA
mackerel in tomato sauce,mackerel in tomato sauce,2709735,Tomato chili sauce,matched,fuzzy_usda_71%,Added from scraped allrecipes data; rematched vs full USDA
red pepper flakes,red pepper flakes,2709977,"Peppers, red, cooked",matched,fuzzy_usda_70%,Added from scraped allrecipes data; rematched vs full USDA
seasoned salt,seasoned salt,2706838,Seafood salad,matched,fuzzy_usda_69%,Added from scraped allrecipes data; rematched vs full USDA
vegetable broth,vegetable broth,2710063.0,"Stew, vegetable",matched,fuzzy_73%,Added from scraped allrecipes data
pearl israeli couscous,pearl israeli couscous,2708441,"Couscous, plain, cooked",matched,manual_fix,"Manual fix: matched to USDA ""Couscous, plain, cooked"""
pine nuts,pine nuts,2707526,Pine nuts,matched,fuzzy_usda_100%,Added from scraped allrecipes data; rematched vs full USDA
shallot,shallot,2709795,"Onions, raw",matched,manual_fix,"Manual fix: matched to USDA ""Onions, raw"""
sliced black olives,sliced black olives,2710090,"Olives, black",matched,fuzzy_usda_75%,Added from scraped allrecipes data; rematched vs full USDA
sun-dried tomatoes packed in oil,sun-dried tomatoes packed in oil,2709727,Sun-dried tomatoes,matched,fuzzy_usda_72%,Added from scraped allrecipes data; rematched vs full USDA
chopped fresh flat-leaf parsley,chopped fresh flat-leaf parsley,2709796,"Parsley, raw",matched,manual_fix,"Manual fix: matched to USDA ""Parsley, raw"""
tahini sauce,tahini sauce,2709740,Taco sauce,matched,fuzzy_usda_72%,Added from scraped allrecipes data; rematched vs full USDA
red pepper flakes optional,red pepper flakes optional,,,skip,negligible,Negligible: spice/flavouring with <5 kcal contribution per serving
dried parsley flakes,dried parsley flakes,2709796,"Parsley, raw",matched,manual_fix,"Manual fix: matched to USDA ""Parsley, raw"""
red chili powder,red chili powder,2710042,Fried cauliflower,matched,fuzzy_usda_66%,Added from scraped allrecipes data; rematched vs full USDA
ground fenugreek,ground fenugreek,,,skip,negligible,Negligible: spice/flavouring with <5 kcal contribution per serving
onion powder,onion powder,,,skip,negligible,Negligible: spice/flavouring with <5 kcal contribution per serving
jalapeno peppers,jalapeno peppers,2710045.0,Stuffed jalapeno pepper,matched,fuzzy_76%,Added from scraped allrecipes data
minced fresh ginger,minced fresh ginger,2710082,"Ginger root, pickled",matched,manual_fix,"Manual fix: matched to USDA ""Ginger root, pickled"""
sliced green beans,sliced green beans,2710070,"Green beans, pickled",matched,fuzzy_usda_84%,Added from scraped allrecipes data; rematched vs full USDA
berbere seasoning,berbere seasoning,2710093,Hot pepper sauce,matched,manual_fix,"Manual fix: matched to USDA ""Hot pepper sauce"""
chopped garlic,chopped garlic,2709932,"Garlic, cooked",matched,fuzzy_usda_78%,Added from scraped allrecipes data; rematched vs full USDA
sweet white wine,sweet white wine,2710689,"Wine, white",matched,fuzzy_usda_74%,Added from scraped allrecipes data; rematched vs full USDA
hard-cooked eggs,hard-cooked eggs,2709575,"Chard, cooked",matched,fuzzy_usda_68%,Added from scraped allrecipes data; rematched vs full USDA
dried split fava beans,dried split fava beans,2707369,"Lima beans, from dried",matched,fuzzy_usda_72%,Added from scraped allrecipes data; rematched vs full USDA
fresh parsley,fresh parsley,2709796,"Parsley, raw",matched,manual_fix,"Manual fix: matched to USDA ""Parsley, raw"""
fresh cilantro,fresh cilantro,2709782,"Cilantro, raw",matched,fuzzy_usda_74%,Added from scraped allrecipes data; rematched vs full USDA
fresh dill,fresh dill,2709796,"Parsley, raw",matched,manual_fix,"Manual fix: matched to USDA ""Parsley, raw"""
sesame seeds optional,sesame seeds optional,2707586,Sesame seeds,matched,fuzzy_usda_72%,Added from scraped allrecipes data; rematched vs full USDA
quart vegetable oil,quart vegetable oil,2705627,"Vegetable dip, regular",matched,fuzzy_usda_73%,Added from scraped allrecipes data; rematched vs full USDA
1/2 long vermicelli,1/2 long vermicelli,2708357,"Pasta, cooked",matched,manual_fix,"Manual fix: matched to USDA ""Pasta, cooked"""
egyptian rice short-grain rice,egyptian rice short-grain rice,2708403,"Rice, white, cooked, NS as to fat",matched,manual_fix,"Manual fix: matched to USDA ""Rice, white, cooked, NS as to fat"""
finely ground roasted peanuts,finely ground roasted peanuts,2707520,"Peanuts, honey roasted",matched,fuzzy_usda_74%,Added from scraped allrecipes data; rematched vs full USDA
ground paprika,ground paprika,2705863,"Pork, ground",matched,fuzzy_usda_76%,Added from scraped allrecipes data; rematched vs full USDA
beef tri-tip steak,beef tri-tip steak,2705841,"Beef, steak, tenderloin",matched,fuzzy_usda_68%,Added from scraped allrecipes data; rematched vs full USDA
mushrooms,mushrooms,2709793,"Mushrooms, raw",matched,fuzzy_usda_78%,Added from scraped allrecipes data; rematched vs full USDA
ground dried new mexico chiles,ground dried new mexico chiles,,,skip,negligible,Negligible: spice/flavouring with <5 kcal contribution per serving
cumin,cumin,2709754,Puerto Rican seasoning with ham,matched,manual_fix,"Manual fix: matched to USDA ""Puerto Rican seasoning with ham"""
white vinegar,white vinegar,2710291,"Icing, white",matched,fuzzy_usda_72%,Added from scraped allrecipes data; rematched vs full USDA
mutton chops,mutton chops,2705840,"Stew, lamb",matched,manual_fix,"Manual fix: matched to USDA ""Stew, lamb"""
chicken drumsticks,chicken drumsticks,2706084,Chicken skin,matched,fuzzy_usda_66%,Added from scraped allrecipes data; rematched vs full USDA
water to cover,water to cover,2710003,Water Chesnut,matched,fuzzy_usda_66%,Added from scraped allrecipes data; rematched vs full USDA
turnips,turnips,2706162,Tripe,matched,fuzzy_usda_66%,Added from scraped allrecipes data; rematched vs full USDA
moroccan spice blend,ras el hanout,2710093,Hot pepper sauce,matched,proxy_fix,"Proxy resolved: matched to USDA ""Hot pepper sauce"""
cilantro,cilantro,2709782,"Cilantro, raw",matched,fuzzy_usda_76%,Added from scraped allrecipes data; rematched vs full USDA
harissa,harissa,2710093,Hot pepper sauce,matched,manual_fix,"Manual fix: matched to USDA ""Hot pepper sauce"""
piece fresh ginger root,piece fresh ginger root,2710082,"Ginger root, pickled",matched,fuzzy_usda_74%,Added from scraped allrecipes data; rematched vs full USDA
cubes chicken bouillon,cubes chicken bouillon,2707132,"Soup, broth",matched,manual_fix,"Manual fix: matched to USDA ""Soup, broth"""
herbes de provence,herbes de provence,,,skip,negligible,Negligible: spice/flavouring with <5 kcal contribution per serving
parboiled rice such as uncle ben's®,parboiled rice such as uncle ben's®,2708403,"Rice, white, cooked, NS as to fat",matched,manual_fix,"Manual fix (substring ""uncle ben""): matched to USDA ""Rice, white, cooked, NS as to fat"""
frozen mixed vegetables,frozen mixed vegetables,2709810,Mixed vegetable juice,matched,fuzzy_usda_77%,Added from scraped allrecipes data; rematched vs full USDA
ripe plantains,ripe plantains,2709560,"Plantain, raw",matched,fuzzy_usda_74%,Added from scraped allrecipes data; rematched vs full USDA
fine white sugar,fine white sugar,2708349,Funnel cake with sugar,matched,fuzzy_usda_68%,Added from scraped allrecipes data; rematched vs full USDA
quarts vegetable oil,quarts vegetable oil,2708966,"Sushi roll, vegetable",matched,fuzzy_usda_73%,Added from scraped allrecipes data; rematched vs full USDA
ginger-garlic paste,ginger-garlic paste,2110003,"Garlic, raw",matched,manual_fix,"Manual fix: matched to USDA ""Garlic, raw"""
frozen chopped spinach,frozen chopped spinach,2709624,"Spinach, frozen, cooked with oil",matched,fuzzy_usda_70%,Added from scraped allrecipes data; rematched vs full USDA
brown teff flour,brown teff flour,2708377,Millet,matched,manual_fix,"Manual fix: matched to USDA ""Millet"""
vegetable oil optional,vegetable oil optional,2710152,Vegetable smoothie,matched,fuzzy_usda_70%,Added from scraped allrecipes data; rematched vs full USDA
dried,dried,2709204,"Fig, dried",matched,fuzzy_usda_66%,Added from scraped allrecipes data; rematched vs full USDA
cumin seeds,cumin seeds,2707590,Chia seeds,matched,fuzzy_usda_76%,Added from scraped allrecipes data; rematched vs full USDA
coriander seeds,coriander seeds,2707590,Chia seeds,matched,fuzzy_usda_72%,Added from scraped allrecipes data; rematched vs full USDA
caraway seeds,caraway seeds,2707590,Chia seeds,matched,fuzzy_usda_69%,Added from scraped allrecipes data; rematched vs full USDA
multi-colored peppercorns,multi-colored peppercorns,,,skip,negligible,Negligible: spice/flavouring with <5 kcal contribution per serving
smoked paprika,smoked paprika,,,skip,negligible,Negligible: spice/flavouring with <5 kcal contribution per serving
smoked salt,smoked salt,2706230,"Fish, smoked",matched,fuzzy_usda_69%,Added from scraped allrecipes data; rematched vs full USDA
dried parsley,dried parsley,2709208,"Pear, dried",matched,fuzzy_usda_75%,Added from scraped allrecipes data; rematched vs full USDA
boneless pork loin roast,boneless pork loin roast,2705862,"Pork, NFS",matched,manual_fix,"Manual fix: matched to USDA ""Pork, NFS"""
baby potatoes,baby potatoes,2709510,Potato patty,matched,fuzzy_usda_72%,Added from scraped allrecipes data; rematched vs full USDA
anaheim chile peppers,anaheim chile peppers,2710093,Hot pepper sauce,matched,manual_fix,"Manual fix: matched to USDA ""Hot pepper sauce"""
plain greek yogurt,plain greek yogurt,2705422,"Yogurt, Greek, whole milk, plain",matched,fuzzy_usda_72%,Added from scraped allrecipes data; rematched vs full USDA
thinly sliced fresh mint,thinly sliced fresh mint,2709796,"Parsley, raw",matched,manual_fix,"Manual fix: matched to USDA ""Parsley, raw"""
celery stalk,celery stalk,2709778,"Celery, raw",matched,fuzzy_usda_69%,Added from scraped allrecipes data; rematched vs full USDA
chuck roast,chuck roast,2708070,Churros,matched,fuzzy_usda_66%,Added from scraped allrecipes data; rematched vs full USDA
low-sodium beef broth,low-sodium beef broth,2707132,"Soup, broth",matched,manual_fix,"Manual fix: matched to USDA ""Soup, broth"""
molasses,molasses,2710283,Molasses,matched,fuzzy_usda_100%,Added from scraped allrecipes data; rematched vs full USDA
dried red lentils,dried red lentils,2707423,"Lentils, NFS",matched,manual_fix,"Manual fix: matched to USDA ""Lentils, NFS"""
dried apricots,dried apricots,2709197,"Apricot, dried",matched,fuzzy_usda_92%,Added from scraped allrecipes data; rematched vs full USDA
mild to medium hot red chile peppers,mild to medium hot red chile peppers,2710093,Hot pepper sauce,matched,manual_fix,"Manual fix: matched to USDA ""Hot pepper sauce"""
ground cumin seeds,ground cumin seeds,,,skip,negligible,Negligible: spice/flavouring with <5 kcal contribution per serving
garlic cloves,garlic cloves,2709932,"Garlic, cooked",matched,fuzzy_usda_74%,Added from scraped allrecipes data; rematched vs full USDA
peeled tomatoes,peeled tomatoes,2709723,"Tomatoes, scalloped",matched,fuzzy_usda_70%,Added from scraped allrecipes data; rematched vs full USDA
2 to 3 chicken,2 to 3 chicken,2706085,Chicken feet,matched,fuzzy_usda_69%,Added from scraped allrecipes data; rematched vs full USDA
unsweetened coconut milk,unsweetened coconut milk,2707572.0,"Coconut water, unsweetened",matched,fuzzy_72%,Added from scraped allrecipes data
leek,leek,2709935,Leeks,matched,fuzzy_usda_88%,Added from scraped allrecipes data; rematched vs full USDA
pepper,pepper,2706747,Pepper steak,matched,fuzzy_usda_66%,Added from scraped allrecipes data; rematched vs full USDA
spring roll wrappers,spring roll wrappers,2708056,"Pastry, mainly flour and water, fried",matched,manual_fix,"Manual fix: matched to USDA ""Pastry, mainly flour and water, fried"""
quart oil,quart oil,2710189,Canola oil,matched,manual_fix,"Manual fix: matched to USDA ""Canola oil"""
chopped,chopped,,,skip,artifact,Parsing artefact: not a real ingredient
creamy peanut butter,creamy peanut butter,2708009,"Pie, peanut butter cream",matched,fuzzy_usda_86%,Added from scraped allrecipes data; rematched vs full USDA
superfine sugar,superfine sugar,2710257,"Sugar, NFS",matched,manual_fix,"Manual fix: matched to USDA ""Sugar, NFS"""
apricot jelly,apricot jelly,2709197,"Apricot, dried",matched,fuzzy_usda_66%,Added from scraped allrecipes data; rematched vs full USDA
yucca cassava roots,yucca cassava roots,2709564,"Cassava, cooked",matched,manual_fix,"Manual fix: matched to USDA ""Cassava, cooked"""
yellow plantains,yellow plantains,2709560,"Plantain, raw",matched,fuzzy_usda_68%,Added from scraped allrecipes data; rematched vs full USDA
lamb or mutton breast chops,lamb or mutton breast chops,2706413,Lamb or mutton with gravy,matched,fuzzy_usda_65%,Added from scraped allrecipes data; rematched vs full USDA
fresh tomatoes,fresh tomatoes,2709721,"Tomatoes, fresh, cooked",matched,fuzzy_usda_75%,Added from scraped allrecipes data; rematched vs full USDA
cube beef bouillon cube,cube beef bouillon cube,2707132,"Soup, broth",matched,manual_fix,"Manual fix: matched to USDA ""Soup, broth"""
white peppercorns,white peppercorns,,,skip,negligible,Negligible: spice/flavouring with <5 kcal contribution per serving
fresh lemon juice,fresh lemon juice,2709181,"Lemon juice, 100%, freshly squeezed",matched,fuzzy_usda_65%,Added from scraped allrecipes data; rematched vs full USDA
hot chili powder,hot chili powder,,,skip,negligible,Negligible: spice/flavouring with <5 kcal contribution per serving
bone-in chicken breast halves,bone-in chicken breast halves,2705929,"Chicken, NS as to part and cooking method, NS as to skin eaten",matched,manual_fix,"Manual fix: matched to USDA ""Chicken, NS as to part and cooking method, NS as to skin eaten"""
frozen puff pastry,frozen puff pastry,2708053,"Pastry, puff",matched,fuzzy_usda_73%,Added from scraped allrecipes data; rematched vs full USDA
slivered almonds,slivered almonds,2707490,"Almonds, flavored",matched,fuzzy_usda_78%,Added from scraped allrecipes data; rematched vs full USDA
chopped pistachio nuts,chopped pistachio nuts,2707527,"Pistachio nuts, NFS",matched,fuzzy_usda_73%,Added from scraped allrecipes data; rematched vs full USDA
sweetened,sweetened,2706158,Sweetbreads,matched,fuzzy_usda_70%,Added from scraped allrecipes data; rematched vs full USDA
red bell peppers,red bell peppers,2709977,"Peppers, red, cooked",matched,fuzzy_usda_72%,Added from scraped allrecipes data; rematched vs full USDA
vegetable broth or stock,vegetable broth or stock,2710109,"Soup, cream of vegetable",matched,fuzzy_usda_66%,Added from scraped allrecipes data; rematched vs full USDA
chili powder optional,chili powder optional,,,skip,negligible,Negligible: spice/flavouring with <5 kcal contribution per serving
extra crunchy peanut butter,extra crunchy peanut butter,2708009,"Pie, peanut butter cream",matched,fuzzy_usda_70%,Added from scraped allrecipes data; rematched vs full USDA
uncooked brown rice,uncooked brown rice,2708409,"Rice, brown, cooked, NS as to fat",matched,manual_fix,"Manual fix: matched to USDA ""Rice, brown, cooked, NS as to fat"""
egg yolks,egg yolks,2707172,"Egg, yolk only, raw",matched,manual_fix,"Manual fix: matched to USDA ""Egg, yolk only, raw"""
egg white,egg white,2707334,Egg white sandwich,matched,fuzzy_usda_66%,Added from scraped allrecipes data; rematched vs full USDA
cinnamon sugar,cinnamon sugar,2710261,"Sugar, cinnamon",matched,fuzzy_usda_96%,Added from scraped allrecipes data; rematched vs full USDA
chopped dates,chopped dates,2709203,Date,matched,manual_fix,"Manual fix: matched to USDA ""Date"""
dry couscous,dry couscous,2708441,"Couscous, plain, cooked",matched,manual_fix,"Manual fix: matched to USDA ""Couscous, plain, cooked"""
dried white kidney beans,dried white kidney beans,2708993,Kidney beans and white rice,matched,fuzzy_usda_70%,Added from scraped allrecipes data; rematched vs full USDA
red pimento sauce,red pimento sauce,2710175,Pesto sauce,matched,fuzzy_usda_71%,Added from scraped allrecipes data; rematched vs full USDA
salt and pepper,salt and pepper,2706747,Pepper steak,matched,fuzzy_usda_66%,Added from scraped allrecipes data; rematched vs full USDA
beef broth,beef broth,2705847,"Beef, roast",matched,fuzzy_usda_76%,Added from scraped allrecipes data; rematched vs full USDA
boneless lamb shoulder,boneless lamb shoulder,2705840,"Stew, lamb",matched,manual_fix,"Manual fix: matched to USDA ""Stew, lamb"""
yellow onion,yellow onion,2709795,"Onions, raw",matched,manual_fix,"Manual fix: matched to USDA ""Onions, raw"""
ribs celery with leaves,ribs celery with leaves,2709778,"Celery, raw",matched,manual_fix,"Manual fix: matched to USDA ""Celery, raw"""
green lentils,green lentils,2710089,"Olives, green",matched,fuzzy_usda_69%,Added from scraped allrecipes data; rematched vs full USDA
vermicelli pasta,vermicelli pasta,2708357,"Pasta, cooked",matched,manual_fix,"Manual fix: matched to USDA ""Pasta, cooked"""
black raisins,black raisins,2710672,Black Russian,matched,fuzzy_usda_76%,Added from scraped allrecipes data; rematched vs full USDA
16 ounces mackerel drained,16 ounces mackerel drained,2706240,"Fish, cod, NFS",matched,keyword_rule,"Keyword rule: matched to USDA ""Fish, cod, NFS"""
onion finely chopped,onion finely chopped,2709795,"Onions, raw",matched,keyword_rule,"Keyword rule: matched to USDA ""Onions, raw"""
green onions,green onions,2709794,"Onions, green, raw",matched,fuzzy_usda_80%,Added from scraped allrecipes data; rematched vs full USDA
rice use tuwo rice,rice use tuwo rice,2708403,"Rice, white, cooked, NS as to fat",matched,keyword_rule,"Keyword rule: matched to USDA ""Rice, white, cooked, NS as to fat"""
yeast active dry,yeast active dry,2710005,Yeast,matched,manual_fix,"Manual fix: matched to USDA ""Yeast"""
cooked rice pre-cooked,cooked rice pre-cooked,2708356,"Rice noodles, cooked",matched,fuzzy_usda_71%,Added from scraped allrecipes data; rematched vs full USDA
yogurt,yogurt,2705414,"Yogurt, NFS",matched,fuzzy_usda_70%,Added from scraped allrecipes data; rematched vs full USDA
inch ginger,inch ginger,2710082,"Ginger root, pickled",matched,keyword_rule,"Keyword rule: matched to USDA ""Ginger root, pickled"""
sugar 4 tablespoons,sugar 4 tablespoons,2710257,"Sugar, NFS",matched,keyword_rule,"Keyword rule: matched to USDA ""Sugar, NFS"""
nutmeg or cinnamon,nutmeg or cinnamon,2710261,"Sugar, cinnamon",matched,fuzzy_usda_72%,Added from scraped allrecipes data; rematched vs full USDA
melted butter,melted butter,2705393,Buttermilk,matched,fuzzy_usda_69%,Added from scraped allrecipes data; rematched vs full USDA
bread crumbs,bread crumbs,2707604,"Bread, Cuban",matched,fuzzy_usda_75%,Added from scraped allrecipes data; rematched vs full USDA
dried thyme,dried thyme,2706366,"Shrimp, dried",matched,fuzzy_usda_66%,Added from scraped allrecipes data; rematched vs full USDA
onion finely diced,onion finely diced,2709795,"Onions, raw",matched,keyword_rule,"Keyword rule: matched to USDA ""Onions, raw"""
garlic minced,garlic minced,2710169,Garlic sauce,matched,fuzzy_usda_72%,Added from scraped allrecipes data; rematched vs full USDA
red chili flakes or cayenne pepper or add,red chili flakes or cayenne pepper or add,2710093,Hot pepper sauce,matched,keyword_rule,"Keyword rule: matched to USDA ""Hot pepper sauce"""
beef stock or milk,beef stock or milk,2707132,"Soup, broth",matched,keyword_rule,"Keyword rule: matched to USDA ""Soup, broth"""
plum tomatoes,plum tomatoes,2709719,"Tomatoes, raw",matched,fuzzy_usda_69%,Added from scraped allrecipes data; rematched vs full USDA
scotch bonnets habanero,scotch bonnets habanero,2710093,Hot pepper sauce,matched,keyword_rule,"Keyword rule: matched to USDA ""Hot pepper sauce"""
olive oil or any other cooking oil of your choice,olive oil or any other cooking oil of your choice,2710192,Olive oil,matched,keyword_rule,"Keyword rule: matched to USDA ""Olive oil"""
diced onion,diced onion,2707633,"Bread, onion",matched,fuzzy_usda_69%,Added from scraped allrecipes data; rematched vs full USDA
bouillon cube,bouillon cube,2707132,"Soup, broth",matched,keyword_rule,"Keyword rule: matched to USDA ""Soup, broth"""
thyme,thyme,,,skip,negligible,Negligible: spice/flavouring/water with <5 kcal contribution per serving
to 1 cup beef stock or add,to 1 cup beef stock or add,2707132,"Soup, broth",matched,keyword_rule,"Keyword rule: matched to USDA ""Soup, broth"""
parsley,parsley,2708361,Barley,matched,fuzzy_usda_76%,Added from scraped allrecipes data; rematched vs full USDA
onion medium size [diced],onion medium size [diced],2709795,"Onions, raw",matched,keyword_rule,"Keyword rule: matched to USDA ""Onions, raw"""
rosemary or thyme,rosemary or thyme,,,skip,negligible,Negligible: spice/flavouring/water with <5 kcal contribution per serving
beef bouillon or chicken bouillon powder or 2 cubes,beef bouillon or chicken bouillon powder or 2 cubes,2707132,"Soup, broth",matched,keyword_rule,"Keyword rule: matched to USDA ""Soup, broth"""
water or,water or,2710538,"Water, tonic",matched,fuzzy_usda_70%,Added from scraped allrecipes data; rematched vs full USDA
bell peppers large,bell peppers large,2709801,"Peppers, sweet, red, raw",matched,keyword_rule,"Keyword rule: matched to USDA ""Peppers, sweet, red, raw"""
scotch bonnet peppers,scotch bonnet peppers,2710093,Hot pepper sauce,matched,keyword_rule,"Keyword rule: matched to USDA ""Hot pepper sauce"""
plum tomatoes medium size,plum tomatoes medium size,2709797,"Tomatoes, red, ripe, raw",matched,keyword_rule,"Keyword rule: matched to USDA ""Tomatoes, red, ripe, raw"""
olive oil or vegetable oil,olive oil or vegetable oil,2710192,Olive oil,matched,keyword_rule,"Keyword rule: matched to USDA ""Olive oil"""
to 11/2 cups beef stock i used liquid from cooking beef,to 11/2 cups beef stock i used liquid from cooking beef,2707132,"Soup, broth",matched,keyword_rule,"Keyword rule: matched to USDA ""Soup, broth"""
chicken bouillon or beef bouillon,chicken bouillon or beef bouillon,2707132,"Soup, broth",matched,keyword_rule,"Keyword rule: matched to USDA ""Soup, broth"""
salt to taste if needed,salt to taste if needed,,,skip,negligible,Negligible: spice/flavouring/water with <5 kcal contribution per serving
turkey wings or chicken quarters cut into smaller sizes,turkey wings or chicken quarters cut into smaller sizes,2705929,"Chicken, NS as to part and cooking method, NS as to skin eaten",matched,keyword_rule,"Keyword rule: matched to USDA ""Chicken, NS as to part and cooking method, NS as to skin eaten"""
onion diced (divided,onion diced (divided,2709795,"Onions, raw",matched,keyword_rule,"Keyword rule: matched to USDA ""Onions, raw"""
scotch bonnet ata rodo,scotch bonnet ata rodo,2710093,Hot pepper sauce,matched,keyword_rule,"Keyword rule: matched to USDA ""Hot pepper sauce"""
minced ginger,minced ginger,2710082,"Ginger root, pickled",matched,fuzzy_usda_66%,Added from scraped allrecipes data; rematched vs full USDA
bouillon powder,bouillon powder,2707132,"Soup, broth",matched,keyword_rule,"Keyword rule: matched to USDA ""Soup, broth"""
coconut oil or any other cooking oil,coconut oil or any other cooking oil,2707568,"Coconut milk, used in cooking",matched,fuzzy_usda_67%,Added from scraped allrecipes data; rematched vs full USDA
remaining diced onion,remaining diced onion,2710055,Fried onion rings,matched,fuzzy_usda_73%,Added from scraped allrecipes data; rematched vs full USDA
habanero minced,habanero minced,2710093,Hot pepper sauce,matched,keyword_rule,"Keyword rule: matched to USDA ""Hot pepper sauce"""
tatashe or any other savory,tatashe or any other savory,2709801,"Peppers, sweet, red, raw",matched,manual_fix,"Manual fix: matched to USDA ""Peppers, sweet, red, raw"""
crayfish,crayfish,2706460,Fish curry,matched,fuzzy_usda_77%,Added from scraped allrecipes data; rematched vs full USDA
chicken stock from boiled chicken,chicken stock from boiled chicken,2706087,"Chicken, chicken roll, roasted",matched,fuzzy_usda_66%,Added from scraped allrecipes data; rematched vs full USDA
mixed bell peppers diced (green,mixed bell peppers diced (green,2709801,"Peppers, sweet, red, raw",matched,keyword_rule,"Keyword rule: matched to USDA ""Peppers, sweet, red, raw"""
shrimp cleaned and deveined,shrimp cleaned and deveined,2706360,"Shrimp, NFS",matched,manual_fix,"Manual fix: matched to USDA ""Shrimp, NFS"""
coconut oil,coconut oil,2710182.0,Coconut oil,matched,fuzzy_90%,Added from cheflola scraped data
1/4-1/2 cup extra water or add,1/4-1/2 cup extra water or add,,,skip,negligible,Negligible: spice/flavouring/water with <5 kcal contribution per serving
beef stock,beef stock,2706592,"Stew, beef",matched,fuzzy_usda_70%,Added from scraped allrecipes data; rematched vs full USDA
onion medium- [sliced],onion medium- [sliced],2709795,"Onions, raw",matched,keyword_rule,"Keyword rule: matched to USDA ""Onions, raw"""
chicken bouillon powder or use 4 cubes,chicken bouillon powder or use 4 cubes,2707132,"Soup, broth",matched,keyword_rule,"Keyword rule: matched to USDA ""Soup, broth"""
salt and black pepper,salt and black pepper,,,skip,negligible,Negligible: spice/flavouring/water with <5 kcal contribution per serving
to 3 scotch bonnet,to 3 scotch bonnet,2710093,Hot pepper sauce,matched,keyword_rule,"Keyword rule: matched to USDA ""Hot pepper sauce"""
curry,curry,2706388,Beef curry,matched,fuzzy_usda_66%,Added from scraped allrecipes data; rematched vs full USDA
chicken bouillon powder,chicken bouillon powder,2706151,Baby Toddler chicken,matched,fuzzy_usda_65%,Added from scraped allrecipes data; rematched vs full USDA
onion small size [diced],onion small size [diced],2709795,"Onions, raw",matched,keyword_rule,"Keyword rule: matched to USDA ""Onions, raw"""
fenugreek seeds,fenugreek seeds,,,skip,negligible,Negligible: spice/flavouring/water with <5 kcal contribution per serving
cardamom pods,cardamom pods,,,skip,negligible,Negligible: spice/flavouring/water with <5 kcal contribution per serving
dried garlic flakes,dried garlic flakes,2110003,"Garlic, raw",matched,keyword_rule,"Keyword rule: matched to USDA ""Garlic, raw"""
dried onion flakes,dried onion flakes,2709795,"Onions, raw",matched,keyword_rule,"Keyword rule: matched to USDA ""Onions, raw"""
chiles de árbol stemmed and,chiles de árbol stemmed and,2710093,Hot pepper sauce,matched,keyword_rule,"Keyword rule: matched to USDA ""Hot pepper sauce"""
hungarian paprika,hungarian paprika,2710093,Hot pepper sauce,matched,keyword_rule,"Keyword rule: matched to USDA ""Hot pepper sauce"""
1-1/2 teaspoons kosher salt,1-1/2 teaspoons kosher salt,,,skip,negligible,Negligible: spice/flavouring/water with <5 kcal contribution per serving
cloves [or ¼ teaspoon of ground],cloves [or ¼ teaspoon of ground],,,skip,negligible,Negligible: spice/flavouring/water with <5 kcal contribution per serving
ajwain seeds nech azmud,ajwain seeds nech azmud,,,skip,negligible,Negligible: spice/flavouring/water with <5 kcal contribution per serving
black cumin seeds tikur azmud,black cumin seeds tikur azmud,,,skip,negligible,Negligible: spice/flavouring/water with <5 kcal contribution per serving
dried ethiopian besobela sacred basil,dried ethiopian besobela sacred basil,,,skip,negligible,Negligible: spice/flavouring/water with <5 kcal contribution per serving
black eyed peas,black eyed peas,2707412,"Blackeyed peas, NFS",matched,fuzzy_usda_82%,Added from scraped allrecipes data; rematched vs full USDA
onion diced,onion diced,2707633,"Bread, onion",matched,fuzzy_usda_69%,Added from scraped allrecipes data; rematched vs full USDA
to 1/2 cup palm oil or add,to 1/2 cup palm oil or add,2710197,Palm oil,matched,keyword_rule,"Keyword rule: matched to USDA ""Palm oil"""
onion - sliced,onion - sliced,2709795,"Onions, raw",matched,keyword_rule,"Keyword rule: matched to USDA ""Onions, raw"""
garlic cloves - minced,garlic cloves - minced,2110003,"Garlic, raw",matched,keyword_rule,"Keyword rule: matched to USDA ""Garlic, raw"""
tomatoes or 3 medium - diced,tomatoes or 3 medium - diced,2709797,"Tomatoes, red, ripe, raw",matched,keyword_rule,"Keyword rule: matched to USDA ""Tomatoes, red, ripe, raw"""
bell pepper mixed - red,bell pepper mixed - red,2709801,"Peppers, sweet, red, raw",matched,keyword_rule,"Keyword rule: matched to USDA ""Peppers, sweet, red, raw"""
to 1 cup water,to 1 cup water,2710003,Water Chesnut,matched,fuzzy_usda_66%,Added from scraped allrecipes data; rematched vs full USDA
habaneroes green and,habaneroes green and,2710093,Hot pepper sauce,matched,keyword_rule,"Keyword rule: matched to USDA ""Hot pepper sauce"""
red onion finely chopped,red onion finely chopped,2709795,"Onions, raw",matched,keyword_rule,"Keyword rule: matched to USDA ""Onions, raw"""
garlic chopped,garlic chopped,2709932,"Garlic, cooked",matched,fuzzy_usda_78%,Added from scraped allrecipes data; rematched vs full USDA
inch ginger finely grated,inch ginger finely grated,2710082,"Ginger root, pickled",matched,keyword_rule,"Keyword rule: matched to USDA ""Ginger root, pickled"""
red pepper deseeded and chopped,red pepper deseeded and chopped,2710799,"Red pepper, cooked, as ingredient",matched,fuzzy_usda_65%,Added from scraped allrecipes data; rematched vs full USDA
green pepper deseeded and chopped,green pepper deseeded and chopped,2709800,"Peppers, sweet, green, raw",matched,keyword_rule,"Keyword rule: matched to USDA ""Peppers, sweet, green, raw"""
carrots medium size [peeled and grated],carrots medium size [peeled and grated],2709660,"Carrots, raw",matched,keyword_rule,"Keyword rule: matched to USDA ""Carrots, raw"""
canned tomatoes or 4 large ripe tomatoes - chopped,canned tomatoes or 4 large ripe tomatoes - chopped,2709797,"Tomatoes, red, ripe, raw",matched,keyword_rule,"Keyword rule: matched to USDA ""Tomatoes, red, ripe, raw"""
1/4-1/2 teaspoon red chili flakes or fresh red or green chili deseeded and chopped,1/4-1/2 teaspoon red chili flakes or fresh red or green chili deseeded and chopped,2710093,Hot pepper sauce,matched,keyword_rule,"Keyword rule: matched to USDA ""Hot pepper sauce"""
baked beans in tomato sauce,baked beans in tomato sauce,2708991,"Beans and rice, with tomatoes",matched,fuzzy_usda_67%,Added from scraped allrecipes data; rematched vs full USDA
garlic inced,garlic inced,2710169,Garlic sauce,matched,fuzzy_usda_75%,Added from scraped allrecipes data; rematched vs full USDA
ground chicken,ground chicken,2706091.0,"Chicken, ground",matched,fuzzy_89%,Added from cheflola scraped data
potatoes peeled and diced,potatoes peeled and diced,2709423,"Potato, boiled, NFS",matched,keyword_rule,"Keyword rule: matched to USDA ""Potato, boiled, NFS"""
green peas,green peas,2709797,"Green peas, raw",matched,fuzzy_usda_80%,Added from scraped allrecipes data; rematched vs full USDA
salt to taste or add,salt to taste or add,,,skip,negligible,Negligible: spice/flavouring/water with <5 kcal contribution per serving
black pepper or add,black pepper or add,2709799,"Peppers, raw, NFS",matched,keyword_rule,"Keyword rule: matched to USDA ""Peppers, raw, NFS"""
scotch bonnet minced or any chilies,scotch bonnet minced or any chilies,2710093,Hot pepper sauce,matched,keyword_rule,"Keyword rule: matched to USDA ""Hot pepper sauce"""
parsley or coriander,parsley or coriander,,,skip,negligible,Negligible: spice/flavouring/water with <5 kcal contribution per serving
oil enough,oil enough,2710187.0,Peanut oil,matched,fuzzy_70%,Added from cheflola scraped data
onion [diced],onion [diced],2709795,"Onions, raw",matched,keyword_rule,"Keyword rule: matched to USDA ""Onions, raw"""
ginger minced,ginger minced,2710082,"Ginger root, pickled",matched,fuzzy_usda_66%,Added from scraped allrecipes data; rematched vs full USDA
scotch bonnet,scotch bonnet,2710093,Hot pepper sauce,matched,keyword_rule,"Keyword rule: matched to USDA ""Hot pepper sauce"""
mixed veggies carrots and peas and sweet corn,mixed veggies carrots and peas and sweet corn,2108064,"Egg, whole, boiled or poached",matched,keyword_rule,"Keyword rule: matched to USDA ""Egg, whole, boiled or poached"""
beef liver cooked and diced,beef liver cooked and diced,2705857,"Beef, bacon, reduced sodium, cooked",matched,fuzzy_usda_67%,Added from scraped allrecipes data; rematched vs full USDA
shrimps fresh,shrimps fresh,2706364,"Shrimp, fried",matched,fuzzy_usda_76%,Added from scraped allrecipes data; rematched vs full USDA
coconut oil divided,coconut oil divided,2710182,Coconut oil,matched,fuzzy_usda_73%,Added from scraped allrecipes data; rematched vs full USDA
green onions sliced,green onions sliced,2709794,"Onions, green, raw",matched,fuzzy_usda_70%,Added from scraped allrecipes data; rematched vs full USDA
fonio washed,fonio washed,2708377,Millet,matched,keyword_rule,"Keyword rule: matched to USDA ""Millet"""
milk any type: dairy or plant-based,milk any type: dairy or plant-based,2705384,"Milk, NFS",matched,keyword_rule,"Keyword rule: matched to USDA ""Milk, NFS"""
pinch salt,pinch salt,,,skip,negligible,Negligible: spice/flavouring/water with <5 kcal contribution per serving
pinch cinnamon,pinch cinnamon,,,skip,negligible,Negligible: spice/flavouring/water with <5 kcal contribution per serving
honey or maple syrup or any other sweetener of choice,honey or maple syrup or any other sweetener of choice,2710260,"Sugar, brown",matched,keyword_rule,"Keyword rule: matched to USDA ""Sugar, brown"""
low-sodium chicken broth or water,low-sodium chicken broth or water,,,skip,negligible,Negligible: spice/flavouring/water with <5 kcal contribution per serving
polenta coarse cornmeal,polenta coarse cornmeal,2708363,"Grits, NFS",matched,keyword_rule,"Keyword rule: matched to USDA ""Grits, NFS"""
grated parmesan cheese,grated parmesan cheese,2705728,"Cheese, Parmesan, dry grated",matched,fuzzy_usda_88%,Added from scraped allrecipes data; rematched vs full USDA
yuca root medium size,yuca root medium size,2709564,"Cassava, cooked",matched,manual_fix,"Manual fix: matched to USDA ""Cassava, cooked"""
sweet potatoes medium,sweet potatoes medium,2707648.0,"Bread, sweet potato",matched,fuzzy_75%,Added from cheflola scraped data
butter softened,butter softened,2710179,Honey butter,matched,fuzzy_usda_74%,Added from scraped allrecipes data; rematched vs full USDA
eggs large size,eggs large size,2108064,"Egg, whole, boiled or poached",matched,keyword_rule,"Keyword rule: matched to USDA ""Egg, whole, boiled or poached"""
unbaked pie crust,unbaked pie crust,2708056,"Pastry, mainly flour and water, fried",matched,manual_fix,"Manual fix: matched to USDA ""Pastry, mainly flour and water, fried"""
habanero pepper use 1 or ½,habanero pepper use 1 or ½,2710093,Hot pepper sauce,matched,keyword_rule,"Keyword rule: matched to USDA ""Hot pepper sauce"""
onion divided,onion divided,2709795,"Onions, raw",matched,keyword_rule,"Keyword rule: matched to USDA ""Onions, raw"""
1- inch ginger root,1- inch ginger root,2710082,"Ginger root, pickled",matched,fuzzy_usda_71%,Added from scraped allrecipes data; rematched vs full USDA
chicken thighs,chicken thighs,2706083,"Chicken, tail",matched,fuzzy_usda_74%,Added from scraped allrecipes data; rematched vs full USDA
remaining half onion - sliced,remaining half onion - sliced,2709795,"Onions, raw",matched,keyword_rule,"Keyword rule: matched to USDA ""Onions, raw"""
bouillon powder or 2 cubes,bouillon powder or 2 cubes,2707132,"Soup, broth",matched,keyword_rule,"Keyword rule: matched to USDA ""Soup, broth"""
unsweetened peanut butter,unsweetened peanut butter,2710309,"Bean paste, sweetened",matched,fuzzy_usda_69%,Added from scraped allrecipes data; rematched vs full USDA
to 3 cups chicken stock,to 3 cups chicken stock,2705911,Mock chicken legs,matched,fuzzy_usda_65%,Added from scraped allrecipes data; rematched vs full USDA
of spinach,of spinach,2709629,Spinach souffle,matched,fuzzy_usda_80%,Added from scraped allrecipes data; rematched vs full USDA
sugar add more if you wwant it sweeter,sugar add more if you wwant it sweeter,2710257,"Sugar, NFS",matched,keyword_rule,"Keyword rule: matched to USDA ""Sugar, NFS"""
freshly grated nutmeg,freshly grated nutmeg,,,skip,negligible,Negligible: spice/flavouring/water with <5 kcal contribution per serving
to 21/2 cups water or milk,to 21/2 cups water or milk,,,skip,negligible,Negligible: spice/flavouring/water with <5 kcal contribution per serving
plantains ripe,plantains ripe,2709560,"Plantain, raw",matched,fuzzy_usda_74%,Added from scraped allrecipes data; rematched vs full USDA
black-eyed peas or honey beans,black-eyed peas or honey beans,2709957,"Blackeyed peas, from canned",matched,fuzzy_usda_66%,Added from scraped allrecipes data; rematched vs full USDA
to 4 tablespoons palm oil,to 4 tablespoons palm oil,2710197,Palm oil,matched,keyword_rule,"Keyword rule: matched to USDA ""Palm oil"""
crayfish ground,crayfish ground,2706347,"Crayfish, fried",matched,fuzzy_usda_73%,Added from scraped allrecipes data; rematched vs full USDA
locust beans iru or dawadawa,locust beans iru or dawadawa,2707423,"Lentils, NFS",matched,keyword_rule,"Keyword rule: matched to USDA ""Lentils, NFS"""
stock cube maggi,stock cube maggi,2707132,"Soup, broth",matched,manual_fix,"Manual fix (substring ""maggi""): matched to USDA ""Soup, broth"""
salt to taste‌,salt to taste‌,,,skip,negligible,Negligible: spice/flavouring/water with <5 kcal contribution per serving
ears of corn husks and silk removed,ears of corn husks and silk removed,2709933,"Hominy, cooked",matched,keyword_rule,"Keyword rule: matched to USDA ""Hominy, cooked"""
unsalted butter softened,unsalted butter softened,,,skip,negligible,Negligible: spice/flavouring/water with <5 kcal contribution per serving
optional toppings: fresh herbs salt,optional toppings: fresh herbs salt,,,skip,negligible,Negligible: spice/flavouring/water with <5 kcal contribution per serving
chicken wings,chicken wings,2706084.0,Chicken skin,matched,fuzzy_72%,Added from cheflola scraped data
salt and pepper to taste or use mychicken seasoning blend,salt and pepper to taste or use mychicken seasoning blend,,,skip,negligible,Negligible: spice/flavouring/water with <5 kcal contribution per serving
butter or oil,butter or oil,2705393,Buttermilk,matched,fuzzy_usda_69%,Added from scraped allrecipes data; rematched vs full USDA
4 tablespoon chicken stock if needed,4 tablespoon chicken stock if needed,2707132,"Soup, broth",matched,keyword_rule,"Keyword rule: matched to USDA ""Soup, broth"""
fresh young turkey approximately 10 lbs - to room temp,fresh young turkey approximately 10 lbs - to room temp,2705953,"Turkey, NS as to part, roasted, skin not eaten",matched,keyword_rule,"Keyword rule: matched to USDA ""Turkey, NS as to part, roasted, skin not eaten"""
rosemary minced,rosemary minced,,,skip,negligible,Negligible: spice/flavouring/water with <5 kcal contribution per serving
thyme minced,thyme minced,,,skip,negligible,Negligible: spice/flavouring/water with <5 kcal contribution per serving
unsalted butter [melted] or oil,unsalted butter [melted] or oil,,,skip,negligible,Negligible: spice/flavouring/water with <5 kcal contribution per serving
chili powder,chili powder,2706427,"Chili, white",matched,fuzzy_usda_66%,Added from scraped allrecipes data; rematched vs full USDA
dried oregano or thyme,dried oregano or thyme,,,skip,negligible,Negligible: spice/flavouring/water with <5 kcal contribution per serving
dried rosemary,dried rosemary,2709208,"Pear, dried",matched,fuzzy_usda_72%,Added from scraped allrecipes data; rematched vs full USDA
chicken stock powder,chicken stock powder,2705911,Mock chicken legs,matched,fuzzy_usda_70%,Added from scraped allrecipes data; rematched vs full USDA
onion quartered,onion quartered,2709795,"Onions, raw",matched,keyword_rule,"Keyword rule: matched to USDA ""Onions, raw"""
garlic cut in half,garlic cut in half,2110003,"Garlic, raw",matched,keyword_rule,"Keyword rule: matched to USDA ""Garlic, raw"""
rosemary,rosemary,,,skip,negligible,Negligible: spice/flavouring/water with <5 kcal contribution per serving
garri cassava flakes,garri cassava flakes,2709564,"Cassava, cooked",matched,keyword_rule,"Keyword rule: matched to USDA ""Cassava, cooked"""
water hot,water hot,2710707,"Water, tap",matched,fuzzy_usda_73%,Added from scraped allrecipes data; rematched vs full USDA
beef cut into cubes,beef cut into cubes,2105822,"Beef, NFS",matched,keyword_rule,"Keyword rule: matched to USDA ""Beef, NFS"""
cow skin ponmo,cow skin ponmo,2105822,"Beef, NFS",matched,manual_fix,"Manual fix: matched to USDA ""Beef, NFS"""
yam water yam,yam water yam,,,skip,negligible,Negligible: spice/flavouring/water with <5 kcal contribution per serving
peppers blended mix of bell peppers and 1-2 rodo,peppers blended mix of bell peppers and 1-2 rodo,2709801,"Peppers, sweet, red, raw",matched,keyword_rule,"Keyword rule: matched to USDA ""Peppers, sweet, red, raw"""
crayfish large,crayfish large,2706347,"Crayfish, fried",matched,fuzzy_usda_75%,Added from scraped allrecipes data; rematched vs full USDA
fish dried,fish dried,2709204,"Fig, dried",matched,fuzzy_usda_80%,Added from scraped allrecipes data; rematched vs full USDA
mackerel fish,mackerel fish,2706263.0,"Fish, mackerel, NFS",matched,fuzzy_75%,Added from cheflola scraped data
locust beans,locust beans,2707423,"Lentils, NFS",matched,keyword_rule,"Keyword rule: matched to USDA ""Lentils, NFS"""
bouillon powder divided,bouillon powder divided,2707132,"Soup, broth",matched,keyword_rule,"Keyword rule: matched to USDA ""Soup, broth"""
15 ounces pumpkin puree,15 ounces pumpkin puree,2709693,"Winter squash, raw",matched,keyword_rule,"Keyword rule: matched to USDA ""Winter squash, raw"""
flour or cornstarch,flour or cornstarch,2708157,"Crackers, flatbread",matched,keyword_rule,"Keyword rule: matched to USDA ""Crackers, flatbread"""
12 fluid ounces can heavy cream,12 fluid ounces can heavy cream,2705405,"Cream, NFS",matched,keyword_rule,"Keyword rule: matched to USDA ""Cream, NFS"""
1-1/2 teaspoon cinnamon,1-1/2 teaspoon cinnamon,,,skip,negligible,Negligible: spice/flavouring/water with <5 kcal contribution per serving
nutmeg,nutmeg,,,skip,negligible,Negligible: spice/flavouring/water with <5 kcal contribution per serving
unbaked 9 pie shell 4-cup volume deep-dish,unbaked 9 pie shell 4-cup volume deep-dish,2708056,"Pastry, mainly flour and water, fried",matched,manual_fix,"Manual fix: matched to USDA ""Pastry, mainly flour and water, fried"""
roma tomatoes,roma tomatoes,2709719,"Tomatoes, raw",matched,fuzzy_usda_84%,Added from scraped allrecipes data; rematched vs full USDA
onions divided,onions divided,2709795,"Onions, raw",matched,keyword_rule,"Keyword rule: matched to USDA ""Onions, raw"""
fresh ginger grated,fresh ginger grated,2710082,"Ginger root, pickled",matched,keyword_rule,"Keyword rule: matched to USDA ""Ginger root, pickled"""
spaghetti pasta,spaghetti pasta,2709745,Spaghetti sauce,matched,fuzzy_usda_80%,Added from scraped allrecipes data; rematched vs full USDA
to 41/2 cups chicken beef or vegetable broth,to 41/2 cups chicken beef or vegetable broth,2705929,"Chicken, NS as to part and cooking method, NS as to skin eaten",matched,keyword_rule,"Keyword rule: matched to USDA ""Chicken, NS as to part and cooking method, NS as to skin eaten"""
1/2-1 cup peas,1/2-1 cup peas,2707423,"Lentils, NFS",matched,keyword_rule,"Keyword rule: matched to USDA ""Lentils, NFS"""
cooked protein of choice optional: (e.g diced chicken,cooked protein of choice optional: (e.g diced chicken,2705929,"Chicken, NS as to part and cooking method, NS as to skin eaten",matched,keyword_rule,"Keyword rule: matched to USDA ""Chicken, NS as to part and cooking method, NS as to skin eaten"""
fresh ewedu leaves,fresh ewedu leaves,2709642,"Sweet potato, squash, pumpkin, chrysanthemum, or bean leaves, cooked",matched,manual_fix,"Manual fix: matched to USDA ""Sweet potato, squash, pumpkin, chrysanthemum, or bean leaves, cooked"""
to 4 cups water,to 4 cups water,,,skip,negligible,Negligible: spice/flavouring/water with <5 kcal contribution per serving
locust bean,locust bean,2707428,Bean chips,matched,fuzzy_usda_66%,Added from scraped allrecipes data; rematched vs full USDA
ground crayfish,ground crayfish,2706347,"Crayfish, fried",matched,fuzzy_usda_73%,Added from scraped allrecipes data; rematched vs full USDA
chicken bouillon powder or 1 cube,chicken bouillon powder or 1 cube,2707132,"Soup, broth",matched,keyword_rule,"Keyword rule: matched to USDA ""Soup, broth"""
pack frozen jute leaves 8 ounces,pack frozen jute leaves 8 ounces,2709642,"Sweet potato, squash, pumpkin, chrysanthemum, or bean leaves, cooked",matched,manual_fix,"Manual fix: matched to USDA ""Sweet potato, squash, pumpkin, chrysanthemum, or bean leaves, cooked"""
bouilon powder or 1 cube,bouilon powder or 1 cube,2707132,"Soup, broth",matched,manual_fix,"Manual fix: matched to USDA ""Soup, broth"""
dry beans black eyed peas or brown beans-''ewa oloyin'',dry beans black eyed peas or brown beans-''ewa oloyin'',2707414,"Chickpeas, NFS",matched,keyword_rule,"Keyword rule: matched to USDA ""Chickpeas, NFS"""
red bell pepper/tatashe medium size,red bell pepper/tatashe medium size,2709801,"Peppers, sweet, red, raw",matched,keyword_rule,"Keyword rule: matched to USDA ""Peppers, sweet, red, raw"""
habanero scotch bonnet/rodo,habanero scotch bonnet/rodo,2710093,Hot pepper sauce,matched,keyword_rule,"Keyword rule: matched to USDA ""Hot pepper sauce"""
bouillon cubes,bouillon cubes,2707132,"Soup, broth",matched,keyword_rule,"Keyword rule: matched to USDA ""Soup, broth"""
cooked minced fish,cooked minced fish,2708402,"Rice, cooked, NFS",matched,fuzzy_usda_74%,Added from scraped allrecipes data; rematched vs full USDA
hard-boiled eggs,hard-boiled eggs,2710189,Canola oil,matched,keyword_rule,"Keyword rule: matched to USDA ""Canola oil"""
onions or 3 medium/2 large,onions or 3 medium/2 large,2709795,"Onions, raw",matched,keyword_rule,"Keyword rule: matched to USDA ""Onions, raw"""
hot pepper of choice jalapeno,hot pepper of choice jalapeno,2710093,Hot pepper sauce,matched,keyword_rule,"Keyword rule: matched to USDA ""Hot pepper sauce"""
powdered chicken stock or 3 cubes,powdered chicken stock or 3 cubes,2707132,"Soup, broth",matched,keyword_rule,"Keyword rule: matched to USDA ""Soup, broth"""
cloves,cloves,,,skip,negligible,Negligible: spice/flavouring/water with <5 kcal contribution per serving
inch ginger grated,inch ginger grated,2710082,"Ginger root, pickled",matched,keyword_rule,"Keyword rule: matched to USDA ""Ginger root, pickled"""
salt to taste lesser better,salt to taste lesser better,,,skip,negligible,Negligible: spice/flavouring/water with <5 kcal contribution per serving
to 2 cups water more or less,to 2 cups water more or less,,,skip,negligible,Negligible: spice/flavouring/water with <5 kcal contribution per serving
suya spice,suya spice,2710093,Hot pepper sauce,matched,keyword_rule,"Keyword rule: matched to USDA ""Hot pepper sauce"""
black cardamom seeds korerima,black cardamom seeds korerima,,,skip,negligible,Negligible: spice/flavouring/water with <5 kcal contribution per serving
black cumin seeds tikurazmud,black cumin seeds tikurazmud,,,skip,negligible,Negligible: spice/flavouring/water with <5 kcal contribution per serving
fenugreek seeds abish,fenugreek seeds abish,,,skip,negligible,Negligible: spice/flavouring/water with <5 kcal contribution per serving
unsalted organic grass-fed butter,unsalted organic grass-fed butter,,,skip,negligible,Negligible: spice/flavouring/water with <5 kcal contribution per serving
lippia adoensis - abyssinia koseret,lippia adoensis - abyssinia koseret,,,skip,negligible,Negligible: spice/flavouring/water with <5 kcal contribution per serving
sacred basil beso bela or basil,sacred basil beso bela or basil,,,skip,negligible,Negligible: spice/flavouring/water with <5 kcal contribution per serving
ajwain carom seeds/nech azmud,ajwain carom seeds/nech azmud,,,skip,negligible,Negligible: spice/flavouring/water with <5 kcal contribution per serving
fresh basil lemon grass,fresh basil lemon grass,2109242,"Lemon, raw",matched,keyword_rule,"Keyword rule: matched to USDA ""Lemon, raw"""
meat preferably goat or beef,meat preferably goat or beef,2105822,"Beef, NFS",matched,keyword_rule,"Keyword rule: matched to USDA ""Beef, NFS"""
grated ginger,grated ginger,2710507,"Tea, ginger",matched,fuzzy_usda_75%,Added from scraped allrecipes data; rematched vs full USDA
rosemary leaves minced,rosemary leaves minced,,,skip,negligible,Negligible: spice/flavouring/water with <5 kcal contribution per serving
bouillon powder or 1 tablespoon soy sauce,bouillon powder or 1 tablespoon soy sauce,2707132,"Soup, broth",matched,keyword_rule,"Keyword rule: matched to USDA ""Soup, broth"""
cayenne pepper or add to taste,cayenne pepper or add to taste,2709799,"Peppers, raw, NFS",matched,keyword_rule,"Keyword rule: matched to USDA ""Peppers, raw, NFS"""
lemon juice freshly,lemon juice freshly,2709181,"Lemon juice, 100%, freshly squeezed",matched,fuzzy_usda_70%,Added from scraped allrecipes data; rematched vs full USDA
to 8 lb. turkey breast,to 8 lb. turkey breast,2705953,"Turkey, NS as to part, roasted, skin not eaten",matched,keyword_rule,"Keyword rule: matched to USDA ""Turkey, NS as to part, roasted, skin not eaten"""
oregano,oregano,,,skip,negligible,Negligible: spice/flavouring/water with <5 kcal contribution per serving
chicken quarters,chicken quarters,2706437,Chicken curry,matched,fuzzy_usda_75%,Added from scraped allrecipes data; rematched vs full USDA
birds' eye chilies add more or less to your taste,birds' eye chilies add more or less to your taste,2710093,Hot pepper sauce,matched,keyword_rule,"Keyword rule: matched to USDA ""Hot pepper sauce"""
to 5 sprigs thyme or 1 tablespoon of dried thyme,to 5 sprigs thyme or 1 tablespoon of dried thyme,,,skip,negligible,Negligible: spice/flavouring/water with <5 kcal contribution per serving
lemon juiced,lemon juiced,2708000.0,"Pie, lemon",matched,fuzzy_72%,Added from cheflola scraped data
african birds' eye chilies,african birds' eye chilies,2710093,Hot pepper sauce,matched,keyword_rule,"Keyword rule: matched to USDA ""Hot pepper sauce"""
onion medium size,onion medium size,2709795,"Onions, raw",matched,keyword_rule,"Keyword rule: matched to USDA ""Onions, raw"""
to 5 sprigs fresh thyme or 1 tablespoon of dried thyme,to 5 sprigs fresh thyme or 1 tablespoon of dried thyme,,,skip,negligible,Negligible: spice/flavouring/water with <5 kcal contribution per serving
vinegar white or red wine vinegar,vinegar white or red wine vinegar,2709351,Vinegar,matched,manual_fix,"Manual fix: matched to USDA ""Vinegar"""
lemon juice of,lemon juice of,2109239,"Lemon juice, 100%, freshly squeezed",matched,keyword_rule,"Keyword rule: matched to USDA ""Lemon juice, 100%, freshly squeezed"""
yeast,yeast,2710005.0,Yeast,matched,fuzzy_80%,Added from cheflola scraped data
pinch of salt,pinch of salt,,,skip,negligible,Negligible: spice/flavouring/water with <5 kcal contribution per serving
2-1/2 cups water,2-1/2 cups water,,,skip,negligible,Negligible: spice/flavouring/water with <5 kcal contribution per serving
onion chopped,onion chopped,2709795,"Onions, raw",matched,keyword_rule,"Keyword rule: matched to USDA ""Onions, raw"""
bell peppers or peppers of your choice cut into small chunks,bell peppers or peppers of your choice cut into small chunks,2709801,"Peppers, sweet, red, raw",matched,keyword_rule,"Keyword rule: matched to USDA ""Peppers, sweet, red, raw"""
lots of tooth picks,lots of tooth picks,,,skip,negligible,Negligible: spice/flavouring/water with <5 kcal contribution per serving
habanero,habanero,2706337,Abalone,matched,fuzzy_usda_66%,Added from scraped allrecipes data; rematched vs full USDA
each of smoked paprika,each of smoked paprika,2710093,Hot pepper sauce,matched,keyword_rule,"Keyword rule: matched to USDA ""Hot pepper sauce"""
beef flank steak,beef flank steak,2705827.0,"Beef, steak, flank",matched,fuzzy_88%,Added from cheflola scraped data
to 1 teaspoon salt,to 1 teaspoon salt,,,skip,negligible,Negligible: spice/flavouring/water with <5 kcal contribution per serving
beef bouillon or chicken [or use cube],beef bouillon or chicken [or use cube],2707132,"Soup, broth",matched,keyword_rule,"Keyword rule: matched to USDA ""Soup, broth"""
suya spice plus more,suya spice plus more,2710093,Hot pepper sauce,matched,keyword_rule,"Keyword rule: matched to USDA ""Hot pepper sauce"""
peanut oil or any other oil of choice,peanut oil or any other oil of choice,2710189,Canola oil,matched,keyword_rule,"Keyword rule: matched to USDA ""Canola oil"""
sweet potatoes 2 large,sweet potatoes 2 large,2707648.0,"Bread, sweet potato",matched,fuzzy_73%,Added from cheflola scraped data
extra-virgin olive oil divided,extra-virgin olive oil divided,2710192,Olive oil,matched,keyword_rule,"Keyword rule: matched to USDA ""Olive oil"""
dried cranberries,dried cranberries,2709202,"Cranberries, dried",matched,fuzzy_usda_97%,Added from scraped allrecipes data; rematched vs full USDA
red onion thinly sliced into half moons,red onion thinly sliced into half moons,2709795,"Onions, raw",matched,keyword_rule,"Keyword rule: matched to USDA ""Onions, raw"""
cranberries,cranberries,2709279,"Cranberries, raw",matched,fuzzy_usda_81%,Added from scraped allrecipes data; rematched vs full USDA
tahini,tahini,2707587,Tahini,matched,fuzzy_usda_100%,Added from scraped allrecipes data; rematched vs full USDA
garlic grated or finely minced,garlic grated or finely minced,2110003,"Garlic, raw",matched,keyword_rule,"Keyword rule: matched to USDA ""Garlic, raw"""
mango frozen chunks,mango frozen chunks,2709244,"Mango, frozen",matched,fuzzy_usda_75%,Added from scraped allrecipes data; rematched vs full USDA
pineapple chunks fresh,pineapple chunks fresh,2709261,"Pineapple, canned, NFS",matched,fuzzy_usda_68%,Added from scraped allrecipes data; rematched vs full USDA
banana peeled and sliced,banana peeled and sliced,2709197,"Banana, raw",matched,keyword_rule,"Keyword rule: matched to USDA ""Banana, raw"""
tomato,tomato,2709757,"Soup, tomato",matched,fuzzy_usda_66%,Added from scraped allrecipes data; rematched vs full USDA
onion divided into two,onion divided into two,2709795,"Onions, raw",matched,keyword_rule,"Keyword rule: matched to USDA ""Onions, raw"""
palm oil of fresh,palm oil of fresh,2710197,Palm oil,matched,keyword_rule,"Keyword rule: matched to USDA ""Palm oil"""
chicken bouillon powder or 2 cubes,chicken bouillon powder or 2 cubes,2707132,"Soup, broth",matched,keyword_rule,"Keyword rule: matched to USDA ""Soup, broth"""
mackerel fish salmon,mackerel fish salmon,2706263,"Fish, mackerel, NFS",matched,fuzzy_usda_76%,Added from scraped allrecipes data; rematched vs full USDA
basil or parsley or any leafy vegetables (spinach,basil or parsley or any leafy vegetables (spinach,2709605,"Spinach, raw",matched,keyword_rule,"Keyword rule: matched to USDA ""Spinach, raw"""
bananas ( riper,bananas ( riper,,,skip,no_match,Added from africanbites scraped data
self-rising flour,self-rising flour,,,skip,no_match,Added from africanbites scraped data
grated cassava,grated cassava,,,skip,no_match,Added from africanbites scraped data
salt or more,salt or more,,,skip,no_match,Added from africanbites scraped data
overly ripe bananas,overly ripe bananas,,,skip,no_match,Added from africanbites scraped data
meat (beef,meat (beef,,,skip,no_match,Added from africanbites scraped data
salt per ),salt per ),,,skip,no_match,Added from africanbites scraped data
ground red pepper to taste,ground red pepper to taste,,,skip,no_match,Added from africanbites scraped data
stock,stock,,,skip,no_match,Added from africanbites scraped data
red palm oil,red palm oil,,,skip,no_match,Added from africanbites scraped data
ground achu spice,ground achu spice,,,skip,no_match,Added from africanbites scraped data
bouillon powder or maggi,bouillon powder or maggi,,,skip,no_match,Added from africanbites scraped data
ground limestone,ground limestone,,,skip,no_match,Added from africanbites scraped data
cocoyams,cocoyams,,,skip,no_match,Added from africanbites scraped data
green bananas or plantains,green bananas or plantains,,,skip,no_match,Added from africanbites scraped data
grated orange zest,grated orange zest,,,skip,no_match,Added from africanbites scraped data
nutella,nutella,,,skip,no_match,Added from africanbites scraped data
meat (tripe,meat (tripe,,,skip,no_match,Added from africanbites scraped data
maggi cubes or 2 tablespoons of bouillon powder,maggi cubes or 2 tablespoons of bouillon powder,,,skip,no_match,Added from africanbites scraped data
smoked fish,smoked fish,,,skip,no_match,Added from africanbites scraped data
dried okazi leaves,dried okazi leaves,,,skip,no_match,Added from africanbites scraped data
fresh waterleaves or spinach,fresh waterleaves or spinach,,,skip,no_match,Added from africanbites scraped data
roma tomatoes (any tomato works,roma tomatoes (any tomato works,,,skip,no_match,Added from africanbites scraped data
chopped ginger,chopped ginger,,,skip,no_match,Added from africanbites scraped data
leaves basil,leaves basil,,,skip,no_match,Added from africanbites scraped data
31/2-4 3½-4 pounds chicken,31/2-4 3½-4 pounds chicken,,,skip,no_match,Added from africanbites scraped data
salt and pepper to taste,salt and pepper to taste,,,skip,no_match,Added from africanbites scraped data
additional optional seasonings (2 cloves minced garlic,additional optional seasonings (2 cloves minced garlic,,,skip,no_match,Added from africanbites scraped data
6-ounce can tomato paste,6-ounce can tomato paste,,,skip,no_match,Added from africanbites scraped data
chicken broth or 1 tablespoon chicken bouillon powder in 2 cups of water,chicken broth or 1 tablespoon chicken bouillon powder in 2 cups of water,,,skip,no_match,Added from africanbites scraped data
(1,(1,,,skip,no_match,Added from africanbites scraped data
granulated sugar,granulated sugar,,,skip,no_match,Added from africanbites scraped data
grated nutmeg,grated nutmeg,,,skip,no_match,Added from africanbites scraped data
melted butter or vegetable oil,melted butter or vegetable oil,,,skip,no_match,Added from africanbites scraped data
eggs boiled,eggs boiled,,,skip,no_match,Added from africanbites scraped data
granulated garlic,granulated garlic,,,skip,no_match,Added from africanbites scraped data
unsalted butter or margarine,unsalted butter or margarine,,,skip,no_match,Added from africanbites scraped data
15-ounce can sardines in chili tomato sauce (mackerel works,15-ounce can sardines in chili tomato sauce (mackerel works,,,skip,no_match,Added from africanbites scraped data
plus 2 tablespoons water,plus 2 tablespoons water,,,skip,no_match,Added from africanbites scraped data
3-31/2 pounds chicken,3-31/2 pounds chicken,,,skip,no_match,Added from africanbites scraped data
maggi or bouillon powder,maggi or bouillon powder,,,skip,no_match,Added from africanbites scraped data
green plantains,green plantains,,,skip,no_match,Added from africanbites scraped data
of chicken skin- on cut up into desired pieces,of chicken skin- on cut up into desired pieces,,,skip,no_match,Added from africanbites scraped data
sauce,sauce,2710176.0,Fry sauce,matched,fuzzy_71%,Added from africanbites scraped data
water or more,water or more,,,skip,no_match,Added from africanbites scraped data
chicken bouillon,chicken bouillon,,,skip,no_match,Added from africanbites scraped data
2 green onions,2 green onions,,,skip,no_match,Added from africanbites scraped data
boiled eggs,boiled eggs,,,skip,no_match,Added from africanbites scraped data
2- 3 pounds chicken legs or thighs,2- 3 pounds chicken legs or thighs,,,skip,no_match,Added from africanbites scraped data
ginger chopped,ginger chopped,,,skip,no_match,Added from africanbites scraped data
peanut butter or peanut paste,peanut butter or peanut paste,,,skip,no_match,Added from africanbites scraped data
hot peppers (habaneros,hot peppers (habaneros,,,skip,no_match,Added from africanbites scraped data
basil leaves,basil leaves,,,skip,no_match,Added from africanbites scraped data
1/2-1 cup vegetable oil,1/2-1 cup vegetable oil,,,skip,no_match,Added from africanbites scraped data
3-31/2 chicken,3-31/2 chicken,,,skip,no_match,Added from africanbites scraped data
ginger,ginger,2710507.0,"Tea, ginger",matched,fuzzy_70%,Added from africanbites scraped data
scotch bonnet or habanero peppers,scotch bonnet or habanero peppers,,,skip,no_match,Added from africanbites scraped data
salt and white pepper,salt and white pepper,,,skip,no_match,Added from africanbites scraped data
njansa,njansa,,,skip,no_match,Added from africanbites scraped data
red / palm / or canola oil i used ½ and ½,red / palm / or canola oil i used ½ and ½,,,skip,no_match,Added from africanbites scraped data
garlic clove minced,garlic clove minced,,,skip,no_match,Added from africanbites scraped data
scotch bonnet pepper or ½ teaspoon cayenne pepper,scotch bonnet pepper or ½ teaspoon cayenne pepper,,,skip,no_match,Added from africanbites scraped data
tomatoes diced,tomatoes diced,,,skip,no_match,Added from africanbites scraped data
washed long grain rice i used basmati,washed long grain rice i used basmati,,,skip,no_match,Added from africanbites scraped data
cooked beans black,cooked beans black,,,skip,no_match,Added from africanbites scraped data
1/2 - 5 cups chicken broth or water,1/2 - 5 cups chicken broth or water,,,skip,no_match,Added from africanbites scraped data
oxtails,oxtails,,,skip,no_match,Added from africanbites scraped data
8-ounce can tomato sauce,8-ounce can tomato sauce,,,skip,no_match,Added from africanbites scraped data
habenaro pepper,habenaro pepper,,,skip,no_match,Added from africanbites scraped data
onion cho[[ed,onion cho[[ed,,,skip,no_match,Added from africanbites scraped data
of water or more,of water or more,,,skip,no_match,Added from africanbites scraped data
1/2 -2 pounds yam peeled and cut into medium pieces sub potatoes,1/2 -2 pounds yam peeled and cut into medium pieces sub potatoes,,,skip,no_match,Added from africanbites scraped data
fish tilapia,fish tilapia,,,skip,no_match,Added from africanbites scraped data
sliced carrots,sliced carrots,,,skip,no_match,Added from africanbites scraped data
optional salt and pepper,optional salt and pepper,,,skip,no_match,Added from africanbites scraped data
scotch bonnet pepper,scotch bonnet pepper,,,skip,no_match,Added from africanbites scraped data
3/4 cup sugar,3/4 cup sugar,,,skip,no_match,Added from africanbites scraped data
grated nutmeg,grated nutmeg,,,skip,no_match,Added from africanbites scraped data
grated lime zest,grated lime zest,,,skip,no_match,Added from africanbites scraped data
margarine/butter,margarine/butter,,,skip,no_match,Added from africanbites scraped data
14-ounce can tomato sauce,14-ounce can tomato sauce,,,skip,no_match,Added from africanbites scraped data
chicken broth or water,chicken broth or water,,,skip,no_match,Added from africanbites scraped data
scotch bonnet pepper or ¾ teaspoon cayenne (omit if cooking,scotch bonnet pepper or ¾ teaspoon cayenne (omit if cooking,,,skip,no_match,Added from africanbites scraped data
vegetables,vegetables,2710063.0,"Stew, vegetable",matched,fuzzy_72%,Added from africanbites scraped data
31/2-4 chicken,31/2-4 chicken,,,skip,no_match,Added from africanbites scraped data
drippings from roast chicken,drippings from roast chicken,,,skip,no_match,Added from africanbites scraped data
or more chicken stock,or more chicken stock,,,skip,no_match,Added from africanbites scraped data
chicken bouillon powder to taste,chicken bouillon powder to taste,,,skip,no_match,Added from africanbites scraped data
21/2-3 pounds smoked goat meat,21/2-3 pounds smoked goat meat,,,skip,no_match,Added from africanbites scraped data
or more scotch bonnet peppers,or more scotch bonnet peppers,,,skip,no_match,Added from africanbites scraped data
beef bouillon or chicken bouillon,beef bouillon or chicken bouillon,,,skip,no_match,Added from africanbites scraped data
bell peppers,bell peppers,,,skip,no_match,Added from africanbites scraped data
yuca,yuca,,,skip,no_match,Added from africanbites scraped data
bell pepper (red,bell pepper (red,,,skip,no_match,Added from africanbites scraped data
fresh thyme,fresh thyme,,,skip,no_match,Added from africanbites scraped data
coarse salt and ground black pepper,coarse salt and ground black pepper,,,skip,no_match,Added from africanbites scraped data
avocado,avocado,,,skip,no_match,Added from africanbites scraped data
1/2-1 cup sausage,1/2-1 cup sausage,,,skip,no_match,Added from africanbites scraped data
overripe plantains,overripe plantains,,,skip,no_match,Added from africanbites scraped data
plain yogurt or sour cream,plain yogurt or sour cream,,,skip,no_match,Added from africanbites scraped data
plus 2 tablespoons granulated sugar,plus 2 tablespoons granulated sugar,,,skip,no_match,Added from africanbites scraped data
dark rum,dark rum,,,skip,no_match,Added from africanbites scraped data
bananas mashed about a cup,bananas mashed about a cup,,,skip,no_match,Added from africanbites scraped data
sour cream/ yogurt,sour cream/ yogurt,,,skip,no_match,Added from africanbites scraped data
mango chopped about a cup or more,mango chopped about a cup or more,,,skip,no_match,Added from africanbites scraped data
ground ginger powder/,ground ginger powder/,,,skip,no_match,Added from africanbites scraped data
4 ounce unsalted melted butter,4 ounce unsalted melted butter,,,skip,no_match,Added from africanbites scraped data
2 tablespoons dark rum,2 tablespoons dark rum,,,skip,no_match,Added from africanbites scraped data
cream cheese room temperature,cream cheese room temperature,,,skip,no_match,Added from africanbites scraped data
confectioners' sugar,confectioners' sugar,,,skip,no_match,Added from africanbites scraped data
to 3 tbs. cold or low-fat milk,to 3 tbs. cold or low-fat milk,,,skip,no_match,Added from africanbites scraped data
lime/lemon,lime/lemon,2708000.0,"Pie, lemon",matched,fuzzy_70%,Added from africanbites scraped data
grated lime,grated lime,,,skip,no_match,Added from africanbites scraped data
bananas,bananas,,,skip,no_match,Added from africanbites scraped data
1/4-1/2 cup sugar,1/4-1/2 cup sugar,,,skip,no_match,Added from africanbites scraped data
stew beef,stew beef,,,skip,no_match,Added from africanbites scraped data
1 cup oil (canola,1 cup oil (canola,,,skip,no_match,Added from africanbites scraped data
peeled garlic cloves,peeled garlic cloves,,,skip,no_match,Added from africanbites scraped data
chopped parsley,chopped parsley,,,skip,no_match,Added from africanbites scraped data
celery leaves,celery leaves,,,skip,no_match,Added from africanbites scraped data
1 scotch bonnet pepper,1 scotch bonnet pepper,,,skip,no_match,Added from africanbites scraped data
canned tomatoes sauce,canned tomatoes sauce,,,skip,no_match,Added from africanbites scraped data
maggie powder or beef bouillon powder,maggie powder or beef bouillon powder,,,skip,no_match,Added from africanbites scraped data
dried basil,dried basil,,,skip,no_match,Added from africanbites scraped data
cinnamon,cinnamon,,,skip,no_match,Added from africanbites scraped data
fenugreek,fenugreek,,,skip,no_match,Added from africanbites scraped data
cardamon,cardamon,,,skip,no_match,Added from africanbites scraped data
or more dried chilis or cayenne,or more dried chilis or cayenne,,,skip,no_match,Added from africanbites scraped data
potatoes sliced thinly,potatoes sliced thinly,,,skip,no_match,Added from africanbites scraped data
gram flour,gram flour,,,skip,no_match,Added from africanbites scraped data
rice or corn flour,rice or corn flour,,,skip,no_match,Added from africanbites scraped data
spice cumin or coriander or carom seeds,spice cumin or coriander or carom seeds,,,skip,no_match,Added from africanbites scraped data
1/2- 1 teaspoon hot pepper sriracha,1/2- 1 teaspoon hot pepper sriracha,,,skip,no_match,Added from africanbites scraped data
or more fresh herbs coriander,or more fresh herbs coriander,,,skip,no_match,Added from africanbites scraped data
water plus more,water plus more,,,skip,no_match,Added from africanbites scraped data
salt or more adjust,salt or more adjust,,,skip,no_match,Added from africanbites scraped data
3 pounds of meat chicken,3 pounds of meat chicken,,,skip,no_match,Added from africanbites scraped data
1/4- 1/2 cup cooking oil,1/4- 1/2 cup cooking oil,,,skip,no_match,Added from africanbites scraped data
onion sliced,onion sliced,,,skip,no_match,Added from africanbites scraped data
tomatoes sliced,tomatoes sliced,,,skip,no_match,Added from africanbites scraped data
ground egusi,ground egusi,,,skip,no_match,Added from africanbites scraped data
washed bitterleaf 3 cups if using bitterleaf only,washed bitterleaf 3 cups if using bitterleaf only,,,skip,no_match,Added from africanbites scraped data
fresh chopped spinach,fresh chopped spinach,,,skip,no_match,Added from africanbites scraped data
bouillon or 2 maggie cubes,bouillon or 2 maggie cubes,,,skip,no_match,Added from africanbites scraped data
dried beans or four 14.5-ounce cans of beans,dried beans or four 14.5-ounce cans of beans,,,skip,no_match,Added from africanbites scraped data
1/4-1/2 cup palm oil or canola oil,1/4-1/2 cup palm oil or canola oil,,,skip,no_match,Added from africanbites scraped data
maggie bouillon powder,maggie bouillon powder,,,skip,no_match,Added from africanbites scraped data
smoked turkey or chicken,smoked turkey or chicken,,,skip,no_match,Added from africanbites scraped data
1/3-1/2 cup dried ground crayfish,1/3-1/2 cup dried ground crayfish,,,skip,no_match,Added from africanbites scraped data
stock or water,stock or water,,,skip,no_match,Added from africanbites scraped data
black-eyed peas,black-eyed peas,,,skip,no_match,Added from africanbites scraped data
thick slices bacon,thick slices bacon,,,skip,no_match,Added from africanbites scraped data
ham hocks,ham hocks,,,skip,no_match,Added from africanbites scraped data
creole seasoning,creole seasoning,,,skip,no_match,Added from africanbites scraped data
dried black-eyed peas,dried black-eyed peas,,,skip,no_match,Added from africanbites scraped data
bacon,bacon,,,skip,no_match,Added from africanbites scraped data
3-31/2 cups low-sodium chicken broth or water,3-31/2 cups low-sodium chicken broth or water,,,skip,no_match,Added from africanbites scraped data
hot pepper scotch bonnet or habenero pepper,hot pepper scotch bonnet or habenero pepper,,,skip,no_match,Added from africanbites scraped data
salt to taste about 1 3/4 teaspoons or more adjust,salt to taste about 1 3/4 teaspoons or more adjust,,,skip,no_match,Added from africanbites scraped data
eggs optional see tips,eggs optional see tips,,,skip,no_match,Added from africanbites scraped data
optional spices 1/2 teaspoon chicken bouillon powder 1/4 teaspoon smoked paprika),optional spices 1/2 teaspoon chicken bouillon powder 1/4 teaspoon smoked paprika),,,skip,no_match,Added from africanbites scraped data
smoked sausage or turkey,smoked sausage or turkey,,,skip,no_match,Added from africanbites scraped data
optional jalapeno,optional jalapeno,,,skip,no_match,Added from africanbites scraped data
turmeric,turmeric,2709754.0,Puerto Rican seasoning with ham,matched,manual_match,Added from africanbites scraped data
lean ground beef,lean ground beef,,,skip,no_match,Added from africanbites scraped data
dried herbs (thyme,dried herbs (thyme,,,skip,no_match,Added from africanbites scraped data
apple,apple,,,skip,no_match,Added from africanbites scraped data
1/3-1/2 cup fruit chutney,1/3-1/2 cup fruit chutney,,,skip,no_match,Added from africanbites scraped data
1/2-1 lemon,1/2-1 lemon,,,skip,no_match,Added from africanbites scraped data
cream,cream,,,skip,no_match,Added from africanbites scraped data
fresh sliced tomatoes,fresh sliced tomatoes,,,skip,no_match,Added from africanbites scraped data
mango chutney homemade chutney here,mango chutney homemade chutney here,,,skip,no_match,Added from africanbites scraped data
or more good-quality bread white,or more good-quality bread white,,,skip,no_match,Added from africanbites scraped data
cheese sliced or grated cheese,cheese sliced or grated cheese,,,skip,no_match,Added from africanbites scraped data
caramelized onions,caramelized onions,,,skip,no_match,Added from africanbites scraped data
or more olive oil,or more olive oil,,,skip,no_match,Added from africanbites scraped data
1- 11/2 teaspoon salt adjust to taste i used cajun seasoning salt,1- 11/2 teaspoon salt adjust to taste i used cajun seasoning salt,,,skip,no_match,Added from africanbites scraped data
of chicken thighs legs,of chicken thighs legs,,,skip,no_match,Added from africanbites scraped data
onions sliced,onions sliced,,,skip,no_match,Added from africanbites scraped data
3 tablespoons mustard,3 tablespoons mustard,,,skip,no_match,Added from africanbites scraped data
fresh minced thyme,fresh minced thyme,,,skip,no_match,Added from africanbites scraped data
1- teaspoon paprika,1- teaspoon paprika,,,skip,no_match,Added from africanbites scraped data
1- vegetables baby potatoes,1- vegetables baby potatoes,,,skip,no_match,Added from africanbites scraped data
or more chicken broth or water,or more chicken broth or water,,,skip,no_match,Added from africanbites scraped data
canola or cooking oil,canola or cooking oil,,,skip,no_match,Added from africanbites scraped data
curry powder or more,curry powder or more,,,skip,no_match,Added from africanbites scraped data
curry leaves diced,curry leaves diced,,,skip,no_match,Added from africanbites scraped data
green cardamom pods,green cardamom pods,,,skip,no_match,Added from africanbites scraped data
chicken thighs or breast cut in bite- pieces lightly crushed,chicken thighs or breast cut in bite- pieces lightly crushed,,,skip,no_match,Added from africanbites scraped data
or less potatoes cleaned and cut into cubes,or less potatoes cleaned and cut into cubes,,,skip,no_match,Added from africanbites scraped data
15 ounce can chickpeas rinsed and drained,15 ounce can chickpeas rinsed and drained,,,skip,no_match,Added from africanbites scraped data
or more meat,or more meat,,,skip,no_match,Added from africanbites scraped data
canola or any cooking oil,canola or any cooking oil,,,skip,no_match,Added from africanbites scraped data
garlic or 2 teaspoons minced garlic,garlic or 2 teaspoons minced garlic,,,skip,no_match,Added from africanbites scraped data
dried crayfish or shrimp,dried crayfish or shrimp,,,skip,no_match,Added from africanbites scraped data
shredded cabbage or more,shredded cabbage or more,,,skip,no_match,Added from africanbites scraped data
wheat flour,wheat flour,,,skip,no_match,Added from africanbites scraped data
3/4-1 cup all-purpose flour,3/4-1 cup all-purpose flour,,,skip,no_match,Added from africanbites scraped data
confectioners sugar,confectioners sugar,,,skip,no_match,Added from africanbites scraped data
tubers cassava,tubers cassava,,,skip,no_match,Added from africanbites scraped data
frozen cassava leaves,frozen cassava leaves,,,skip,no_match,Added from africanbites scraped data
beef cut in bite size pieces,beef cut in bite size pieces,,,skip,no_match,Added from africanbites scraped data
smoked chicken,smoked chicken,,,skip,no_match,Added from africanbites scraped data
1 cup palm oil i used ½ palm oil and half canola oil,1 cup palm oil i used ½ palm oil and half canola oil,,,skip,no_match,Added from africanbites scraped data
ground cray fish dried shrimps,ground cray fish dried shrimps,,,skip,no_match,Added from africanbites scraped data
ground groundnuts peanut butter puree,ground groundnuts peanut butter puree,,,skip,no_match,Added from africanbites scraped data
chicken bouillon or maggie powder,chicken bouillon or maggie powder,,,skip,no_match,Added from africanbites scraped data
scotch bonnet pepper 1/2 teaspoon cayenne pepper,scotch bonnet pepper 1/2 teaspoon cayenne pepper,,,skip,no_match,Added from africanbites scraped data
1 shrimp,1 shrimp,,,skip,no_match,Added from africanbites scraped data
grated cassava i used frozen cassava,grated cassava i used frozen cassava,,,skip,no_match,Added from africanbites scraped data
grated mature coconut,grated mature coconut,,,skip,no_match,Added from africanbites scraped data
unsalted butter melted,unsalted butter melted,,,skip,no_match,Added from africanbites scraped data
white granulated sugar,white granulated sugar,2710258.0,"Sugar, white, granulated or lump",matched,fuzzy_70%,Added from africanbites scraped data
14 oz. can coconut milk,14 oz. can coconut milk,,,skip,no_match,Added from africanbites scraped data
cinnamon spice,cinnamon spice,,,skip,no_match,Added from africanbites scraped data
2- teaspoon vanilla extract,2- teaspoon vanilla extract,,,skip,no_match,Added from africanbites scraped data
2 chili peppers,2 chili peppers,,,skip,no_match,Added from africanbites scraped data
14-ounce can baked beans,14-ounce can baked beans,,,skip,no_match,Added from africanbites scraped data
diced onions,diced onions,,,skip,no_match,Added from africanbites scraped data
minced thyme,minced thyme,,,skip,no_match,Added from africanbites scraped data
cremini mushrooms,cremini mushrooms,,,skip,no_match,Added from africanbites scraped data
dry white wine or chicken stock,dry white wine or chicken stock,,,skip,no_match,Added from africanbites scraped data
asparagus,asparagus,,,skip,no_match,Added from africanbites scraped data
21/2-3 pounds chicken thighs,21/2-3 pounds chicken thighs,,,skip,no_match,Added from africanbites scraped data
fresh thyme or oregano,fresh thyme or oregano,,,skip,no_match,Added from africanbites scraped data
chicken bouillon powder or salt,chicken bouillon powder or salt,,,skip,no_match,Added from africanbites scraped data
uncooked rice,uncooked rice,,,skip,no_match,Added from africanbites scraped data
chicken stock or water,chicken stock or water,,,skip,no_match,Added from africanbites scraped data
1/2-1 teaspoon chicken bouillon,1/2-1 teaspoon chicken bouillon,,,skip,no_match,Added from africanbites scraped data
or more vegetables,or more vegetables,,,skip,no_match,Added from africanbites scraped data
scotch bonnet pepper or hot pepper,scotch bonnet pepper or hot pepper,,,skip,no_match,Added from africanbites scraped data
1/2-1 teaspoon pepper sauce or chili sauce,1/2-1 teaspoon pepper sauce or chili sauce,,,skip,no_match,Added from africanbites scraped data
ground meat,ground meat,,,skip,no_match,Added from africanbites scraped data
chopped parsley or cilantro,chopped parsley or cilantro,,,skip,no_match,Added from africanbites scraped data
peas,peas,,,skip,no_match,Added from africanbites scraped data
1/4–1/2 cup oil (canola,1/4–1/2 cup oil (canola,,,skip,no_match,Added from africanbites scraped data
maggi or bouillon,maggi or bouillon,,,skip,no_match,Added from africanbites scraped data
14-ounce can chickpeas,14-ounce can chickpeas,,,skip,no_match,Added from africanbites scraped data
apricots,apricots,,,skip,no_match,Added from africanbites scraped data
preserved lemon or 3 small,preserved lemon or 3 small,,,skip,no_match,Added from africanbites scraped data
green olives,green olives,,,skip,no_match,Added from africanbites scraped data
teaspoon smoked paprika,teaspoon smoked paprika,,,skip,no_match,Added from africanbites scraped data
coriander,coriander,2110003.0,"Garlic, raw",matched,manual_match,Added from africanbites scraped data
bouillon powder or ¾ teaspoon salt,bouillon powder or ¾ teaspoon salt,,,skip,no_match,Added from africanbites scraped data
cubed potatoes,cubed potatoes,,,skip,no_match,Added from africanbites scraped data
or more vegetable broth or chicken broth,or more vegetable broth or chicken broth,,,skip,no_match,Added from africanbites scraped data
15-ounce cans chickpeas,15-ounce cans chickpeas,,,skip,no_match,Added from africanbites scraped data
1/2-1 teaspoon cayenne pepper,1/2-1 teaspoon cayenne pepper,,,skip,no_match,Added from africanbites scraped data
1/2-1 cup coconut milk,1/2-1 cup coconut milk,,,skip,no_match,Added from africanbites scraped data
vegetable bouillon or chicken bouillon,vegetable bouillon or chicken bouillon,,,skip,no_match,Added from africanbites scraped data
parsley or cilantro,parsley or cilantro,,,skip,no_match,Added from africanbites scraped data
lime zest,lime zest,,,skip,no_match,Added from africanbites scraped data
pork chitterlings,pork chitterlings,,,skip,no_match,Added from africanbites scraped data
salt and freshly ground black pepper,salt and freshly ground black pepper,,,skip,no_match,Added from africanbites scraped data
shredded unsweetened coconut,shredded unsweetened coconut,,,skip,no_match,Added from africanbites scraped data
fresh lime juice and zest,fresh lime juice and zest,,,skip,no_match,Added from africanbites scraped data
coconut extract,coconut extract,,,skip,no_match,Added from africanbites scraped data
powdered sugar,powdered sugar,,,skip,no_match,Added from africanbites scraped data
lime juice,lime juice,,,skip,no_match,Added from africanbites scraped data
water (or more,water (or more,,,skip,no_match,Added from africanbites scraped data
onion medium,onion medium,,,skip,no_match,Added from africanbites scraped data
garlic powder/salt,garlic powder/salt,,,skip,no_match,Added from africanbites scraped data
coconut milk/cream,coconut milk/cream,2705413.0,Coconut milk,matched,fuzzy_73%,Added from africanbites scraped data
coconut milk/cream powder,coconut milk/cream powder,,,skip,no_match,Added from africanbites scraped data
carrots and green beans,carrots and green beans,,,skip,no_match,Added from africanbites scraped data
1/2-3/4 cup sugar,1/2-3/4 cup sugar,,,skip,no_match,Added from africanbites scraped data
1-11/2 teaspoons salt,1-11/2 teaspoons salt,,,skip,no_match,Added from africanbites scraped data
coconut flakes,coconut flakes,2707500.0,"Coconut, fresh",matched,fuzzy_71%,Added from africanbites scraped data
14-ounce can sweetened condensed milk,14-ounce can sweetened condensed milk,,,skip,no_match,Added from africanbites scraped data
grated nutmeg optional,grated nutmeg optional,,,skip,no_match,Added from africanbites scraped data
one dried beans any variety,one dried beans any variety,,,skip,no_match,Added from africanbites scraped data
one corn sweet boiled corn or any kind,one corn sweet boiled corn or any kind,,,skip,no_match,Added from africanbites scraped data
smoked turkey,smoked turkey,,,skip,no_match,Added from africanbites scraped data
crayfish smoked/dried shrimp,crayfish smoked/dried shrimp,,,skip,no_match,Added from africanbites scraped data
3/4 cup palm oil,3/4 cup palm oil,,,skip,no_match,Added from africanbites scraped data
salt and pepper to season,salt and pepper to season,,,skip,no_match,Added from africanbites scraped data
–3 1/2 pounds cow foot,–3 1/2 pounds cow foot,,,skip,no_match,Added from africanbites scraped data
yam or plantain,yam or plantain,,,skip,no_match,Added from africanbites scraped data
diced celery,diced celery,2709811.0,Celery juice,matched,fuzzy_75%,Added from africanbites scraped data
green onion chopped,green onion chopped,,,skip,no_match,Added from africanbites scraped data
thyme sprigs,thyme sprigs,,,skip,no_match,Added from africanbites scraped data
1 teaspoon cayenne pepper,1 teaspoon cayenne pepper,,,skip,no_match,Added from africanbites scraped data
carrot sliced,carrot sliced,,,skip,no_match,Added from africanbites scraped data
golden syrup or honey,golden syrup or honey,,,skip,no_match,Added from africanbites scraped data
1/2-1 teaspoon salt,1/2-1 teaspoon salt,,,skip,no_match,Added from africanbites scraped data
dried shredded coconut,dried shredded coconut,,,skip,no_match,Added from africanbites scraped data
sliced almonds,sliced almonds,,,skip,no_match,Added from africanbites scraped data
oats,oats,,,skip,no_match,Added from africanbites scraped data
21/2-3 pounds goat meat,21/2-3 pounds goat meat,,,skip,no_match,Added from africanbites scraped data
chopped fresh thyme,chopped fresh thyme,,,skip,no_match,Added from africanbites scraped data
maggie bouillon,maggie bouillon,,,skip,no_match,Added from africanbites scraped data
(907-1,(907-1,,,skip,no_match,Added from africanbites scraped data
cloves garlic,cloves garlic,,,skip,no_match,Added from africanbites scraped data
1 cup coconut milk,1 cup coconut milk,2705413.0,Coconut milk,matched,fuzzy_73%,Added from africanbites scraped data
hot peppers (habanero,hot peppers (habanero,,,skip,no_match,Added from africanbites scraped data
spiced butter,spiced butter,,,skip,no_match,Added from africanbites scraped data
lemons,lemons,,,skip,no_match,Added from africanbites scraped data
1/4-1/3 cup sugar,1/4-1/3 cup sugar,,,skip,no_match,Added from africanbites scraped data
freshly grated nutmeg or ground cinnamon,freshly grated nutmeg or ground cinnamon,,,skip,no_match,Added from africanbites scraped data
grated coconut or coconut flakes,grated coconut or coconut flakes,,,skip,no_match,Added from africanbites scraped data
evaporated milk or coconut milk,evaporated milk or coconut milk,,,skip,no_match,Added from africanbites scraped data
powdered sugar or cinnamon sugar to sprinkle,powdered sugar or cinnamon sugar to sprinkle,,,skip,no_match,Added from africanbites scraped data
caramel sauce,caramel sauce,,,skip,no_match,Added from africanbites scraped data
dried fish,dried fish,,,skip,no_match,Added from africanbites scraped data
beef boiled,beef boiled,,,skip,no_match,Added from africanbites scraped data
ground cray fish,ground cray fish,,,skip,no_match,Added from africanbites scraped data
scotch bonnet pepper minced or 1 teaspoon dried pepper,scotch bonnet pepper minced or 1 teaspoon dried pepper,,,skip,no_match,Added from africanbites scraped data
bouillon cube or maggie,bouillon cube or maggie,,,skip,no_match,Added from africanbites scraped data
ground egusi seeds,ground egusi seeds,,,skip,no_match,Added from africanbites scraped data
spinach or more,spinach or more,,,skip,no_match,Added from africanbites scraped data
(950-1,(950-1,,,skip,no_match,Added from africanbites scraped data
onion ( other half is,onion ( other half is,,,skip,no_match,Added from africanbites scraped data
shredded smoked fish,shredded smoked fish,,,skip,no_match,Added from africanbites scraped data
cocoyam,cocoyam,,,skip,no_match,Added from africanbites scraped data
leafy greens cocoyam leaves,leafy greens cocoyam leaves,,,skip,no_match,Added from africanbites scraped data
boiled meat beef,boiled meat beef,,,skip,no_match,Added from africanbites scraped data
1/2 -2 cups palm oil /red oil,1/2 -2 cups palm oil /red oil,,,skip,no_match,Added from africanbites scraped data
bouillon granules / maggie,bouillon granules / maggie,,,skip,no_match,Added from africanbites scraped data
ground country onions,ground country onions,,,skip,no_match,Added from africanbites scraped data
scotch bonnet pepper or any hot pepper,scotch bonnet pepper or any hot pepper,,,skip,no_match,Added from africanbites scraped data
teapoons bitter leaf,teapoons bitter leaf,,,skip,no_match,Added from africanbites scraped data
salt to taste,salt to taste,,,skip,no_match,Added from africanbites scraped data
dried chopped ukazi,dried chopped ukazi,,,skip,no_match,Added from africanbites scraped data
frozen spinach,frozen spinach,,,skip,no_match,Added from africanbites scraped data
olive oil or canola oil,olive oil or canola oil,,,skip,no_match,Added from africanbites scraped data
curry powder or turmeric,curry powder or turmeric,,,skip,no_match,Added from africanbites scraped data
chopped cabbage,chopped cabbage,,,skip,no_match,Added from africanbites scraped data
collard greens/kale chopped,collard greens/kale chopped,,,skip,no_match,Added from africanbites scraped data
or more tablespoons niter ethiopian spiced butter or cooking oil,or more tablespoons niter ethiopian spiced butter or cooking oil,,,skip,no_match,Added from africanbites scraped data
white onion chopped,white onion chopped,,,skip,no_match,Added from africanbites scraped data
smoke paprika,smoke paprika,,,skip,no_match,Added from africanbites scraped data
cardamom spice,cardamom spice,,,skip,no_match,Added from africanbites scraped data
coriander/cumin,coriander/cumin,,,skip,no_match,Added from africanbites scraped data
fresh chili pepper or ½ teaspoon cayenne pepper or more,fresh chili pepper or ½ teaspoon cayenne pepper or more,,,skip,no_match,Added from africanbites scraped data
fresh lemon,fresh lemon,,,skip,no_match,Added from africanbites scraped data
fresh ginger,fresh ginger,,,skip,no_match,Added from africanbites scraped data
coriander or cumin,coriander or cumin,,,skip,no_match,Added from africanbites scraped data
lentils,lentils,,,skip,no_match,Added from africanbites scraped data
broth,broth,,,skip,no_match,Added from africanbites scraped data
cardamom,cardamom,,,skip,no_match,Added from africanbites scraped data
green beans,green beans,,,skip,no_match,Added from africanbites scraped data
or more canola oil,or more canola oil,,,skip,no_match,Added from africanbites scraped data
minced or granulated garlic,minced or granulated garlic,,,skip,no_match,Added from africanbites scraped data
jalapenos pepper,jalapenos pepper,2710045.0,Stuffed jalapeno pepper,matched,fuzzy_76%,Added from africanbites scraped data
ground coriander spice,ground coriander spice,,,skip,no_match,Added from africanbites scraped data
curry powder or turmeric spice,curry powder or turmeric spice,,,skip,no_match,Added from africanbites scraped data
white or black pepper,white or black pepper,,,skip,no_match,Added from africanbites scraped data
chili pepper,chili pepper,,,skip,no_match,Added from africanbites scraped data
8-ounce canned diced tomatoes,8-ounce canned diced tomatoes,,,skip,no_match,Added from africanbites scraped data
fish about one or less fillet or small fish,fish about one or less fillet or small fish,,,skip,no_match,Added from africanbites scraped data
herbs parsley,herbs parsley,,,skip,no_match,Added from africanbites scraped data
or more green seasoning,or more green seasoning,,,skip,no_match,Added from africanbites scraped data
chicken bouillon or maggie to taste,chicken bouillon or maggie to taste,,,skip,no_match,Added from africanbites scraped data
or more hot peppers,or more hot peppers,,,skip,no_match,Added from africanbites scraped data
or more diced celery,or more diced celery,,,skip,no_match,Added from africanbites scraped data
ethnic spices,ethnic spices,,,skip,no_match,Added from africanbites scraped data
2-21/2 pounds (900-1,2-21/2 pounds (900-1,,,skip,no_match,Added from africanbites scraped data
russet potatoes,russet potatoes,,,skip,no_match,Added from africanbites scraped data
salt to season boiled potatoes,salt to season boiled potatoes,,,skip,no_match,Added from africanbites scraped data
sour cream,sour cream,,,skip,no_match,Added from africanbites scraped data
white fish cut into large cubes,white fish cut into large cubes,,,skip,no_match,Added from africanbites scraped data
leeks,leeks,,,skip,no_match,Added from africanbites scraped data
grated cheddar cheese,grated cheddar cheese,,,skip,no_match,Added from africanbites scraped data
frozen peas,frozen peas,,,skip,no_match,Added from africanbites scraped data
frozen corn,frozen corn,,,skip,no_match,Added from africanbites scraped data
plain yogurt,plain yogurt,,,skip,no_match,Added from africanbites scraped data
bananas ripe but firm,bananas ripe but firm,,,skip,no_match,Added from africanbites scraped data
⅙ teaspoon ground nutmeg,⅙ teaspoon ground nutmeg,,,skip,no_match,Added from africanbites scraped data
butter or coconut oil,butter or coconut oil,,,skip,no_match,Added from africanbites scraped data
rum,rum,,,skip,no_match,Added from africanbites scraped data
rip plantains,rip plantains,,,skip,no_match,Added from africanbites scraped data
cassava tuber,cassava tuber,,,skip,no_match,Added from africanbites scraped data
fingers green plantain,fingers green plantain,,,skip,no_match,Added from africanbites scraped data
½ knob ginger,½ knob ginger,,,skip,no_match,Added from africanbites scraped data
1 knob ginger,1 knob ginger,,,skip,no_match,Added from africanbites scraped data
red habanero peppers,red habanero peppers,,,skip,no_match,Added from africanbites scraped data
ground anise seeds,ground anise seeds,,,skip,no_match,Added from africanbites scraped data
mixed dried herbs,mixed dried herbs,,,skip,no_match,Added from africanbites scraped data
long-grain rice,long-grain rice,,,skip,no_match,Added from africanbites scraped data
cooked corn,cooked corn,,,skip,no_match,Added from africanbites scraped data
cooked beans,cooked beans,,,skip,no_match,Added from africanbites scraped data
1-11/2 cups water or low-sodium broth,1-11/2 cups water or low-sodium broth,,,skip,no_match,Added from africanbites scraped data
chopped cilantro,chopped cilantro,,,skip,no_match,Added from africanbites scraped data
goat meat cut in pieces,goat meat cut in pieces,,,skip,no_match,Added from africanbites scraped data
chopped medium onion,chopped medium onion,,,skip,no_match,Added from africanbites scraped data
4-5- garlic clove,4-5- garlic clove,,,skip,no_match,Added from africanbites scraped data
1- tablespoon maggi or bouillon granules,1- tablespoon maggi or bouillon granules,,,skip,no_match,Added from africanbites scraped data
green onion chopped whites and green parts,green onion chopped whites and green parts,,,skip,no_match,Added from africanbites scraped data
basil,basil,,,skip,no_match,Added from africanbites scraped data
scotch bonnet or habanera pepper,scotch bonnet or habanera pepper,,,skip,no_match,Added from africanbites scraped data
optional,optional,,,skip,no_match,Added from africanbites scraped data
calabash pepper peeled,calabash pepper peeled,,,skip,no_match,Added from africanbites scraped data
negro pepper,negro pepper,,,skip,no_match,Added from africanbites scraped data
grains of paradise,grains of paradise,,,skip,no_match,Added from africanbites scraped data
green plantains peeled and cut into 2-3 pieces,green plantains peeled and cut into 2-3 pieces,,,skip,no_match,Added from africanbites scraped data
sweet basil,sweet basil,,,skip,no_match,Added from africanbites scraped data
maggie powder,maggie powder,,,skip,no_match,Added from africanbites scraped data
water or vegetable oil,water or vegetable oil,,,skip,no_match,Added from africanbites scraped data
diced grill pineapple,diced grill pineapple,,,skip,no_match,Added from africanbites scraped data
diced red onion,diced red onion,,,skip,no_match,Added from africanbites scraped data
15-ounce can black beans,15-ounce can black beans,,,skip,no_match,Added from africanbites scraped data
chopped cilantro leaves,chopped cilantro leaves,,,skip,no_match,Added from africanbites scraped data
diced red bell pepper,diced red bell pepper,,,skip,no_match,Added from africanbites scraped data
jalapenos and minced,jalapenos and minced,,,skip,no_match,Added from africanbites scraped data
1- 3 tablespoons honey,1- 3 tablespoons honey,,,skip,no_match,Added from africanbites scraped data
juice of lime,juice of lime,,,skip,no_match,Added from africanbites scraped data
pinch of ground cumin,pinch of ground cumin,,,skip,no_match,Added from africanbites scraped data
white fish (sea bass red snapper,white fish (sea bass red snapper,,,skip,no_match,Added from africanbites scraped data
african nutmeg ehuru,african nutmeg ehuru,,,skip,no_match,Added from africanbites scraped data
anise seeds,anise seeds,,,skip,no_match,Added from africanbites scraped data
chicken bouillon powder or cubes,chicken bouillon powder or cubes,,,skip,no_match,Added from africanbites scraped data
1/ fresh ginger,1/ fresh ginger,,,skip,no_match,Added from africanbites scraped data
chopped basil parsley,chopped basil parsley,,,skip,no_match,Added from africanbites scraped data
onions or ¼ medium onion,onions or ¼ medium onion,,,skip,no_match,Added from africanbites scraped data
1-11/2 pounds okra,1-11/2 pounds okra,,,skip,no_match,Added from africanbites scraped data
extra virgin olive oil,extra virgin olive oil,,,skip,no_match,Added from africanbites scraped data
mustard,mustard,2705682.0,Custard,matched,fuzzy_85%,Added from africanbites scraped data
hot sauce,hot sauce,2707442.0,Soy sauce,matched,fuzzy_77%,Added from africanbites scraped data
sweet pickle relish,sweet pickle relish,,,skip,no_match,Added from africanbites scraped data
melted coconut oil,melted coconut oil,,,skip,no_match,Added from africanbites scraped data
peanut butter or almond butter,peanut butter or almond butter,,,skip,no_match,Added from africanbites scraped data
peanuts,peanuts,,,skip,no_match,Added from africanbites scraped data
corn on cob,corn on cob,,,skip,no_match,Added from africanbites scraped data
sugar or milk,sugar or milk,,,skip,no_match,Added from africanbites scraped data
5 thick slices bacon,5 thick slices bacon,,,skip,no_match,Added from africanbites scraped data
chopped smoked turkey or smoked ham hock,chopped smoked turkey or smoked ham hock,,,skip,no_match,Added from africanbites scraped data
corn flour or a fine cornmeal,corn flour or a fine cornmeal,,,skip,no_match,Added from africanbites scraped data
sorghum or wheat flour,sorghum or wheat flour,,,skip,no_match,Added from africanbites scraped data
dry yeast,dry yeast,,,skip,no_match,Added from africanbites scraped data
sweet potatoes sub with regular potatoes,sweet potatoes sub with regular potatoes,,,skip,no_match,Added from africanbites scraped data
butter or canola oil,butter or canola oil,,,skip,no_match,Added from africanbites scraped data
or more cup blanched corn,or more cup blanched corn,,,skip,no_match,Added from africanbites scraped data
or more cup blanched peas,or more cup blanched peas,,,skip,no_match,Added from africanbites scraped data
hot sauce chili or cayenne pepper,hot sauce chili or cayenne pepper,,,skip,no_match,Added from africanbites scraped data
garlic salt,garlic salt,,,skip,no_match,Added from africanbites scraped data
teaspon paprika,teaspon paprika,,,skip,no_match,Added from africanbites scraped data
canned tomatoes,canned tomatoes,,,skip,no_match,Added from africanbites scraped data
water or stock,water or stock,,,skip,no_match,Added from africanbites scraped data
peas and carrots,peas and carrots,,,skip,no_match,Added from africanbites scraped data
fresh thyme or 1 teaspoon dried thyme,fresh thyme or 1 teaspoon dried thyme,,,skip,no_match,Added from africanbites scraped data
minced garlic or 2½ teaspoons garlic powder,minced garlic or 2½ teaspoons garlic powder,,,skip,no_match,Added from africanbites scraped data
14-ounce can tomato puree or sauce,14-ounce can tomato puree or sauce,,,skip,no_match,Added from africanbites scraped data
scotch bonnet pepper or ¾ teaspoon ground hot pepper (omit if cooking,scotch bonnet pepper or ¾ teaspoon ground hot pepper (omit if cooking,,,skip,no_match,Added from africanbites scraped data
jalapeños,jalapeños,,,skip,no_match,Added from africanbites scraped data
lime,lime,,,skip,no_match,Added from africanbites scraped data
fresh cilantro or parsley,fresh cilantro or parsley,,,skip,no_match,Added from africanbites scraped data
optional beefsteak tomatoes,optional beefsteak tomatoes,,,skip,no_match,Added from africanbites scraped data
optional avocados,optional avocados,,,skip,no_match,Added from africanbites scraped data
balsamic vinegar,balsamic vinegar,,,skip,no_match,Added from africanbites scraped data
fresh parsley and basil,fresh parsley and basil,,,skip,no_match,Added from africanbites scraped data
roasted peanuts shells and skin peeled lightly chopped,roasted peanuts shells and skin peeled lightly chopped,,,skip,no_match,Added from africanbites scraped data
coconut milk water,coconut milk water,2705413.0,Coconut milk,matched,fuzzy_73%,Added from africanbites scraped data
of each cardamom,of each cardamom,,,skip,no_match,Added from africanbites scraped data
chicken 4 to 5 pounds skin on,chicken 4 to 5 pounds skin on,,,skip,no_match,Added from africanbites scraped data
fresh red or green peppers,fresh red or green peppers,,,skip,no_match,Added from africanbites scraped data
to matoes,to matoes,,,skip,no_match,Added from africanbites scraped data
ginger paste,ginger paste,,,skip,no_match,Added from africanbites scraped data
garlic puree,garlic puree,,,skip,no_match,Added from africanbites scraped data
chicken bouillon or more,chicken bouillon or more,,,skip,no_match,Added from africanbites scraped data
habenero pepper,habenero pepper,,,skip,no_match,Added from africanbites scraped data
ripe plantains with little black spots,ripe plantains with little black spots,,,skip,no_match,Added from africanbites scraped data
1/2-1 tablespoon chopped ginger,1/2-1 tablespoon chopped ginger,,,skip,no_match,Added from africanbites scraped data
cayenne or chili pepper,cayenne or chili pepper,,,skip,no_match,Added from africanbites scraped data
bouillon powder or a maggie cube,bouillon powder or a maggie cube,,,skip,no_match,Added from africanbites scraped data
skinless black-eyed peas,skinless black-eyed peas,,,skip,no_match,Added from africanbites scraped data
scotch bonnet or habanero pepper,scotch bonnet or habanero pepper,,,skip,no_match,Added from africanbites scraped data
chopped fresh spinach,chopped fresh spinach,,,skip,no_match,Added from africanbites scraped data
maggie cubes or 2 teaspoons bouillon powder,maggie cubes or 2 teaspoons bouillon powder,,,skip,no_match,Added from africanbites scraped data
stew meat,stew meat,2705849.0,"Beef, stew meat",matched,fuzzy_75%,Added from africanbites scraped data
pebe,pebe,,,skip,no_match,Added from africanbites scraped data
country onion seeds,country onion seeds,,,skip,no_match,Added from africanbites scraped data
(10g bouillon powder or 2 maggi cubes,(10g bouillon powder or 2 maggi cubes,,,skip,no_match,Added from africanbites scraped data
cocoyam peeled and cleaned,cocoyam peeled and cleaned,,,skip,no_match,Added from africanbites scraped data
5 cups fresh spinach chopped,5 cups fresh spinach chopped,,,skip,no_match,Added from africanbites scraped data
red oil or more adjust according to preference,red oil or more adjust according to preference,,,skip,no_match,Added from africanbites scraped data
1- 1 1/2 cup smoked fish,1- 1 1/2 cup smoked fish,,,skip,no_match,Added from africanbites scraped data
1– 1 1/2 cup smoked turkey cut in bite size pieces,1– 1 1/2 cup smoked turkey cut in bite size pieces,,,skip,no_match,Added from africanbites scraped data
salt adjust,salt adjust,,,skip,no_match,Added from africanbites scraped data
scotch bonnet pierced,scotch bonnet pierced,,,skip,no_match,Added from africanbites scraped data
bouillon powder or maggie,bouillon powder or maggie,,,skip,no_match,Added from africanbites scraped data
country onion spice,country onion spice,,,skip,no_match,Added from africanbites scraped data
11/2-2 teaspoons creole seasoning,11/2-2 teaspoons creole seasoning,,,skip,no_match,Added from africanbites scraped data
pepper flakes,pepper flakes,,,skip,no_match,Added from africanbites scraped data
14.5-ounce can diced tomatoes,14.5-ounce can diced tomatoes,,,skip,no_match,Added from africanbites scraped data
or more vegetable broth,or more vegetable broth,,,skip,no_match,Added from africanbites scraped data
or more chopped parsley or cilantro,or more chopped parsley or cilantro,,,skip,no_match,Added from africanbites scraped data
(900-1,(900-1,,,skip,no_match,Added from africanbites scraped data
or more scotch bonnet or habanero pepper,or more scotch bonnet or habanero pepper,,,skip,no_match,Added from africanbites scraped data
fresh herbs,fresh herbs,,,skip,no_match,Added from africanbites scraped data
cooking oil (vegetable,cooking oil (vegetable,,,skip,no_match,Added from africanbites scraped data
11/2-2 pounds fried fish steaks (any firm fish,11/2-2 pounds fried fish steaks (any firm fish,,,skip,no_match,Added from africanbites scraped data
large shrimp,large shrimp,,,skip,no_match,Added from africanbites scraped data
beef or chicken,beef or chicken,,,skip,no_match,Added from africanbites scraped data
oil or more,oil or more,,,skip,no_match,Added from africanbites scraped data
ground peanuts or peanut butter powder,ground peanuts or peanut butter powder,,,skip,no_match,Added from africanbites scraped data
broth chicken or beef,broth chicken or beef,,,skip,no_match,Added from africanbites scraped data
vegetables or more,vegetables or more,,,skip,no_match,Added from africanbites scraped data
unsalted butter at room temperature,unsalted butter at room temperature,,,skip,no_match,Added from africanbites scraped data
grated coconut,grated coconut,,,skip,no_match,Added from africanbites scraped data
crushed cardamom,crushed cardamom,,,skip,no_match,Added from africanbites scraped data
grated nutmeg or ground cinnamon,grated nutmeg or ground cinnamon,,,skip,no_match,Added from africanbites scraped data
sugar replace with honey,sugar replace with honey,,,skip,no_match,Added from africanbites scraped data
cold water or more,cold water or more,,,skip,no_match,Added from africanbites scraped data
mint leaves,mint leaves,,,skip,no_match,Added from africanbites scraped data
moscato wine or rum,moscato wine or rum,,,skip,no_match,Added from africanbites scraped data
3 tablespoons olive oil,3 tablespoons olive oil,,,skip,no_match,Added from africanbites scraped data
freshly- lemon juice,freshly- lemon juice,,,skip,no_match,Added from africanbites scraped data
cayenne,cayenne,,,skip,no_match,Added from africanbites scraped data
1-11/2 pounds large shrimp,1-11/2 pounds large shrimp,,,skip,no_match,Added from africanbites scraped data
canola oil or olive oil,canola oil or olive oil,,,skip,no_match,Added from africanbites scraped data
sliced onions,sliced onions,,,skip,no_match,Added from africanbites scraped data
fresh parsley or herb of your choice,fresh parsley or herb of your choice,,,skip,no_match,Added from africanbites scraped data
concentrated palm nut pulp,concentrated palm nut pulp,,,skip,no_match,Added from africanbites scraped data
chopped onions,chopped onions,,,skip,no_match,Added from africanbites scraped data
dried crayfish,dried crayfish,2706347.0,"Crayfish, fried",matched,fuzzy_82%,Added from africanbites scraped data
beef bouillon,beef bouillon,,,skip,no_match,Added from africanbites scraped data
chopped spinach,chopped spinach,,,skip,no_match,Added from africanbites scraped data
white fish cut into steaks,white fish cut into steaks,,,skip,no_match,Added from africanbites scraped data
1/4-1/2 cup vegetable oil,1/4-1/2 cup vegetable oil,,,skip,no_match,Added from africanbites scraped data
mbongo spice,mbongo spice,,,skip,no_match,Added from africanbites scraped data
bouillon powder or 2 maggi cubes,bouillon powder or 2 maggi cubes,,,skip,no_match,Added from africanbites scraped data
fish steaks,fish steaks,,,skip,no_match,Added from africanbites scraped data
njangsa spice,njangsa spice,,,skip,no_match,Added from africanbites scraped data
african nutmeg ehuru spice,african nutmeg ehuru spice,,,skip,no_match,Added from africanbites scraped data
/1 large cube bouillon powder or maggi powder,/1 large cube bouillon powder or maggi powder,,,skip,no_match,Added from africanbites scraped data
habanero pepper adjust to taste,habanero pepper adjust to taste,,,skip,no_match,Added from africanbites scraped data
or more water,or more water,,,skip,no_match,Added from africanbites scraped data
fresh corn,fresh corn,2707500.0,"Coconut, fresh",matched,fuzzy_75%,Added from africanbites scraped data
fresh basil,fresh basil,,,skip,no_match,Added from africanbites scraped data
confectioner’s sugar powdered sugar,confectioner’s sugar powdered sugar,,,skip,no_match,Added from africanbites scraped data
egg yolk,egg yolk,,,skip,no_match,Added from africanbites scraped data
nutmeg or replace with cinnamon,nutmeg or replace with cinnamon,,,skip,no_match,Added from africanbites scraped data
chili peppers,chili peppers,,,skip,no_match,Added from africanbites scraped data
ground beef or minced beef,ground beef or minced beef,,,skip,no_match,Added from africanbites scraped data
diced potatoes,diced potatoes,,,skip,no_match,Added from africanbites scraped data
11/2-2 cups water (more or less,11/2-2 cups water (more or less,,,skip,no_match,Added from africanbites scraped data
water or low-sodium stock,water or low-sodium stock,,,skip,no_match,Added from africanbites scraped data
21/2-3 pounds chicken,21/2-3 pounds chicken,,,skip,no_match,Added from africanbites scraped data
lemon or lime,lemon or lime,,,skip,no_match,Added from africanbites scraped data
peri peri sauce or more,peri peri sauce or more,,,skip,no_match,Added from africanbites scraped data
– 3 1/2 chicken cut in pieces,– 3 1/2 chicken cut in pieces,,,skip,no_match,Added from africanbites scraped data
juice ½ lemon,juice ½ lemon,,,skip,no_match,Added from africanbites scraped data
hot pepper pierced chili,hot pepper pierced chili,,,skip,no_match,Added from africanbites scraped data
1 butternut squash cut into large cubes,1 butternut squash cut into large cubes,,,skip,no_match,Added from africanbites scraped data
okra sliced in half,okra sliced in half,,,skip,no_match,Added from africanbites scraped data
thick-cut bacon,thick-cut bacon,,,skip,no_match,Added from africanbites scraped data
mushroom,mushroom,,,skip,no_match,Added from africanbites scraped data
1/2-1 tablespoon diced jalapenos,1/2-1 tablespoon diced jalapenos,,,skip,no_match,Added from africanbites scraped data
salt-free creole seasoning,salt-free creole seasoning,,,skip,no_match,Added from africanbites scraped data
water or vegetable or chicken broth,water or vegetable or chicken broth,,,skip,no_match,Added from africanbites scraped data
washed long-grain rice,washed long-grain rice,,,skip,no_match,Added from africanbites scraped data
maggi,maggi,,,skip,no_match,Added from africanbites scraped data
groundnuts/peanuts,groundnuts/peanuts,,,skip,no_match,Added from africanbites scraped data
shrimp,shrimp,,,skip,no_match,Added from africanbites scraped data
stockfish,stockfish,,,skip,no_match,Added from africanbites scraped data
1/2- 1 stew beef (cut in chunks,1/2- 1 stew beef (cut in chunks,,,skip,no_match,Added from africanbites scraped data
1 washed bitterleaves,1 washed bitterleaves,,,skip,no_match,Added from africanbites scraped data
milk or 2%,milk or 2%,,,skip,no_match,Added from africanbites scraped data
2- teaspoon vanilla,2- teaspoon vanilla,,,skip,no_match,Added from africanbites scraped data
1/2-3/4 cup coconut flakes,1/2-3/4 cup coconut flakes,,,skip,no_match,Added from africanbites scraped data
cooked rice i used basmati,cooked rice i used basmati,,,skip,no_match,Added from africanbites scraped data
1/4- 1/2 cup canola oil,1/4- 1/2 cup canola oil,,,skip,no_match,Added from africanbites scraped data
1/2- liver cut bite size,1/2- liver cut bite size,,,skip,no_match,Added from africanbites scraped data
large shrimp peeled and deveined,large shrimp peeled and deveined,,,skip,no_match,Added from africanbites scraped data
pepper sauce chili sauce,pepper sauce chili sauce,,,skip,no_match,Added from africanbites scraped data
maggie powder or chicken bouillon,maggie powder or chicken bouillon,,,skip,no_match,Added from africanbites scraped data
maggie liquid or soy sauce,maggie liquid or soy sauce,,,skip,no_match,Added from africanbites scraped data
vegetables peas,vegetables peas,2710063.0,"Stew, vegetable",matched,fuzzy_73%,Added from africanbites scraped data
long-grain parboiled rice,long-grain parboiled rice,,,skip,no_match,Added from africanbites scraped data
fresh tomatoes chopped,fresh tomatoes chopped,,,skip,no_match,Added from africanbites scraped data
nightshade kale,nightshade kale,,,skip,no_match,Added from africanbites scraped data
1 cup canola oil palm oil,1 cup canola oil palm oil,,,skip,no_match,Added from africanbites scraped data
chopped smoked turkey/fish,chopped smoked turkey/fish,,,skip,no_match,Added from africanbites scraped data
1- tablespoon bouillon powder or maggie cube,1- tablespoon bouillon powder or maggie cube,,,skip,no_match,Added from africanbites scraped data
finely ground corn flour,finely ground corn flour,,,skip,no_match,Added from africanbites scraped data
beer,beer,,,skip,no_match,Added from africanbites scraped data
greens,greens,,,skip,no_match,Added from africanbites scraped data
1/4-1/3 cup palm oil,1/4-1/3 cup palm oil,,,skip,no_match,Added from africanbites scraped data
ground ogbono,ground ogbono,,,skip,no_match,Added from africanbites scraped data
fresh okra,fresh okra,2710054.0,Fried okra,matched,fuzzy_70%,Added from africanbites scraped data
vegetable broth or water,vegetable broth or water,,,skip,no_match,Added from africanbites scraped data
fresh parsley chopped,fresh parsley chopped,,,skip,no_match,Added from africanbites scraped data
okra fresh or frozen,okra fresh or frozen,,,skip,no_match,Added from africanbites scraped data
oxtail,oxtail,,,skip,no_match,Added from africanbites scraped data
beef or chicken bouillon,beef or chicken bouillon,,,skip,no_match,Added from africanbites scraped data
chicken thighs or breast,chicken thighs or breast,,,skip,no_match,Added from africanbites scraped data
mashed pumpkin or puree,mashed pumpkin or puree,,,skip,no_match,Added from africanbites scraped data
2- tablespoon sugar,2- tablespoon sugar,,,skip,no_match,Added from africanbites scraped data
all spice,all spice,,,skip,no_match,Added from africanbites scraped data
caramel glaze,caramel glaze,,,skip,no_match,Added from africanbites scraped data
light corn syrup,light corn syrup,,,skip,no_match,Added from africanbites scraped data
1/2-2/3 cup sugar,1/2-2/3 cup sugar,,,skip,no_match,Added from africanbites scraped data
1/4-1/2 teaspoon nutmeg,1/4-1/2 teaspoon nutmeg,,,skip,no_match,Added from africanbites scraped data
3 1/2 chicken drumsticks,3 1/2 chicken drumsticks,,,skip,no_match,Added from africanbites scraped data
garlic cloves minced,garlic cloves minced,,,skip,no_match,Added from africanbites scraped data
fresh herbs (thyme,fresh herbs (thyme,,,skip,no_match,Added from africanbites scraped data
3/4-1 cup cassareep,3/4-1 cup cassareep,,,skip,no_match,Added from africanbites scraped data
boneless skinless chicken thigh,boneless skinless chicken thigh,,,skip,no_match,Added from africanbites scraped data
1- teaspoon chicken bouillon,1- teaspoon chicken bouillon,,,skip,no_match,Added from africanbites scraped data
olive oil or more,olive oil or more,,,skip,no_match,Added from africanbites scraped data
fresh jalapeno peppers chopped,fresh jalapeno peppers chopped,,,skip,no_match,Added from africanbites scraped data
fresh chili pepper or more chopped adjust to taste more or less,fresh chili pepper or more chopped adjust to taste more or less,,,skip,no_match,Added from africanbites scraped data
juice of i medium lemon adjust,juice of i medium lemon adjust,,,skip,no_match,Added from africanbites scraped data
fresh oregano,fresh oregano,,,skip,no_match,Added from africanbites scraped data
bouillon powder or salt,bouillon powder or salt,,,skip,no_match,Added from africanbites scraped data
chopped pineapple,chopped pineapple,,,skip,no_match,Added from africanbites scraped data
minced onion,minced onion,,,skip,no_match,Added from africanbites scraped data
sriracha or hot sauce,sriracha or hot sauce,,,skip,no_match,Added from africanbites scraped data
pineapple juice,pineapple juice,,,skip,no_match,Added from africanbites scraped data
453.6 grams carrots sliced,453.6 grams carrots sliced,,,skip,no_match,Added from africanbites scraped data
sweetener,sweetener,,,skip,no_match,Added from africanbites scraped data
1/2 teaspoon nutmeg,1/2 teaspoon nutmeg,,,skip,no_match,Added from africanbites scraped data
apricot preserve,apricot preserve,,,skip,no_match,Added from africanbites scraped data
pineapple,pineapple,,,skip,no_match,Added from africanbites scraped data
2 knob ginger,2 knob ginger,,,skip,no_match,Added from africanbites scraped data
ice,ice,,,skip,no_match,Added from africanbites scraped data
fresh jalapeno peppers,fresh jalapeno peppers,2710045.0,Stuffed jalapeno pepper,matched,fuzzy_80%,Added from africanbites scraped data
fresh chili pepper,fresh chili pepper,,,skip,no_match,Added from africanbites scraped data
dark vinegar,dark vinegar,,,skip,no_match,Added from africanbites scraped data
jalapeño,jalapeño,,,skip,no_match,Added from africanbites scraped data
green plantains per cup of flour,green plantains per cup of flour,,,skip,no_match,Added from africanbites scraped data
or more brown rice,or more brown rice,,,skip,no_match,Added from africanbites scraped data
overly ripe plantains or bananas,overly ripe plantains or bananas,,,skip,no_match,Added from africanbites scraped data
1/2-1 teaspoon cayenne pepper or pepper sauce,1/2-1 teaspoon cayenne pepper or pepper sauce,,,skip,no_match,Added from africanbites scraped data
finely chopped onions,finely chopped onions,,,skip,no_match,Added from africanbites scraped data
1/2-1 teaspoon nutmeg,1/2-1 teaspoon nutmeg,,,skip,no_match,Added from africanbites scraped data
sweetened condensed milk,sweetened condensed milk,,,skip,no_match,Added from africanbites scraped data
optional sweeteners: brown sugar,optional sweeteners: brown sugar,,,skip,no_match,Added from africanbites scraped data
of yam sub potatoes,of yam sub potatoes,,,skip,no_match,Added from africanbites scraped data
1/2 - 21/2 pounds chicken cut in chunks,1/2 - 21/2 pounds chicken cut in chunks,,,skip,no_match,Added from africanbites scraped data
or more canola or vegetable oil,or more canola or vegetable oil,,,skip,no_match,Added from africanbites scraped data
creole seasoning spice,creole seasoning spice,,,skip,no_match,Added from africanbites scraped data
habanero pepper or scotch bonnet,habanero pepper or scotch bonnet,,,skip,no_match,Added from africanbites scraped data
( fresh leafy greens,( fresh leafy greens,,,skip,no_match,Added from africanbites scraped data
or more chicken bouillon powder,or more chicken bouillon powder,,,skip,no_match,Added from africanbites scraped data
chicken (3½-4 pounds,chicken (3½-4 pounds,,,skip,no_match,Added from africanbites scraped data
bulb garlic,bulb garlic,,,skip,no_match,Added from africanbites scraped data
maggie or chicken bouillon,maggie or chicken bouillon,,,skip,no_match,Added from africanbites scraped data
water if needed,water if needed,,,skip,no_match,Added from africanbites scraped data
green bell peppers,green bell peppers,,,skip,no_match,Added from africanbites scraped data
ghana yams,ghana yams,,,skip,no_match,Added from africanbites scraped data
groundnuts or skinless peanuts,groundnuts or skinless peanuts,,,skip,no_match,Added from africanbites scraped data
fresh pumpkin leaves or spinach,fresh pumpkin leaves or spinach,,,skip,no_match,Added from africanbites scraped data
boiling and ice water,boiling and ice water,,,skip,no_match,Added from africanbites scraped data
habanero pepper or hot sauce,habanero pepper or hot sauce,,,skip,no_match,Added from africanbites scraped data
all purpose flour plus more,all purpose flour plus more,,,skip,no_match,Added from africanbites scraped data
3- tablespoon ghee clarified butter or oil,3- tablespoon ghee clarified butter or oil,,,skip,no_match,Added from africanbites scraped data
3/4 potatoes cubed and boiled,3/4 potatoes cubed and boiled,,,skip,no_match,Added from africanbites scraped data
pepper sauce or chili sauce,pepper sauce or chili sauce,,,skip,no_match,Added from africanbites scraped data
ginger grated,ginger grated,,,skip,no_match,Added from africanbites scraped data
mature coconut,mature coconut,,,skip,no_match,Added from africanbites scraped data
1-11/2 teaspoon salt,1-11/2 teaspoon salt,,,skip,no_match,Added from africanbites scraped data
meat goat or beef shank,meat goat or beef shank,,,skip,no_match,Added from africanbites scraped data
cubes maggie,cubes maggie,,,skip,no_match,Added from africanbites scraped data
unsweetened coconut flakes,unsweetened coconut flakes,,,skip,no_match,Added from africanbites scraped data
vanilla bean or ¼ teaspoon of ground nutmeg,vanilla bean or ¼ teaspoon of ground nutmeg,,,skip,no_match,Added from africanbites scraped data
all-purpose flour or self-rising flour,all-purpose flour or self-rising flour,,,skip,no_match,Added from africanbites scraped data
smoked sausage,smoked sausage,,,skip,no_match,Added from africanbites scraped data
bouillon powder or cube,bouillon powder or cube,,,skip,no_match,Added from africanbites scraped data
15-ounce can cannellini beans,15-ounce can cannellini beans,,,skip,no_match,Added from africanbites scraped data
evaporated milk (5 ounce,evaporated milk (5 ounce,,,skip,no_match,Added from africanbites scraped data
1/2 – 4 cups all purpose flour,1/2 – 4 cups all purpose flour,,,skip,no_match,Added from africanbites scraped data
crushed cardamom spice,crushed cardamom spice,,,skip,no_match,Added from africanbites scraped data
grated nutmeg or cinnamon,grated nutmeg or cinnamon,,,skip,no_match,Added from africanbites scraped data
dried red sorrel calyces,dried red sorrel calyces,,,skip,no_match,Added from africanbites scraped data
hot water or more,hot water or more,,,skip,no_match,Added from africanbites scraped data
orange,orange,,,skip,no_match,Added from africanbites scraped data
rum to taste,rum to taste,,,skip,no_match,Added from africanbites scraped data
white rice,white rice,,,skip,no_match,Added from africanbites scraped data
1-11/2 teaspoon turmeric powder,1-11/2 teaspoon turmeric powder,,,skip,no_match,Added from africanbites scraped data
brown rice,brown rice,,,skip,no_match,Added from africanbites scraped data
3 tablespoons cooking oil,3 tablespoons cooking oil,,,skip,no_match,Added from africanbites scraped data
1/2-1 teaspoon salt-free creole seasoning or your favorite spice mix,1/2-1 teaspoon salt-free creole seasoning or your favorite spice mix,,,skip,no_match,Added from africanbites scraped data
chopped smoked turkey,chopped smoked turkey,,,skip,no_match,Added from africanbites scraped data
1/2-1 teaspoon cayenne pepper or a scotch bonnet pepper,1/2-1 teaspoon cayenne pepper or a scotch bonnet pepper,,,skip,no_match,Added from africanbites scraped data
bell pepper (green,bell pepper (green,,,skip,no_match,Added from africanbites scraped data
grated cheese,grated cheese,,,skip,no_match,Added from africanbites scraped data
kale or collard greens,kale or collard greens,,,skip,no_match,Added from africanbites scraped data
minced beef or chicken,minced beef or chicken,,,skip,no_match,Added from africanbites scraped data
canola oil or more,canola oil or more,,,skip,no_match,Added from africanbites scraped data
cayenne pepper or more,cayenne pepper or more,,,skip,no_match,Added from africanbites scraped data
lemon juice about ½ a lemon,lemon juice about ½ a lemon,,,skip,no_match,Added from africanbites scraped data
bouillon powder or 1 cube,bouillon powder or 1 cube,,,skip,no_match,Added from africanbites scraped data
1/2-1 teaspoon cayenne pepper or hot sauce,1/2-1 teaspoon cayenne pepper or hot sauce,,,skip,no_match,Added from africanbites scraped data
fish white,fish white,,,skip,no_match,Added from africanbites scraped data
salt and white pepper or more,salt and white pepper or more,,,skip,no_match,Added from africanbites scraped data
parsley and basil,parsley and basil,,,skip,no_match,Added from africanbites scraped data
potatoes and cassava,potatoes and cassava,,,skip,no_match,Added from africanbites scraped data
vegetables (carrots,vegetables (carrots,,,skip,no_match,Added from africanbites scraped data
uncooked short-grain rice,uncooked short-grain rice,,,skip,no_match,Added from africanbites scraped data
cream of tartar,cream of tartar,,,skip,no_match,Added from africanbites scraped data
fine cornmeal,fine cornmeal,,,skip,no_match,Added from africanbites scraped data
1-11/2 beef stew meat,1-11/2 beef stew meat,2705849.0,"Beef, stew meat",matched,fuzzy_72%,Added from africanbites scraped data
14-ounce can diced tomatoes,14-ounce can diced tomatoes,,,skip,no_match,Added from africanbites scraped data
beef broth or water,beef broth or water,,,skip,no_match,Added from africanbites scraped data
10-ounce bag frozen baby lima beans,10-ounce bag frozen baby lima beans,,,skip,no_match,Added from africanbites scraped data
beef bouillon or a beef bouillon cube,beef bouillon or a beef bouillon cube,,,skip,no_match,Added from africanbites scraped data
¼-ounce yeast,¼-ounce yeast,,,skip,no_match,Added from africanbites scraped data
minced meat,minced meat,,,skip,no_match,Added from africanbites scraped data
hot sauce or cayenne pepper,hot sauce or cayenne pepper,,,skip,no_match,Added from africanbites scraped data
frozen peas and carrots,frozen peas and carrots,,,skip,no_match,Added from africanbites scraped data
canned coconut milk slightly warmed,canned coconut milk slightly warmed,,,skip,no_match,Added from africanbites scraped data
1 teaspoon salt,1 teaspoon salt,,,skip,no_match,Added from africanbites scraped data
– 1-cup sugar brown,– 1-cup sugar brown,,,skip,no_match,Added from africanbites scraped data
spice cardamom,spice cardamom,,,skip,no_match,Added from africanbites scraped data
coconut,coconut,,,skip,no_match,Added from africanbites scraped data
sea bass,sea bass,,,skip,no_match,Added from africanbites scraped data
lemon or lime if that's what's available,lemon or lime if that's what's available,,,skip,no_match,Added from africanbites scraped data
chicken bouillon or cubes,chicken bouillon or cubes,,,skip,no_match,Added from africanbites scraped data
1/2-1 cup water or oil,1/2-1 cup water or oil,,,skip,no_match,Added from africanbites scraped data
cherry tomatoes,cherry tomatoes,,,skip,no_match,Added from africanbites scraped data
21/2-3 pounds skin-on chicken,21/2-3 pounds skin-on chicken,,,skip,no_match,Added from africanbites scraped data
2- 2 1/2 pounds white fish skin- on,2- 2 1/2 pounds white fish skin- on,,,skip,no_match,Added from africanbites scraped data
of garlic minced,of garlic minced,,,skip,no_match,Added from africanbites scraped data
green seasoning or 2-3 tablespoon fresh herbs basil,green seasoning or 2-3 tablespoon fresh herbs basil,,,skip,no_match,Added from africanbites scraped data
habanera pepper scotch bonnet,habanera pepper scotch bonnet,,,skip,no_match,Added from africanbites scraped data
chicken bouillon maggie powder,chicken bouillon maggie powder,,,skip,no_match,Added from africanbites scraped data
scallions,scallions,,,skip,no_match,Added from food.com scraped data
feta cheese,feta cheese,,,skip,no_match,Added from food.com scraped data
pesto sauce,pesto sauce,2707442.0,Soy sauce,matched,fuzzy_70%,Added from food.com scraped data
yellow squash,yellow squash,,,skip,no_match,Added from food.com scraped data
sliced baby portabella mushrooms,sliced baby portabella mushrooms,,,skip,no_match,Added from food.com scraped data
smoked sweet paprika,smoked sweet paprika,,,skip,no_match,Added from food.com scraped data
finely chopped almond,finely chopped almond,,,skip,no_match,Added from food.com scraped data
spinach (blanches,spinach (blanches,,,skip,no_match,Added from food.com scraped data
4 ounces gruyere,4 ounces gruyere,,,skip,no_match,Added from food.com scraped data
fresh cheese (ricotta,fresh cheese (ricotta,,,skip,no_match,Added from food.com scraped data
chili flakes,chili flakes,,,skip,no_match,Added from food.com scraped data
chicken thigh fillet,chicken thigh fillet,,,skip,no_match,Added from food.com scraped data
brown onions,brown onions,,,skip,no_match,Added from food.com scraped data
tinned crushed tomatoes,tinned crushed tomatoes,,,skip,no_match,Added from food.com scraped data
stick cinnamon,stick cinnamon,,,skip,no_match,Added from food.com scraped data
long green chilies,long green chilies,,,skip,no_match,Added from food.com scraped data
chopped coriander leaves,chopped coriander leaves,,,skip,no_match,Added from food.com scraped data
yellow onions,yellow onions,,,skip,no_match,Added from food.com scraped data
minced fresh gingerroot or 2 teaspoons ground ginger,minced fresh gingerroot or 2 teaspoons ground ginger,,,skip,no_match,Added from food.com scraped data
fire-roasted diced tomatoes,fire-roasted diced tomatoes,,,skip,no_match,Added from food.com scraped data
unblanched almonds,unblanched almonds,,,skip,no_match,Added from food.com scraped data
butter or 2 tablespoons margarine,butter or 2 tablespoons margarine,,,skip,no_match,Added from food.com scraped data
long-grain white rice,long-grain white rice,,,skip,no_match,Added from food.com scraped data
vegetable stock powder,vegetable stock powder,,,skip,no_match,Added from food.com scraped data
grated an orange,grated an orange,,,skip,no_match,Added from food.com scraped data
1/4-1/2 cup chopped almonds or 1/4-1/2 cup pine nuts,1/4-1/2 cup chopped almonds or 1/4-1/2 cup pine nuts,,,skip,no_match,Added from food.com scraped data
1/4-1/2 cup currants,1/4-1/2 cup currants,,,skip,no_match,Added from food.com scraped data
butter or 2 tablespoons olive oil,butter or 2 tablespoons olive oil,,,skip,no_match,Added from food.com scraped data
1/4-1/2 cup dried apricot,1/4-1/2 cup dried apricot,,,skip,no_match,Added from food.com scraped data
spring onions,spring onions,,,skip,no_match,Added from food.com scraped data
ripe avocados,ripe avocados,,,skip,no_match,Added from food.com scraped data
piquillo peppers,piquillo peppers,,,skip,no_match,Added from food.com scraped data
fresh orange juice,fresh orange juice,,,skip,no_match,Added from food.com scraped data
fresh lime juice,fresh lime juice,,,skip,no_match,Added from food.com scraped data
kosher salt & freshly ground black pepper,kosher salt & freshly ground black pepper,,,skip,no_match,Added from food.com scraped data
dry mustard,dry mustard,,,skip,no_match,Added from food.com scraped data
fresh ground black pepper,fresh ground black pepper,,,skip,no_match,Added from food.com scraped data
dried orange peel,dried orange peel,,,skip,no_match,Added from food.com scraped data
four 6-ounce tuna steak,four 6-ounce tuna steak,,,skip,no_match,Added from food.com scraped data
peanut oil or 1/4 cup canola oil,peanut oil or 1/4 cup canola oil,,,skip,no_match,Added from food.com scraped data
champagne vinegar,champagne vinegar,,,skip,no_match,Added from food.com scraped data
seedless european cucumber,seedless european cucumber,,,skip,no_match,Added from food.com scraped data
butter or 2/3 cup margarine,butter or 2/3 cup margarine,,,skip,no_match,Added from food.com scraped data
salted peanuts,salted peanuts,,,skip,no_match,Added from food.com scraped data
unsweetened dried shredded coconut,unsweetened dried shredded coconut,,,skip,no_match,Added from food.com scraped data
low-sodium pinto beans,low-sodium pinto beans,,,skip,no_match,Added from food.com scraped data
amarula cream liqueur,amarula cream liqueur,,,skip,no_match,Added from food.com scraped data
cointreau orange liqueur,cointreau orange liqueur,,,skip,no_match,Added from food.com scraped data
3 lbs chicken,3 lbs chicken,,,skip,no_match,Added from food.com scraped data
finely chopped pared apple,finely chopped pared apple,,,skip,no_match,Added from food.com scraped data
sliced celery,sliced celery,2709811.0,Celery juice,matched,fuzzy_72%,Added from food.com scraped data
3 teaspoons curry powder,3 teaspoons curry powder,,,skip,no_match,Added from food.com scraped data
cold chicken broth,cold chicken broth,,,skip,no_match,Added from food.com scraped data
diced cooked chicken,diced cooked chicken,,,skip,no_match,Added from food.com scraped data
sliced mushrooms,sliced mushrooms,,,skip,no_match,Added from food.com scraped data
chopped banana,chopped banana,,,skip,no_match,Added from food.com scraped data
chutney,chutney,,,skip,no_match,Added from food.com scraped data
packed fresh cilantro,packed fresh cilantro,,,skip,no_match,Added from food.com scraped data
packed fresh parsley,packed fresh parsley,,,skip,no_match,Added from food.com scraped data
almonds,almonds,,,skip,no_match,Added from food.com scraped data
2 garlic clove,2 garlic clove,,,skip,no_match,Added from food.com scraped data
uncooked couscous,uncooked couscous,2708441.0,"Couscous, plain, cooked",matched,fuzzy_70%,Added from food.com scraped data
tunisian pesto sauce,tunisian pesto sauce,,,skip,no_match,Added from food.com scraped data
crushed red pepper flakes,crushed red pepper flakes,,,skip,no_match,Added from food.com scraped data
6 lbs split chicken wings,6 lbs split chicken wings,,,skip,no_match,Added from food.com scraped data
cocoa powder,cocoa powder,,,skip,no_match,Added from food.com scraped data
vanilla flavoring,vanilla flavoring,,,skip,no_match,Added from food.com scraped data
shredded coconut,shredded coconut,,,skip,no_match,Added from food.com scraped data
kahlua,kahlua,,,skip,no_match,Added from food.com scraped data
amaretto,amaretto,,,skip,no_match,Added from food.com scraped data
coffee,coffee,,,skip,no_match,Added from food.com scraped data
chocolate ice cream,chocolate ice cream,,,skip,no_match,Added from food.com scraped data
dried garlic,dried garlic,,,skip,no_match,Added from food.com scraped data
banana,banana,,,skip,no_match,Added from food.com scraped data
guava,guava,,,skip,no_match,Added from food.com scraped data
melon,melon,,,skip,no_match,Added from food.com scraped data
papaya,papaya,,,skip,no_match,Added from food.com scraped data
peach,peach,,,skip,no_match,Added from food.com scraped data
pear,pear,,,skip,no_match,Added from food.com scraped data
fresh grated coconut or chopped roasted peanuts,fresh grated coconut or chopped roasted peanuts,,,skip,no_match,Added from food.com scraped data
honey or sugar,honey or sugar,,,skip,no_match,Added from food.com scraped data
dashes nutmeg,dashes nutmeg,,,skip,no_match,Added from food.com scraped data
raw peanuts,raw peanuts,,,skip,no_match,Added from food.com scraped data
chili,chili,,,skip,no_match,Added from food.com scraped data
fresh mint leaves,fresh mint leaves,,,skip,no_match,Added from food.com scraped data
4 tablespoons fresh lime juice,4 tablespoons fresh lime juice,,,skip,no_match,Added from food.com scraped data
oranges,oranges,,,skip,no_match,Added from food.com scraped data
radish,radish,,,skip,no_match,Added from food.com scraped data
sea salt and pepper,sea salt and pepper,,,skip,no_match,Added from food.com scraped data
4 fresh dates,4 fresh dates,,,skip,no_match,Added from food.com scraped data
3 tablespoons pomegranate seeds,3 tablespoons pomegranate seeds,,,skip,no_match,Added from food.com scraped data
lettuce leaf,lettuce leaf,,,skip,no_match,Added from food.com scraped data
mint tea bags,mint tea bags,,,skip,no_match,Added from food.com scraped data
finely chopped spinach,finely chopped spinach,,,skip,no_match,Added from food.com scraped data
pita bread,pita bread,,,skip,no_match,Added from food.com scraped data
dried red kidney beans,dried red kidney beans,,,skip,no_match,Added from food.com scraped data
fresh garlic,fresh garlic,,,skip,no_match,Added from food.com scraped data
powdered kelp (sub sea salt,powdered kelp (sub sea salt,,,skip,no_match,Added from food.com scraped data
sea salt & pepper,sea salt & pepper,,,skip,no_match,Added from food.com scraped data
dried pinto bean,dried pinto bean,,,skip,no_match,Added from food.com scraped data
garlic clove,garlic clove,,,skip,no_match,Added from food.com scraped data
fresh parsley or 1/4 cup cilantro,fresh parsley or 1/4 cup cilantro,,,skip,no_match,Added from food.com scraped data
light coconut milk,light coconut milk,2705413.0,Coconut milk,matched,fuzzy_73%,Added from food.com scraped data
tomatoes or 410 g canned tomatoes,tomatoes or 410 g canned tomatoes,,,skip,no_match,Added from food.com scraped data
sherry wine,sherry wine,,,skip,no_match,Added from food.com scraped data
salt & freshly ground black pepper,salt & freshly ground black pepper,,,skip,no_match,Added from food.com scraped data
chopped mint leaf,chopped mint leaf,,,skip,no_match,Added from food.com scraped data
chopped fresh cilantro or 2 tablespoons fresh parsley,chopped fresh cilantro or 2 tablespoons fresh parsley,,,skip,no_match,Added from food.com scraped data
boneless leg of lamb or 2 lbs beef sirloin,boneless leg of lamb or 2 lbs beef sirloin,,,skip,no_match,Added from food.com scraped data
green peppers,green peppers,,,skip,no_match,Added from food.com scraped data
white onions,white onions,,,skip,no_match,Added from food.com scraped data
celery ribs,celery ribs,,,skip,no_match,Added from food.com scraped data
chopped onion (or 2t minced flakes,chopped onion (or 2t minced flakes,,,skip,no_match,Added from food.com scraped data
clove,clove,,,skip,no_match,Added from food.com scraped data
cardamom (or more,cardamom (or more,,,skip,no_match,Added from food.com scraped data
water (plus more,water (plus more,,,skip,no_match,Added from food.com scraped data
milk (cow,milk (cow,,,skip,no_match,Added from food.com scraped data
okra (chopped,okra (chopped,,,skip,no_match,Added from food.com scraped data
quart water,quart water,,,skip,no_match,Added from food.com scraped data
powdered saffron,powdered saffron,,,skip,no_match,Added from food.com scraped data
oil (for frying,oil (for frying,,,skip,no_match,Added from food.com scraped data
fresh pineapple or 4 cups canned pineapple,fresh pineapple or 4 cups canned pineapple,,,skip,no_match,Added from food.com scraped data
mangoes,mangoes,,,skip,no_match,Added from food.com scraped data
dark brown sugar,dark brown sugar,,,skip,no_match,Added from food.com scraped data
unsweetened coconut,unsweetened coconut,2707572.0,"Coconut water, unsweetened",matched,fuzzy_80%,Added from food.com scraped data
chicken stock or 350 ml vegetable stock,chicken stock or 350 ml vegetable stock,,,skip,no_match,Added from food.com scraped data
good pinch saffron strand,good pinch saffron strand,,,skip,no_match,Added from food.com scraped data
red chili,red chili,,,skip,no_match,Added from food.com scraped data
lamb,lamb,,,skip,no_match,Added from food.com scraped data
green beans or 7 ounces peas,green beans or 7 ounces peas,,,skip,no_match,Added from food.com scraped data
artichoke hearts,artichoke hearts,,,skip,no_match,Added from food.com scraped data
shallots,shallots,,,skip,no_match,Added from food.com scraped data
grated carrot,grated carrot,,,skip,no_match,Added from food.com scraped data
pasta,pasta,,,skip,no_match,Added from food.com scraped data
almond butter,almond butter,2707533.0,Almond butter,matched,fuzzy_92%,Added from food.com scraped data
ras-el-hanout mixed spice,ras-el-hanout mixed spice,,,skip,no_match,Added from food.com scraped data
albacore tuna,albacore tuna,,,skip,no_match,Added from food.com scraped data
celery seeds,celery seeds,,,skip,no_match,Added from food.com scraped data
water chestnuts,water chestnuts,,,skip,no_match,Added from food.com scraped data
green apples,green apples,,,skip,no_match,Added from food.com scraped data
vanilla wafer crumbs,vanilla wafer crumbs,,,skip,no_match,Added from food.com scraped data
cream cheese,cream cheese,,,skip,no_match,Added from food.com scraped data
macadamia nuts,macadamia nuts,,,skip,no_match,Added from food.com scraped data
kiwi,kiwi,,,skip,no_match,Added from food.com scraped data
pineapple preserves,pineapple preserves,,,skip,no_match,Added from food.com scraped data
dry sherry,dry sherry,,,skip,no_match,Added from food.com scraped data
frozen orange juice concentrate,frozen orange juice concentrate,,,skip,no_match,Added from food.com scraped data
whipped cream cheese,whipped cream cheese,,,skip,no_match,Added from food.com scraped data
crushed pineapple,crushed pineapple,,,skip,no_match,Added from food.com scraped data
pecans,pecans,,,skip,no_match,Added from food.com scraped data
ground turkey or 1 lb 96% lean ground beef,ground turkey or 1 lb 96% lean ground beef,,,skip,no_match,Added from food.com scraped data
cooked brown rice,cooked brown rice,,,skip,no_match,Added from food.com scraped data
crushed pineapple with juice,crushed pineapple with juice,,,skip,no_match,Added from food.com scraped data
reduced sodium soy sauce,reduced sodium soy sauce,,,skip,no_match,Added from food.com scraped data
unsalted chicken stock,unsalted chicken stock,,,skip,no_match,Added from food.com scraped data
chili sauce,chili sauce,2709735.0,Tomato chili sauce,matched,fuzzy_75%,Added from food.com scraped data
rice vinegar,rice vinegar,,,skip,no_match,Added from food.com scraped data
pizza dough,pizza dough,,,skip,no_match,Added from food.com scraped data
salt & pepper,salt & pepper,,,skip,no_match,Added from food.com scraped data
shredded mozzarella cheese,shredded mozzarella cheese,,,skip,no_match,Added from food.com scraped data
prosciutto,prosciutto,,,skip,no_match,Added from food.com scraped data
frisee,frisee,,,skip,no_match,Added from food.com scraped data
75% lean ground beef,75% lean ground beef,,,skip,no_match,Added from food.com scraped data
spam,spam,,,skip,no_match,Added from food.com scraped data
grated sweet yellow onion,grated sweet yellow onion,,,skip,no_match,Added from food.com scraped data
fine sea salt,fine sea salt,,,skip,no_match,Added from food.com scraped data
fresh ground white pepper,fresh ground white pepper,,,skip,no_match,Added from food.com scraped data
dry sake,dry sake,2710176.0,Fry sauce,matched,fuzzy_70%,Added from food.com scraped data
teriyaki sauce,teriyaki sauce,,,skip,no_match,Added from food.com scraped data
sriracha sauce,sriracha sauce,,,skip,no_match,Added from food.com scraped data
minced onion flakes,minced onion flakes,,,skip,no_match,Added from food.com scraped data
havarti cheese,havarti cheese,,,skip,no_match,Added from food.com scraped data
cooked crisp bacon,cooked crisp bacon,,,skip,no_match,Added from food.com scraped data
fresh pineapple,fresh pineapple,,,skip,no_match,Added from food.com scraped data
sweet red onions,sweet red onions,,,skip,no_match,Added from food.com scraped data
leaves fresh green leaf lettuce,leaves fresh green leaf lettuce,,,skip,no_match,Added from food.com scraped data
diced green chilies,diced green chilies,,,skip,no_match,Added from food.com scraped data
king's original sweet hawaiian rolls,king's original sweet hawaiian rolls,,,skip,no_match,Added from food.com scraped data
salted butter,salted butter,,,skip,no_match,Added from food.com scraped data
hoisin sauce,hoisin sauce,2707441.0,Hoisin sauce,matched,fuzzy_91%,Added from food.com scraped data
fresh gingerroot,fresh gingerroot,,,skip,no_match,Added from food.com scraped data
sweet peas or 1 cup snow peas,sweet peas or 1 cup snow peas,,,skip,no_match,Added from food.com scraped data
granny smith apple,granny smith apple,,,skip,no_match,Added from food.com scraped data
of fresh mint,of fresh mint,,,skip,no_match,Added from food.com scraped data
low sodium chicken broth,low sodium chicken broth,,,skip,no_match,Added from food.com scraped data
dried apricot,dried apricot,,,skip,no_match,Added from food.com scraped data
almond,almond,,,skip,no_match,Added from food.com scraped data
fresh cilantro leaves,fresh cilantro leaves,,,skip,no_match,Added from food.com scraped data
lemon zest,lemon zest,,,skip,no_match,Added from food.com scraped data
apricot nectar,apricot nectar,,,skip,no_match,Added from food.com scraped data
boneless skinless chicken breast halves,boneless skinless chicken breast halves,,,skip,no_match,Added from food.com scraped data
minced fresh basil,minced fresh basil,,,skip,no_match,Added from food.com scraped data
boneless chicken,boneless chicken,,,skip,no_match,Added from food.com scraped data
apricot preserves,apricot preserves,,,skip,no_match,Added from food.com scraped data
finely chopped dried apricot,finely chopped dried apricot,,,skip,no_match,Added from food.com scraped data
japanese eggplant,japanese eggplant,,,skip,no_match,Added from food.com scraped data
wheat instant couscous,wheat instant couscous,,,skip,no_match,Added from food.com scraped data
15 basil leaves,15 basil leaves,,,skip,no_match,Added from food.com scraped data
orange flower water,orange flower water,,,skip,no_match,Added from food.com scraped data
green chilies,green chilies,,,skip,no_match,Added from food.com scraped data
cumin powder,cumin powder,2709754.0,Puerto Rican seasoning with ham,matched,manual_match,Added from food.com scraped data
mustard powder,mustard powder,,,skip,no_match,Added from food.com scraped data
yoghurt,yoghurt,,,skip,no_match,Added from food.com scraped data
thyme leaves,thyme leaves,,,skip,no_match,Added from food.com scraped data
baby spinach leaves,baby spinach leaves,,,skip,no_match,Added from food.com scraped data
parmesan cheese,parmesan cheese,,,skip,no_match,Added from food.com scraped data
tofu,tofu,,,skip,no_match,Added from food.com scraped data
spears fresh asparagus,spears fresh asparagus,,,skip,no_match,Added from food.com scraped data
agave nectar,agave nectar,2709345.0,Mango nectar,matched,fuzzy_75%,Added from food.com scraped data
of fresh beet,of fresh beet,,,skip,no_match,Added from food.com scraped data
large pearl couscous,large pearl couscous,,,skip,no_match,Added from food.com scraped data
chicken breasts,chicken breasts,,,skip,no_match,Added from food.com scraped data
boiling chicken stock,boiling chicken stock,,,skip,no_match,Added from food.com scraped data
seasoning salt,seasoning salt,,,skip,no_match,Added from food.com scraped data
ras el hanout spice mix,ras el hanout spice mix,,,skip,no_match,Added from food.com scraped data
flaked sea salt,flaked sea salt,,,skip,no_match,Added from food.com scraped data
crushed dried red chilies,crushed dried red chilies,,,skip,no_match,Added from food.com scraped data
red chilies,red chilies,,,skip,no_match,Added from food.com scraped data
chopped tomato,chopped tomato,,,skip,no_match,Added from food.com scraped data
shredded cheese,shredded cheese,,,skip,no_match,Added from food.com scraped data
ground sirloin,ground sirloin,,,skip,no_match,Added from food.com scraped data
fresh flat-leaf parsley (plus 2 tbsp,fresh flat-leaf parsley (plus 2 tbsp,,,skip,no_match,Added from food.com scraped data
english cucumbers,english cucumbers,,,skip,no_match,Added from food.com scraped data
plain fat-free greek yogurt,plain fat-free greek yogurt,,,skip,no_match,Added from food.com scraped data
sirloin,sirloin,,,skip,no_match,Added from food.com scraped data
kohlrabi,kohlrabi,,,skip,no_match,Added from food.com scraped data
dates,dates,,,skip,no_match,Added from food.com scraped data
golden raisin,golden raisin,,,skip,no_match,Added from food.com scraped data
fresh black pepper,fresh black pepper,,,skip,no_match,Added from food.com scraped data
allspice,allspice,,,skip,no_match,Added from food.com scraped data
beef bouillon cube,beef bouillon cube,,,skip,no_match,Added from food.com scraped data
pure chile powder or 2 tablespoons cayenne pepper,pure chile powder or 2 tablespoons cayenne pepper,,,skip,no_match,Added from food.com scraped data
sweet paprika,sweet paprika,,,skip,no_match,Added from food.com scraped data
set 3-4 sweet potato,set 3-4 sweet potato,2708012.0,"Pie, sweet potato",matched,fuzzy_70%,Added from food.com scraped data
set 1/2 tsp coconut oil,set 1/2 tsp coconut oil,,,skip,no_match,Added from food.com scraped data
set 1/2 red onions,set 1/2 red onions,,,skip,no_match,Added from food.com scraped data
set 1 tbsp ginger,set 1 tbsp ginger,,,skip,no_match,Added from food.com scraped data
set 1 tbsp rawspicebar's berbere,set 1 tbsp rawspicebar's berbere,,,skip,no_match,Added from food.com scraped data
set 1 cup cooked chickpeas,set 1 cup cooked chickpeas,,,skip,no_match,Added from food.com scraped data
set 1 cups baby spinach,set 1 cups baby spinach,,,skip,no_match,Added from food.com scraped data
chicken broth or 1 1/4 cups vegetable broth,chicken broth or 1 1/4 cups vegetable broth,,,skip,no_match,Added from food.com scraped data
3 tablespoons extra virgin olive oil,3 tablespoons extra virgin olive oil,,,skip,no_match,Added from food.com scraped data
8 green onions,8 green onions,,,skip,no_match,Added from food.com scraped data
fresh jalapeno pepper,fresh jalapeno pepper,2710045.0,Stuffed jalapeno pepper,matched,fuzzy_81%,Added from food.com scraped data
corn kernel (fresh is best,corn kernel (fresh is best,,,skip,no_match,Added from food.com scraped data
can black beans,can black beans,,,skip,no_match,Added from food.com scraped data
envelope goya salad and veggie seasoning,envelope goya salad and veggie seasoning,,,skip,no_match,Added from food.com scraped data
ground chicken breast,ground chicken breast,2706091.0,"Chicken, ground",matched,fuzzy_72%,Added from food.com scraped data
minced fresh sweet basil or 3 tablespoons minced fresh holy basil,minced fresh sweet basil or 3 tablespoons minced fresh holy basil,,,skip,no_match,Added from food.com scraped data
black pepper sauce,black pepper sauce,2710093.0,Hot pepper sauce,matched,fuzzy_76%,Added from food.com scraped data
chopped leeks,chopped leeks,,,skip,no_match,Added from food.com scraped data
chopped yellow onions,chopped yellow onions,,,skip,no_match,Added from food.com scraped data
sliced red radishes,sliced red radishes,,,skip,no_match,Added from food.com scraped data
chopped scallion,chopped scallion,,,skip,no_match,Added from food.com scraped data
minced fresh garlic,minced fresh garlic,,,skip,no_match,Added from food.com scraped data
braggs liquid aminos (to taste,braggs liquid aminos (to taste,,,skip,no_match,Added from food.com scraped data
black pepper sauce (lee kum kee brand,black pepper sauce (lee kum kee brand,,,skip,no_match,Added from food.com scraped data
arrowroot,arrowroot,,,skip,no_match,Added from food.com scraped data
fresh cauliflower florets,fresh cauliflower florets,,,skip,no_match,Added from food.com scraped data
wholewheat couscous,wholewheat couscous,,,skip,no_match,Added from food.com scraped data
blueberries,blueberries,,,skip,no_match,Added from food.com scraped data
mint,mint,,,skip,no_match,Added from food.com scraped data
ground lamb,ground lamb,,,skip,no_match,Added from food.com scraped data
chopped blanched almond,chopped blanched almond,,,skip,no_match,Added from food.com scraped data
whipping cream,whipping cream,,,skip,no_match,Added from food.com scraped data
brandy,brandy,2710699.0,Brandy,matched,fuzzy_83%,Added from food.com scraped data
buttered rice,buttered rice,,,skip,no_match,Added from food.com scraped data
vinegar or 2 tablespoons lemon juice,vinegar or 2 tablespoons lemon juice,,,skip,no_match,Added from food.com scraped data
bay leaves or 1 lemon,bay leaves or 1 lemon,,,skip,no_match,Added from food.com scraped data
3 tablespoons oil,3 tablespoons oil,,,skip,no_match,Added from food.com scraped data
3 slices white bread,3 slices white bread,,,skip,no_match,Added from food.com scraped data
vinegar or 1/4 cup lemon juice,vinegar or 1/4 cup lemon juice,,,skip,no_match,Added from food.com scraped data
2 tablespoon curry powder,2 tablespoon curry powder,,,skip,no_match,Added from food.com scraped data
fresh bay leaves (if using dry,fresh bay leaves (if using dry,,,skip,no_match,Added from food.com scraped data
unsweetened black tea,unsweetened black tea,,,skip,no_match,Added from food.com scraped data
ground fennel,ground fennel,,,skip,no_match,Added from food.com scraped data
asafoetida powder,asafoetida powder,,,skip,no_match,Added from food.com scraped data
mustard seeds,mustard seeds,,,skip,no_match,Added from food.com scraped data
15 curry leaves,15 curry leaves,,,skip,no_match,Added from food.com scraped data
3 red chilies,3 red chilies,,,skip,no_match,Added from food.com scraped data
green chili,green chili,,,skip,no_match,Added from food.com scraped data
fresh coconut,fresh coconut,2707500.0,"Coconut, fresh",matched,fuzzy_88%,Added from food.com scraped data
lemon wedge,lemon wedge,,,skip,no_match,Added from food.com scraped data
cinnamon sticks,cinnamon sticks,,,skip,no_match,Added from food.com scraped data
stem fresh curry leaf,stem fresh curry leaf,,,skip,no_match,Added from food.com scraped data
10 loaves unsliced firm white bread,10 loaves unsliced firm white bread,,,skip,no_match,Added from food.com scraped data
curry leaves,curry leaves,,,skip,no_match,Added from food.com scraped data
durban masala (if unavailable,durban masala (if unavailable,,,skip,no_match,Added from food.com scraped data
crushed garlic,crushed garlic,,,skip,no_match,Added from food.com scraped data
crusty square loaves bread,crusty square loaves bread,,,skip,no_match,Added from food.com scraped data
fresh coriander leaves,fresh coriander leaves,,,skip,no_match,Added from food.com scraped data
crushed pineapple or mint,crushed pineapple or mint,,,skip,no_match,Added from food.com scraped data
peri-peri,peri-peri,,,skip,no_match,Added from food.com scraped data
sultana,sultana,,,skip,no_match,Added from food.com scraped data
hot red pepper flakes or tabasco sauce,hot red pepper flakes or tabasco sauce,,,skip,no_match,Added from food.com scraped data
box chicken and herb couscous mix,box chicken and herb couscous mix,,,skip,no_match,Added from food.com scraped data
red sweet bell pepper,red sweet bell pepper,,,skip,no_match,Added from food.com scraped data
fresh broccoli florets,fresh broccoli florets,,,skip,no_match,Added from food.com scraped data
wheat couscous,wheat couscous,,,skip,no_match,Added from food.com scraped data
baby carrots,baby carrots,,,skip,no_match,Added from food.com scraped data
minced fresh parsley leaves,minced fresh parsley leaves,,,skip,no_match,Added from food.com scraped data
leaf lettuce,leaf lettuce,,,skip,no_match,Added from food.com scraped data
4 large carrots,4 large carrots,,,skip,no_match,Added from food.com scraped data
walnuts,walnuts,,,skip,no_match,Added from food.com scraped data
cooked couscous,cooked couscous,,,skip,no_match,Added from food.com scraped data
cucumbers,cucumbers,,,skip,no_match,Added from food.com scraped data
cooked garbanzo beans,cooked garbanzo beans,,,skip,no_match,Added from food.com scraped data
kalamata olive,kalamata olive,,,skip,no_match,Added from food.com scraped data
chopped of fresh mint,chopped of fresh mint,,,skip,no_match,Added from food.com scraped data
israeli couscous,israeli couscous,,,skip,no_match,Added from food.com scraped data
cauliflower florets,cauliflower florets,,,skip,no_match,Added from food.com scraped data
fresh ground pepper,fresh ground pepper,,,skip,no_match,Added from food.com scraped data
low sodium vegetable broth,low sodium vegetable broth,,,skip,no_match,Added from food.com scraped data
cauliflower,cauliflower,2710042.0,Fried cauliflower,matched,fuzzy_78%,Added from food.com scraped data
fire-roasted tomatoes,fire-roasted tomatoes,,,skip,no_match,Added from food.com scraped data
cilantro leaf,cilantro leaf,,,skip,no_match,Added from food.com scraped data
freshly cooked couscous,freshly cooked couscous,,,skip,no_match,Added from food.com scraped data
4 teaspoons black tea leaves,4 teaspoons black tea leaves,,,skip,no_match,Added from food.com scraped data
4 cinnamon sticks,4 cinnamon sticks,,,skip,no_match,Added from food.com scraped data
vegetable bouillon cube,vegetable bouillon cube,,,skip,no_match,Added from food.com scraped data
2 tablespoon oil,2 tablespoon oil,,,skip,no_match,Added from food.com scraped data
fresh cilantro or 1 flat leaf parsley,fresh cilantro or 1 flat leaf parsley,,,skip,no_match,Added from food.com scraped data
red chili pepper,red chili pepper,,,skip,no_match,Added from food.com scraped data
ground thyme,ground thyme,,,skip,no_match,Added from food.com scraped data
saffron thread,saffron thread,,,skip,no_match,Added from food.com scraped data
firm tomatoes,firm tomatoes,,,skip,no_match,Added from food.com scraped data
breadcrumbs,breadcrumbs,,,skip,no_match,Added from food.com scraped data
5 boneless skinless chicken breast halves,5 boneless skinless chicken breast halves,,,skip,no_match,Added from food.com scraped data
can chicken broth,can chicken broth,,,skip,no_match,Added from food.com scraped data
boneless skinless chicken breasts,boneless skinless chicken breasts,,,skip,no_match,Added from food.com scraped data
unbleached all-purpose flour,unbleached all-purpose flour,,,skip,no_match,Added from food.com scraped data
salt & fresh ground pepper,salt & fresh ground pepper,,,skip,no_match,Added from food.com scraped data
fennel bulb,fennel bulb,,,skip,no_match,Added from food.com scraped data
minced fresh cilantro leaves,minced fresh cilantro leaves,,,skip,no_match,Added from food.com scraped data
bag matchstick cut carrots,bag matchstick cut carrots,,,skip,no_match,Added from food.com scraped data
of cubed zucchini,of cubed zucchini,,,skip,no_match,Added from food.com scraped data
cans chicken broth,cans chicken broth,,,skip,no_match,Added from food.com scraped data
box of quick cooking couscous,box of quick cooking couscous,,,skip,no_match,Added from food.com scraped data
pepper sauce,pepper sauce,2710093.0,Hot pepper sauce,matched,fuzzy_85%,Added from food.com scraped data
grated orange peel,grated orange peel,,,skip,no_match,Added from food.com scraped data
boneless skinless chicken breast,boneless skinless chicken breast,,,skip,no_match,Added from food.com scraped data
about 2 cups peeled and cubed butternut squash,about 2 cups peeled and cubed butternut squash,,,skip,no_match,Added from food.com scraped data
halved potted black oil-cured olives,halved potted black oil-cured olives,,,skip,no_match,Added from food.com scraped data
prunes,prunes,,,skip,no_match,Added from food.com scraped data
fresh flat leaf parsley,fresh flat leaf parsley,,,skip,no_match,Added from food.com scraped data
flat leaf parsley,flat leaf parsley,,,skip,no_match,Added from food.com scraped data
ground red pepper,ground red pepper,,,skip,no_match,Added from food.com scraped data
fat-free chicken broth,fat-free chicken broth,,,skip,no_match,Added from food.com scraped data
chicken legs,chicken legs,,,skip,no_match,Added from food.com scraped data
gingerroot,gingerroot,,,skip,no_match,Added from food.com scraped data
preserved lemon,preserved lemon,,,skip,no_match,Added from food.com scraped data
harissa or 2 teaspoons chili paste,harissa or 2 teaspoons chili paste,,,skip,no_match,Added from food.com scraped data
ginger powder,ginger powder,,,skip,no_match,Added from food.com scraped data
turmeric or 1 teaspoon saffron,turmeric or 1 teaspoon saffron,,,skip,no_match,Added from food.com scraped data
dried chilies,dried chilies,,,skip,no_match,Added from food.com scraped data
4 chicken breasts,4 chicken breasts,,,skip,no_match,Added from food.com scraped data
2 small onion,2 small onion,,,skip,no_match,Added from food.com scraped data
4 carrots,4 carrots,,,skip,no_match,Added from food.com scraped data
2 potato,2 potato,2709556.0,"Soup, potato",matched,fuzzy_70%,Added from food.com scraped data
2 tomatoes,2 tomatoes,,,skip,no_match,Added from food.com scraped data
olive,olive,,,skip,no_match,Added from food.com scraped data
chicken breast halves,chicken breast halves,,,skip,no_match,Added from food.com scraped data
reduced-sodium chicken broth,reduced-sodium chicken broth,,,skip,no_match,Added from food.com scraped data
chopped green olives,chopped green olives,,,skip,no_match,Added from food.com scraped data
grated fresh lemon rind,grated fresh lemon rind,,,skip,no_match,Added from food.com scraped data
can plum tomatoes,can plum tomatoes,,,skip,no_match,Added from food.com scraped data
hot cooked couscous,hot cooked couscous,,,skip,no_match,Added from food.com scraped data
fresh flat-leaf parsley,fresh flat-leaf parsley,,,skip,no_match,Added from food.com scraped data
mild honey,mild honey,,,skip,no_match,Added from food.com scraped data
string,string,,,skip,no_match,Added from food.com scraped data
boneless skinless chicken thighs,boneless skinless chicken thighs,,,skip,no_match,Added from food.com scraped data
fennel bulbs,fennel bulbs,,,skip,no_match,Added from food.com scraped data
green olives in brine,green olives in brine,,,skip,no_match,Added from food.com scraped data
grated lemon,grated lemon,,,skip,no_match,Added from food.com scraped data
button mushrooms,button mushrooms,,,skip,no_match,Added from food.com scraped data
dried figs,dried figs,,,skip,no_match,Added from food.com scraped data
black olives,black olives,,,skip,no_match,Added from food.com scraped data
shelled pistachio nuts or 1/3 cup pine nuts,shelled pistachio nuts or 1/3 cup pine nuts,,,skip,no_match,Added from food.com scraped data
3 tablespoons chopped fresh parsley,3 tablespoons chopped fresh parsley,,,skip,no_match,Added from food.com scraped data
saffron threads,saffron threads,,,skip,no_match,Added from food.com scraped data
preserved lemon rind,preserved lemon rind,,,skip,no_match,Added from food.com scraped data
chopped flat leaf parsley,chopped flat leaf parsley,,,skip,no_match,Added from food.com scraped data
crusty bread,crusty bread,,,skip,no_match,Added from food.com scraped data
3 lbs skinless chicken pieces,3 lbs skinless chicken pieces,,,skip,no_match,Added from food.com scraped data
1/2-2 tablespoons fragrant honey,1/2-2 tablespoons fragrant honey,,,skip,no_match,Added from food.com scraped data
sesame seeds,sesame seeds,,,skip,no_match,Added from food.com scraped data
chicken stock or 2 cups canned low sodium chicken broth,chicken stock or 2 cups canned low sodium chicken broth,,,skip,no_match,Added from food.com scraped data
kumquats,kumquats,,,skip,no_match,Added from food.com scraped data
cooked chickpeas or 2 cans chickpeas,cooked chickpeas or 2 cans chickpeas,,,skip,no_match,Added from food.com scraped data
very ripe tomatoes (about 5 large,very ripe tomatoes (about 5 large,,,skip,no_match,Added from food.com scraped data
can kidney beans,can kidney beans,,,skip,no_match,Added from food.com scraped data
/ 250ml israeli couscous,/ 250ml israeli couscous,,,skip,no_match,Added from food.com scraped data
/ 45ml olive oil,/ 45ml olive oil,,,skip,no_match,Added from food.com scraped data
/ 225g chorizo sausage,/ 225g chorizo sausage,,,skip,no_match,Added from food.com scraped data
peel of 1 preserved lemon,peel of 1 preserved lemon,,,skip,no_match,Added from food.com scraped data
fresh chives,fresh chives,,,skip,no_match,Added from food.com scraped data
/ 750ml coarse salt,/ 750ml coarse salt,,,skip,no_match,Added from food.com scraped data
/ 375ml fresh lemon juice,/ 375ml fresh lemon juice,,,skip,no_match,Added from food.com scraped data
/ 15ml peppercorn,/ 15ml peppercorn,,,skip,no_match,Added from food.com scraped data
fresh kaffir lime leaves,fresh kaffir lime leaves,,,skip,no_match,Added from food.com scraped data
diced dates,diced dates,,,skip,no_match,Added from food.com scraped data
cornflour,cornflour,,,skip,no_match,Added from food.com scraped data
soymilk,soymilk,,,skip,no_match,Added from food.com scraped data
golden syrup,golden syrup,,,skip,no_match,Added from food.com scraped data
mixed spice,mixed spice,,,skip,no_match,Added from food.com scraped data
diced onions or 1 large onion,diced onions or 1 large onion,,,skip,no_match,Added from food.com scraped data
sliced mushrooms or 6 -8 mushrooms,sliced mushrooms or 6 -8 mushrooms,,,skip,no_match,Added from food.com scraped data
quick couscous or 12 ounces israeli couscous,quick couscous or 12 ounces israeli couscous,,,skip,no_match,Added from food.com scraped data
black beans,black beans,,,skip,no_match,Added from food.com scraped data
chopped red onions,chopped red onions,,,skip,no_match,Added from food.com scraped data
chopped green peppers,chopped green peppers,,,skip,no_match,Added from food.com scraped data
chopped yellow peppers,chopped yellow peppers,,,skip,no_match,Added from food.com scraped data
chopped orange bell peppers,chopped orange bell peppers,,,skip,no_match,Added from food.com scraped data
chopped red peppers,chopped red peppers,,,skip,no_match,Added from food.com scraped data
white wine vinegar,white wine vinegar,,,skip,no_match,Added from food.com scraped data
white balsamic vinegar,white balsamic vinegar,,,skip,no_match,Added from food.com scraped data
chopped fresh basil,chopped fresh basil,,,skip,no_match,Added from food.com scraped data
chopped fresh marjoram,chopped fresh marjoram,,,skip,no_match,Added from food.com scraped data
corn,corn,,,skip,no_match,Added from food.com scraped data
bottle italian salad dressing,bottle italian salad dressing,,,skip,no_match,Added from food.com scraped data
boneless chicken thighs,boneless chicken thighs,,,skip,no_match,Added from food.com scraped data
israeli couscous or 250 g normal couscous,israeli couscous or 250 g normal couscous,,,skip,no_match,Added from food.com scraped data
nuts,nuts,,,skip,no_match,Added from food.com scraped data
mung beans,mung beans,,,skip,no_match,Added from food.com scraped data
golden beets,golden beets,,,skip,no_match,Added from food.com scraped data
beet leaves,beet leaves,,,skip,no_match,Added from food.com scraped data
portabella mushrooms,portabella mushrooms,,,skip,no_match,Added from food.com scraped data
italian seasoning,italian seasoning,,,skip,no_match,Added from food.com scraped data
nutritional yeast,nutritional yeast,,,skip,no_match,Added from food.com scraped data
sherry wine vinegar,sherry wine vinegar,,,skip,no_match,Added from food.com scraped data
3 cups pomegranate seeds,3 cups pomegranate seeds,,,skip,no_match,Added from food.com scraped data
olive oil or 1 tablespoon butter,olive oil or 1 tablespoon butter,,,skip,no_match,Added from food.com scraped data
chopped green peppers or 1 cup red pepper,chopped green peppers or 1 cup red pepper,,,skip,no_match,Added from food.com scraped data
shredded carrot,shredded carrot,,,skip,no_match,Added from food.com scraped data
cooked chicken,cooked chicken,,,skip,no_match,Added from food.com scraped data
good chicken stock or 2 cups vegetable stock,good chicken stock or 2 cups vegetable stock,,,skip,no_match,Added from food.com scraped data
cucumbers or 1 small zucchini,cucumbers or 1 small zucchini,,,skip,no_match,Added from food.com scraped data
sweet crisp apple,sweet crisp apple,,,skip,no_match,Added from food.com scraped data
currants or 1/3 cup raisins,currants or 1/3 cup raisins,,,skip,no_match,Added from food.com scraped data
2 cup canned chick-peas,2 cup canned chick-peas,,,skip,no_match,Added from food.com scraped data
bottled vinaigrette dressing or oil and vinegar,bottled vinaigrette dressing or oil and vinegar,,,skip,no_match,Added from food.com scraped data
can chickpeas,can chickpeas,,,skip,no_match,Added from food.com scraped data
and chopped medjool dates,and chopped medjool dates,,,skip,no_match,Added from food.com scraped data
melted unsalted butter,melted unsalted butter,,,skip,no_match,Added from food.com scraped data
uncooked medium couscous,uncooked medium couscous,,,skip,no_match,Added from food.com scraped data
icing sugar,icing sugar,,,skip,no_match,Added from food.com scraped data
green chili pepper,green chili pepper,,,skip,no_match,Added from food.com scraped data
minced garlic cloves,minced garlic cloves,,,skip,no_match,Added from food.com scraped data
frozen shelled edamame,frozen shelled edamame,,,skip,no_match,Added from food.com scraped data
of fresh mint or 1 cup basil leaves,of fresh mint or 1 cup basil leaves,,,skip,no_match,Added from food.com scraped data
crumbled feta cheese,crumbled feta cheese,,,skip,no_match,Added from food.com scraped data
chicken or 1 cup vegetable broth,chicken or 1 cup vegetable broth,,,skip,no_match,Added from food.com scraped data
uncooked wheat couscous,uncooked wheat couscous,,,skip,no_match,Added from food.com scraped data
diced cucumber,diced cucumber,,,skip,no_match,Added from food.com scraped data
thinly sliced green onion,thinly sliced green onion,,,skip,no_match,Added from food.com scraped data
chopped fresh oregano or 1 teaspoon dried oregano,chopped fresh oregano or 1 teaspoon dried oregano,,,skip,no_match,Added from food.com scraped data
raw shrimp,raw shrimp,,,skip,no_match,Added from food.com scraped data
emeril creole seasoning,emeril creole seasoning,,,skip,no_match,Added from food.com scraped data
chopped andouille sausages,chopped andouille sausages,,,skip,no_match,Added from food.com scraped data
peeled and chopped italian plum tomato,peeled and chopped italian plum tomato,,,skip,no_match,Added from food.com scraped data
hot pepper sauce,hot pepper sauce,2710093.0,Hot pepper sauce,matched,fuzzy_93%,Added from food.com scraped data
dried oregano leaves,dried oregano leaves,,,skip,no_match,Added from food.com scraped data
dried leaf thyme,dried leaf thyme,,,skip,no_match,Added from food.com scraped data
size onion,size onion,,,skip,no_match,Added from food.com scraped data
size sweet red pepper,size sweet red pepper,,,skip,no_match,Added from food.com scraped data
size yellow sweet pepper,size yellow sweet pepper,,,skip,no_match,Added from food.com scraped data
box frozen peas,box frozen peas,,,skip,no_match,Added from food.com scraped data
box couscous,box couscous,,,skip,no_match,Added from food.com scraped data
chicken bouillon cubes,chicken bouillon cubes,,,skip,no_match,Added from food.com scraped data
snow peas,snow peas,,,skip,no_match,Added from food.com scraped data
craisins,craisins,,,skip,no_match,Added from food.com scraped data
sesame seeds (i do this by dry roasting them in a small fry pan over a medium heat,sesame seeds (i do this by dry roasting them in a small fry pan over a medium heat,,,skip,no_match,Added from food.com scraped data
feta,feta,,,skip,no_match,Added from food.com scraped data
ground fresh chili paste,ground fresh chili paste,,,skip,no_match,Added from food.com scraped data
shelled pecans,shelled pecans,,,skip,no_match,Added from food.com scraped data
shredded fresh basil,shredded fresh basil,,,skip,no_match,Added from food.com scraped data
diced raw onion,diced raw onion,,,skip,no_match,Added from food.com scraped data
your favorite seasoned sausage,your favorite seasoned sausage,,,skip,no_match,Added from food.com scraped data
diced fresh tomatoes,diced fresh tomatoes,,,skip,no_match,Added from food.com scraped data
minced fresh french basil,minced fresh french basil,,,skip,no_match,Added from food.com scraped data
chicken broth (or vegetable broth,chicken broth (or vegetable broth,,,skip,no_match,Added from food.com scraped data
fresh lemon juice or lime juice,fresh lemon juice or lime juice,,,skip,no_match,Added from food.com scraped data
no-salt-added chicken broth,no-salt-added chicken broth,,,skip,no_match,Added from food.com scraped data
can stewed tomatoes,can stewed tomatoes,,,skip,no_match,Added from food.com scraped data
olives,olives,,,skip,no_match,Added from food.com scraped data
fresh rosemary leaves,fresh rosemary leaves,,,skip,no_match,Added from food.com scraped data
fresh thyme leave,fresh thyme leave,,,skip,no_match,Added from food.com scraped data
green apple,green apple,,,skip,no_match,Added from food.com scraped data
3 tablespoons maple syrup,3 tablespoons maple syrup,,,skip,no_match,Added from food.com scraped data
1/2-1 teaspoon kosher salt,1/2-1 teaspoon kosher salt,,,skip,no_match,Added from food.com scraped data
red onions,red onions,,,skip,no_match,Added from food.com scraped data
crumbled goat cheese,crumbled goat cheese,,,skip,no_match,Added from food.com scraped data
coarse salt,coarse salt,,,skip,no_match,Added from food.com scraped data
chopped dried apricot,chopped dried apricot,,,skip,no_match,Added from food.com scraped data
two 10-ounce boxes couscous,two 10-ounce boxes couscous,,,skip,no_match,Added from food.com scraped data
dried currant,dried currant,,,skip,no_match,Added from food.com scraped data
shelled natural pistachios,shelled natural pistachios,,,skip,no_match,Added from food.com scraped data
chopped fresh mint leaves,chopped fresh mint leaves,,,skip,no_match,Added from food.com scraped data
mushroom stems and pieces,mushroom stems and pieces,,,skip,no_match,Added from food.com scraped data
earth balance vegan butter,earth balance vegan butter,,,skip,no_match,Added from food.com scraped data
currants,currants,,,skip,no_match,Added from food.com scraped data
chopped shallot,chopped shallot,,,skip,no_match,Added from food.com scraped data
pumpkin,pumpkin,,,skip,no_match,Added from food.com scraped data
inches cinnamon sticks,inches cinnamon sticks,,,skip,no_match,Added from food.com scraped data
chicken stock or mushroom stock,chicken stock or mushroom stock,,,skip,no_match,Added from food.com scraped data
panir,panir,,,skip,no_match,Added from food.com scraped data
chicken stock or 2 1/2 cups vegetable stock,chicken stock or 2 1/2 cups vegetable stock,,,skip,no_match,Added from food.com scraped data
chopped red onion,chopped red onion,,,skip,no_match,Added from food.com scraped data
diced carrot,diced carrot,,,skip,no_match,Added from food.com scraped data
diced turnip,diced turnip,,,skip,no_match,Added from food.com scraped data
diced red pepper,diced red pepper,,,skip,no_match,Added from food.com scraped data
diced zucchini,diced zucchini,2707851.0,"Bread, zucchini",matched,fuzzy_75%,Added from food.com scraped data
fresh peas or 1/2 cup frozen peas,fresh peas or 1/2 cup frozen peas,,,skip,no_match,Added from food.com scraped data
chopped fresh coriander,chopped fresh coriander,,,skip,no_match,Added from food.com scraped data
moroccan mixed spice,moroccan mixed spice,,,skip,no_match,Added from food.com scraped data
vegetable stock,vegetable stock,2710063.0,"Stew, vegetable",matched,fuzzy_73%,Added from food.com scraped data
chopped dried fig,chopped dried fig,,,skip,no_match,Added from food.com scraped data
harissa or 1 tablespoon hot sauce,harissa or 1 tablespoon hot sauce,,,skip,no_match,Added from food.com scraped data
chicken broth or 1 can vegetable broth,chicken broth or 1 can vegetable broth,,,skip,no_match,Added from food.com scraped data
sun-dried tomato,sun-dried tomato,,,skip,no_match,Added from food.com scraped data
3/4-1 cup pine nuts,3/4-1 cup pine nuts,,,skip,no_match,Added from food.com scraped data
summer squash,summer squash,,,skip,no_match,Added from food.com scraped data
baby red capsicums,baby red capsicums,,,skip,no_match,Added from food.com scraped data
sun-dried tomatoes,sun-dried tomatoes,,,skip,no_match,Added from food.com scraped data
pc unsalted raw california almonds,pc unsalted raw california almonds,,,skip,no_match,Added from food.com scraped data
carrot harissa dip blended with flax seed,carrot harissa dip blended with flax seed,,,skip,no_match,Added from food.com scraped data
ricotta cheese,ricotta cheese,,,skip,no_match,Added from food.com scraped data
square wonton wrappers,square wonton wrappers,,,skip,no_match,Added from food.com scraped data
each salt & freshly ground black pepper,each salt & freshly ground black pepper,,,skip,no_match,Added from food.com scraped data
goat meat or 2 lbs lamb stew meat,goat meat or 2 lbs lamb stew meat,,,skip,no_match,Added from food.com scraped data
heirloom tomatoes,heirloom tomatoes,,,skip,no_match,Added from food.com scraped data
quart chicken soup,quart chicken soup,,,skip,no_match,Added from food.com scraped data
baby arugula,baby arugula,,,skip,no_match,Added from food.com scraped data
cubed roasted butternut squash,cubed roasted butternut squash,,,skip,no_match,Added from food.com scraped data
thinly sliced onions,thinly sliced onions,,,skip,no_match,Added from food.com scraped data
finely grated gingerroot,finely grated gingerroot,,,skip,no_match,Added from food.com scraped data
dry white wine or 1/2 cup chicken broth,dry white wine or 1/2 cup chicken broth,,,skip,no_match,Added from food.com scraped data
green cardamoms,green cardamoms,,,skip,no_match,Added from food.com scraped data
chicken thighs (bone-in,chicken thighs (bone-in,,,skip,no_match,Added from food.com scraped data
brown lentils,brown lentils,,,skip,no_match,Added from food.com scraped data
chicken broth or 2 cups stock,chicken broth or 2 cups stock,,,skip,no_match,Added from food.com scraped data
nonstick cooking spray,nonstick cooking spray,,,skip,no_match,Added from food.com scraped data
shoulder lamb chops,shoulder lamb chops,,,skip,no_match,Added from food.com scraped data
prune,prune,,,skip,no_match,Added from food.com scraped data
english cucumber,english cucumber,,,skip,no_match,Added from food.com scraped data
roasted peanuts,roasted peanuts,,,skip,no_match,Added from food.com scraped data
fresh green onions,fresh green onions,,,skip,no_match,Added from food.com scraped data
broccoli florets,broccoli florets,,,skip,no_match,Added from food.com scraped data
roasted cashews,roasted cashews,,,skip,no_match,Added from food.com scraped data
parsnips,parsnips,,,skip,no_match,Added from food.com scraped data
tfresh ginger,tfresh ginger,,,skip,no_match,Added from food.com scraped data
roasted black olives,roasted black olives,,,skip,no_match,Added from food.com scraped data
2 cup couscous,2 cup couscous,,,skip,no_match,Added from food.com scraped data
medium black tiger shrimp,medium black tiger shrimp,,,skip,no_match,Added from food.com scraped data
5 hardboiled large eggs,5 hardboiled large eggs,,,skip,no_match,Added from food.com scraped data
3 tablespoons mayonnaise or 2 -3 tablespoons plain yogurt,3 tablespoons mayonnaise or 2 -3 tablespoons plain yogurt,,,skip,no_match,Added from food.com scraped data
spanish smoked paprika,spanish smoked paprika,,,skip,no_match,Added from food.com scraped data
roasted almonds,roasted almonds,,,skip,no_match,Added from food.com scraped data
caraway seed,caraway seed,,,skip,no_match,Added from food.com scraped data
lamb loin chops,lamb loin chops,,,skip,no_match,Added from food.com scraped data
grainy french mustard,grainy french mustard,,,skip,no_match,Added from food.com scraped data
4 tablespoons water,4 tablespoons water,,,skip,no_match,Added from food.com scraped data
lamb shanks,lamb shanks,,,skip,no_match,Added from food.com scraped data
quarter preserved lemons or 1 quarter fresh lemon,quarter preserved lemons or 1 quarter fresh lemon,,,skip,no_match,Added from food.com scraped data
capers,capers,,,skip,no_match,Added from food.com scraped data
2 cup water,2 cup water,,,skip,no_match,Added from food.com scraped data
dry red wine,dry red wine,,,skip,no_match,Added from food.com scraped data
2 teaspoon ground red pepper,2 teaspoon ground red pepper,,,skip,no_match,Added from food.com scraped data
broiler-fryer chicken,broiler-fryer chicken,,,skip,no_match,Added from food.com scraped data
ethiopian flat bread,ethiopian flat bread,,,skip,no_match,Added from food.com scraped data
skinless chicken legs,skinless chicken legs,,,skip,no_match,Added from food.com scraped data
coriander powder,coriander powder,,,skip,no_match,Added from food.com scraped data
berbere,berbere,,,skip,no_match,Added from food.com scraped data
"<a href=""https://www.food.com/recipe/niter-kibbeh-ethiopian-spiced-butter-532825"">niter kibbeh: ethiopian spiced butter</a> recipe to make butter","<a href=""https://www.food.com/recipe/niter-kibbeh-ethiopian-spiced-butter-532825"">niter kibbeh: ethiopian spiced butter</a> recipe to make butter",,,skip,no_match,Added from food.com scraped data
peeled hard-boiled eggs,peeled hard-boiled eggs,,,skip,no_match,Added from food.com scraped data
"use <a href=""https://www.food.com/recipe/injera-fermented-sourdough-bread-532832"">injera </a> recipe to make bread","use <a href=""https://www.food.com/recipe/injera-fermented-sourdough-bread-532832"">injera </a> recipe to make bread",,,skip,no_match,Added from food.com scraped data
chicken broth or 3 cups water,chicken broth or 3 cups water,,,skip,no_match,Added from food.com scraped data
dried tart cherries,dried tart cherries,,,skip,no_match,Added from food.com scraped data
vertically sliced onions,vertically sliced onions,,,skip,no_match,Added from food.com scraped data
peeled chopped fresh ginger,peeled chopped fresh ginger,,,skip,no_match,Added from food.com scraped data
reduced-sodium fat-free chicken broth,reduced-sodium fat-free chicken broth,,,skip,no_match,Added from food.com scraped data
dry white wine,dry white wine,,,skip,no_match,Added from food.com scraped data
4 teaspoons tea (earl grey,4 teaspoons tea (earl grey,,,skip,no_match,Added from food.com scraped data
butter or 2 ounces oil,butter or 2 ounces oil,,,skip,no_match,Added from food.com scraped data
coconut cream,coconut cream,,,skip,no_match,Added from food.com scraped data
frozen green pea,frozen green pea,,,skip,no_match,Added from food.com scraped data
4 1/2 lbs roasting chickens,4 1/2 lbs roasting chickens,,,skip,no_match,Added from food.com scraped data
thick coconut milk,thick coconut milk,2705413.0,Coconut milk,matched,fuzzy_73%,Added from food.com scraped data
medium-dry sherry,medium-dry sherry,,,skip,no_match,Added from food.com scraped data
tomato puree,tomato puree,,,skip,no_match,Added from food.com scraped data
cherry tomatoes or 2 cups grape tomatoes,cherry tomatoes or 2 cups grape tomatoes,,,skip,no_match,Added from food.com scraped data
jalapeno pepper,jalapeno pepper,2710045.0,Stuffed jalapeno pepper,matched,fuzzy_78%,Added from food.com scraped data
olive oil or 2 tablespoons clarified butter,olive oil or 2 tablespoons clarified butter,,,skip,no_match,Added from food.com scraped data
cooked israeli couscous,cooked israeli couscous,,,skip,no_match,Added from food.com scraped data
chopped fresh basil leaves,chopped fresh basil leaves,,,skip,no_match,Added from food.com scraped data
green tea leaves or 4 teaspoons moroccan tea,green tea leaves or 4 teaspoons moroccan tea,,,skip,no_match,Added from food.com scraped data
fresh spearmint,fresh spearmint,,,skip,no_match,Added from food.com scraped data
5 tablespoons sugar,5 tablespoons sugar,,,skip,no_match,Added from food.com scraped data
quart boiling water,quart boiling water,,,skip,no_match,Added from food.com scraped data
top round beef,top round beef,,,skip,no_match,Added from food.com scraped data
clarified butter,clarified butter,2710168.0,"Ghee, clarified butter",matched,fuzzy_84%,Added from food.com scraped data
cardamom powder,cardamom powder,,,skip,no_match,Added from food.com scraped data
4 tablespoons olive oil,4 tablespoons olive oil,,,skip,no_match,Added from food.com scraped data
lean lamb or 12 ounces beef sirloin,lean lamb or 12 ounces beef sirloin,,,skip,no_match,Added from food.com scraped data
olive oil or 1 tablespoon vegetable oil,olive oil or 1 tablespoon vegetable oil,,,skip,no_match,Added from food.com scraped data
green hot peppers,green hot peppers,,,skip,no_match,Added from food.com scraped data
4 teaspoons berbere mixed spice,4 teaspoons berbere mixed spice,,,skip,no_match,Added from food.com scraped data
2 tablespoon gingerroot,2 tablespoon gingerroot,,,skip,no_match,Added from food.com scraped data
6 basil leaves,6 basil leaves,,,skip,no_match,Added from food.com scraped data
hot pepper flakes,hot pepper flakes,,,skip,no_match,Added from food.com scraped data
dried ginger,dried ginger,,,skip,no_match,Added from food.com scraped data
ground coriander powder,ground coriander powder,,,skip,no_match,Added from food.com scraped data
ghee (or butter or niter kibbeh,ghee (or butter or niter kibbeh,,,skip,no_match,Added from food.com scraped data
beef stock (500 ml,beef stock (500 ml,,,skip,no_match,Added from food.com scraped data
split red lentils,split red lentils,,,skip,no_match,Added from food.com scraped data
extra virgin olive oil or 3 tablespoons vegetable oil,extra virgin olive oil or 3 tablespoons vegetable oil,,,skip,no_match,Added from food.com scraped data
red onions or 1 shallot,red onions or 1 shallot,,,skip,no_match,Added from food.com scraped data
garlic cloves or 1 teaspoon garlic powder,garlic cloves or 1 teaspoon garlic powder,,,skip,no_match,Added from food.com scraped data
green hot pepper,green hot pepper,,,skip,no_match,Added from food.com scraped data
balsamic vinegar or 2 teaspoons red wine vinegar,balsamic vinegar or 2 teaspoons red wine vinegar,,,skip,no_match,Added from food.com scraped data
extra large egg,extra large egg,,,skip,no_match,Added from food.com scraped data
self rising flour,self rising flour,,,skip,no_match,Added from food.com scraped data
tahini paste,tahini paste,,,skip,no_match,Added from food.com scraped data
diced tomatoes and cucumber,diced tomatoes and cucumber,,,skip,no_match,Added from food.com scraped data
chicken bouillon cube,chicken bouillon cube,,,skip,no_match,Added from food.com scraped data
3 teaspoons onions,3 teaspoons onions,,,skip,no_match,Added from food.com scraped data
stewed tomatoes,stewed tomatoes,,,skip,no_match,Added from food.com scraped data
fish fillets,fish fillets,,,skip,no_match,Added from food.com scraped data
instant couscous,instant couscous,,,skip,no_match,Added from food.com scraped data
red capsicum,red capsicum,,,skip,no_match,Added from food.com scraped data
minced fresh coriander,minced fresh coriander,,,skip,no_match,Added from food.com scraped data
unsalted peanuts,unsalted peanuts,2707530.0,"Pistachio nuts, unsalted",matched,fuzzy_70%,Added from food.com scraped data
olive oil or 2 tablespoons unsalted butter,olive oil or 2 tablespoons unsalted butter,,,skip,no_match,Added from food.com scraped data
currants or 1/2 cup golden raisin,currants or 1/2 cup golden raisin,,,skip,no_match,Added from food.com scraped data
brown bread,brown bread,,,skip,no_match,Added from food.com scraped data
curry powder (fresh,curry powder (fresh,,,skip,no_match,Added from food.com scraped data
ground beef (and add 2 oz extra,ground beef (and add 2 oz extra,,,skip,no_match,Added from food.com scraped data
raisins (more than 1/3rd,raisins (more than 1/3rd,,,skip,no_match,Added from food.com scraped data
lean lamb,lean lamb,,,skip,no_match,Added from food.com scraped data
pork fatback,pork fatback,,,skip,no_match,Added from food.com scraped data
roasted red peppers,roasted red peppers,,,skip,no_match,Added from food.com scraped data
very cold dry red wine or 1 cup ice cold water,very cold dry red wine or 1 cup ice cold water,,,skip,no_match,Added from food.com scraped data
sheep casing,sheep casing,,,skip,no_match,Added from food.com scraped data
6 black olives,6 black olives,,,skip,no_match,Added from food.com scraped data
fresh strawberries,fresh strawberries,,,skip,no_match,Added from food.com scraped data
vanilla yogurt,vanilla yogurt,,,skip,no_match,Added from food.com scraped data
vanilla extract or 1 dash flavoring,vanilla extract or 1 dash flavoring,,,skip,no_match,Added from food.com scraped data
calf liver,calf liver,,,skip,no_match,Added from food.com scraped data
chopped fresh parsley leaves,chopped fresh parsley leaves,,,skip,no_match,Added from food.com scraped data
additional oil,additional oil,,,skip,no_match,Added from food.com scraped data
halibut or 1 lb grouper,halibut or 1 lb grouper,,,skip,no_match,Added from food.com scraped data
uncooked israeli couscous,uncooked israeli couscous,,,skip,no_match,Added from food.com scraped data
white potato,white potato,,,skip,no_match,Added from food.com scraped data
orange sweet potatoes,orange sweet potatoes,2707648.0,"Bread, sweet potato",matched,fuzzy_75%,Added from food.com scraped data
yams,yams,,,skip,no_match,Added from food.com scraped data
3 red bell peppers,3 red bell peppers,,,skip,no_match,Added from food.com scraped data
habaneros,habaneros,,,skip,no_match,Added from food.com scraped data
water or 4 cups stock,water or 4 cups stock,,,skip,no_match,Added from food.com scraped data
2 tablespoon sugar,2 tablespoon sugar,,,skip,no_match,Added from food.com scraped data
dried kidney beans,dried kidney beans,,,skip,no_match,Added from food.com scraped data
5 cups water,5 cups water,,,skip,no_match,Added from food.com scraped data
jumbo black olives,jumbo black olives,,,skip,no_match,Added from food.com scraped data
greek salad dressing with feta,greek salad dressing with feta,,,skip,no_match,Added from food.com scraped data
box garlic and herb couscous mix,box garlic and herb couscous mix,,,skip,no_match,Added from food.com scraped data
sliced ripe olives,sliced ripe olives,,,skip,no_match,Added from food.com scraped data
dried mint,dried mint,,,skip,no_match,Added from food.com scraped data
all purpose greek seasoning,all purpose greek seasoning,,,skip,no_match,Added from food.com scraped data
greek salad dressing,greek salad dressing,,,skip,no_match,Added from food.com scraped data
beets,beets,,,skip,no_match,Added from food.com scraped data
vinegar or 1 tablespoon lemon juice,vinegar or 1 tablespoon lemon juice,,,skip,no_match,Added from food.com scraped data
cod fish fillets,cod fish fillets,,,skip,no_match,Added from food.com scraped data
plus 2 tablespoons extra virgin olive oil,plus 2 tablespoons extra virgin olive oil,,,skip,no_match,Added from food.com scraped data
fresh thyme leaves,fresh thyme leaves,,,skip,no_match,Added from food.com scraped data
aleppo pepper,aleppo pepper,,,skip,no_match,Added from food.com scraped data
corinader seeds,corinader seeds,,,skip,no_match,Added from food.com scraped data
3 lb lamb shoulder,3 lb lamb shoulder,,,skip,no_match,Added from food.com scraped data
preserved lemons,preserved lemons,,,skip,no_match,Added from food.com scraped data
thinly sliced green beans or 1 cup sugar snap pea,thinly sliced green beans or 1 cup sugar snap pea,,,skip,no_match,Added from food.com scraped data
finely grated lemon peel,finely grated lemon peel,,,skip,no_match,Added from food.com scraped data
plus 1/3 cup chopped fresh cilantro,plus 1/3 cup chopped fresh cilantro,,,skip,no_match,Added from food.com scraped data
chopped almond,chopped almond,,,skip,no_match,Added from food.com scraped data
salmon fillets,salmon fillets,,,skip,no_match,Added from food.com scraped data
nonfat plain yogurt,nonfat plain yogurt,,,skip,no_match,Added from food.com scraped data
ground pepper,ground pepper,,,skip,no_match,Added from food.com scraped data
center-cut salmon fillet,center-cut salmon fillet,,,skip,no_match,Added from food.com scraped data
hot red chilies,hot red chilies,,,skip,no_match,Added from food.com scraped data
ground caraway seed,ground caraway seed,,,skip,no_match,Added from food.com scraped data
extra olive oil,extra olive oil,,,skip,no_match,Added from food.com scraped data
fennel seeds,fennel seeds,,,skip,no_match,Added from food.com scraped data
hamburger bun,hamburger bun,,,skip,no_match,Added from food.com scraped data
president's choice virgin cold-pressed coconut oil,president's choice virgin cold-pressed coconut oil,,,skip,no_match,Added from food.com scraped data
president's choice black label harissa spice blend moroccan seasoning,president's choice black label harissa spice blend moroccan seasoning,,,skip,no_match,Added from food.com scraped data
lemon wedges,lemon wedges,,,skip,no_match,Added from food.com scraped data
8 scallions,8 scallions,,,skip,no_match,Added from food.com scraped data
top sirloin steaks,top sirloin steaks,,,skip,no_match,Added from food.com scraped data
fluid ounces olive oil,fluid ounces olive oil,,,skip,no_match,Added from food.com scraped data
good quality sausage meat,good quality sausage meat,,,skip,no_match,Added from food.com scraped data
2 tablespoon harissa,2 tablespoon harissa,,,skip,no_match,Added from food.com scraped data
finely chopped flat leaf parsley,finely chopped flat leaf parsley,,,skip,no_match,Added from food.com scraped data
chopped chives,chopped chives,,,skip,no_match,Added from food.com scraped data
lemon slice,lemon slice,,,skip,no_match,Added from food.com scraped data
cavenders all purpose greek seasoning,cavenders all purpose greek seasoning,,,skip,no_match,Added from food.com scraped data
aluminum foil,aluminum foil,,,skip,no_match,Added from food.com scraped data
chives,chives,,,skip,no_match,Added from food.com scraped data
chicken broth or 4 cups vegetable broth,chicken broth or 4 cups vegetable broth,,,skip,no_match,Added from food.com scraped data
tarragon,tarragon,,,skip,no_match,Added from food.com scraped data
grated carrots,grated carrots,,,skip,no_match,Added from food.com scraped data
beef sirloin steak,beef sirloin steak,,,skip,no_match,Added from food.com scraped data
sweet red pepper,sweet red pepper,,,skip,no_match,Added from food.com scraped data
of minced garlic,of minced garlic,,,skip,no_match,Added from food.com scraped data
sesame oil,sesame oil,,,skip,no_match,Added from food.com scraped data
hot red chili peppers,hot red chili peppers,,,skip,no_match,Added from food.com scraped data
bulbs of garlic,bulbs of garlic,,,skip,no_match,Added from food.com scraped data
marzipan,marzipan,,,skip,no_match,Added from food.com scraped data
chopped almonds,chopped almonds,,,skip,no_match,Added from food.com scraped data
10 phyllo pastry sheets,10 phyllo pastry sheets,,,skip,no_match,Added from food.com scraped data
fisher chef's naturals sliced almonds,fisher chef's naturals sliced almonds,,,skip,no_match,Added from food.com scraped data
florida orange juice,florida orange juice,,,skip,no_match,Added from food.com scraped data
wild salmon fillets,wild salmon fillets,,,skip,no_match,Added from food.com scraped data
arugula,arugula,,,skip,no_match,Added from food.com scraped data
sliced green onion,sliced green onion,,,skip,no_match,Added from food.com scraped data
thinly sliced red onion,thinly sliced red onion,,,skip,no_match,Added from food.com scraped data
rump steak,rump steak,,,skip,no_match,Added from food.com scraped data
rock salt,rock salt,,,skip,no_match,Added from food.com scraped data
of mix color pepper,of mix color pepper,,,skip,no_match,Added from food.com scraped data
liter of brow vinegar,liter of brow vinegar,,,skip,no_match,Added from food.com scraped data
buttermilk,buttermilk,2705393.0,Buttermilk,matched,fuzzy_90%,Added from food.com scraped data
teff flour or 2 cups wheat flour,teff flour or 2 cups wheat flour,,,skip,no_match,Added from food.com scraped data
cups plain yogurt,cups plain yogurt,,,skip,no_match,Added from food.com scraped data
club soda,club soda,,,skip,no_match,Added from food.com scraped data
barley flour,barley flour,,,skip,no_match,Added from food.com scraped data
spring onion,spring onion,2707834.0,"Bread, onion",matched,manual_match,Added from food.com scraped data
chopped red bell pepper,chopped red bell pepper,,,skip,no_match,Added from food.com scraped data
chopped green bell pepper,chopped green bell pepper,,,skip,no_match,Added from food.com scraped data
chopped fresh flat leaf parsley,chopped fresh flat leaf parsley,,,skip,no_match,Added from food.com scraped data
1/4-1/2 teaspoon red pepper flakes,1/4-1/2 teaspoon red pepper flakes,,,skip,no_match,Added from food.com scraped data
currants or 1/4 cup golden raisin,currants or 1/4 cup golden raisin,,,skip,no_match,Added from food.com scraped data
cooked chickpeas,cooked chickpeas,,,skip,no_match,Added from food.com scraped data
cherry tomatoes or 1 grape tomatoes,cherry tomatoes or 1 grape tomatoes,,,skip,no_match,Added from food.com scraped data
edamame,edamame,,,skip,no_match,Added from food.com scraped data
fresh cherry tomatoes,fresh cherry tomatoes,,,skip,no_match,Added from food.com scraped data
container fresh perline mozzarella cheese,container fresh perline mozzarella cheese,,,skip,no_match,Added from food.com scraped data
box israeli couscous,box israeli couscous,,,skip,no_match,Added from food.com scraped data
cashew nuts,cashew nuts,,,skip,no_match,Added from food.com scraped data
dried bay leaf,dried bay leaf,,,skip,no_match,Added from food.com scraped data
fresh cracked black pepper,fresh cracked black pepper,,,skip,no_match,Added from food.com scraped data
basil or cilantro leaf,basil or cilantro leaf,,,skip,no_match,Added from food.com scraped data
liter milk,liter milk,2705411.0,Rice milk,matched,fuzzy_73%,Added from food.com scraped data
liter buttermilk,liter buttermilk,,,skip,no_match,Added from food.com scraped data
sultanas or 2 ounces golden raisins,sultanas or 2 ounces golden raisins,,,skip,no_match,Added from food.com scraped data
cubed salt pork or 1/4 lb ham,cubed salt pork or 1/4 lb ham,,,skip,no_match,Added from food.com scraped data
beef bouillon cubes,beef bouillon cubes,,,skip,no_match,Added from food.com scraped data
dried thyme or 1 fresh thyme,dried thyme or 1 fresh thyme,,,skip,no_match,Added from food.com scraped data
tomatoes or 2 cups string beans,tomatoes or 2 cups string beans,,,skip,no_match,Added from food.com scraped data
ground coffee,ground coffee,,,skip,no_match,Added from food.com scraped data
lt water,lt water,,,skip,no_match,Added from food.com scraped data
3 lbs chicken pieces,3 lbs chicken pieces,,,skip,no_match,Added from food.com scraped data
cinnamon sticks or 1/2 teaspoon ground cinnamon,cinnamon sticks or 1/2 teaspoon ground cinnamon,,,skip,no_match,Added from food.com scraped data
4 cloves,4 cloves,,,skip,no_match,Added from food.com scraped data
cumin seeds or 1/4 teaspoon ground cumin,cumin seeds or 1/4 teaspoon ground cumin,,,skip,no_match,Added from food.com scraped data
4 green chilies,4 green chilies,,,skip,no_match,Added from food.com scraped data
cayenne pepper or 1 teaspoon paprika,cayenne pepper or 1 teaspoon paprika,,,skip,no_match,Added from food.com scraped data
4 tablespoon clarified butter or 1 -4 tablespoon butter,4 tablespoon clarified butter or 1 -4 tablespoon butter,,,skip,no_match,Added from food.com scraped data
4 tablespoon canola oil or 1 -4 tablespoon olive oil,4 tablespoon canola oil or 1 -4 tablespoon olive oil,,,skip,no_match,Added from food.com scraped data
short-grain rice,short-grain rice,,,skip,no_match,Added from food.com scraped data
ground chicken or 1/2 cup diced chicken,ground chicken or 1/2 cup diced chicken,,,skip,no_match,Added from food.com scraped data
corn oil or 2 tablespoons grapeseed oil,corn oil or 2 tablespoons grapeseed oil,,,skip,no_match,Added from food.com scraped data
shiitake mushroom,shiitake mushroom,,,skip,no_match,Added from food.com scraped data
water chestnuts or 1/4 cup celery,water chestnuts or 1/4 cup celery,,,skip,no_match,Added from food.com scraped data
fried tofu or 1/4 lb firm tofu,fried tofu or 1/4 lb firm tofu,,,skip,no_match,Added from food.com scraped data
mirin or 3 tablespoons honey,mirin or 3 tablespoons honey,,,skip,no_match,Added from food.com scraped data
chicken stock or 2 1/2 cups water,chicken stock or 2 1/2 cups water,,,skip,no_match,Added from food.com scraped data
two tomatoes,two tomatoes,,,skip,no_match,Added from food.com scraped data
sardine oil,sardine oil,,,skip,no_match,Added from food.com scraped data
thin coconut milk,thin coconut milk,2705413.0,Coconut milk,matched,fuzzy_75%,Added from food.com scraped data
kale or 2 lbs collard greens,kale or 2 lbs collard greens,,,skip,no_match,Added from food.com scraped data
water or 1 cup stock,water or 1 cup stock,,,skip,no_match,Added from food.com scraped data
set 1 tbsp rawspicebar's freshly ground berbere,set 1 tbsp rawspicebar's freshly ground berbere,,,skip,no_match,Added from food.com scraped data
set 1 lb stewing beef,set 1 lb stewing beef,,,skip,no_match,Added from food.com scraped data
set 2 tbsp canola oil,set 2 tbsp canola oil,,,skip,no_match,Added from food.com scraped data
set 1 onions,set 1 onions,,,skip,no_match,Added from food.com scraped data
set 2 garlic cloves,set 2 garlic cloves,,,skip,no_match,Added from food.com scraped data
set 1 cup chopped canned tomatoes,set 1 cup chopped canned tomatoes,,,skip,no_match,Added from food.com scraped data
set 1/2 tsp sugar,set 1/2 tsp sugar,,,skip,no_match,Added from food.com scraped data
set 2 cups beef stock,set 2 cups beef stock,,,skip,no_match,Added from food.com scraped data
set salt & pepper,set salt & pepper,,,skip,no_match,Added from food.com scraped data
packages dry yeast,packages dry yeast,,,skip,no_match,Added from food.com scraped data
quarts chicken broth or 2 quarts chicken stock,quarts chicken broth or 2 quarts chicken stock,,,skip,no_match,Added from food.com scraped data
light cream,light cream,,,skip,no_match,Added from food.com scraped data
chicken broth (i use a garlic flavored broth,chicken broth (i use a garlic flavored broth,,,skip,no_match,Added from food.com scraped data
1/2-1 teaspoon dried oregano,1/2-1 teaspoon dried oregano,,,skip,no_match,Added from food.com scraped data
2 cup diced peeled cucumber,2 cup diced peeled cucumber,,,skip,no_match,Added from food.com scraped data
small ripe olives,small ripe olives,,,skip,no_match,Added from food.com scraped data
inches ginger,inches ginger,,,skip,no_match,Added from food.com scraped data
3 hot chili peppers,3 hot chili peppers,,,skip,no_match,Added from food.com scraped data
oil or 1/4 cup ghee,oil or 1/4 cup ghee,,,skip,no_match,Added from food.com scraped data
cumin seeds or 3/4 teaspoon ground cumin,cumin seeds or 3/4 teaspoon ground cumin,,,skip,no_match,Added from food.com scraped data
chopped tomatoes or 2 cups tomato sauce,chopped tomatoes or 2 cups tomato sauce,,,skip,no_match,Added from food.com scraped data
madras curry powder,madras curry powder,,,skip,no_match,Added from food.com scraped data
tamarind juice,tamarind juice,,,skip,no_match,Added from food.com scraped data
juice of half a lemon,juice of half a lemon,,,skip,no_match,Added from food.com scraped data
leg of lamb,leg of lamb,,,skip,no_match,Added from food.com scraped data
fresh peaches,fresh peaches,,,skip,no_match,Added from food.com scraped data
long grain basmati rice with pistachio pesto sauce,long grain basmati rice with pistachio pesto sauce,,,skip,no_match,Added from food.com scraped data
lamb chops,lamb chops,,,skip,no_match,Added from food.com scraped data
lamb loin chops or 16 small lamb rib chops,lamb loin chops or 16 small lamb rib chops,,,skip,no_match,Added from food.com scraped data
anise seed,anise seed,,,skip,no_match,Added from food.com scraped data
1/2-1 teaspoon cayenne,1/2-1 teaspoon cayenne,,,skip,no_match,Added from food.com scraped data
fresh ground lamb shoulder,fresh ground lamb shoulder,,,skip,no_match,Added from food.com scraped data
ice water,ice water,2708166.0,Rice paper,matched,fuzzy_73%,Added from food.com scraped data
cm gingerroot,cm gingerroot,,,skip,no_match,Added from food.com scraped data
canned chick-peas,canned chick-peas,,,skip,no_match,Added from food.com scraped data
imported black olives,imported black olives,,,skip,no_match,Added from food.com scraped data
can chicken broth or 1 can low sodium chicken broth,can chicken broth or 1 can low sodium chicken broth,,,skip,no_match,Added from food.com scraped data
diced anaheim chili,diced anaheim chili,,,skip,no_match,Added from food.com scraped data
grated peeled fresh ginger,grated peeled fresh ginger,,,skip,no_match,Added from food.com scraped data
freshly ground black peppercorns,freshly ground black peppercorns,,,skip,no_match,Added from food.com scraped data
boneless leg of lamb,boneless leg of lamb,,,skip,no_match,Added from food.com scraped data
cubed butternut squash,cubed butternut squash,,,skip,no_match,Added from food.com scraped data
cubed carrot,cubed carrot,,,skip,no_match,Added from food.com scraped data
minced fresh cilantro,minced fresh cilantro,,,skip,no_match,Added from food.com scraped data
can tomatoes,can tomatoes,,,skip,no_match,Added from food.com scraped data
quinces,quinces,,,skip,no_match,Added from food.com scraped data
3 tablespoons olive oil or 2 -3 tablespoons walnut oil,3 tablespoons olive oil or 2 -3 tablespoons walnut oil,,,skip,no_match,Added from food.com scraped data
pomegranate juice,pomegranate juice,,,skip,no_match,Added from food.com scraped data
pomegranates,pomegranates,,,skip,no_match,Added from food.com scraped data
limes,limes,,,skip,no_match,Added from food.com scraped data
seasoned breadcrumbs,seasoned breadcrumbs,,,skip,no_match,Added from food.com scraped data
finely chopped fresh parsley,finely chopped fresh parsley,,,skip,no_match,Added from food.com scraped data
finely chopped of fresh mint,finely chopped of fresh mint,,,skip,no_match,Added from food.com scraped data
seven-spice mix,seven-spice mix,,,skip,no_match,Added from food.com scraped data
roast lamb,roast lamb,,,skip,no_match,Added from food.com scraped data
grams carrots,grams carrots,,,skip,no_match,Added from food.com scraped data
stewing beef,stewing beef,,,skip,no_match,Added from food.com scraped data
of african dry rub seasonings,of african dry rub seasonings,,,skip,no_match,Added from food.com scraped data
beef stock cube,beef stock cube,2705826.0,"Beef, steak, cube",matched,fuzzy_75%,Added from food.com scraped data
red wine,red wine,,,skip,no_match,Added from food.com scraped data
maggi vegetable stock powder,maggi vegetable stock powder,,,skip,no_match,Added from food.com scraped data
grated lemon rind,grated lemon rind,,,skip,no_match,Added from food.com scraped data
shelled fresh peas or 1 cup frozen green pea,shelled fresh peas or 1 cup frozen green pea,,,skip,no_match,Added from food.com scraped data
grated lemon peel,grated lemon peel,,,skip,no_match,Added from food.com scraped data
1 1/2 lb boneless skinless chicken breast,1 1/2 lb boneless skinless chicken breast,,,skip,no_match,Added from food.com scraped data
golden raisins or 1/4 cup currants,golden raisins or 1/4 cup currants,,,skip,no_match,Added from food.com scraped data
2 tablespoon sliced almonds,2 tablespoon sliced almonds,,,skip,no_match,Added from food.com scraped data
3 tablespoons honey,3 tablespoons honey,,,skip,no_match,Added from food.com scraped data
uncooked instant couscous,uncooked instant couscous,,,skip,no_match,Added from food.com scraped data
fresh lemon thyme,fresh lemon thyme,,,skip,no_match,Added from food.com scraped data
instant bouillon granules,instant bouillon granules,,,skip,no_match,Added from food.com scraped data
finely sliced green bell pepper,finely sliced green bell pepper,,,skip,no_match,Added from food.com scraped data
marinated roasted red pepper,marinated roasted red pepper,,,skip,no_match,Added from food.com scraped data
chopped lemon thyme,chopped lemon thyme,,,skip,no_match,Added from food.com scraped data
chopped of fresh mint or 1 tablespoon dried mint,chopped of fresh mint or 1 tablespoon dried mint,,,skip,no_match,Added from food.com scraped data
4 zucchini,4 zucchini,2707851.0,"Bread, zucchini",matched,fuzzy_72%,Added from food.com scraped data
2 cup mint,2 cup mint,,,skip,no_match,Added from food.com scraped data
original couscous,original couscous,,,skip,no_match,Added from food.com scraped data
green bell pepper (or red,green bell pepper (or red,,,skip,no_match,Added from food.com scraped data
fresh corn kernels,fresh corn kernels,,,skip,no_match,Added from food.com scraped data
sliced okra,sliced okra,,,skip,no_match,Added from food.com scraped data
chopped fresh collard greens,chopped fresh collard greens,,,skip,no_match,Added from food.com scraped data
diced tomatoes with juice,diced tomatoes with juice,,,skip,no_match,Added from food.com scraped data
chopped fresh cilantro (optional,chopped fresh cilantro (optional,,,skip,no_match,Added from food.com scraped data
cauliflower florets (400 g,cauliflower florets (400 g,,,skip,no_match,Added from food.com scraped data
black pepper (or more,black pepper (or more,,,skip,no_match,Added from food.com scraped data
cornflour (slightly more,cornflour (slightly more,,,skip,no_match,Added from food.com scraped data
chermoula,chermoula,,,skip,no_match,Added from food.com scraped data
cracked coriander seed,cracked coriander seed,,,skip,no_match,Added from food.com scraped data
east african variety olive,east african variety olive,,,skip,no_match,Added from food.com scraped data
vegetable broth or 2 cups water,vegetable broth or 2 cups water,,,skip,no_match,Added from food.com scraped data
quick cooking couscous,quick cooking couscous,,,skip,no_match,Added from food.com scraped data
dried currants or 1/2 cup raisins,dried currants or 1/2 cup raisins,,,skip,no_match,Added from food.com scraped data
hot chili pepper,hot chili pepper,,,skip,no_match,Added from food.com scraped data
minced fresh parsley,minced fresh parsley,,,skip,no_match,Added from food.com scraped data
fresh white breadcrumbs,fresh white breadcrumbs,,,skip,no_match,Added from food.com scraped data
2 teaspoon finely chopped chile,2 teaspoon finely chopped chile,,,skip,no_match,Added from food.com scraped data
finely chopped onion,finely chopped onion,,,skip,no_match,Added from food.com scraped data
finely chopped fresh chili pepper,finely chopped fresh chili pepper,,,skip,no_match,Added from food.com scraped data
unsalted dry roasted peanuts,unsalted dry roasted peanuts,,,skip,no_match,Added from food.com scraped data
curry powder (or paste,curry powder (or paste,,,skip,no_match,Added from food.com scraped data
ghee or 3 tablespoons butter,ghee or 3 tablespoons butter,,,skip,no_match,Added from food.com scraped data
creamed corn,creamed corn,,,skip,no_match,Added from food.com scraped data
fat-free evaporated milk,fat-free evaporated milk,,,skip,no_match,Added from food.com scraped data
bread flour,bread flour,,,skip,no_match,Added from food.com scraped data
shortening,shortening,,,skip,no_match,Added from food.com scraped data
turbinado sugar,turbinado sugar,,,skip,no_match,Added from food.com scraped data
celery & leaves,celery & leaves,,,skip,no_match,Added from food.com scraped data
dried brown lentils,dried brown lentils,,,skip,no_match,Added from food.com scraped data
coriander leaves,coriander leaves,,,skip,no_match,Added from food.com scraped data
semolina or 3 tablespoons flour,semolina or 3 tablespoons flour,,,skip,no_match,Added from food.com scraped data
package near east roasted garlic & olive oil couscous,package near east roasted garlic & olive oil couscous,,,skip,no_match,Added from food.com scraped data
1/2-1 lb raw boneless skinless chicken breast,1/2-1 lb raw boneless skinless chicken breast,,,skip,no_match,Added from food.com scraped data
baby spinach,baby spinach,,,skip,no_match,Added from food.com scraped data
chopped sun-dried tomato packed in oil,chopped sun-dried tomato packed in oil,,,skip,no_match,Added from food.com scraped data
chicken breast fillets,chicken breast fillets,,,skip,no_match,Added from food.com scraped data
aubergines or 200 g eggplants,aubergines or 200 g eggplants,,,skip,no_match,Added from food.com scraped data
courgettes or 1 zucchini,courgettes or 1 zucchini,,,skip,no_match,Added from food.com scraped data
tarragon leaves,tarragon leaves,,,skip,no_match,Added from food.com scraped data
grape tomatoes,grape tomatoes,,,skip,no_match,Added from food.com scraped data
fresh sage,fresh sage,,,skip,no_match,Added from food.com scraped data
green bell peppers or 4 yellow bell peppers,green bell peppers or 4 yellow bell peppers,,,skip,no_match,Added from food.com scraped data
minced fresh mint leaves,minced fresh mint leaves,,,skip,no_match,Added from food.com scraped data
minced fresh rosemary leaves,minced fresh rosemary leaves,,,skip,no_match,Added from food.com scraped data
pimento stuffed olive,pimento stuffed olive,,,skip,no_match,Added from food.com scraped data
fine couscous,fine couscous,,,skip,no_match,Added from food.com scraped data
100 g butter,100 g butter,,,skip,no_match,Added from food.com scraped data
100 g ghee,100 g ghee,,,skip,no_match,Added from food.com scraped data
red lentil,red lentil,,,skip,no_match,Added from food.com scraped data
corn oil,corn oil,2710183.0,Corn oil,matched,fuzzy_87%,Added from food.com scraped data
of shredded unsweetened coconut,of shredded unsweetened coconut,,,skip,no_match,Added from food.com scraped data
bottled salsa,bottled salsa,,,skip,no_match,Added from food.com scraped data
dried currants,dried currants,,,skip,no_match,Added from food.com scraped data
hot cooked couscous or 3 cups cooked rice,hot cooked couscous or 3 cups cooked rice,,,skip,no_match,Added from food.com scraped data
ground turkey breast,ground turkey breast,,,skip,no_match,Added from food.com scraped data
mint herbal tea bags,mint herbal tea bags,,,skip,no_match,Added from food.com scraped data
set 1 1/2 tbsp rawspicebar's freshly ground berbere,set 1 1/2 tbsp rawspicebar's freshly ground berbere,,,skip,no_match,Added from food.com scraped data
set 1 cup red lentils,set 1 cup red lentils,,,skip,no_match,Added from food.com scraped data
set 1 yellow onions,set 1 yellow onions,,,skip,no_match,Added from food.com scraped data
set 4 garlic cloves,set 4 garlic cloves,,,skip,no_match,Added from food.com scraped data
set fresh ginger,set fresh ginger,,,skip,no_match,Added from food.com scraped data
set 1 cup canned chopped tomatoes,set 1 cup canned chopped tomatoes,,,skip,no_match,Added from food.com scraped data
set kosher salt & pepper,set kosher salt & pepper,,,skip,no_match,Added from food.com scraped data
set 2 cups vegetable broth,set 2 cups vegetable broth,,,skip,no_match,Added from food.com scraped data
set yogurt & cilantro,set yogurt & cilantro,,,skip,no_match,Added from food.com scraped data
mixed seafood (such as mussels,mixed seafood (such as mussels,,,skip,no_match,Added from food.com scraped data
petite diced tomatoes,petite diced tomatoes,,,skip,no_match,Added from food.com scraped data
2 carrot,2 carrot,,,skip,no_match,Added from food.com scraped data
vegetable bouillon,vegetable bouillon,,,skip,no_match,Added from food.com scraped data
blanched finely ground almonds,blanched finely ground almonds,,,skip,no_match,Added from food.com scraped data
1 1/4 cup all purpose flour,1 1/4 cup all purpose flour,,,skip,no_match,Added from food.com scraped data
honey or 1 teaspoon granulated sugar,honey or 1 teaspoon granulated sugar,,,skip,no_match,Added from food.com scraped data
applesauce,applesauce,,,skip,no_match,Added from food.com scraped data
chocolate chips,chocolate chips,,,skip,no_match,Added from food.com scraped data
fresh coriander,fresh coriander,,,skip,no_match,Added from food.com scraped data
grated onion,grated onion,2707633.0,"Bread, onion",matched,fuzzy_75%,Added from food.com scraped data
minced gingerroot,minced gingerroot,,,skip,no_match,Added from food.com scraped data
thai red chili paste,thai red chili paste,,,skip,no_match,Added from food.com scraped data
beef top sirloin steaks,beef top sirloin steaks,,,skip,no_match,Added from food.com scraped data
beef tenderloin,beef tenderloin,,,skip,no_match,Added from food.com scraped data
lemon peel,lemon peel,,,skip,no_match,Added from food.com scraped data
1/2-2 lbs beef stew meat,1/2-2 lbs beef stew meat,,,skip,no_match,Added from food.com scraped data
smen or 1 tablespoon ghee,smen or 1 tablespoon ghee,,,skip,no_match,Added from food.com scraped data
frozen artichoke hearts,frozen artichoke hearts,,,skip,no_match,Added from food.com scraped data
steak marinade,steak marinade,,,skip,no_match,Added from food.com scraped data
fresh tomato,fresh tomato,,,skip,no_match,Added from food.com scraped data
12 ounces couscous,12 ounces couscous,,,skip,no_match,Added from food.com scraped data
spanish onion,spanish onion,,,skip,no_match,Added from food.com scraped data
italian parsley,italian parsley,,,skip,no_match,Added from food.com scraped data
8 medium beets,8 medium beets,,,skip,no_match,Added from food.com scraped data
diced fresh parsley,diced fresh parsley,,,skip,no_match,Added from food.com scraped data
topside steak,topside steak,,,skip,no_match,Added from food.com scraped data
dried red chili,dried red chili,,,skip,no_match,Added from food.com scraped data
fresh parsley and coriander,fresh parsley and coriander,,,skip,no_match,Added from food.com scraped data
bone-in skin-on,bone-in skin-on,,,skip,no_match,Added from food.com scraped data
skin-on chicken drumsticks,skin-on chicken drumsticks,,,skip,no_match,Added from food.com scraped data
kosker salt,kosker salt,,,skip,no_match,Added from food.com scraped data
freshly ground pepper,freshly ground pepper,,,skip,no_match,Added from food.com scraped data
carrot juice,carrot juice,2709683.0,"Carrot juice, 100%",matched,fuzzy_73%,Added from food.com scraped data
12 medjool dates,12 medjool dates,,,skip,no_match,Added from food.com scraped data
canned chicken broth,canned chicken broth,,,skip,no_match,Added from food.com scraped data
chili flakes (option,chili flakes (option,,,skip,no_match,Added from food.com scraped data
slim carrots,slim carrots,,,skip,no_match,Added from food.com scraped data
chicken breasts or 6 chicken thighs,chicken breasts or 6 chicken thighs,,,skip,no_match,Added from food.com scraped data
slim zucchini,slim zucchini,,,skip,no_match,Added from food.com scraped data
brown sugar or 1 tablespoon honey,brown sugar or 1 tablespoon honey,,,skip,no_match,Added from food.com scraped data
long grain brown rice,long grain brown rice,,,skip,no_match,Added from food.com scraped data
water or 2 3/4 cups vegetable stock,water or 2 3/4 cups vegetable stock,,,skip,no_match,Added from food.com scraped data
6 chicken breasts,6 chicken breasts,,,skip,no_match,Added from food.com scraped data
phyllo dough,phyllo dough,,,skip,no_match,Added from food.com scraped data
8 carrots,8 carrots,,,skip,no_match,Added from food.com scraped data
2 tablespoon honey,2 tablespoon honey,,,skip,no_match,Added from food.com scraped data
2 teaspoon orange flower water,2 teaspoon orange flower water,,,skip,no_match,Added from food.com scraped data
greek style plain yogurt,greek style plain yogurt,,,skip,no_match,Added from food.com scraped data
4 tablespoons of fresh mint,4 tablespoons of fresh mint,,,skip,no_match,Added from food.com scraped data
pinches cayenne pepper,pinches cayenne pepper,,,skip,no_match,Added from food.com scraped data
orange zest,orange zest,,,skip,no_match,Added from food.com scraped data
of baby carrots,of baby carrots,,,skip,no_match,Added from food.com scraped data
3 tablespoons chopped of fresh mint or 2 -3 tablespoons parsley,3 tablespoons chopped of fresh mint or 2 -3 tablespoons parsley,,,skip,no_match,Added from food.com scraped data
bag cauliflower,bag cauliflower,2710042.0,Fried cauliflower,matched,fuzzy_75%,Added from food.com scraped data
ground cumin and paprika,ground cumin and paprika,,,skip,no_match,Added from food.com scraped data
ground coriander and salt,ground coriander and salt,,,skip,no_match,Added from food.com scraped data
ground cinnamon and pepper,ground cinnamon and pepper,,,skip,no_match,Added from food.com scraped data
pomegranate seeds,pomegranate seeds,,,skip,no_match,Added from food.com scraped data
3 tablespoons lemon juice,3 tablespoons lemon juice,,,skip,no_match,Added from food.com scraped data
dark raisin,dark raisin,,,skip,no_match,Added from food.com scraped data
2 tablespoon sweet red passover wine,2 tablespoon sweet red passover wine,,,skip,no_match,Added from food.com scraped data
parsley sprigs,parsley sprigs,,,skip,no_match,Added from food.com scraped data
coriander sprigs,coriander sprigs,,,skip,no_match,Added from food.com scraped data
ground sumac,ground sumac,,,skip,no_match,Added from food.com scraped data
mild paprika,mild paprika,,,skip,no_match,Added from food.com scraped data
light olive oil,light olive oil,,,skip,no_match,Added from food.com scraped data
couscous or 4 cups white rice,couscous or 4 cups white rice,,,skip,no_match,Added from food.com scraped data
canned low sodium chicken broth or 2 cups homemade stock,canned low sodium chicken broth or 2 cups homemade stock,,,skip,no_match,Added from food.com scraped data
unwaxed lemon,unwaxed lemon,,,skip,no_match,Added from food.com scraped data
fresh dates or 4 soft dried dates,fresh dates or 4 soft dried dates,,,skip,no_match,Added from food.com scraped data
chopped coriander,chopped coriander,,,skip,no_match,Added from food.com scraped data
3 medium carrots,3 medium carrots,,,skip,no_match,Added from food.com scraped data
cooked rice or 4 cups couscous,cooked rice or 4 cups couscous,,,skip,no_match,Added from food.com scraped data
3 teaspoons ras el hanout spice mix,3 teaspoons ras el hanout spice mix,,,skip,no_match,Added from food.com scraped data
la kama,la kama,,,skip,no_match,Added from food.com scraped data
1/4-1/2 teaspoon salt,1/4-1/2 teaspoon salt,,,skip,no_match,Added from food.com scraped data
egg whites,egg whites,,,skip,no_match,Added from food.com scraped data
fresh italian parsley,fresh italian parsley,,,skip,no_match,Added from food.com scraped data
chicken giblets,chicken giblets,,,skip,no_match,Added from food.com scraped data
phyllo pastry sheets,phyllo pastry sheets,,,skip,no_match,Added from food.com scraped data
chicken breast fillet,chicken breast fillet,,,skip,no_match,Added from food.com scraped data
spanish olive oil (plus extra,spanish olive oil (plus extra,,,skip,no_match,Added from food.com scraped data
hot smoked paprika,hot smoked paprika,,,skip,no_match,Added from food.com scraped data
mccormick's montreal steak grill seasoning,mccormick's montreal steak grill seasoning,,,skip,no_match,Added from food.com scraped data
of an onion (white,of an onion (white,,,skip,no_match,Added from food.com scraped data
raisins (if you want,raisins (if you want,,,skip,no_match,Added from food.com scraped data
couscous (optional,couscous (optional,,,skip,no_match,Added from food.com scraped data
light sour cream,light sour cream,,,skip,no_match,Added from food.com scraped data
sheets phyllo dough,sheets phyllo dough,,,skip,no_match,Added from food.com scraped data
ripe olives,ripe olives,,,skip,no_match,Added from food.com scraped data
container plain yogurt,container plain yogurt,,,skip,no_match,Added from food.com scraped data
dates or 1/4 cup dried apricot,dates or 1/4 cup dried apricot,,,skip,no_match,Added from food.com scraped data
romaine lettuce,romaine lettuce,,,skip,no_match,Added from food.com scraped data
girard's champagne dressing,girard's champagne dressing,,,skip,no_match,Added from food.com scraped data
boneless chicken breasts,boneless chicken breasts,,,skip,no_match,Added from food.com scraped data
1/4-1/2 teaspoon cayenne,1/4-1/2 teaspoon cayenne,,,skip,no_match,Added from food.com scraped data
frozen green peas,frozen green peas,,,skip,no_match,Added from food.com scraped data
skinless chicken thighs,skinless chicken thighs,,,skip,no_match,Added from food.com scraped data
can low sodium chicken broth,can low sodium chicken broth,,,skip,no_match,Added from food.com scraped data
chicken thigh fillets,chicken thigh fillets,,,skip,no_match,Added from food.com scraped data
1/2-4 lbs chicken,1/2-4 lbs chicken,,,skip,no_match,Added from food.com scraped data
apricot,apricot,,,skip,no_match,Added from food.com scraped data
sunflower oil,sunflower oil,,,skip,no_match,Added from food.com scraped data
clear honey,clear honey,,,skip,no_match,Added from food.com scraped data
of grated nutmeg,of grated nutmeg,,,skip,no_match,Added from food.com scraped data
orange blossom water,orange blossom water,,,skip,no_match,Added from food.com scraped data
sultanas,sultanas,,,skip,no_match,Added from food.com scraped data
of chopped dried apricot,of chopped dried apricot,,,skip,no_match,Added from food.com scraped data
sachet's quick-cooking couscous,sachet's quick-cooking couscous,,,skip,no_match,Added from food.com scraped data
2 teaspoon vegetable bouillon granules,2 teaspoon vegetable bouillon granules,,,skip,no_match,Added from food.com scraped data
roasted pistachios,roasted pistachios,,,skip,no_match,Added from food.com scraped data
1/2 moroccan preserved lemons,1/2 moroccan preserved lemons,,,skip,no_match,Added from food.com scraped data
finely chopped cilantro,finely chopped cilantro,,,skip,no_match,Added from food.com scraped data
dry instant couscous,dry instant couscous,,,skip,no_match,Added from food.com scraped data
skinless chicken leg quarters,skinless chicken leg quarters,,,skip,no_match,Added from food.com scraped data
sweet unsalted butter,sweet unsalted butter,,,skip,no_match,Added from food.com scraped data
3 teaspoons ground cinnamon,3 teaspoons ground cinnamon,,,skip,no_match,Added from food.com scraped data
cans chickpeas,cans chickpeas,,,skip,no_match,Added from food.com scraped data
can no-salt-added diced tomatoes,can no-salt-added diced tomatoes,,,skip,no_match,Added from food.com scraped data
no-added-salt tomato paste,no-added-salt tomato paste,,,skip,no_match,Added from food.com scraped data
coriander (fresh leaves,coriander (fresh leaves,,,skip,no_match,Added from food.com scraped data
green capsicum,green capsicum,,,skip,no_match,Added from food.com scraped data
celery rib,celery rib,,,skip,no_match,Added from food.com scraped data
dried garbanzo beans,dried garbanzo beans,,,skip,no_match,Added from food.com scraped data
cilantro or 1/2 cup parsley,cilantro or 1/2 cup parsley,,,skip,no_match,Added from food.com scraped data
kalamata olives,kalamata olives,,,skip,no_match,Added from food.com scraped data
sticks celery,sticks celery,,,skip,no_match,Added from food.com scraped data
hot vegetable stock,hot vegetable stock,,,skip,no_match,Added from food.com scraped data
plum tomatoes with garlic,plum tomatoes with garlic,,,skip,no_match,Added from food.com scraped data
frozen broad beans,frozen broad beans,,,skip,no_match,Added from food.com scraped data
fresh coriander or 1/2 cup fresh parsley,fresh coriander or 1/2 cup fresh parsley,,,skip,no_match,Added from food.com scraped data
safflower oil,safflower oil,,,skip,no_match,Added from food.com scraped data
powdered turmeric,powdered turmeric,,,skip,no_match,Added from food.com scraped data
chickpeas (canned. if uncooked,chickpeas (canned. if uncooked,,,skip,no_match,Added from food.com scraped data
peppercorn,peppercorn,,,skip,no_match,Added from food.com scraped data
red wine or 2 tablespoons cooking sherry,red wine or 2 tablespoons cooking sherry,,,skip,no_match,Added from food.com scraped data
diced dried apricot,diced dried apricot,,,skip,no_match,Added from food.com scraped data
dried dates,dried dates,,,skip,no_match,Added from food.com scraped data
lemon juice or 1/2 teaspoon citric acid,lemon juice or 1/2 teaspoon citric acid,,,skip,no_match,Added from food.com scraped data
tablesppons self rising flour,tablesppons self rising flour,,,skip,no_match,Added from food.com scraped data
dark chocolate,dark chocolate,,,skip,no_match,Added from food.com scraped data
fresh dates,fresh dates,,,skip,no_match,Added from food.com scraped data
chocolate syrup,chocolate syrup,,,skip,no_match,Added from food.com scraped data
strawberry,strawberry,,,skip,no_match,Added from food.com scraped data
ice cream,ice cream,2707794.0,"Bread, rice",matched,fuzzy_70%,Added from food.com scraped data
ground coffee or 1/2 cup espresso beans,ground coffee or 1/2 cup espresso beans,,,skip,no_match,Added from food.com scraped data
sugar or vanilla sugar,sugar or vanilla sugar,,,skip,no_match,Added from food.com scraped data
hot milk or steamed milk,hot milk or steamed milk,,,skip,no_match,Added from food.com scraped data
2 tablespoon lemon rind,2 tablespoon lemon rind,,,skip,no_match,Added from food.com scraped data
freshly ground cinnamon,freshly ground cinnamon,,,skip,no_match,Added from food.com scraped data
freshly ground ginger,freshly ground ginger,,,skip,no_match,Added from food.com scraped data
freshly ground green cardamom seeds,freshly ground green cardamom seeds,,,skip,no_match,Added from food.com scraped data
freshly ground clove,freshly ground clove,,,skip,no_match,Added from food.com scraped data
scant 1 cup freshly roasted coffee beans,scant 1 cup freshly roasted coffee beans,,,skip,no_match,Added from food.com scraped data
hot milk,hot milk,2705412.0,Oat milk,matched,fuzzy_75%,Added from food.com scraped data
sweet smokey paprika,sweet smokey paprika,,,skip,no_match,Added from food.com scraped data
feta cheese or 1 package goat cheese,feta cheese or 1 package goat cheese,,,skip,no_match,Added from food.com scraped data
10 large medjool dates,10 large medjool dates,,,skip,no_match,Added from food.com scraped data
lemon (reserved,lemon (reserved,,,skip,no_match,Added from food.com scraped data
white sesame seeds,white sesame seeds,,,skip,no_match,Added from food.com scraped data
black sesame seed,black sesame seed,,,skip,no_match,Added from food.com scraped data
stew beef chunks or 8 skinless chicken thighs,stew beef chunks or 8 skinless chicken thighs,,,skip,no_match,Added from food.com scraped data
hot red chili pepper flakes or 1/4 teaspoon cayenne pepper,hot red chili pepper flakes or 1/4 teaspoon cayenne pepper,,,skip,no_match,Added from food.com scraped data
small chunks carrots,small chunks carrots,,,skip,no_match,Added from food.com scraped data
large chunks of peeled squash or 3 cups potatoes,large chunks of peeled squash or 3 cups potatoes,,,skip,no_match,Added from food.com scraped data
condensed chicken broth or 1 cup chicken bouillon,condensed chicken broth or 1 cup chicken bouillon,,,skip,no_match,Added from food.com scraped data
ground coffee (or any amount you prefer,ground coffee (or any amount you prefer,,,skip,no_match,Added from food.com scraped data
sugar (as and if you like,sugar (as and if you like,,,skip,no_match,Added from food.com scraped data
ground chuck,ground chuck,2706091.0,"Chicken, ground",matched,fuzzy_74%,Added from food.com scraped data
finely chopped garlic,finely chopped garlic,,,skip,no_match,Added from food.com scraped data
tbsps vegetable broth,tbsps vegetable broth,,,skip,no_match,Added from food.com scraped data
dry breadcrumbs,dry breadcrumbs,,,skip,no_match,Added from food.com scraped data
sultana raisin,sultana raisin,,,skip,no_match,Added from food.com scraped data
jalapeno chile,jalapeno chile,,,skip,no_match,Added from food.com scraped data
tzatziki,tzatziki,,,skip,no_match,Added from food.com scraped data
kalamata olives or 1/2 cup green olives,kalamata olives or 1/2 cup green olives,,,skip,no_match,Added from food.com scraped data
chopped italian parsley,chopped italian parsley,,,skip,no_match,Added from food.com scraped data
2 lemon (juice of,2 lemon (juice of,,,skip,no_match,Added from food.com scraped data
pita bread rounds,pita bread rounds,,,skip,no_match,Added from food.com scraped data
finely chopped walnuts,finely chopped walnuts,,,skip,no_match,Added from food.com scraped data
anise,anise,,,skip,no_match,Added from food.com scraped data
4 tablespoons lemon juice,4 tablespoons lemon juice,,,skip,no_match,Added from food.com scraped data
firm white fish fillets (porgy,firm white fish fillets (porgy,,,skip,no_match,Added from food.com scraped data
trout,trout,,,skip,no_match,Added from food.com scraped data
bunches parsley,bunches parsley,,,skip,no_match,Added from food.com scraped data
15 white mushrooms,15 white mushrooms,,,skip,no_match,Added from food.com scraped data
fresh parsley leaves,fresh parsley leaves,,,skip,no_match,Added from food.com scraped data
fresh ground beef or 1 lb fresh ground lamb,fresh ground beef or 1 lb fresh ground lamb,,,skip,no_match,Added from food.com scraped data
plain natural yoghurt,plain natural yoghurt,,,skip,no_match,Added from food.com scraped data
naan bread (garlic and coriander,naan bread (garlic and coriander,,,skip,no_match,Added from food.com scraped data
narrow eggplants,narrow eggplants,,,skip,no_match,Added from food.com scraped data
fresh whiting fish fillets,fresh whiting fish fillets,,,skip,no_match,Added from food.com scraped data
chopped peeled cucumbers,chopped peeled cucumbers,,,skip,no_match,Added from food.com scraped data
chopped fresh italian parsley,chopped fresh italian parsley,,,skip,no_match,Added from food.com scraped data
quart concord grape juice,quart concord grape juice,,,skip,no_match,Added from food.com scraped data
sugar or 2 tablespoons honey,sugar or 2 tablespoons honey,,,skip,no_match,Added from food.com scraped data
ice cube,ice cube,,,skip,no_match,Added from food.com scraped data
kalamata olives or 1 lb greek olive,kalamata olives or 1 lb greek olive,,,skip,no_match,Added from food.com scraped data
olives or 1/4 cup vegetable oil,olives or 1/4 cup vegetable oil,,,skip,no_match,Added from food.com scraped data
snipped parsley,snipped parsley,,,skip,no_match,Added from food.com scraped data
snipped fresh cilantro,snipped fresh cilantro,,,skip,no_match,Added from food.com scraped data
colourful vegetables such as carrot,colourful vegetables such as carrot,,,skip,no_match,Added from food.com scraped data
ground cilantro,ground cilantro,,,skip,no_match,Added from food.com scraped data
chili pepper flakes,chili pepper flakes,,,skip,no_match,Added from food.com scraped data
4 lbs flank steaks,4 lbs flank steaks,,,skip,no_match,Added from food.com scraped data
marjoram,marjoram,,,skip,no_match,Added from food.com scraped data
bamboo skewers or 24 metal skewers,bamboo skewers or 24 metal skewers,,,skip,no_match,Added from food.com scraped data
lamb fillets,lamb fillets,,,skip,no_match,Added from food.com scraped data
leaves fresh oregano,leaves fresh oregano,,,skip,no_match,Added from food.com scraped data
vine-ripened tomatoes,vine-ripened tomatoes,,,skip,no_match,Added from food.com scraped data
racks of lamb,racks of lamb,,,skip,no_match,Added from food.com scraped data
3 lamb fillets,3 lamb fillets,,,skip,no_match,Added from food.com scraped data
cm knob ginger,cm knob ginger,,,skip,no_match,Added from food.com scraped data
thai bird's eye chili,thai bird's eye chili,,,skip,no_match,Added from food.com scraped data
almond halve,almond halve,,,skip,no_match,Added from food.com scraped data
of chopped fresh coriander,of chopped fresh coriander,,,skip,no_match,Added from food.com scraped data
grounded black pepper,grounded black pepper,,,skip,no_match,Added from food.com scraped data
stewing lamb,stewing lamb,,,skip,no_match,Added from food.com scraped data
argan oil,argan oil,2710183.0,Corn oil,matched,fuzzy_70%,Added from food.com scraped data
tomato juice,tomato juice,,,skip,no_match,Added from food.com scraped data
lamb or 1 chicken stock,lamb or 1 chicken stock,,,skip,no_match,Added from food.com scraped data
hot mango chutney,hot mango chutney,,,skip,no_match,Added from food.com scraped data
sachet quick-cooking couscous,sachet quick-cooking couscous,,,skip,no_match,Added from food.com scraped data
red currants,red currants,,,skip,no_match,Added from food.com scraped data
chicken breast halves (bone in,chicken breast halves (bone in,,,skip,no_match,Added from food.com scraped data
fine egg noodles,fine egg noodles,,,skip,no_match,Added from food.com scraped data
1/2 liters vegetable stock,1/2 liters vegetable stock,,,skip,no_match,Added from food.com scraped data
hot chili oil,hot chili oil,,,skip,no_match,Added from food.com scraped data
cartons lentil soup,cartons lentil soup,,,skip,no_match,Added from food.com scraped data
raisins or 1/2 cup dried currant,raisins or 1/2 cup dried currant,,,skip,no_match,Added from food.com scraped data
plain nonfat greek yogurt or 6 tablespoons plain nonfat soy yogurt,plain nonfat greek yogurt or 6 tablespoons plain nonfat soy yogurt,,,skip,no_match,Added from food.com scraped data
1/2-2 lbs calf liver,1/2-2 lbs calf liver,,,skip,no_match,Added from food.com scraped data
2 pinch salt,2 pinch salt,,,skip,no_match,Added from food.com scraped data
kefir or 32 ounces milk plain yogurt,kefir or 32 ounces milk plain yogurt,,,skip,no_match,Added from food.com scraped data
smashed garlic cloves,smashed garlic cloves,,,skip,no_match,Added from food.com scraped data
1/2 inches thick lamb blade chops,1/2 inches thick lamb blade chops,,,skip,no_match,Added from food.com scraped data
cilantro leaves and thinly sliced scallion,cilantro leaves and thinly sliced scallion,,,skip,no_match,Added from food.com scraped data
panko breadcrumbs,panko breadcrumbs,,,skip,no_match,Added from food.com scraped data
can beef broth,can beef broth,,,skip,no_match,Added from food.com scraped data
spinach leaves,spinach leaves,,,skip,no_match,Added from food.com scraped data
diced yellow onion,diced yellow onion,,,skip,no_match,Added from food.com scraped data
crushed san marzano tomatoes,crushed san marzano tomatoes,,,skip,no_match,Added from food.com scraped data
beef broth or 1 cup beef stock,beef broth or 1 cup beef stock,,,skip,no_match,Added from food.com scraped data
dried breadcrumbs,dried breadcrumbs,,,skip,no_match,Added from food.com scraped data
1/2 onions,1/2 onions,,,skip,no_match,Added from food.com scraped data
8 medium tomatoes,8 medium tomatoes,,,skip,no_match,Added from food.com scraped data
4 tablespoons chopped fresh flat-leaf parsley,4 tablespoons chopped fresh flat-leaf parsley,,,skip,no_match,Added from food.com scraped data
burghul wheat,burghul wheat,,,skip,no_match,Added from food.com scraped data
rice bran or 2 teaspoons olive oil,rice bran or 2 teaspoons olive oil,,,skip,no_match,Added from food.com scraped data
kumara,kumara,,,skip,no_match,Added from food.com scraped data
gunpowder tea,gunpowder tea,,,skip,no_match,Added from food.com scraped data
of fresh mint (prefer short leaf,of fresh mint (prefer short leaf,,,skip,no_match,Added from food.com scraped data
green tea,green tea,,,skip,no_match,Added from food.com scraped data
1/2-1 cup sugar,1/2-1 cup sugar,,,skip,no_match,Added from food.com scraped data
fresh mushrooms,fresh mushrooms,,,skip,no_match,Added from food.com scraped data
small portabella mushroom,small portabella mushroom,,,skip,no_match,Added from food.com scraped data
can black olives,can black olives,,,skip,no_match,Added from food.com scraped data
fresh tarragon,fresh tarragon,,,skip,no_match,Added from food.com scraped data
softened butter,softened butter,,,skip,no_match,Added from food.com scraped data
ground almonds,ground almonds,,,skip,no_match,Added from food.com scraped data
strained plain yogurt,strained plain yogurt,,,skip,no_match,Added from food.com scraped data
coarse sea salt,coarse sea salt,,,skip,no_match,Added from food.com scraped data
1/4-1/2 lemon,1/4-1/2 lemon,,,skip,no_match,Added from food.com scraped data
3 tablespoons mayonnaise,3 tablespoons mayonnaise,,,skip,no_match,Added from food.com scraped data
1/2-1 teaspoon cumin,1/2-1 teaspoon cumin,,,skip,no_match,Added from food.com scraped data
tri-colored rotini pasta,tri-colored rotini pasta,,,skip,no_match,Added from food.com scraped data
cooked boneless skinless chicken breast,cooked boneless skinless chicken breast,,,skip,no_match,Added from food.com scraped data
3 tablespoons sliced black olives,3 tablespoons sliced black olives,,,skip,no_match,Added from food.com scraped data
tuna in olive oil,tuna in olive oil,,,skip,no_match,Added from food.com scraped data
crisco pure canola oil,crisco pure canola oil,,,skip,no_match,Added from food.com scraped data
jif crunchy peanut butter,jif crunchy peanut butter,,,skip,no_match,Added from food.com scraped data
can sweet peas,can sweet peas,,,skip,no_match,Added from food.com scraped data
1/4-1/2 teaspoon black pepper,1/4-1/2 teaspoon black pepper,,,skip,no_match,Added from food.com scraped data
3 eggs,3 eggs,,,skip,no_match,Added from food.com scraped data
diced bell peppers (combination yellow,diced bell peppers (combination yellow,,,skip,no_match,Added from food.com scraped data
1/2-3 cups diced zucchini or 2 1/2-3 cups yellow squash,1/2-3 cups diced zucchini or 2 1/2-3 cups yellow squash,,,skip,no_match,Added from food.com scraped data
1 1/4 cup diced onion,1 1/4 cup diced onion,,,skip,no_match,Added from food.com scraped data
1/2-2 cups diced fennel bulbs,1/2-2 cups diced fennel bulbs,,,skip,no_match,Added from food.com scraped data
dried diced apricots or 1 cup fresh fig,dried diced apricots or 1 cup fresh fig,,,skip,no_match,Added from food.com scraped data
6 large garlic cloves,6 large garlic cloves,,,skip,no_match,Added from food.com scraped data
1/2-2 tablespoons extra-virgin olive oil,1/2-2 tablespoons extra-virgin olive oil,,,skip,no_match,Added from food.com scraped data
cooked chickpeas or 1 cup white beans,cooked chickpeas or 1 cup white beans,,,skip,no_match,Added from food.com scraped data
fresh basil or 1/2 cup parsley,fresh basil or 1/2 cup parsley,,,skip,no_match,Added from food.com scraped data
12 sheets phyllo pastry sheets,12 sheets phyllo pastry sheets,,,skip,no_match,Added from food.com scraped data
1/2-3 tablespoons extra-virgin olive oil,1/2-3 tablespoons extra-virgin olive oil,,,skip,no_match,Added from food.com scraped data
chopped or slivered almonds,chopped or slivered almonds,,,skip,no_match,Added from food.com scraped data
pork mince,pork mince,,,skip,no_match,Added from food.com scraped data
red potatoes,red potatoes,,,skip,no_match,Added from food.com scraped data
oleo,oleo,,,skip,no_match,Added from food.com scraped data
vegetable shortening,vegetable shortening,,,skip,no_match,Added from food.com scraped data
cocoa,cocoa,,,skip,no_match,Added from food.com scraped data
8 meyer lemons,8 meyer lemons,,,skip,no_match,Added from food.com scraped data
almond breeze unsweetened vanilla,almond breeze unsweetened vanilla,,,skip,no_match,Added from food.com scraped data
cooked quinoa,cooked quinoa,,,skip,no_match,Added from food.com scraped data
fresh baby spinach,fresh baby spinach,,,skip,no_match,Added from food.com scraped data
sliced dried apricot,sliced dried apricot,,,skip,no_match,Added from food.com scraped data
sliced natural almonds,sliced natural almonds,,,skip,no_match,Added from food.com scraped data
boneless lamb,boneless lamb,,,skip,no_match,Added from food.com scraped data
crushed canned tomatoes,crushed canned tomatoes,,,skip,no_match,Added from food.com scraped data
ground mustard,ground mustard,2710086.0,Honey mustard dip,matched,fuzzy_70%,Added from food.com scraped data
fresh coarse ground black pepper,fresh coarse ground black pepper,,,skip,no_match,Added from food.com scraped data
hamburger,hamburger,,,skip,no_match,Added from food.com scraped data
thai chile,thai chile,,,skip,no_match,Added from food.com scraped data
white wine,white wine,,,skip,no_match,Added from food.com scraped data
mixed dried figs,mixed dried figs,,,skip,no_match,Added from food.com scraped data
pinches saffron,pinches saffron,,,skip,no_match,Added from food.com scraped data
crystallized ginger,crystallized ginger,,,skip,no_match,Added from food.com scraped data
2 cinnamon stick,2 cinnamon stick,,,skip,no_match,Added from food.com scraped data
chicken stock or 4 1/2 cups vegetable stock,chicken stock or 4 1/2 cups vegetable stock,,,skip,no_match,Added from food.com scraped data
orange rind,orange rind,,,skip,no_match,Added from food.com scraped data
chicken stock or 1/2 cup broth,chicken stock or 1/2 cup broth,,,skip,no_match,Added from food.com scraped data
chickens,chickens,2706084.0,Chicken skin,matched,fuzzy_70%,Added from food.com scraped data
pomegranate,pomegranate,,,skip,no_match,Added from food.com scraped data
chopped peeled mangoes,chopped peeled mangoes,,,skip,no_match,Added from food.com scraped data
finely chopped red onions,finely chopped red onions,,,skip,no_match,Added from food.com scraped data
strips steak,strips steak,,,skip,no_match,Added from food.com scraped data
freshly grated orange zest,freshly grated orange zest,,,skip,no_match,Added from food.com scraped data
sweet onions,sweet onions,,,skip,no_match,Added from food.com scraped data
sticks cinnamon,sticks cinnamon,,,skip,no_match,Added from food.com scraped data
1/2-2 teaspoons salt,1/2-2 teaspoons salt,,,skip,no_match,Added from food.com scraped data
pistachios,pistachios,,,skip,no_match,Added from food.com scraped data
grated lemon zest,grated lemon zest,,,skip,no_match,Added from food.com scraped data
chopped walnuts or almonds,chopped walnuts or almonds,,,skip,no_match,Added from food.com scraped data
lemons (1 thinly sliced,lemons (1 thinly sliced,,,skip,no_match,Added from food.com scraped data
large green olives,large green olives,,,skip,no_match,Added from food.com scraped data
morrocan seasoning,morrocan seasoning,,,skip,no_match,Added from food.com scraped data
jumbo shrimp,jumbo shrimp,,,skip,no_match,Added from food.com scraped data
3 tablespoons butter,3 tablespoons butter,,,skip,no_match,Added from food.com scraped data
lemon (plus more lemon wedges,lemon (plus more lemon wedges,,,skip,no_match,Added from food.com scraped data
skirt steak (or sirloin steak,skirt steak (or sirloin steak,,,skip,no_match,Added from food.com scraped data
ears fresh cooked corn,ears fresh cooked corn,,,skip,no_match,Added from food.com scraped data
grated orange,grated orange,,,skip,no_match,Added from food.com scraped data
fresh garlic cloves,fresh garlic cloves,,,skip,no_match,Added from food.com scraped data
pork chops,pork chops,,,skip,no_match,Added from food.com scraped data
2 teaspoon olive oil,2 teaspoon olive oil,,,skip,no_match,Added from food.com scraped data
"moroccan mixed spice (<a href=""https://www.food.com/recipe/moroccan-spice-mix-422399"">moroccan spice mix</a>","moroccan mixed spice (<a href=""https://www.food.com/recipe/moroccan-spice-mix-422399"">moroccan spice mix</a>",,,skip,no_match,Added from food.com scraped data
extra-virgin olive oil or 2 teaspoons canola oil,extra-virgin olive oil or 2 teaspoons canola oil,,,skip,no_match,Added from food.com scraped data
gluten-free curry gravy mix,gluten-free curry gravy mix,,,skip,no_match,Added from food.com scraped data
mixed dried fruit,mixed dried fruit,,,skip,no_match,Added from food.com scraped data
raisins or 1/4 cup dried currant,raisins or 1/4 cup dried currant,,,skip,no_match,Added from food.com scraped data
yellow sweet onion,yellow sweet onion,,,skip,no_match,Added from food.com scraped data
can diced tomatoes,can diced tomatoes,,,skip,no_match,Added from food.com scraped data
cooked fresh fava beans (or one 15-oz can fava beans,cooked fresh fava beans (or one 15-oz can fava beans,,,skip,no_match,Added from food.com scraped data
minced fresh cilantro or 1 tablespoon fresh parsley leaves,minced fresh cilantro or 1 tablespoon fresh parsley leaves,,,skip,no_match,Added from food.com scraped data
ground lean lamb,ground lean lamb,,,skip,no_match,Added from food.com scraped data
fresh breadcrumb,fresh breadcrumb,,,skip,no_match,Added from food.com scraped data
wheat pita bread,wheat pita bread,,,skip,no_match,Added from food.com scraped data
alfalfa sprout,alfalfa sprout,,,skip,no_match,Added from food.com scraped data
lamb rib chops,lamb rib chops,,,skip,no_match,Added from food.com scraped data
olive oil or 2 tablespoons grapeseed oil,olive oil or 2 tablespoons grapeseed oil,,,skip,no_match,Added from food.com scraped data
cashews,cashews,,,skip,no_match,Added from food.com scraped data
juice of one lime,juice of one lime,,,skip,no_match,Added from food.com scraped data
one 15 . 5-ounce can low-sodium chickpeas,one 15 . 5-ounce can low-sodium chickpeas,,,skip,no_match,Added from food.com scraped data
dry lentils,dry lentils,,,skip,no_match,Added from food.com scraped data
5 garlic cloves,5 garlic cloves,,,skip,no_match,Added from food.com scraped data
italian plum tomatoes,italian plum tomatoes,,,skip,no_match,Added from food.com scraped data
spaghetti squash,spaghetti squash,,,skip,no_match,Added from food.com scraped data
pork belly,pork belly,,,skip,no_match,Added from food.com scraped data
1/2 inches fresh ginger,1/2 inches fresh ginger,,,skip,no_match,Added from food.com scraped data
dried mushroom,dried mushroom,,,skip,no_match,Added from food.com scraped data
argan oil (this is very expensive and hard to find,argan oil (this is very expensive and hard to find,,,skip,no_match,Added from food.com scraped data
strained yoghurt,strained yoghurt,,,skip,no_match,Added from food.com scraped data
strained tomatoes,strained tomatoes,,,skip,no_match,Added from food.com scraped data
veal fillets,veal fillets,,,skip,no_match,Added from food.com scraped data
quarts water or 2 quarts vegetable stock,quarts water or 2 quarts vegetable stock,,,skip,no_match,Added from food.com scraped data
fresh parsley or 4 tablespoons cilantro,fresh parsley or 4 tablespoons cilantro,,,skip,no_match,Added from food.com scraped data
paprika ( hot,paprika ( hot,,,skip,no_match,Added from food.com scraped data
bell peppers (recipe called,bell peppers (recipe called,,,skip,no_match,Added from food.com scraped data
cooking apples,cooking apples,,,skip,no_match,Added from food.com scraped data
jar pimento-stuffed olives,jar pimento-stuffed olives,,,skip,no_match,Added from food.com scraped data
200 g barramundi fillets,200 g barramundi fillets,,,skip,no_match,Added from food.com scraped data
sliced rainbow olives,sliced rainbow olives,,,skip,no_match,Added from food.com scraped data
virgin olive oil,virgin olive oil,,,skip,no_match,Added from food.com scraped data
pinches pepper,pinches pepper,,,skip,no_match,Added from food.com scraped data
1/2-2 cups black quinoa,1/2-2 cups black quinoa,,,skip,no_match,Added from food.com scraped data
mild curry paste,mild curry paste,,,skip,no_match,Added from food.com scraped data
top sirloin beef grilling steak,top sirloin beef grilling steak,,,skip,no_match,Added from food.com scraped data
low-fat plain yogurt,low-fat plain yogurt,,,skip,no_match,Added from food.com scraped data
tomato ketchup,tomato ketchup,,,skip,no_match,Added from food.com scraped data
mint leaf,mint leaf,,,skip,no_match,Added from food.com scraped data
eggplants,eggplants,,,skip,no_match,Added from food.com scraped data
red capsicums,red capsicums,,,skip,no_match,Added from food.com scraped data
tomato sauce or 1 cup chopped diced tomato,tomato sauce or 1 cup chopped diced tomato,,,skip,no_match,Added from food.com scraped data
juice 1 lemon,juice 1 lemon,,,skip,no_match,Added from food.com scraped data
chopped flatleaf parsley,chopped flatleaf parsley,,,skip,no_match,Added from food.com scraped data
salami,salami,,,skip,no_match,Added from food.com scraped data
edam cheese,edam cheese,,,skip,no_match,Added from food.com scraped data
dried za'atar spice mix,dried za'atar spice mix,,,skip,no_match,Added from food.com scraped data
colored bell pepper,colored bell pepper,,,skip,no_match,Added from food.com scraped data
boiling potato,boiling potato,,,skip,no_match,Added from food.com scraped data
portuguese rolls or 4 kaiser rolls,portuguese rolls or 4 kaiser rolls,,,skip,no_match,Added from food.com scraped data
harissa or cayenne,harissa or cayenne,,,skip,no_match,Added from food.com scraped data
skinless chicken breasts,skinless chicken breasts,,,skip,no_match,Added from food.com scraped data
chicken stock cube,chicken stock cube,,,skip,no_match,Added from food.com scraped data
chopped pistachio nut,chopped pistachio nut,,,skip,no_match,Added from food.com scraped data
brown mustard seeds,brown mustard seeds,,,skip,no_match,Added from food.com scraped data
yellow mustard seeds,yellow mustard seeds,,,skip,no_match,Added from food.com scraped data
1/4-1/2 teaspoon crushed red pepper flakes,1/4-1/2 teaspoon crushed red pepper flakes,,,skip,no_match,Added from food.com scraped data
splenda sugar substitute,splenda sugar substitute,,,skip,no_match,Added from food.com scraped data
sliced carrots or 2 cups baby carrots,sliced carrots or 2 cups baby carrots,,,skip,no_match,Added from food.com scraped data
pimento stuffed green olive,pimento stuffed green olive,,,skip,no_match,Added from food.com scraped data
acorn squash,acorn squash,,,skip,no_match,Added from food.com scraped data
mixed nuts,mixed nuts,2707504.0,"Mixed nuts, NFS",matched,fuzzy_72%,Added from food.com scraped data
chicken stock or 6 cups vegetable stock,chicken stock or 6 cups vegetable stock,,,skip,no_match,Added from food.com scraped data
chile,chile,,,skip,no_match,Added from food.com scraped data
red capsicums or 1 large green capsicum,red capsicums or 1 large green capsicum,,,skip,no_match,Added from food.com scraped data
stew beef chunks or 8 skinless bone-in chicken thighs,stew beef chunks or 8 skinless bone-in chicken thighs,,,skip,no_match,Added from food.com scraped data
red chili pepper flakes or 1/4 teaspoon cayenne pepper,red chili pepper flakes or 1/4 teaspoon cayenne pepper,,,skip,no_match,Added from food.com scraped data
squash or 3 cups potatoes,squash or 3 cups potatoes,,,skip,no_match,Added from food.com scraped data
tuna in water,tuna in water,,,skip,no_match,Added from food.com scraped data
natural yoghurt,natural yoghurt,,,skip,no_match,Added from food.com scraped data
finely grated lemon rind,finely grated lemon rind,,,skip,no_match,Added from food.com scraped data
hungarian wax pepper,hungarian wax pepper,,,skip,no_match,Added from food.com scraped data
shredded carrots,shredded carrots,,,skip,no_match,Added from food.com scraped data
cooked chopped turkey meat,cooked chopped turkey meat,,,skip,no_match,Added from food.com scraped data
turkey stock or 1/2 cup chicken stock,turkey stock or 1/2 cup chicken stock,,,skip,no_match,Added from food.com scraped data
chopped green beans,chopped green beans,,,skip,no_match,Added from food.com scraped data
generous pinch saffron thread,generous pinch saffron thread,,,skip,no_match,Added from food.com scraped data
fresh hot red chili pepper,fresh hot red chili pepper,,,skip,no_match,Added from food.com scraped data
turkey stock,turkey stock,,,skip,no_match,Added from food.com scraped data
cooked turkey,cooked turkey,,,skip,no_match,Added from food.com scraped data
golden seedless raisins,golden seedless raisins,,,skip,no_match,Added from food.com scraped data
lightly packed fresh cilantro leaves,lightly packed fresh cilantro leaves,,,skip,no_match,Added from food.com scraped data
sambal oelek or tabasco sauce,sambal oelek or tabasco sauce,,,skip,no_match,Added from food.com scraped data
turkey breast tenderloin,turkey breast tenderloin,,,skip,no_match,Added from food.com scraped data
baby corn,baby corn,,,skip,no_match,Added from food.com scraped data
beef stew meat or 1 lb lamb stew meat,beef stew meat or 1 lb lamb stew meat,,,skip,no_match,Added from food.com scraped data
reduced-sodium beef broth or 6 cups water,reduced-sodium beef broth or 6 cups water,,,skip,no_match,Added from food.com scraped data
angel hair pasta (capellini,angel hair pasta (capellini,,,skip,no_match,Added from food.com scraped data
2 teaspoon kosher sea salt,2 teaspoon kosher sea salt,,,skip,no_match,Added from food.com scraped data
of crushed garlic,of crushed garlic,,,skip,no_match,Added from food.com scraped data
1 1/2 cup vegetable stock,1 1/2 cup vegetable stock,,,skip,no_match,Added from food.com scraped data
chopped zucchini,chopped zucchini,2707851.0,"Bread, zucchini",matched,fuzzy_70%,Added from food.com scraped data
stoned black olives,stoned black olives,,,skip,no_match,Added from food.com scraped data
navy beans,navy beans,,,skip,no_match,Added from food.com scraped data
roasting chickens,roasting chickens,,,skip,no_match,Added from food.com scraped data
rough chopped preserved lemon,rough chopped preserved lemon,,,skip,no_match,Added from food.com scraped data
rough chopped green olives,rough chopped green olives,,,skip,no_match,Added from food.com scraped data
3 1/2 lbs chicken,3 1/2 lbs chicken,,,skip,no_match,Added from food.com scraped data
yams or 1 sweet potato,yams or 1 sweet potato,,,skip,no_match,Added from food.com scraped data
minced of fresh mint,minced of fresh mint,,,skip,no_match,Added from food.com scraped data
2 cup warm water,2 cup warm water,,,skip,no_match,Added from food.com scraped data
1/2-3/4 teaspoon cumin,1/2-3/4 teaspoon cumin,,,skip,no_match,Added from food.com scraped data
canned diced tomatoes,canned diced tomatoes,,,skip,no_match,Added from food.com scraped data
romaine lettuce or baby spinach leaves,romaine lettuce or baby spinach leaves,,,skip,no_match,Added from food.com scraped data
new york strip steaks,new york strip steaks,,,skip,no_match,Added from food.com scraped data
red peppers,red peppers,,,skip,no_match,Added from food.com scraped data
bulb onion,bulb onion,,,skip,no_match,Added from food.com scraped data
beans,beans,,,skip,no_match,Added from food.com scraped data
seasoning,seasoning,,,skip,no_match,Added from food.com scraped data
ripe papayas or 4 mangoes,ripe papayas or 4 mangoes,,,skip,no_match,Added from food.com scraped data
red apples,red apples,,,skip,no_match,Added from food.com scraped data
ripe bananas,ripe bananas,,,skip,no_match,Added from food.com scraped data
pineapple tidbits,pineapple tidbits,,,skip,no_match,Added from food.com scraped data
sweetened flaked coconut,sweetened flaked coconut,,,skip,no_match,Added from food.com scraped data
pea beans,pea beans,,,skip,no_match,Added from food.com scraped data
cooked shrimp,cooked shrimp,,,skip,no_match,Added from food.com scraped data
crunchy peanut butter,crunchy peanut butter,,,skip,no_match,Added from food.com scraped data
3 small dried hot red chili peppers or 1/2 teaspoon dried red pepper flakes,3 small dried hot red chili peppers or 1/2 teaspoon dried red pepper flakes,,,skip,no_match,Added from food.com scraped data
orange zest or 1/8 teaspoon lemon zest,orange zest or 1/8 teaspoon lemon zest,,,skip,no_match,Added from food.com scraped data
red peppers or 1 teaspoon red pepper flakes,red peppers or 1 teaspoon red pepper flakes,,,skip,no_match,Added from food.com scraped data
sweet green pepper,sweet green pepper,,,skip,no_match,Added from food.com scraped data
3 garlic cloves,3 garlic cloves,,,skip,no_match,Added from food.com scraped data
inch gingerroot,inch gingerroot,,,skip,no_match,Added from food.com scraped data
4 cardamom pods,4 cardamom pods,,,skip,no_match,Added from food.com scraped data
bulgur wheat,bulgur wheat,,,skip,no_match,Added from food.com scraped data
lime wedge,lime wedge,,,skip,no_match,Added from food.com scraped data
finger eggplants,finger eggplants,,,skip,no_match,Added from food.com scraped data
coarse bulgar wheat,coarse bulgar wheat,,,skip,no_match,Added from food.com scraped data
orange juice concentrate,orange juice concentrate,,,skip,no_match,Added from food.com scraped data
chopped chopped ready-to-eat roasted boneless skinless chicken breasts,chopped chopped ready-to-eat roasted boneless skinless chicken breasts,,,skip,no_match,Added from food.com scraped data
ears corn,ears corn,,,skip,no_match,Added from food.com scraped data
dried marjoram,dried marjoram,,,skip,no_match,Added from food.com scraped data
harissa or 2 teaspoons hot sauce,harissa or 2 teaspoons hot sauce,,,skip,no_match,Added from food.com scraped data
flank steaks,flank steaks,2705827.0,"Beef, steak, flank",matched,fuzzy_73%,Added from food.com scraped data
finely diced onions,finely diced onions,,,skip,no_match,Added from food.com scraped data
inch piece cinnamon stick,inch piece cinnamon stick,,,skip,no_match,Added from food.com scraped data
pinch saffron,pinch saffron,,,skip,no_match,Added from food.com scraped data
vegetable broth or 3 cups water,vegetable broth or 3 cups water,,,skip,no_match,Added from food.com scraped data
cubed day-old firm white bread,cubed day-old firm white bread,,,skip,no_match,Added from food.com scraped data
ground beef or 1 lb ground lamb,ground beef or 1 lb ground lamb,,,skip,no_match,Added from food.com scraped data
finely chopped scallions,finely chopped scallions,,,skip,no_match,Added from food.com scraped data
giant couscous or 1 cup medium couscous,giant couscous or 1 cup medium couscous,,,skip,no_match,Added from food.com scraped data
oranges (peeled,oranges (peeled,,,skip,no_match,Added from food.com scraped data
can garbanzo beans,can garbanzo beans,,,skip,no_match,Added from food.com scraped data
cayenne powder,cayenne powder,,,skip,no_match,Added from food.com scraped data
cooked chicken breasts,cooked chicken breasts,,,skip,no_match,Added from food.com scraped data
cayenne pepper or 1/16 teaspoon berbere,cayenne pepper or 1/16 teaspoon berbere,,,skip,no_match,Added from food.com scraped data
couscous or rice,couscous or rice,,,skip,no_match,Added from food.com scraped data
vegetable broth or 1/2 cup reduced-sodium chicken broth,vegetable broth or 1/2 cup reduced-sodium chicken broth,,,skip,no_match,Added from food.com scraped data
chili-garlic sauce or 1 teaspoon hot sauce,chili-garlic sauce or 1 teaspoon hot sauce,,,skip,no_match,Added from food.com scraped data
frozen apple juice concentrate,frozen apple juice concentrate,,,skip,no_match,Added from food.com scraped data
chicken or 1 3/4 cups vegetable broth,chicken or 1 3/4 cups vegetable broth,,,skip,no_match,Added from food.com scraped data
seasoned rice wine vinegar,seasoned rice wine vinegar,,,skip,no_match,Added from food.com scraped data
mandarin oranges,mandarin oranges,,,skip,no_match,Added from food.com scraped data
can pineapple tidbits,can pineapple tidbits,,,skip,no_match,Added from food.com scraped data
6 tablespoons orange juice,6 tablespoons orange juice,,,skip,no_match,Added from food.com scraped data
powdered milk,powdered milk,,,skip,no_match,Added from food.com scraped data
8 ice cubes,8 ice cubes,,,skip,no_match,Added from food.com scraped data
veal bones,veal bones,,,skip,no_match,Added from food.com scraped data
organic carrots,organic carrots,,,skip,no_match,Added from food.com scraped data
1/2 tea spoon baking powder,1/2 tea spoon baking powder,,,skip,no_match,Added from food.com scraped data
table spoon tahini,table spoon tahini,,,skip,no_match,Added from food.com scraped data
red chile,red chile,,,skip,no_match,Added from food.com scraped data
dried chili pepper flakes,dried chili pepper flakes,,,skip,no_match,Added from food.com scraped data
chicken fillets,chicken fillets,,,skip,no_match,Added from food.com scraped data
freshly chopped mint,freshly chopped mint,,,skip,no_match,Added from food.com scraped data
sea bass fillets,sea bass fillets,,,skip,no_match,Added from food.com scraped data
ripped cherry tomatoes,ripped cherry tomatoes,,,skip,no_match,Added from food.com scraped data
chopped olives,chopped olives,,,skip,no_match,Added from food.com scraped data
fresh basil leaf,fresh basil leaf,,,skip,no_match,Added from food.com scraped data
skinless chicken thigh fillets,skinless chicken thigh fillets,,,skip,no_match,Added from food.com scraped data
butter or 25 g margarine,butter or 25 g margarine,,,skip,no_match,Added from food.com scraped data
frozen baby sweet peas,frozen baby sweet peas,,,skip,no_match,Added from food.com scraped data
diced tomato,diced tomato,,,skip,no_match,Added from food.com scraped data
1/2 pints vegetable stock,1/2 pints vegetable stock,,,skip,no_match,Added from food.com scraped data
of hot curry powder,of hot curry powder,,,skip,no_match,Added from food.com scraped data
peanut oil or 2 tablespoons vegetable oil,peanut oil or 2 tablespoons vegetable oil,,,skip,no_match,Added from food.com scraped data
cayenne pepper or 1/4 teaspoon red pepper flakes,cayenne pepper or 1/4 teaspoon red pepper flakes,,,skip,no_match,Added from food.com scraped data
chicken stock or 5 cups vegetable stock,chicken stock or 5 cups vegetable stock,,,skip,no_match,Added from food.com scraped data
soft tofu,soft tofu,,,skip,no_match,Added from food.com scraped data
boneless beef roast,boneless beef roast,,,skip,no_match,Added from food.com scraped data
white pearl onions,white pearl onions,,,skip,no_match,Added from food.com scraped data
butternut squash or 8 ounces sweet potatoes,butternut squash or 8 ounces sweet potatoes,,,skip,no_match,Added from food.com scraped data
boneless skinless chicken breasts or 4 large chicken thighs,boneless skinless chicken breasts or 4 large chicken thighs,,,skip,no_match,Added from food.com scraped data
2 fresh red chili pepper (if not available,2 fresh red chili pepper (if not available,,,skip,no_match,Added from food.com scraped data
poblano pepper,poblano pepper,,,skip,no_match,Added from food.com scraped data
lemon balm,lemon balm,,,skip,no_match,Added from food.com scraped data
minced fish mint,minced fish mint,,,skip,no_match,Added from food.com scraped data
1/8-1/4 cup fresh mint leaves,1/8-1/4 cup fresh mint leaves,,,skip,no_match,Added from food.com scraped data
rack of lamb,rack of lamb,,,skip,no_match,Added from food.com scraped data
pomegranate molasses,pomegranate molasses,,,skip,no_match,Added from food.com scraped data
pistachio nut,pistachio nut,,,skip,no_match,Added from food.com scraped data
preserved lemons or 1 lemon,preserved lemons or 1 lemon,,,skip,no_match,Added from food.com scraped data
aloha shoyu soy sauce,aloha shoyu soy sauce,,,skip,no_match,Added from food.com scraped data
pork ribs,pork ribs,2705894.0,"Pork, ribs",matched,fuzzy_84%,Added from food.com scraped data
hot red pepper,hot red pepper,2710093.0,Hot pepper sauce,matched,fuzzy_73%,Added from food.com scraped data
6 chicken breast halves,6 chicken breast halves,,,skip,no_match,Added from food.com scraped data
chicken or 4 cups vegetable stock,chicken or 4 cups vegetable stock,,,skip,no_match,Added from food.com scraped data
4 tomatoes,4 tomatoes,,,skip,no_match,Added from food.com scraped data
piri-piri,piri-piri,,,skip,no_match,Added from food.com scraped data
2 teaspoon harissa,2 teaspoon harissa,,,skip,no_match,Added from food.com scraped data
raw peeled prawns,raw peeled prawns,,,skip,no_match,Added from food.com scraped data
24 large prawns,24 large prawns,,,skip,no_match,Added from food.com scraped data
fresh parsley (optional,fresh parsley (optional,,,skip,no_match,Added from food.com scraped data
pared small lemon,pared small lemon,,,skip,no_match,Added from food.com scraped data
prawns,prawns,,,skip,no_match,Added from food.com scraped data
of cooked savory rice,of cooked savory rice,,,skip,no_match,Added from food.com scraped data
peri peri oil (palm oil infused with hot red peppers,peri peri oil (palm oil infused with hot red peppers,,,skip,no_match,Added from food.com scraped data
frozen sweet peas,frozen sweet peas,,,skip,no_match,Added from food.com scraped data
gallon canola oil,gallon canola oil,,,skip,no_match,Added from food.com scraped data
set 1/2 tbsp rawspicebar's freshly ground pumpkin spice,set 1/2 tbsp rawspicebar's freshly ground pumpkin spice,,,skip,no_match,Added from food.com scraped data
set 1/2 ricotta cheese,set 1/2 ricotta cheese,,,skip,no_match,Added from food.com scraped data
set 2 eggs,set 2 eggs,,,skip,no_match,Added from food.com scraped data
set 1/3 cup unbleached all-purpose flour,set 1/3 cup unbleached all-purpose flour,,,skip,no_match,Added from food.com scraped data
set 1/4 teaspoon fine sea salt,set 1/4 teaspoon fine sea salt,,,skip,no_match,Added from food.com scraped data
set 1 1/2 tablespoons butter,set 1 1/2 tablespoons butter,,,skip,no_match,Added from food.com scraped data
set 1/2 cup honey,set 1/2 cup honey,,,skip,no_match,Added from food.com scraped data
set vegetable oil,set vegetable oil,,,skip,no_match,Added from food.com scraped data
canned low sodium chicken broth,canned low sodium chicken broth,,,skip,no_match,Added from food.com scraped data
nutmegs,nutmegs,,,skip,no_match,Added from food.com scraped data
rosebuds,rosebuds,,,skip,no_match,Added from food.com scraped data
mace,mace,,,skip,no_match,Added from food.com scraped data
dried chipotle peppers,dried chipotle peppers,,,skip,no_match,Added from food.com scraped data
lavender,lavender,,,skip,no_match,Added from food.com scraped data
galangal,galangal,,,skip,no_match,Added from food.com scraped data
black cardamom pods,black cardamom pods,,,skip,no_match,Added from food.com scraped data
sesame seed oil,sesame seed oil,,,skip,no_match,Added from food.com scraped data
sumac,sumac,,,skip,no_match,Added from food.com scraped data
home-made chicken stock,home-made chicken stock,,,skip,no_match,Added from food.com scraped data
white potatoes,white potatoes,,,skip,no_match,Added from food.com scraped data
red bell peppers or 1/2 green bell pepper,red bell peppers or 1/2 green bell pepper,,,skip,no_match,Added from food.com scraped data
pork loin (tied,pork loin (tied,,,skip,no_match,Added from food.com scraped data
chopped cilantro or flat leaf parsley,chopped cilantro or flat leaf parsley,,,skip,no_match,Added from food.com scraped data
mayonnaise (or sour cream,mayonnaise (or sour cream,,,skip,no_match,Added from food.com scraped data
harissa (or more,harissa (or more,,,skip,no_match,Added from food.com scraped data
3 tablespoons ras el hanout spice mix,3 tablespoons ras el hanout spice mix,,,skip,no_match,Added from food.com scraped data
water or 1 1/4 cups broth,water or 1 1/4 cups broth,,,skip,no_match,Added from food.com scraped data
butter or 1 teaspoon margarine,butter or 1 teaspoon margarine,,,skip,no_match,Added from food.com scraped data
dried thyme leaves,dried thyme leaves,,,skip,no_match,Added from food.com scraped data
box wheat garlic couscous,box wheat garlic couscous,,,skip,no_match,Added from food.com scraped data
sweet peppers,sweet peppers,,,skip,no_match,Added from food.com scraped data
asparagus spears,asparagus spears,,,skip,no_match,Added from food.com scraped data
boiling water or 2 1/2 cups vegetable stock,boiling water or 2 1/2 cups vegetable stock,,,skip,no_match,Added from food.com scraped data
fresh herbs (basil,fresh herbs (basil,,,skip,no_match,Added from food.com scraped data
fresh rosemary,fresh rosemary,,,skip,no_match,Added from food.com scraped data
1/4-1/2 teaspoon cayenne pepper,1/4-1/2 teaspoon cayenne pepper,,,skip,no_match,Added from food.com scraped data
mild chili powder,mild chili powder,,,skip,no_match,Added from food.com scraped data
mixed herbs,mixed herbs,,,skip,no_match,Added from food.com scraped data
kosher salt ground pepper,kosher salt ground pepper,,,skip,no_match,Added from food.com scraped data
coarse kosher salt,coarse kosher salt,,,skip,no_match,Added from food.com scraped data
dill,dill,,,skip,no_match,Added from food.com scraped data
radishes,radishes,,,skip,no_match,Added from food.com scraped data
old bay seasoning,old bay seasoning,,,skip,no_match,Added from food.com scraped data
lemon pepper or 1/4 teaspoon black pepper,lemon pepper or 1/4 teaspoon black pepper,,,skip,no_match,Added from food.com scraped data
low sodium soy sauce,low sodium soy sauce,,,skip,no_match,Added from food.com scraped data
orange slices,orange slices,,,skip,no_match,Added from food.com scraped data
broccoli floret,broccoli floret,,,skip,no_match,Added from food.com scraped data
regular couscous or 1/2 cup wheat couscous,regular couscous or 1/2 cup wheat couscous,,,skip,no_match,Added from food.com scraped data
wonton wrappers,wonton wrappers,,,skip,no_match,Added from food.com scraped data
lean ground lamb or 1 lb beef,lean ground lamb or 1 lb beef,,,skip,no_match,Added from food.com scraped data
jar marinated artichoke hearts,jar marinated artichoke hearts,,,skip,no_match,Added from food.com scraped data
extra firm tofu,extra firm tofu,,,skip,no_match,Added from food.com scraped data
blanched skinless almonds,blanched skinless almonds,,,skip,no_match,Added from food.com scraped data
1/2-1 teaspoon ground cinnamon,1/2-1 teaspoon ground cinnamon,,,skip,no_match,Added from food.com scraped data
1/4-1/2 tablespoon ground aniseed,1/4-1/2 tablespoon ground aniseed,,,skip,no_match,Added from food.com scraped data
1/3-1/2 cup ghee,1/3-1/2 cup ghee,,,skip,no_match,Added from food.com scraped data
inch minced gingerroot,inch minced gingerroot,,,skip,no_match,Added from food.com scraped data
hot pepper,hot pepper,,,skip,no_match,Added from food.com scraped data
dry active yeast,dry active yeast,,,skip,no_match,Added from food.com scraped data
coarse sugar,coarse sugar,,,skip,no_match,Added from food.com scraped data
peppercorns,peppercorns,,,skip,no_match,Added from food.com scraped data
tea bags or 2 loose tea,tea bags or 2 loose tea,,,skip,no_match,Added from food.com scraped data
3 teaspoons sugar,3 teaspoons sugar,,,skip,no_match,Added from food.com scraped data
tea bag,tea bag,,,skip,no_match,Added from food.com scraped data
cardamom seeds,cardamom seeds,,,skip,no_match,Added from food.com scraped data
chopped dill,chopped dill,,,skip,no_match,Added from food.com scraped data
full fat greek yogurt,full fat greek yogurt,,,skip,no_match,Added from food.com scraped data
chopped mint,chopped mint,,,skip,no_match,Added from food.com scraped data
wheat tortillas,wheat tortillas,,,skip,no_match,Added from food.com scraped data
avocados,avocados,,,skip,no_match,Added from food.com scraped data
meaty bacon,meaty bacon,,,skip,no_match,Added from food.com scraped data
swiss chard,swiss chard,,,skip,no_match,Added from food.com scraped data
prepared tomato sauce,prepared tomato sauce,,,skip,no_match,Added from food.com scraped data
thinly sliced basil leaves,thinly sliced basil leaves,,,skip,no_match,Added from food.com scraped data
za atar seasoning,za atar seasoning,,,skip,no_match,Added from food.com scraped data
peeled shrimp,peeled shrimp,,,skip,no_match,Added from food.com scraped data
crumbled feta,crumbled feta,,,skip,no_match,Added from food.com scraped data
rustic bread,rustic bread,,,skip,no_match,Added from food.com scraped data
sesame oil or 1 tablespoon coconut oil,sesame oil or 1 tablespoon coconut oil,,,skip,no_match,Added from food.com scraped data
mixed frozen vegetables,mixed frozen vegetables,,,skip,no_match,Added from food.com scraped data
frozen edamame,frozen edamame,,,skip,no_match,Added from food.com scraped data
uncooked shrimp,uncooked shrimp,,,skip,no_match,Added from food.com scraped data
sumaq,sumaq,,,skip,no_match,Added from food.com scraped data
instant chicken bouillon granules,instant chicken bouillon granules,,,skip,no_match,Added from food.com scraped data
lamb shoulder,lamb shoulder,2705840.0,"Stew, lamb",matched,manual_match,Added from food.com scraped data
kosher salt and black pepper,kosher salt and black pepper,,,skip,no_match,Added from food.com scraped data
chopped pistachios,chopped pistachios,,,skip,no_match,Added from food.com scraped data
boneless beef brisket,boneless beef brisket,,,skip,no_match,Added from food.com scraped data
reduced-sodium beef broth,reduced-sodium beef broth,,,skip,no_match,Added from food.com scraped data
chopped fresh cilantro leaves,chopped fresh cilantro leaves,,,skip,no_match,Added from food.com scraped data
bone-in skinless chicken thighs,bone-in skinless chicken thighs,,,skip,no_match,Added from food.com scraped data
pumpkin pie spice,pumpkin pie spice,,,skip,no_match,Added from food.com scraped data
diced fire-roasted tomatoes,diced fire-roasted tomatoes,,,skip,no_match,Added from food.com scraped data
white kidney beans or 1 can cannellini beans,white kidney beans or 1 can cannellini beans,,,skip,no_match,Added from food.com scraped data
simply potatoes diced potatoes with onion,simply potatoes diced potatoes with onion,,,skip,no_match,Added from food.com scraped data
1/2-1 teaspoon ground red pepper,1/2-1 teaspoon ground red pepper,,,skip,no_match,Added from food.com scraped data
1/2-1 teaspoon crushed red pepper flakes,1/2-1 teaspoon crushed red pepper flakes,,,skip,no_match,Added from food.com scraped data
2 1/4 cups all-purpose flour,2 1/4 cups all-purpose flour,,,skip,no_match,Added from food.com scraped data
port wine,port wine,,,skip,no_match,Added from food.com scraped data
squash,squash,,,skip,no_match,Added from food.com scraped data
3 okra,3 okra,,,skip,no_match,Added from food.com scraped data
3 cloves garlic,3 cloves garlic,,,skip,no_match,Added from food.com scraped data
1/3-1/2 cup cilantro,1/3-1/2 cup cilantro,,,skip,no_match,Added from food.com scraped data
crushed cardamom pods,crushed cardamom pods,,,skip,no_match,Added from food.com scraped data
inch cinnamon stick,inch cinnamon stick,,,skip,no_match,Added from food.com scraped data
canned green chili peppers,canned green chili peppers,,,skip,no_match,Added from food.com scraped data
boneless lamb or 1 lb boneless beef roast,boneless lamb or 1 lb boneless beef roast,,,skip,no_match,Added from food.com scraped data
cognac,cognac,,,skip,no_match,Added from food.com scraped data
small fresh beet,small fresh beet,,,skip,no_match,Added from food.com scraped data
boiling salt water,boiling salt water,,,skip,no_match,Added from food.com scraped data
filet of beef,filet of beef,,,skip,no_match,Added from food.com scraped data
bicarbonate of soda,bicarbonate of soda,,,skip,no_match,Added from food.com scraped data
oat bran,oat bran,,,skip,no_match,Added from food.com scraped data
sultanas or 1/2 cup raisins,sultanas or 1/2 cup raisins,,,skip,no_match,Added from food.com scraped data
nonfat milk,nonfat milk,,,skip,no_match,Added from food.com scraped data
strong green chilies or 1 large jalapeno,strong green chilies or 1 large jalapeno,,,skip,no_match,Added from food.com scraped data
fresh pouring cream,fresh pouring cream,,,skip,no_match,Added from food.com scraped data
3 small potatoes,3 small potatoes,,,skip,no_match,Added from food.com scraped data
2 tablespoon chili paste,2 tablespoon chili paste,,,skip,no_match,Added from food.com scraped data
good quality curry powder,good quality curry powder,,,skip,no_match,Added from food.com scraped data
fluid ounce vodka,fluid ounce vodka,,,skip,no_match,Added from food.com scraped data
irish cream,irish cream,,,skip,no_match,Added from food.com scraped data
fluid ounce kahlua,fluid ounce kahlua,,,skip,no_match,Added from food.com scraped data
hot curry powder,hot curry powder,,,skip,no_match,Added from food.com scraped data
custard,custard,2705682.0,Custard,matched,fuzzy_85%,Added from food.com scraped data
tennis biscuits,tennis biscuits,,,skip,no_match,Added from food.com scraped data
cold water and ice,cold water and ice,,,skip,no_match,Added from food.com scraped data
tofu sour cream or 1/4 cup sour cream,tofu sour cream or 1/4 cup sour cream,,,skip,no_match,Added from food.com scraped data
vegan mayonnaise or 1/4 cup miracle whip,vegan mayonnaise or 1/4 cup miracle whip,,,skip,no_match,Added from food.com scraped data
butter or 20 g margarine,butter or 20 g margarine,,,skip,no_match,Added from food.com scraped data
milk ( vanilla soy milk gives added flavor,milk ( vanilla soy milk gives added flavor,,,skip,no_match,Added from food.com scraped data
prepared graham cracker crusts,prepared graham cracker crusts,,,skip,no_match,Added from food.com scraped data
condensed milk,condensed milk,,,skip,no_match,Added from food.com scraped data
sugar or 500 ml sugar,sugar or 500 ml sugar,,,skip,no_match,Added from food.com scraped data
hominy corn,samp,,,skip,african_proxy,Added from food.com scraped data
sugar beans or 3 cups pinto beans,sugar beans or 3 cups pinto beans,,,skip,no_match,Added from food.com scraped data
3 potatoes,3 potatoes,,,skip,no_match,Added from food.com scraped data
3 tablespoons canola oil,3 tablespoons canola oil,,,skip,no_match,Added from food.com scraped data
2 vegetable bouillon cube,2 vegetable bouillon cube,,,skip,no_match,Added from food.com scraped data
well matured beef,well matured beef,,,skip,no_match,Added from food.com scraped data
fatty pork (neck,fatty pork (neck,,,skip,no_match,Added from food.com scraped data
dry red wine or 125 ml dark vinegar,dry red wine or 125 ml dark vinegar,,,skip,no_match,Added from food.com scraped data
thick sausage casings,thick sausage casings,,,skip,no_match,Added from food.com scraped data
rolled oats,rolled oats,,,skip,no_match,Added from food.com scraped data
rye flour,rye flour,,,skip,no_match,Added from food.com scraped data
wheat bran,wheat bran,,,skip,no_match,Added from food.com scraped data
wheat germ,wheat germ,,,skip,no_match,Added from food.com scraped data
sunflower seeds,sunflower seeds,,,skip,no_match,Added from food.com scraped data
poppy seed,poppy seed,,,skip,no_match,Added from food.com scraped data
linseeds,linseeds,,,skip,no_match,Added from food.com scraped data
seeds,seeds,,,skip,no_match,Added from food.com scraped data
serrano chili (,serrano chili (,,,skip,no_match,Added from food.com scraped data
4 cups watermelon (rine removed,4 cups watermelon (rine removed,,,skip,no_match,Added from food.com scraped data
black olives (moroccan olives,black olives (moroccan olives,,,skip,no_match,Added from food.com scraped data
superfine sugar or 1 cup caster sugar,superfine sugar or 1 cup caster sugar,,,skip,no_match,Added from food.com scraped data
baking soda or 5 ml bicarbonate of soda,baking soda or 5 ml bicarbonate of soda,,,skip,no_match,Added from food.com scraped data
fresh grated ginger,fresh grated ginger,,,skip,no_match,Added from food.com scraped data
white basmati rice,white basmati rice,2708990.0,Beans and white rice,matched,fuzzy_73%,Added from food.com scraped data
low sodium vegetable broth or 3 1/2 cups water,low sodium vegetable broth or 3 1/2 cups water,,,skip,no_match,Added from food.com scraped data
salt-free lemon pepper,salt-free lemon pepper,,,skip,no_match,Added from food.com scraped data
lebanese cucumber,lebanese cucumber,,,skip,no_match,Added from food.com scraped data
kansas city steaks (or other lean,kansas city steaks (or other lean,,,skip,no_match,Added from food.com scraped data
peeled baby carrots,peeled baby carrots,,,skip,no_match,Added from food.com scraped data
chicken broth or 3/4 cup vegetable broth,chicken broth or 3/4 cup vegetable broth,,,skip,no_match,Added from food.com scraped data
quick-cooking couscous,quick-cooking couscous,,,skip,no_match,Added from food.com scraped data
onions or 1 1/2 cups onions,onions or 1 1/2 cups onions,,,skip,no_match,Added from food.com scraped data
goat cheese,goat cheese,,,skip,no_match,Added from food.com scraped data
ragú® pasta sauce,ragú® pasta sauce,,,skip,no_match,Added from food.com scraped data
fresh cilantro or 2 tablespoons fresh parsley leaves,fresh cilantro or 2 tablespoons fresh parsley leaves,,,skip,no_match,Added from food.com scraped data
finely chopped carrot,finely chopped carrot,,,skip,no_match,Added from food.com scraped data
finely chopped zucchini,finely chopped zucchini,,,skip,no_match,Added from food.com scraped data
chopped green onion,chopped green onion,,,skip,no_match,Added from food.com scraped data
vegetable stock or 1 1/2 cups water,vegetable stock or 1 1/2 cups water,,,skip,no_match,Added from food.com scraped data
jar tomato-based salsa,jar tomato-based salsa,,,skip,no_match,Added from food.com scraped data
crushed peanuts,crushed peanuts,,,skip,no_match,Added from food.com scraped data
red bell peppers or 1 orange bell pepper,red bell peppers or 1 orange bell pepper,,,skip,no_match,Added from food.com scraped data
big tomatoes,big tomatoes,,,skip,no_match,Added from food.com scraped data
salmon,salmon,,,skip,no_match,Added from food.com scraped data
salmon fillets (2 fillets,salmon fillets (2 fillets,,,skip,no_match,Added from food.com scraped data
dried cilantro,dried cilantro,,,skip,no_match,Added from food.com scraped data
celery seed,celery seed,,,skip,no_match,Added from food.com scraped data
thinly sliced carrots,thinly sliced carrots,,,skip,no_match,Added from food.com scraped data
chinese chili paste,chinese chili paste,,,skip,no_match,Added from food.com scraped data
skinless chicken breast,skinless chicken breast,,,skip,no_match,Added from food.com scraped data
can chopped tomatoes,can chopped tomatoes,,,skip,no_match,Added from food.com scraped data
loin lamb,loin lamb,,,skip,no_match,Added from food.com scraped data
3 teaspoons chopped chili,3 teaspoons chopped chili,,,skip,no_match,Added from food.com scraped data
low-fat yogurt,low-fat yogurt,,,skip,no_match,Added from food.com scraped data
plantains,plantains,,,skip,no_match,Added from food.com scraped data
bird chile,bird chile,,,skip,no_match,Added from food.com scraped data
tlbs. chopped cilantro,tlbs. chopped cilantro,,,skip,no_match,Added from food.com scraped data
chili paste,chili paste,,,skip,no_match,Added from food.com scraped data
grinds black pepper,grinds black pepper,,,skip,no_match,Added from food.com scraped data
red wine or 1 tablespoon sherry wine vinegar,red wine or 1 tablespoon sherry wine vinegar,,,skip,no_match,Added from food.com scraped data
chicken broth or 8 cups vegetable broth,chicken broth or 8 cups vegetable broth,,,skip,no_match,Added from food.com scraped data
thick & chunky salsa,thick & chunky salsa,,,skip,no_match,Added from food.com scraped data
diced unpeeled zucchini,diced unpeeled zucchini,,,skip,no_match,Added from food.com scraped data
sweet chili sauce,sweet chili sauce,,,skip,no_match,Added from food.com scraped data
fresh ginger or 1/2 teaspoon ground ginger,fresh ginger or 1/2 teaspoon ground ginger,,,skip,no_match,Added from food.com scraped data
1/2-1 spinach,1/2-1 spinach,,,skip,no_match,Added from food.com scraped data
wine,wine,,,skip,no_match,Added from food.com scraped data
cracked pepper,cracked pepper,,,skip,no_match,Added from food.com scraped data
fresh grated parmesan cheese,fresh grated parmesan cheese,,,skip,no_match,Added from food.com scraped data
3 drops tabasco sauce,3 drops tabasco sauce,,,skip,no_match,Added from food.com scraped data
ground round,ground round,,,skip,no_match,Added from food.com scraped data
of fresh mint or basil,of fresh mint or basil,,,skip,no_match,Added from food.com scraped data
low sodium chicken broth or 2 cups vegetable broth,low sodium chicken broth or 2 cups vegetable broth,,,skip,no_match,Added from food.com scraped data
steamed couscous,steamed couscous,,,skip,no_match,Added from food.com scraped data
bell peppers (i use red,bell peppers (i use red,,,skip,no_match,Added from food.com scraped data
couscous (use morrocan,couscous (use morrocan,,,skip,no_match,Added from food.com scraped data
pork sausage,pork sausage,2706191.0,Pork sausage,matched,fuzzy_91%,Added from food.com scraped data
tea english tea bags or 4 teaspoons of loose english tea,tea english tea bags or 4 teaspoons of loose english tea,,,skip,no_match,Added from food.com scraped data
lumps of sugar,lumps of sugar,,,skip,no_match,Added from food.com scraped data
plain nonfat yogurt,plain nonfat yogurt,,,skip,no_match,Added from food.com scraped data
firm white fish fillets,firm white fish fillets,,,skip,no_match,Added from food.com scraped data
finely chopped celery,finely chopped celery,,,skip,no_match,Added from food.com scraped data
finely chopped green pepper,finely chopped green pepper,,,skip,no_match,Added from food.com scraped data
finely chopped parsley,finely chopped parsley,,,skip,no_match,Added from food.com scraped data
sun-dried tomato pesto,sun-dried tomato pesto,,,skip,no_match,Added from food.com scraped data
sachets quick-cooking couscous,sachets quick-cooking couscous,,,skip,no_match,Added from food.com scraped data
rocket,rocket,,,skip,no_match,Added from food.com scraped data
jar ragú® pasta sauce,jar ragú® pasta sauce,,,skip,no_match,Added from food.com scraped data
loaf crusty bread,loaf crusty bread,,,skip,no_match,Added from food.com scraped data
lean beef,lean beef,,,skip,no_match,Added from food.com scraped data
natural-style peanut butter,natural-style peanut butter,,,skip,no_match,Added from food.com scraped data
red cayenne pepper,red cayenne pepper,,,skip,no_match,Added from food.com scraped data
walnut pieces,walnut pieces,,,skip,no_match,Added from food.com scraped data
salad oil,salad oil,,,skip,no_match,Added from food.com scraped data
red seedless grapes,red seedless grapes,,,skip,no_match,Added from food.com scraped data
couscous (real couscous,couscous (real couscous,,,skip,no_match,Added from food.com scraped data
creamed honey,creamed honey,,,skip,no_match,Added from food.com scraped data
chopped peanuts,chopped peanuts,,,skip,no_match,Added from food.com scraped data
8 green olives,8 green olives,,,skip,no_match,Added from food.com scraped data
half a lemon,half a lemon,,,skip,no_match,Added from food.com scraped data
bunches swiss chard,bunches swiss chard,,,skip,no_match,Added from food.com scraped data
4 cloves garlic,4 cloves garlic,,,skip,no_match,Added from food.com scraped data
2 chicken,2 chicken,2707134.0,"Soup, chicken",matched,fuzzy_72%,Added from food.com scraped data
cinnamon sticks or 3 -5 pinches ground cinnamon,cinnamon sticks or 3 -5 pinches ground cinnamon,,,skip,no_match,Added from food.com scraped data
chicken broth or 2 cups chicken stock,chicken broth or 2 cups chicken stock,,,skip,no_match,Added from food.com scraped data
butter or 6 tablespoons margarine,butter or 6 tablespoons margarine,,,skip,no_match,Added from food.com scraped data
chicken soup base,chicken soup base,,,skip,no_match,Added from food.com scraped data
turmeric powder,turmeric powder,,,skip,no_match,Added from food.com scraped data
turnip,turnip,,,skip,no_match,Added from food.com scraped data
1/2-3 ounces white rum (to taste,1/2-3 ounces white rum (to taste,,,skip,no_match,Added from food.com scraped data
vegetable stock or 3 cups water,vegetable stock or 3 cups water,,,skip,no_match,Added from food.com scraped data
bottle white wine (light,bottle white wine (light,,,skip,no_match,Added from food.com scraped data
mayonnaise or 3 tablespoons avocados,mayonnaise or 3 tablespoons avocados,,,skip,no_match,Added from food.com scraped data
fresh lemon juice plus 1 lemon,fresh lemon juice plus 1 lemon,,,skip,no_match,Added from food.com scraped data
vegetable stock or 2 cups chicken stock,vegetable stock or 2 cups chicken stock,,,skip,no_match,Added from food.com scraped data
crushed home grown tomatoes,crushed home grown tomatoes,,,skip,no_match,Added from food.com scraped data
gorgonzola,gorgonzola,,,skip,no_match,Added from food.com scraped data
fresh greens,fresh greens,,,skip,no_match,Added from food.com scraped data
2 tablespoon olive oil,2 tablespoon olive oil,,,skip,no_match,Added from food.com scraped data
vegetable stock or 4 cups chicken stock,vegetable stock or 4 cups chicken stock,,,skip,no_match,Added from food.com scraped data
170 ml marinated artichoke hearts,170 ml marinated artichoke hearts,,,skip,no_match,Added from food.com scraped data
lettuce,lettuce,,,skip,no_match,Added from food.com scraped data
dried couscous,dried couscous,,,skip,no_match,Added from food.com scraped data
halved cherry tomatoes,halved cherry tomatoes,,,skip,no_match,Added from food.com scraped data
smen,smen,,,skip,no_match,Added from food.com scraped data
3 onions,3 onions,,,skip,no_match,Added from food.com scraped data
tart apples,tart apples,,,skip,no_match,Added from food.com scraped data
canned tomato puree,canned tomato puree,,,skip,no_match,Added from food.com scraped data
spanish onions,spanish onions,,,skip,no_match,Added from food.com scraped data
2 tablespoon hot pepper paste (may sub chopped,2 tablespoon hot pepper paste (may sub chopped,,,skip,no_match,Added from food.com scraped data
dried mango,dried mango,,,skip,no_match,Added from food.com scraped data
fluid ounces boiling water,fluid ounces boiling water,,,skip,no_match,Added from food.com scraped data
cooked boneless skinless chicken breasts,cooked boneless skinless chicken breasts,,,skip,no_match,Added from food.com scraped data
ground dried chile,ground dried chile,,,skip,no_match,Added from food.com scraped data
tuna steaks,tuna steaks,,,skip,no_match,Added from food.com scraped data
gruyere cheese,gruyere cheese,,,skip,no_match,Added from food.com scraped data
mashed potatoes,mashed potatoes,,,skip,no_match,Added from food.com scraped data
piri piri chili sauce,piri piri chili sauce,,,skip,no_match,Added from food.com scraped data
vegetable broth or 1 cup chicken broth,vegetable broth or 1 cup chicken broth,,,skip,no_match,Added from food.com scraped data
ripe plum tomatoes,ripe plum tomatoes,,,skip,no_match,Added from food.com scraped data
salt (taste first,salt (taste first,,,skip,no_match,Added from food.com scraped data
butter or 2 tablespoons extra virgin olive oil,butter or 2 tablespoons extra virgin olive oil,,,skip,no_match,Added from food.com scraped data
fresh chili peppers,fresh chili peppers,,,skip,no_match,Added from food.com scraped data
za'atar spice mix,za'atar spice mix,,,skip,no_match,Added from food.com scraped data
jalapenos,jalapenos,,,skip,no_match,Added from food.com scraped data
reduced-sodium diced tomatoes,reduced-sodium diced tomatoes,,,skip,no_match,Added from food.com scraped data
low-sodium tomato juice,low-sodium tomato juice,,,skip,no_match,Added from food.com scraped data
olive oil or 2 tablespoons peanut oil,olive oil or 2 tablespoons peanut oil,,,skip,no_match,Added from food.com scraped data
2 jalapeno,2 jalapeno,,,skip,no_match,Added from food.com scraped data
can coconut milk,can coconut milk,2705413.0,Coconut milk,matched,fuzzy_78%,Added from food.com scraped data
nonfat yogurt,nonfat yogurt,,,skip,no_match,Added from food.com scraped data
seedless grapes,seedless grapes,,,skip,no_match,Added from food.com scraped data
ripe mango,ripe mango,,,skip,no_match,Added from food.com scraped data
navel orange,navel orange,,,skip,no_match,Added from food.com scraped data
ripe papaya,ripe papaya,,,skip,no_match,Added from food.com scraped data
cold milk,cold milk,,,skip,no_match,Added from food.com scraped data
serrano chili,serrano chili,,,skip,no_match,Added from food.com scraped data
brewed coffee,brewed coffee,,,skip,no_match,Added from food.com scraped data
tamarind paste,tamarind paste,,,skip,no_match,Added from food.com scraped data
berbere or 2 teaspoons chili powder,berbere or 2 teaspoons chili powder,,,skip,no_match,Added from food.com scraped data
dried red pepper flakes,dried red pepper flakes,,,skip,no_match,Added from food.com scraped data
chopped stewed tomatoes,chopped stewed tomatoes,,,skip,no_match,Added from food.com scraped data
vidalia onions,vidalia onions,,,skip,no_match,Added from food.com scraped data
1/2 fluid ounces chicken stock,1/2 fluid ounces chicken stock,,,skip,no_match,Added from food.com scraped data
smoked ham hock,smoked ham hock,,,skip,no_match,Added from food.com scraped data
molido chilies (dried,molido chilies (dried,,,skip,no_match,Added from food.com scraped data
dundicut chilies,dundicut chilies,,,skip,no_match,Added from food.com scraped data
mild smoked chili powder,mild smoked chili powder,,,skip,no_match,Added from food.com scraped data
green chard leaves,green chard leaves,,,skip,no_match,Added from food.com scraped data
cubed sweet potatoes,cubed sweet potatoes,2707648.0,"Bread, sweet potato",matched,fuzzy_76%,Added from food.com scraped data
apple juice or 1 cup apricot juice,apple juice or 1 cup apricot juice,,,skip,no_match,Added from food.com scraped data
grated peeled gingerroot,grated peeled gingerroot,,,skip,no_match,Added from food.com scraped data
1/2-2 cups chopped okra,1/2-2 cups chopped okra,,,skip,no_match,Added from food.com scraped data
groundnut oil or 1/4 cup olive oil,groundnut oil or 1/4 cup olive oil,,,skip,no_match,Added from food.com scraped data
inch piece ginger,inch piece ginger,,,skip,no_match,Added from food.com scraped data
portebello mushroom,portebello mushroom,,,skip,no_match,Added from food.com scraped data
cilantro or 1/4 cup parsley,cilantro or 1/4 cup parsley,,,skip,no_match,Added from food.com scraped data
cubed meat (beef,cubed meat (beef,,,skip,no_match,Added from food.com scraped data
chopped yellow onion,chopped yellow onion,,,skip,no_match,Added from food.com scraped data
chopped peeled carrot,chopped peeled carrot,,,skip,no_match,Added from food.com scraped data
2 teaspoon minced peeled fresh ginger,2 teaspoon minced peeled fresh ginger,,,skip,no_match,Added from food.com scraped data
chopped peeled sweet potato,chopped peeled sweet potato,,,skip,no_match,Added from food.com scraped data
canola oil or 1 teaspoon peanut oil,canola oil or 1 teaspoon peanut oil,,,skip,no_match,Added from food.com scraped data
3 medium tomatoes,3 medium tomatoes,,,skip,no_match,Added from food.com scraped data
1/2-1 teaspoon turmeric,1/2-1 teaspoon turmeric,,,skip,no_match,Added from food.com scraped data
2 teaspoon sugar,2 teaspoon sugar,,,skip,no_match,Added from food.com scraped data
4 cups water or 3 -4 cups broth,4 cups water or 3 -4 cups broth,,,skip,no_match,Added from food.com scraped data
1/2-1 cup crunchy peanut butter,1/2-1 cup crunchy peanut butter,,,skip,no_match,Added from food.com scraped data
lemons or 1 dash lime juice,lemons or 1 dash lime juice,,,skip,no_match,Added from food.com scraped data
4 hot peppers,4 hot peppers,,,skip,no_match,Added from food.com scraped data
2 cm gingerroot,2 cm gingerroot,,,skip,no_match,Added from food.com scraped data
maggi liquid seasoning,maggi liquid seasoning,,,skip,no_match,Added from food.com scraped data
olive oil (or more,olive oil (or more,,,skip,no_match,Added from food.com scraped data
fresh thyme sprigs,fresh thyme sprigs,,,skip,no_match,Added from food.com scraped data
fine salt & freshly ground black pepper,fine salt & freshly ground black pepper,,,skip,no_match,Added from food.com scraped data
porcini mushroom,porcini mushroom,,,skip,no_match,Added from food.com scraped data
beef short ribs,beef short ribs,,,skip,no_match,Added from food.com scraped data
serrano peppers,serrano peppers,,,skip,no_match,Added from food.com scraped data
gyoza skins or 35 wonton wrappers,gyoza skins or 35 wonton wrappers,,,skip,no_match,Added from food.com scraped data
ground pork,ground pork,,,skip,no_match,Added from food.com scraped data
bay scallops or 1/4 lb sea scallops,bay scallops or 1/4 lb sea scallops,,,skip,no_match,Added from food.com scraped data
bamboo shoots,bamboo shoots,,,skip,no_match,Added from food.com scraped data
shiitake mushrooms,shiitake mushrooms,,,skip,no_match,Added from food.com scraped data
sake,sake,,,skip,no_match,Added from food.com scraped data
chicken stock or 3 tablespoons clam broth,chicken stock or 3 tablespoons clam broth,,,skip,no_match,Added from food.com scraped data
40 green peas,40 green peas,,,skip,no_match,Added from food.com scraped data
15 ounces tomato sauce,15 ounces tomato sauce,,,skip,no_match,Added from food.com scraped data
3 red peppers,3 red peppers,,,skip,no_match,Added from food.com scraped data
