ingredient_id,ingredient_name,base_ingredient,form,nutrition_lookup_key
1,active yeast (dried),active yeast,dried,active yeast|dried
2,active yeast batter cover bowl clean kitchen (dried),active yeast batter cover bowl clean kitchen,dried,active yeast batter cover bowl clean kitchen|dried
3,african bird eye chile habanero chile,african bird eye chile habanero chile,unspecified,african bird eye chile habanero chile|unspecified
4,african bird eye chile red thai chile habanero chile,african bird eye chile red thai chile habanero chile,unspecified,african bird eye chile red thai chile habanero chile|unspecified
5,african nutmeg (ground),african nutmeg,ground,african nutmeg|ground
6,african nutmeg,african nutmeg,unspecified,african nutmeg|unspecified
7,aish baladi,aish baladi,unspecified,aish baladi|unspecified
8,all purpose flour,all purpose flour,unspecified,all purpose flour|unspecified
9,all purpose flour enough water make (paste),all purpose flour enough water make,paste,all purpose flour enough water make|paste
10,all-purpose flour,all-purpose flour,unspecified,all-purpose flour|unspecified
11,all-purpose flour as,all-purpose flour as,unspecified,all-purpose flour as|unspecified
12,all-purpose flour handheld,all-purpose flour handheld,unspecified,all-purpose flour handheld|unspecified
13,all-purpose flour pancake batter,all-purpose flour pancake batter,unspecified,all-purpose flour pancake batter|unspecified
14,all-purpose flour sifted,all-purpose flour sifted,unspecified,all-purpose flour sifted|unspecified
15,all-purpose seasoning,all-purpose seasoning,unspecified,all-purpose seasoning|unspecified
16,allspice (ground),allspice,ground,allspice|ground
17,almond (roasted),almond,roasted,almond|roasted
18,almond extract,almond extract,unspecified,almond extract|unspecified
19,apple cider vinegar,apple cider vinegar,unspecified,apple cider vinegar|unspecified
20,apricot (dried),apricot,dried,apricot|dried
21,apricot chutney,apricot chutney,unspecified,apricot chutney|unspecified
22,apricot jam,apricot jam,unspecified,apricot jam|unspecified
23,assorted boneles meat bite-size,assorted boneles meat bite-size,unspecified,assorted boneles meat bite-size|unspecified
24,aunty bernie chapati rice,aunty bernie chapati rice,unspecified,aunty bernie chapati rice|unspecified
25,avocado pitted,avocado pitted,unspecified,avocado pitted|unspecified
26,baking (powder),baking,powder,baking|powder
27,baking flour (powder),baking flour,powder,baking flour|powder
28,baking oil (powder),baking oil,powder,baking oil|powder
29,baking soda,baking soda,unspecified,baking soda|unspecified
30,banana leave hot water soften thoroughly,banana leave hot water soften thoroughly,unspecified,banana leave hot water soften thoroughly|unspecified
31,banku fufu,banku fufu,unspecified,banku fufu|unspecified
32,basil (dried),basil,dried,basil|dried
33,basil (fresh),basil,fresh,basil|fresh
34,basmati rice,basmati rice,unspecified,basmati rice|unspecified
35,bay leaf,bay leaf,unspecified,bay leaf|unspecified
36,bay leave,bay leave,unspecified,bay leave|unspecified
37,bean (dried),bean,dried,bean|dried
38,beef (bouillon),beef,bouillon,beef|bouillon
39,beef (ground),beef,ground,beef|ground
40,beef (stock),beef,stock,beef|stock
41,beef,beef,unspecified,beef|unspecified
42,beef chicken (bouillon),beef chicken,bouillon,beef chicken|bouillon
43,beef chicken cube (bouillon),beef chicken cube,bouillon,beef chicken cube|bouillon
44,beef chicken vegetable (bouillon),beef chicken vegetable,bouillon,beef chicken vegetable|bouillon
45,beef cube (bouillon),beef cube,bouillon,beef cube|bouillon
46,beef cube (stock),beef cube,stock,beef cube|stock
47,beef short rib,beef short rib,unspecified,beef short rib|unspecified
48,beef silverside brisket coarsely,beef silverside brisket coarsely,unspecified,beef silverside brisket coarsely|unspecified
49,beef stew meat,beef stew meat,unspecified,beef stew meat|unspecified
50,beef trotter,beef trotter,unspecified,beef trotter|unspecified
51,bell pepper,bell pepper,unspecified,bell pepper|unspecified
52,berbere spice,berbere spice,unspecified,berbere spice|unspecified
53,berbere spice mix,berbere spice mix,unspecified,berbere spice mix|unspecified
54,berbere spice texture potato season,berbere spice texture potato season,unspecified,berbere spice texture potato season|unspecified
55,bicarbonate soda,bicarbonate soda,unspecified,bicarbonate soda|unspecified
56,bisto gravy,bisto gravy,unspecified,bisto gravy|unspecified
57,bisto gravy thickener,bisto gravy thickener,unspecified,bisto gravy thickener|unspecified
58,bitter leaf washed,bitter leaf washed,unspecified,bitter leaf washed|unspecified
59,black cardamom seed,black cardamom seed,unspecified,black cardamom seed|unspecified
60,black eyed bean overnight least hour,black eyed bean overnight least hour,unspecified,black eyed bean overnight least hour|unspecified
61,black eyed pea,black eyed pea,unspecified,black eyed pea|unspecified
62,black pepper (ground),black pepper,ground,black pepper|ground
63,black pepper,black pepper,unspecified,black pepper|unspecified
64,black pepper as,black pepper as,unspecified,black pepper as|unspecified
65,black peppercorn (ground),black peppercorn,ground,black peppercorn|ground
66,black peppercorn,black peppercorn,unspecified,black peppercorn|unspecified
67,black peppercorn ginger,black peppercorn ginger,unspecified,black peppercorn ginger|unspecified
68,black-eyed bean (dried),black-eyed bean,dried,black-eyed bean|dried
69,black-eyed pea (dried),black-eyed pea,dried,black-eyed pea|dried
70,black-eyed pea,black-eyed pea,unspecified,black-eyed pea|unspecified
71,black-eyed pea overnight (dried),black-eyed pea overnight,dried,black-eyed pea overnight|dried
72,blanched almond,blanched almond,unspecified,blanched almond|unspecified
73,boerewor sausage,boerewor sausage,unspecified,boerewor sausage|unspecified
74,boiled fried plantain,boiled fried plantain,unspecified,boiled fried plantain|unspecified
75,boiled yam,boiled yam,unspecified,boiled yam|unspecified
76,boiling water,boiling water,unspecified,boiling water|unspecified
77,boiling water as,boiling water as,unspecified,boiling water as|unspecified
78,bologna,bologna,unspecified,bologna|unspecified
79,bondwe,bondwe,unspecified,bondwe|unspecified
80,bondwe leave,bondwe leave,unspecified,bondwe leave|unspecified
81,bone-in boneles chicken,bone-in boneles chicken,unspecified,bone-in boneles chicken|unspecified
82,bone-in chicken breast bite-size,bone-in chicken breast bite-size,unspecified,bone-in chicken breast bite-size|unspecified
83,bone-in chicken thigh drumstick,bone-in chicken thigh drumstick,unspecified,bone-in chicken thigh drumstick|unspecified
84,boneles pork loin roast,boneles pork loin roast,unspecified,boneles pork loin roast|unspecified
85,boneles skinles chicken breast,boneles skinles chicken breast,unspecified,boneles skinles chicken breast|unspecified
86,boneles skinles chicken breast bite-size,boneles skinles chicken breast bite-size,unspecified,boneles skinles chicken breast bite-size|unspecified
87,boneles skinles chicken thigh breast,boneles skinles chicken thigh breast,unspecified,boneles skinles chicken thigh breast|unspecified
88,bread,bread,unspecified,bread|unspecified
89,bread bowl,bread bowl,unspecified,bread bowl|unspecified
90,breadcrumb,breadcrumb,unspecified,breadcrumb|unspecified
91,brown flour,brown flour,unspecified,brown flour|unspecified
92,brown lentil,brown lentil,unspecified,brown lentil|unspecified
93,brown onion,brown onion,unspecified,brown onion|unspecified
94,brown spirit vinegar,brown spirit vinegar,unspecified,brown spirit vinegar|unspecified
95,brown sugar,brown sugar,unspecified,brown sugar|unspecified
96,bunch cilantro (fresh),bunch cilantro,fresh,bunch cilantro|fresh
97,bunch cilantro garnish (fresh),bunch cilantro garnish,fresh,bunch cilantro garnish|fresh
98,bunch coriander (fresh),bunch coriander,fresh,bunch coriander|fresh
99,butter,butter,unspecified,butter|unspecified
100,butter as,butter as,unspecified,butter as|unspecified
101,butter extra greasing,butter extra greasing,unspecified,butter extra greasing|unspecified
102,butter greasing,butter greasing,unspecified,butter greasing|unspecified
103,butter margarine,butter margarine,unspecified,butter margarine|unspecified
104,buttermilk plain them,buttermilk plain them,unspecified,buttermilk plain them|unspecified
105,butternut,butternut,unspecified,butternut|unspecified
106,butternut squash,butternut squash,unspecified,butternut squash|unspecified
107,cabbage,cabbage,unspecified,cabbage|unspecified
108,cake flour,cake flour,unspecified,cake flour|unspecified
109,canola oil,canola oil,unspecified,canola oil|unspecified
110,canola oil as,canola oil as,unspecified,canola oil as|unspecified
111,canola oil end skin plantain half lengthwise,canola oil end skin plantain half lengthwise,unspecified,canola oil end skin plantain half lengthwise|unspecified
112,canola oil oil,canola oil oil,unspecified,canola oil oil|unspecified
113,canola oil sprinkle over onion (bouillon),canola oil sprinkle over onion,bouillon,canola oil sprinkle over onion|bouillon
114,canola oil turmeric,canola oil turmeric,unspecified,canola oil turmeric|unspecified
115,canola oil warm oil dutch oven other heavy,canola oil warm oil dutch oven other heavy,unspecified,canola oil warm oil dutch oven other heavy|unspecified
116,cardamom (ground),cardamom,ground,cardamom|ground
117,cardamom fat ghee egg yolk will start (ground),cardamom fat ghee egg yolk will start,ground,cardamom fat ghee egg yolk will start|ground
118,cardamom pod,cardamom pod,unspecified,cardamom pod|unspecified
119,cardamom seed,cardamom seed,unspecified,cardamom seed|unspecified
120,carrot,carrot,unspecified,carrot|unspecified
121,carrot bite-size,carrot bite-size,unspecified,carrot bite-size|unspecified
122,carrot julienned,carrot julienned,unspecified,carrot julienned|unspecified
123,carrot shredded,carrot shredded,unspecified,carrot shredded|unspecified
124,cassava flour all-purpose,cassava flour all-purpose,unspecified,cassava flour all-purpose|unspecified
125,caster sugar,caster sugar,unspecified,caster sugar|unspecified
126,castor sugar,castor sugar,unspecified,castor sugar|unspecified
127,cayenne pepper,cayenne pepper,unspecified,cayenne pepper|unspecified
128,cayenne pepper nigerian red pepper,cayenne pepper nigerian red pepper,unspecified,cayenne pepper nigerian red pepper|unspecified
129,celery stick,celery stick,unspecified,celery stick|unspecified
130,chapati,chapati,unspecified,chapati|unspecified
131,cheddar cheese,cheddar cheese,unspecified,cheddar cheese|unspecified
132,cherry tomato,cherry tomato,unspecified,cherry tomato|unspecified
133,chicken (bouillon),chicken,bouillon,chicken|bouillon
134,chicken (stock),chicken,stock,chicken|stock
135,chicken,chicken,unspecified,chicken|unspecified
136,chicken -inch,chicken -inch,unspecified,chicken -inch|unspecified
137,chicken bite-size,chicken bite-size,unspecified,chicken bite-size|unspecified
138,chicken bone skin separated (whole),chicken bone skin separated,whole,chicken bone skin separated|whole
139,chicken breast,chicken breast,unspecified,chicken breast|unspecified
140,chicken breast -inch,chicken breast -inch,unspecified,chicken breast -inch|unspecified
141,chicken breast julienned,chicken breast julienned,unspecified,chicken breast julienned|unspecified
142,chicken drumstick,chicken drumstick,unspecified,chicken drumstick|unspecified
143,chicken gizzard,chicken gizzard,unspecified,chicken gizzard|unspecified
144,chicken quarter,chicken quarter,unspecified,chicken quarter|unspecified
145,chicken thigh,chicken thigh,unspecified,chicken thigh|unspecified
146,chicken thigh skin-on bone-in,chicken thigh skin-on bone-in,unspecified,chicken thigh skin-on bone-in|unspecified
147,chicken vegetable (bouillon),chicken vegetable,bouillon,chicken vegetable|bouillon
148,chicken vegetable (stock),chicken vegetable,stock,chicken vegetable|stock
149,chicken wing,chicken wing,unspecified,chicken wing|unspecified
150,chickpea,chickpea,unspecified,chickpea|unspecified
151,chile pepper (dried),chile pepper,dried,chile pepper|dried
152,chili (fresh),chili,fresh,chili|fresh
153,chili (powder),chili,powder,chili|powder
154,chilli (dried),chilli,dried,chilli|dried
155,chilli (flakes),chilli,flakes,chilli|flakes
156,chilli chutney plain chutney,chilli chutney plain chutney,unspecified,chilli chutney plain chutney|unspecified
157,chily (fresh),chily,fresh,chily|fresh
158,cider vinegar,cider vinegar,unspecified,cider vinegar|unspecified
159,cilantro (fresh),cilantro,fresh,cilantro|fresh
160,cinnamon (ground),cinnamon,ground,cinnamon|ground
161,cinnamon extra dusting (ground),cinnamon extra dusting,ground,cinnamon extra dusting|ground
162,cinnamon stick,cinnamon stick,unspecified,cinnamon stick|unspecified
163,cm root ginger (fresh),cm root ginger,fresh,cm root ginger|fresh
164,cob sweetcorn,cob sweetcorn,unspecified,cob sweetcorn|unspecified
165,coconut milk (canned),coconut milk,canned,coconut milk|canned
166,coconut milk,coconut milk,unspecified,coconut milk|unspecified
167,coconut milk tin,coconut milk tin,unspecified,coconut milk tin|unspecified
168,coconut oil medium-high,coconut oil medium-high,unspecified,coconut oil medium-high|unspecified
169,coconut raw unsweetened coconut (flakes),coconut raw unsweetened coconut,flakes,coconut raw unsweetened coconut|flakes
170,coconut sugar,coconut sugar,unspecified,coconut sugar|unspecified
171,cod fillet thawed (frozen),cod fillet thawed,frozen,cod fillet thawed|frozen
172,cold margarine tiny,cold margarine tiny,unspecified,cold margarine tiny|unspecified
173,cold water,cold water,unspecified,cold water|unspecified
174,cold water once bubble,cold water once bubble,unspecified,cold water once bubble|unspecified
175,cooked french fry as,cooked french fry as,unspecified,cooked french fry as|unspecified
176,cooked rice,cooked rice,unspecified,cooked rice|unspecified
177,cooking oil,cooking oil,unspecified,cooking oil|unspecified
178,cooking spray,cooking spray,unspecified,cooking spray|unspecified
179,coriander (fresh),coriander,fresh,coriander|fresh
180,coriander (ground),coriander,ground,coriander|ground
181,coriander leave some stem attached (fresh),coriander leave some stem attached,fresh,coriander leave some stem attached|fresh
182,coriander seed,coriander seed,unspecified,coriander seed|unspecified
183,corn flour,corn flour,unspecified,corn flour|unspecified
184,corn kernel (fresh),corn kernel,fresh,corn kernel|fresh
185,corned beef (canned),corned beef,canned,corned beef|canned
186,corned beef,corned beef,unspecified,corned beef|unspecified
187,cornmeal,cornmeal,unspecified,cornmeal|unspecified
188,couscous (dried),couscous,dried,couscous|dried
189,couscous rice,couscous rice,unspecified,couscous rice|unspecified
190,cranberry (dried),cranberry,dried,cranberry|dried
191,crayfish (ground),crayfish,ground,crayfish|ground
192,crayfish (powder),crayfish,powder,crayfish|powder
193,cream mushroom soup bisto gravy thickener,cream mushroom soup bisto gravy thickener,unspecified,cream mushroom soup bisto gravy thickener|unspecified
194,cream tomato soup (powder),cream tomato soup,powder,cream tomato soup|powder
195,crusty hoagie roll split half lightly (toasted),crusty hoagie roll split half lightly,toasted,crusty hoagie roll split half lightly|toasted
196,cucumber,cucumber,unspecified,cucumber|unspecified
197,cumin (ground),cumin,ground,cumin|ground
198,cumin (powder),cumin,powder,cumin|powder
199,cumin seed,cumin seed,unspecified,cumin seed|unspecified
200,cumin seed pestle mortar,cumin seed pestle mortar,unspecified,cumin seed pestle mortar|unspecified
201,currant (dried),currant,dried,currant|dried
202,curry (powder),curry,powder,curry|powder
203,custard (powder),custard,powder,custard|powder
204,desiccated coconut serve,desiccated coconut serve,unspecified,desiccated coconut serve|unspecified
205,dijon mustard,dijon mustard,unspecified,dijon mustard|unspecified
206,distilled white vinegar,distilled white vinegar,unspecified,distilled white vinegar|unspecified
207,drumstick,drumstick,unspecified,drumstick|unspecified
208,ear corn,ear corn,unspecified,ear corn|unspecified
209,egg,egg,unspecified,egg|unspecified
210,egg lightly,egg lightly,unspecified,egg lightly|unspecified
211,eggplant,eggplant,unspecified,eggplant|unspecified
212,egusi melon seed (ground),egusi melon seed,ground,egusi melon seed|ground
213,egusi seed (toasted),egusi seed,toasted,egusi seed|toasted
214,egusi seed pumpkin seed,egusi seed pumpkin seed,unspecified,egusi seed pumpkin seed|unspecified
215,elbow macaroni,elbow macaroni,unspecified,elbow macaroni|unspecified
216,enough water go just below potato,enough water go just below potato,unspecified,enough water go just below potato|unspecified
217,evaporated milk,evaporated milk,unspecified,evaporated milk|unspecified
218,ewedu leave (fresh),ewedu leave,fresh,ewedu leave|fresh
219,extra hot chilli (powder),extra hot chilli,powder,extra hot chilli|powder
220,extra-virgin olive oil,extra-virgin olive oil,unspecified,extra-virgin olive oil|unspecified
221,extra-virgin olive oil ae,extra-virgin olive oil ae,unspecified,extra-virgin olive oil ae|unspecified
222,extra-virgin olive oil garnish,extra-virgin olive oil garnish,unspecified,extra-virgin olive oil garnish|unspecified
223,extremely ripe mango,extremely ripe mango,unspecified,extremely ripe mango|unspecified
224,fennel seed,fennel seed,unspecified,fennel seed|unspecified
225,fenugreek seed,fenugreek seed,unspecified,fenugreek seed|unspecified
226,filo pastry sheet,filo pastry sheet,unspecified,filo pastry sheet|unspecified
227,fire-roasted tomato,fire-roasted tomato,unspecified,fire-roasted tomato|unspecified
228,fish fillet your choice,fish fillet your choice,unspecified,fish fillet your choice|unspecified
229,fl brandy,fl brandy,unspecified,fl brandy|unspecified
230,fl chicken (stock),fl chicken,stock,fl chicken|stock
231,fl full-fat milk,fl full-fat milk,unspecified,fl full-fat milk|unspecified
232,fl full-fat milk warmed,fl full-fat milk warmed,unspecified,fl full-fat milk warmed|unspecified
233,fl lamb (stock),fl lamb,stock,fl lamb|stock
234,fl milk,fl milk,unspecified,fl milk|unspecified
235,fl tomato ketchup,fl tomato ketchup,unspecified,fl tomato ketchup|unspecified
236,fl vegetable oil,fl vegetable oil,unspecified,fl vegetable oil|unspecified
237,flaky sea salt,flaky sea salt,unspecified,flaky sea salt|unspecified
238,flavored salt,flavored salt,unspecified,flavored salt|unspecified
239,flour,flour,unspecified,flour|unspecified
240,fonio,fonio,unspecified,fonio|unspecified
241,free-range egg,free-range egg,unspecified,free-range egg|unspecified
242,free-range egg free-range egg yolk,free-range egg free-range egg yolk,unspecified,free-range egg free-range egg yolk|unspecified
243,free-range egg white,free-range egg white,unspecified,free-range egg white|unspecified
244,free-range egg yolk,free-range egg yolk,unspecified,free-range egg yolk|unspecified
245,fufu,fufu,unspecified,fufu|unspecified
246,full-fat plain yoghurt,full-fat plain yoghurt,unspecified,full-fat plain yoghurt|unspecified
247,full-fat unsweetened,full-fat unsweetened,unspecified,full-fat unsweetened|unspecified
248,full-fat unsweetened other heavy pot,full-fat unsweetened other heavy pot,unspecified,full-fat unsweetened other heavy pot|unspecified
249,full-fat unsweetened reserved bone,full-fat unsweetened reserved bone,unspecified,full-fat unsweetened reserved bone|unspecified
250,garam masala,garam masala,unspecified,garam masala|unspecified
251,garlic (fresh),garlic,fresh,garlic|fresh
252,garlic (granulated),garlic,granulated,garlic|granulated
253,garlic (powder),garlic,powder,garlic|powder
254,garlic (whole),garlic,whole,garlic|whole
255,garlic half (fresh),garlic half,fresh,garlic half|fresh
256,garri,garri,unspecified,garri|unspecified
257,generou red chilli extra if desired (flakes),generou red chilli extra if desired,flakes,generou red chilli extra if desired|flakes
258,ghee,ghee,unspecified,ghee|unspecified
259,ghee unsalted,ghee unsalted,unspecified,ghee unsalted|unspecified
260,ginger (fresh),ginger,fresh,ginger|fresh
261,ginger (ground),ginger,ground,ginger|ground
262,ginger (powder),ginger,powder,ginger|powder
263,ginger cumin (fresh),ginger cumin,fresh,ginger cumin|fresh
264,grain hub mhunga,grain hub mhunga,unspecified,grain hub mhunga|unspecified
265,grain hub mupunga,grain hub mupunga,unspecified,grain hub mupunga|unspecified
266,grain hub sorghum,grain hub sorghum,unspecified,grain hub sorghum|unspecified
267,grain hub zviyo,grain hub zviyo,unspecified,grain hub zviyo|unspecified
268,greek yogurt,greek yogurt,unspecified,greek yogurt|unspecified
269,green banana,green banana,unspecified,green banana|unspecified
270,green bell pepper,green bell pepper,unspecified,green bell pepper|unspecified
271,green chilli,green chilli,unspecified,green chilli|unspecified
272,green onion,green onion,unspecified,green onion|unspecified
273,green pepper,green pepper,unspecified,green pepper|unspecified
274,green ripe plantain,green ripe plantain,unspecified,green ripe plantain|unspecified
275,green yellow pepper,green yellow pepper,unspecified,green yellow pepper|unspecified
276,grilled lemon parsley garnishing (fresh),grilled lemon parsley garnishing,fresh,grilled lemon parsley garnishing|fresh
277,groundnut oil vegetable oil,groundnut oil vegetable oil,unspecified,groundnut oil vegetable oil|unspecified
278,gruy re cheese,gruy re cheese,unspecified,gruy re cheese|unspecified
279,guinea pepper,guinea pepper,unspecified,guinea pepper|unspecified
280,habanero chile,habanero chile,unspecified,habanero chile|unspecified
281,habanero chile seeded,habanero chile seeded,unspecified,habanero chile seeded|unspecified
282,habanero chile stem removed,habanero chile stem removed,unspecified,habanero chile stem removed|unspecified
283,habanero pepper,habanero pepper,unspecified,habanero pepper|unspecified
284,halibut -inch,halibut -inch,unspecified,halibut -inch|unspecified
285,halibut fillet skin removed,halibut fillet skin removed,unspecified,halibut fillet skin removed|unspecified
286,handful spring onion green tip,handful spring onion green tip,unspecified,handful spring onion green tip|unspecified
287,hard-boiled egg,hard-boiled egg,unspecified,hard-boiled egg|unspecified
288,harissa sauce,harissa sauce,unspecified,harissa sauce|unspecified
289,harissa spice mix,harissa spice mix,unspecified,harissa spice mix|unspecified
290,head green cabbage shredded,head green cabbage shredded,unspecified,head green cabbage shredded|unspecified
291,head lettuce shredded,head lettuce shredded,unspecified,head lettuce shredded|unspecified
292,heaped ancho habanero chilli (flakes),heaped ancho habanero chilli,flakes,heaped ancho habanero chilli|flakes
293,heaped butter margarine,heaped butter margarine,unspecified,heaped butter margarine|unspecified
294,heaped flour,heaped flour,unspecified,heaped flour|unspecified
295,heaped peanut butter,heaped peanut butter,unspecified,heaped peanut butter|unspecified
296,heinz brand baked bean,heinz brand baked bean,unspecified,heinz brand baked bean|unspecified
297,heinz salad cream,heinz salad cream,unspecified,heinz salad cream|unspecified
298,homemade shop bought puff pastry thawed egg,homemade shop bought puff pastry thawed egg,unspecified,homemade shop bought puff pastry thawed egg|unspecified
299,hot curry (powder),hot curry,powder,hot curry|powder
300,hot paprika,hot paprika,unspecified,hot paprika|unspecified
301,hot water,hot water,unspecified,hot water|unspecified
302,hot water chicken (stock),hot water chicken,stock,hot water chicken|stock
303,ice cube as,ice cube as,unspecified,ice cube as|unspecified
304,ice-cold water,ice-cold water,unspecified,ice-cold water|unspecified
305,icing sugar dusting,icing sugar dusting,unspecified,icing sugar dusting|unspecified
306,impwa,impwa,unspecified,impwa|unspecified
307,instant yeast,instant yeast,unspecified,instant yeast|unspecified
308,jalape,jalape,unspecified,jalape|unspecified
309,jalape chile,jalape chile,unspecified,jalape chile|unspecified
310,jalape chile seeded,jalape chile seeded,unspecified,jalape chile seeded|unspecified
311,jalape chile serrano chile,jalape chile serrano chile,unspecified,jalape chile serrano chile|unspecified
312,jalape seeded,jalape seeded,unspecified,jalape seeded|unspecified
313,jar mango chutney,jar mango chutney,unspecified,jar mango chutney|unspecified
314,jarred red bell pepper (fresh),jarred red bell pepper,fresh,jarred red bell pepper|fresh
315,jasmine rice,jasmine rice,unspecified,jasmine rice|unspecified
316,jollof rice,jollof rice,unspecified,jollof rice|unspecified
317,juice lemon,juice lemon,unspecified,juice lemon|unspecified
318,juice lime,juice lime,unspecified,juice lime|unspecified
319,kabulangeti bean (dried),kabulangeti bean,dried,kabulangeti bean|dried
320,kachumbari,kachumbari,unspecified,kachumbari|unspecified
321,kalembula,kalembula,unspecified,kalembula|unspecified
322,kapenta (dried),kapenta,dried,kapenta|dried
323,kariba bream gutted scaled,kariba bream gutted scaled,unspecified,kariba bream gutted scaled|unspecified
324,ketchup,ketchup,unspecified,ketchup|unspecified
325,kosher salt,kosher salt,unspecified,kosher salt|unspecified
326,kosher salt kitchen,kosher salt kitchen,unspecified,kosher salt kitchen|unspecified
327,lamb meat inch cube,lamb meat inch cube,unspecified,lamb meat inch cube|unspecified
328,lamb mince,lamb mince,unspecified,lamb mince|unspecified
329,lamb rib chop,lamb rib chop,unspecified,lamb rib chop|unspecified
330,lamb shoulder coarsely,lamb shoulder coarsely,unspecified,lamb shoulder coarsely|unspecified
331,lemon,lemon,unspecified,lemon|unspecified
332,lemon essence,lemon essence,unspecified,lemon essence|unspecified
333,lemon juice (fresh),lemon juice,fresh,lemon juice|fresh
334,lemon juice,lemon juice,unspecified,lemon juice|unspecified
335,lemon juice only,lemon juice only,unspecified,lemon juice only|unspecified
336,lemon rind,lemon rind,unspecified,lemon rind|unspecified
337,lemon wedge garnish,lemon wedge garnish,unspecified,lemon wedge garnish|unspecified
338,lemon zest only,lemon zest only,unspecified,lemon zest only|unspecified
339,light brown sugar,light brown sugar,unspecified,light brown sugar|unspecified
340,lime juice (fresh),lime juice,fresh,lime juice|fresh
341,litre boiling water,litre boiling water,unspecified,litre boiling water|unspecified
342,long grain rice,long grain rice,unspecified,long grain rice|unspecified
343,long grain white rice,long grain white rice,unspecified,long grain white rice|unspecified
344,loosely packed spinach,loosely packed spinach,unspecified,loosely packed spinach|unspecified
345,low-sodium chicken (stock),low-sodium chicken,stock,low-sodium chicken|stock
346,lukewarm water,lukewarm water,unspecified,lukewarm water|unspecified
347,lumanda leave,lumanda leave,unspecified,lumanda leave|unspecified
348,mackerel,mackerel,unspecified,mackerel|unspecified
349,madra curry (paste),madra curry,paste,madra curry|paste
350,malt vinegar,malt vinegar,unspecified,malt vinegar|unspecified
351,mango,mango,unspecified,mango|unspecified
352,mango chutney,mango chutney,unspecified,mango chutney|unspecified
353,mango chutney other chutney,mango chutney other chutney,unspecified,mango chutney other chutney|unspecified
354,margarine,margarine,unspecified,margarine|unspecified
355,mature cheddar,mature cheddar,unspecified,mature cheddar|unspecified
356,mayonnaise,mayonnaise,unspecified,mayonnaise|unspecified
357,mealie meal white cornmeal,mealie meal white cornmeal,unspecified,mealie meal white cornmeal|unspecified
358,meat,meat,unspecified,meat|unspecified
359,medium-large potato,medium-large potato,unspecified,medium-large potato|unspecified
360,mild curry (powder),mild curry,powder,mild curry|powder
361,mild hot red chile pepper,mild hot red chile pepper,unspecified,mild hot red chile pepper|unspecified
362,milk (fresh),milk,fresh,milk|fresh
363,milk (powder),milk,powder,milk|powder
364,milk,milk,unspecified,milk|unspecified
365,milk (whole),milk,whole,milk|whole
366,milk alternatively (whole),milk alternatively,whole,milk alternatively|whole
367,milk maa,milk maa,unspecified,milk maa|unspecified
368,mint (fresh),mint,fresh,mint|fresh
369,mint leave (fresh),mint leave,fresh,mint leave|fresh
370,mixed offal,mixed offal,unspecified,mixed offal|unspecified
371,moscato,moscato,unspecified,moscato|unspecified
372,mr sauce bbq sauce,mr sauce bbq sauce,unspecified,mr sauce bbq sauce|unspecified
373,mr sauce beef burger sauce,mr sauce beef burger sauce,unspecified,mr sauce beef burger sauce|unspecified
374,mr sauce ketchup,mr sauce ketchup,unspecified,mr sauce ketchup|unspecified
375,mr sauce lemon herb marinade,mr sauce lemon herb marinade,unspecified,mr sauce lemon herb marinade|unspecified
376,mr sauce lemon juice,mr sauce lemon juice,unspecified,mr sauce lemon juice|unspecified
377,mr sauce miri piri sauce,mr sauce miri piri sauce,unspecified,mr sauce miri piri sauce|unspecified
378,mr sauce mustard sauce,mr sauce mustard sauce,unspecified,mr sauce mustard sauce|unspecified
379,mr sauce smokey bbq marinade,mr sauce smokey bbq marinade,unspecified,mr sauce smokey bbq marinade|unspecified
380,mr sauce soy sauce,mr sauce soy sauce,unspecified,mr sauce soy sauce|unspecified
381,mr sauce sticky bbq basting,mr sauce sticky bbq basting,unspecified,mr sauce sticky bbq basting|unspecified
382,mr sauce sweet chilli sauce,mr sauce sweet chilli sauce,unspecified,mr sauce sweet chilli sauce|unspecified
383,mr sauce tomato sauce,mr sauce tomato sauce,unspecified,mr sauce tomato sauce|unspecified
384,mr sauce worcester sauce,mr sauce worcester sauce,unspecified,mr sauce worcester sauce|unspecified
385,mufushwa wemunyemba,mufushwa wemunyemba,unspecified,mufushwa wemunyemba|unspecified
386,new mexico chile (ground),new mexico chile,ground,new mexico chile|ground
387,nigerian red pepper,nigerian red pepper,unspecified,nigerian red pepper|unspecified
388,nigerian red pepper cayenne pepper,nigerian red pepper cayenne pepper,unspecified,nigerian red pepper cayenne pepper|unspecified
389,nutmeg (ground),nutmeg,ground,nutmeg|ground
390,oil,oil,unspecified,oil|unspecified
391,oil frying,oil frying,unspecified,oil frying|unspecified
392,okra (fresh),okra,fresh,okra|fresh
393,okra,okra,unspecified,okra|unspecified
394,okra (whole),okra,whole,okra|whole
395,okra half,okra half,unspecified,okra half|unspecified
396,okra trimmed -inch round,okra trimmed -inch round,unspecified,okra trimmed -inch round|unspecified
397,olive oil,olive oil,unspecified,olive oil|unspecified
398,olive oil as,olive oil as,unspecified,olive oil as|unspecified
399,onion (fresh),onion,fresh,onion|fresh
400,onion (powder),onion,powder,onion|powder
401,onion salt,onion salt,unspecified,onion salt|unspecified
402,orange bell pepper,orange bell pepper,unspecified,orange bell pepper|unspecified
403,oregano (dried),oregano,dried,oregano|dried
404,organic jaggery,organic jaggery,unspecified,organic jaggery|unspecified
405,overly ripe plantain,overly ripe plantain,unspecified,overly ripe plantain|unspecified
406,overripe banana,overripe banana,unspecified,overripe banana|unspecified
407,ox kidney,ox kidney,unspecified,ox kidney|unspecified
408,packet active yeast (dried),packet active yeast,dried,packet active yeast|dried
409,palm oil,palm oil,unspecified,palm oil|unspecified
410,panko breadcrumb,panko breadcrumb,unspecified,panko breadcrumb|unspecified
411,paprika (smoked),paprika,smoked,paprika|smoked
412,paprika,paprika,unspecified,paprika|unspecified
413,paprika curry (smoked),paprika curry,smoked,paprika curry|smoked
414,parsley (dried),parsley,dried,parsley|dried
415,parsley (fresh),parsley,fresh,parsley|fresh
416,parsley garnish (fresh),parsley garnish,fresh,parsley garnish|fresh
417,parsley garnish,parsley garnish,unspecified,parsley garnish|unspecified
418,pea (frozen),pea,frozen,pea|frozen
419,pea carrot thawed (frozen),pea carrot thawed,frozen,pea carrot thawed|frozen
420,pea thawed (frozen),pea thawed,frozen,pea thawed|frozen
421,peanut (ground),peanut,ground,peanut|ground
422,peanut butter,peanut butter,unspecified,peanut butter|unspecified
423,peanut oil,peanut oil,unspecified,peanut oil|unspecified
424,penne pasta,penne pasta,unspecified,penne pasta|unspecified
425,pepper (fresh),pepper,fresh,pepper|fresh
426,pepper soup spice mix,pepper soup spice mix,unspecified,pepper soup spice mix|unspecified
427,peri peri sauce,peri peri sauce,unspecified,peri peri sauce|unspecified
428,pili pili,pili pili,unspecified,pili pili|unspecified
429,pili pili store-bought hot sauce,pili pili store-bought hot sauce,unspecified,pili pili store-bought hot sauce|unspecified
430,pimento-stuffed olive,pimento-stuffed olive,unspecified,pimento-stuffed olive|unspecified
431,pint cherry tomato half,pint cherry tomato half,unspecified,pint cherry tomato half|unspecified
432,pint lamb (stock),pint lamb,stock,pint lamb|stock
433,pint sunflower oil deep-frying,pint sunflower oil deep-frying,unspecified,pint sunflower oil deep-frying|unspecified
434,piri piri sauce refrigerator let marinate,piri piri sauce refrigerator let marinate,unspecified,piri piri sauce refrigerator let marinate|unspecified
435,plain flour,plain flour,unspecified,plain flour|unspecified
436,plantain,plantain,unspecified,plantain|unspecified
437,plum tomato,plum tomato,unspecified,plum tomato|unspecified
438,plum tomato (whole),plum tomato,whole,plum tomato|whole
439,plum tomato seed removed strip,plum tomato seed removed strip,unspecified,plum tomato seed removed strip|unspecified
440,pointed red pepper,pointed red pepper,unspecified,pointed red pepper|unspecified
441,pork,pork,unspecified,pork|unspecified
442,pork chop,pork chop,unspecified,pork chop|unspecified
443,pork chop trimmed,pork chop trimmed,unspecified,pork chop trimmed|unspecified
444,pork fillet,pork fillet,unspecified,pork fillet|unspecified
445,pork sausage (ground),pork sausage,ground,pork sausage|ground
446,pork shoulder belly coarsely,pork shoulder belly coarsely,unspecified,pork shoulder belly coarsely|unspecified
447,potato,potato,unspecified,potato|unspecified
448,pound beef (ground),pound beef,ground,pound beef|ground
449,pound bone-in,pound bone-in,unspecified,pound bone-in|unspecified
450,pound boneles,pound boneles,unspecified,pound boneles|unspecified
451,pound boneles salt cod bowl,pound boneles salt cod bowl,unspecified,pound boneles salt cod bowl|unspecified
452,pound each,pound each,unspecified,pound each|unspecified
453,pound kale collard,pound kale collard,unspecified,pound kale collard|unspecified
454,pound lamb stew meat,pound lamb stew meat,unspecified,pound lamb stew meat|unspecified
455,pound oxtail,pound oxtail,unspecified,pound oxtail|unspecified
456,pound red potato,pound red potato,unspecified,pound red potato|unspecified
457,pound shredded,pound shredded,unspecified,pound shredded|unspecified
458,pound skirt steak flank steak,pound skirt steak flank steak,unspecified,pound skirt steak flank steak|unspecified
459,pounded groundnut,pounded groundnut,unspecified,pounded groundnut|unspecified
460,prawn shrimp,prawn shrimp,unspecified,prawn shrimp|unspecified
461,puff pastry sheet thawed (frozen),puff pastry sheet thawed,frozen,puff pastry sheet thawed|frozen
462,puff pastry thawed (frozen),puff pastry thawed,frozen,puff pastry thawed|frozen
463,punnet cauliflower,punnet cauliflower,unspecified,punnet cauliflower|unspecified
464,punnet green bean,punnet green bean,unspecified,punnet green bean|unspecified
465,punnet mushroom,punnet mushroom,unspecified,punnet mushroom|unspecified
466,punnet oyster mushroom,punnet oyster mushroom,unspecified,punnet oyster mushroom|unspecified
467,punnet oyster mushroom julienned,punnet oyster mushroom julienned,unspecified,punnet oyster mushroom julienned|unspecified
468,punnet pea (fresh),punnet pea,fresh,punnet pea|fresh
469,punnet pea,punnet pea,unspecified,punnet pea|unspecified
470,pure vanilla extract,pure vanilla extract,unspecified,pure vanilla extract|unspecified
471,purple onion,purple onion,unspecified,purple onion|unspecified
472,rack pork rib,rack pork rib,unspecified,rack pork rib|unspecified
473,raisin,raisin,unspecified,raisin|unspecified
474,ras el hanout,ras el hanout,unspecified,ras el hanout|unspecified
475,raw organic tigernut,raw organic tigernut,unspecified,raw organic tigernut|unspecified
476,raw unsweetened coconut (flakes),raw unsweetened coconut,flakes,raw unsweetened coconut|flakes
477,real premium spice black pepper (ground),real premium spice black pepper,ground,real premium spice black pepper|ground
478,real premium spice cayenne pepper,real premium spice cayenne pepper,unspecified,real premium spice cayenne pepper|unspecified
479,real premium spice chisa nyama,real premium spice chisa nyama,unspecified,real premium spice chisa nyama|unspecified
480,real premium spice cinnamon (ground),real premium spice cinnamon,ground,real premium spice cinnamon|ground
481,real premium spice coriander,real premium spice coriander,unspecified,real premium spice coriander|unspecified
482,real premium spice curry (powder),real premium spice curry,powder,real premium spice curry|powder
483,real premium spice lemon garlic herb seasoning,real premium spice lemon garlic herb seasoning,unspecified,real premium spice lemon garlic herb seasoning|unspecified
484,real premium spice mild curry (powder),real premium spice mild curry,powder,real premium spice mild curry|powder
485,real premium spice paprika,real premium spice paprika,unspecified,real premium spice paprika|unspecified
486,real premium spice potato mate,real premium spice potato mate,unspecified,real premium spice potato mate|unspecified
487,real premium spice sour cream chive,real premium spice sour cream chive,unspecified,real premium spice sour cream chive|unspecified
488,real premium spice turmeric,real premium spice turmeric,unspecified,real premium spice turmeric|unspecified
489,red bell pepper,red bell pepper,unspecified,red bell pepper|unspecified
490,red bell pepper chargrilled,red bell pepper chargrilled,unspecified,red bell pepper chargrilled|unspecified
491,red bell pepper thin strip,red bell pepper thin strip,unspecified,red bell pepper thin strip|unspecified
492,red bird s-eye chilly,red bird s-eye chilly,unspecified,red bird s-eye chilly|unspecified
493,red chili (powder),red chili,powder,red chili|powder
494,red chilly,red chilly,unspecified,red chilly|unspecified
495,red chily,red chily,unspecified,red chily|unspecified
496,red lentil washed,red lentil washed,unspecified,red lentil washed|unspecified
497,red onion,red onion,unspecified,red onion|unspecified
498,red onion bite-sized chunk,red onion bite-sized chunk,unspecified,red onion bite-sized chunk|unspecified
499,red onion char-grilled,red onion char-grilled,unspecified,red onion char-grilled|unspecified
500,red orange pepper de-seeded bite-sized chunk,red orange pepper de-seeded bite-sized chunk,unspecified,red orange pepper de-seeded bite-sized chunk|unspecified
501,red pepper (flakes),red pepper,flakes,red pepper|flakes
502,red pepper,red pepper,unspecified,red pepper|unspecified
503,red pepper deseeded,red pepper deseeded,unspecified,red pepper deseeded|unspecified
504,red wine vinegar,red wine vinegar,unspecified,red wine vinegar|unspecified
505,red yellow bell pepper,red yellow bell pepper,unspecified,red yellow bell pepper|unspecified
506,regular salt seasoned salt,regular salt seasoned salt,unspecified,regular salt seasoned salt|unspecified
507,rice (parboiled),rice,parboiled,rice|parboiled
508,rice,rice,unspecified,rice|unspecified
509,rice couscous,rice couscous,unspecified,rice couscous|unspecified
510,rice injera,rice injera,unspecified,rice injera|unspecified
511,ripe plantain,ripe plantain,unspecified,ripe plantain|unspecified
512,ripe plantain -inch thick round,ripe plantain -inch thick round,unspecified,ripe plantain -inch thick round|unspecified
513,ripe tomato,ripe tomato,unspecified,ripe tomato|unspecified
514,roma tomato,roma tomato,unspecified,roma tomato|unspecified
515,room temperature water,room temperature water,unspecified,room temperature water|unspecified
516,room-temperature unsalted butter,room-temperature unsalted butter,unspecified,room-temperature unsalted butter|unspecified
517,rosemary (dried),rosemary,dried,rosemary|dried
518,runny honey,runny honey,unspecified,runny honey|unspecified
519,russet potato,russet potato,unspecified,russet potato|unspecified
520,russet potato bite-size,russet potato bite-size,unspecified,russet potato bite-size|unspecified
521,sadza remhunga,sadza remhunga,unspecified,sadza remhunga|unspecified
522,salt,salt,unspecified,salt|unspecified
523,salt as,salt as,unspecified,salt as|unspecified
524,salt black pepper (ground),salt black pepper,ground,salt black pepper|ground
525,salt black pepper,salt black pepper,unspecified,salt black pepper|unspecified
526,salt black pepper as,salt black pepper as,unspecified,salt black pepper as|unspecified
527,salt pepper (ground),salt pepper,ground,salt pepper|ground
528,salt pepper,salt pepper,unspecified,salt pepper|unspecified
529,salt white pepper black pepper (ground),salt white pepper black pepper,ground,salt white pepper black pepper|ground
530,samp,samp,unspecified,samp|unspecified
531,sardine olive oil (smoked),sardine olive oil,smoked,sardine olive oil|smoked
532,scallion,scallion,unspecified,scallion|unspecified
533,scotch bonnet chile habanero chile,scotch bonnet chile habanero chile,unspecified,scotch bonnet chile habanero chile|unspecified
534,scotch bonnet chilli,scotch bonnet chilli,unspecified,scotch bonnet chilli|unspecified
535,scotch bonnet chilli de-seeded,scotch bonnet chilli de-seeded,unspecified,scotch bonnet chilli de-seeded|unspecified
536,scotch bonnet chilly left (whole),scotch bonnet chilly left,whole,scotch bonnet chilly left|whole
537,sea salt,sea salt,unspecified,sea salt|unspecified
538,sea salt black pepper (ground),sea salt black pepper,ground,sea salt black pepper|ground
539,self raising flour,self raising flour,unspecified,self raising flour|unspecified
540,self-raising flour,self-raising flour,unspecified,self-raising flour|unspecified
541,semolina,semolina,unspecified,semolina|unspecified
542,semolina flour,semolina flour,unspecified,semolina flour|unspecified
543,serrano chile,serrano chile,unspecified,serrano chile|unspecified
544,sharp white bread,sharp white bread,unspecified,sharp white bread|unspecified
545,sheet ready-rolled puff pastry,sheet ready-rolled puff pastry,unspecified,sheet ready-rolled puff pastry|unspecified
546,shelled unsalted pistachio nut,shelled unsalted pistachio nut,unspecified,shelled unsalted pistachio nut|unspecified
547,sherry vinegar,sherry vinegar,unspecified,sherry vinegar|unspecified
548,shoulder lamb,shoulder lamb,unspecified,shoulder lamb|unspecified
549,shredded lettuce,shredded lettuce,unspecified,shredded lettuce|unspecified
550,simple syrup,simple syrup,unspecified,simple syrup|unspecified
551,sirloin chuck roast,sirloin chuck roast,unspecified,sirloin chuck roast|unspecified
552,sirloin steak cm cube,sirloin steak cm cube,unspecified,sirloin steak cm cube|unspecified
553,sized kariba bream fish gutted,sized kariba bream fish gutted,unspecified,sized kariba bream fish gutted|unspecified
554,sized potato,sized potato,unspecified,sized potato|unspecified
555,skin-on bone-in chicken thigh,skin-on bone-in chicken thigh,unspecified,skin-on bone-in chicken thigh|unspecified
556,smooth peanut butter,smooth peanut butter,unspecified,smooth peanut butter|unspecified
557,soda,soda,unspecified,soda|unspecified
558,soda bicarbonate soda,soda bicarbonate soda,unspecified,soda bicarbonate soda|unspecified
559,soft-boiled egg,soft-boiled egg,unspecified,soft-boiled egg|unspecified
560,sour milk,sour milk,unspecified,sour milk|unspecified
561,soy sauce,soy sauce,unspecified,soy sauce|unspecified
562,spinach,spinach,unspecified,spinach|unspecified
563,split fava bean (dried),split fava bean,dried,split fava bean|dried
564,sprig thyme (fresh),sprig thyme,fresh,sprig thyme|fresh
565,sprig thyme leave only (fresh),sprig thyme leave only,fresh,sprig thyme leave only|fresh
566,sprinkle sesame seed,sprinkle sesame seed,unspecified,sprinkle sesame seed|unspecified
567,squeezed,squeezed,unspecified,squeezed|unspecified
568,squeezed refrigerator,squeezed refrigerator,unspecified,squeezed refrigerator|unspecified
569,stale white bread crust removed,stale white bread crust removed,unspecified,stale white bread crust removed|unspecified
570,star anise (ground),star anise,ground,star anise|ground
571,star anise,star anise,unspecified,star anise|unspecified
572,star anise seed,star anise seed,unspecified,star anise seed|unspecified
573,steak mince,steak mince,unspecified,steak mince|unspecified
574,stem ginger,stem ginger,unspecified,stem ginger|unspecified
575,sugar (granulated),sugar,granulated,sugar|granulated
576,sugar (powder),sugar,powder,sugar|powder
577,sugar,sugar,unspecified,sugar|unspecified
578,sweet corn,sweet corn,unspecified,sweet corn|unspecified
579,sweet paprika (smoked),sweet paprika,smoked,sweet paprika|smoked
580,sweet potato,sweet potato,unspecified,sweet potato|unspecified
581,sweet potato scrubbed bite-sized chunk,sweet potato scrubbed bite-sized chunk,unspecified,sweet potato scrubbed bite-sized chunk|unspecified
582,sweet potato skin scrubbed clean,sweet potato skin scrubbed clean,unspecified,sweet potato skin scrubbed clean|unspecified
583,t-bone steak,t-bone steak,unspecified,t-bone steak|unspecified
584,tamarind salt serve hot (paste),tamarind salt serve hot,paste,tamarind salt serve hot|paste
585,tammy garlic sesame oil (infused),tammy garlic sesame oil,infused,tammy garlic sesame oil|infused
586,tammy pure organic sesame oil,tammy pure organic sesame oil,unspecified,tammy pure organic sesame oil|unspecified
587,teaspooon chili curry (powder),teaspooon chili curry,powder,teaspooon chili curry|powder
588,teff flour,teff flour,unspecified,teff flour|unspecified
589,tente mushroom,tente mushroom,unspecified,tente mushroom|unspecified
590,thumb-sized root ginger (fresh),thumb-sized root ginger,fresh,thumb-sized root ginger|fresh
591,thyme (dried),thyme,dried,thyme|dried
592,thyme leave (fresh),thyme leave,fresh,thyme leave|fresh
593,tightly packed spinach,tightly packed spinach,unspecified,tightly packed spinach|unspecified
594,tilapia fish fillet,tilapia fish fillet,unspecified,tilapia fish fillet|unspecified
595,tilapia washed cleaned thoroughly (whole),tilapia washed cleaned thoroughly,whole,tilapia washed cleaned thoroughly|whole
596,tin tomato,tin tomato,unspecified,tin tomato|unspecified
597,tomato (fresh),tomato,fresh,tomato|fresh
598,tomato (paste),tomato,paste,tomato|paste
599,tomato (whole),tomato,whole,tomato|whole
600,tomato pur,tomato pur,unspecified,tomato pur|unspecified
601,tumeric (powder),tumeric,powder,tumeric|powder
602,turkey breast,turkey breast,unspecified,turkey breast|unspecified
603,turkey wing chicken quarter,turkey wing chicken quarter,unspecified,turkey wing chicken quarter|unspecified
604,turmeric (ground),turmeric,ground,turmeric|ground
605,uda pod (ground),uda pod,ground,uda pod|ground
606,unsalted butter,unsalted butter,unspecified,unsalted butter|unspecified
607,unsalted butter occasionally,unsalted butter occasionally,unspecified,unsalted butter occasionally|unspecified
608,unsalted butter water,unsalted butter water,unspecified,unsalted butter water|unspecified
609,unsweetened coconut spoon (flakes),unsweetened coconut spoon,flakes,unsweetened coconut spoon|flakes
610,vanilla essence,vanilla essence,unspecified,vanilla essence|unspecified
611,vanilla extract,vanilla extract,unspecified,vanilla extract|unspecified
612,vegetable (bouillon),vegetable,bouillon,vegetable|bouillon
613,vegetable (stock),vegetable,stock,vegetable|stock
614,vegetable crumbled (stock),vegetable crumbled,stock,vegetable crumbled|stock
615,vegetable oil,vegetable oil,unspecified,vegetable oil|unspecified
616,vegetable oil as,vegetable oil as,unspecified,vegetable oil as|unspecified
617,vegetable oil extra greasing,vegetable oil extra greasing,unspecified,vegetable oil extra greasing|unspecified
618,vegetable oil frying,vegetable oil frying,unspecified,vegetable oil frying|unspecified
619,vinegar,vinegar,unspecified,vinegar|unspecified
620,warm milk,warm milk,unspecified,warm milk|unspecified
621,warm water,warm water,unspecified,warm water|unspecified
622,warm water as,warm water as,unspecified,warm water as|unspecified
623,warm water body,warm water body,unspecified,warm water body|unspecified
624,warm water nonstick skillet over,warm water nonstick skillet over,unspecified,warm water nonstick skillet over|unspecified
625,water,water,unspecified,water|unspecified
626,water as,water as,unspecified,water as|unspecified
627,water cornmeal salt,water cornmeal salt,unspecified,water cornmeal salt|unspecified
628,water simmer oxtail,water simmer oxtail,unspecified,water simmer oxtail|unspecified
629,water soften,water soften,unspecified,water soften|unspecified
630,water use handheld sieve,water use handheld sieve,unspecified,water use handheld sieve|unspecified
631,wheat flour (whole),wheat flour,whole,wheat flour|whole
632,wheat flour hand (whole),wheat flour hand,whole,wheat flour hand|whole
633,white bowl clean kitchen (ground),white bowl clean kitchen,ground,white bowl clean kitchen|ground
634,white bread,white bread,unspecified,white bread|unspecified
635,white breadcrumb (fresh),white breadcrumb,fresh,white breadcrumb|fresh
636,white cabbage shredded,white cabbage shredded,unspecified,white cabbage shredded|unspecified
637,white kidney bean overnight (dried),white kidney bean overnight,dried,white kidney bean overnight|dried
638,white onion,white onion,unspecified,white onion|unspecified
639,white pepper,white pepper,unspecified,white pepper|unspecified
640,white sugar,white sugar,unspecified,white sugar|unspecified
641,white teff flour,white teff flour,unspecified,white teff flour|unspecified
642,white wine spirit vinegar,white wine spirit vinegar,unspecified,white wine spirit vinegar|unspecified
643,white wooden spoon (ground),white wooden spoon,ground,white wooden spoon|ground
644,wholegrain mustard,wholegrain mustard,unspecified,wholegrain mustard|unspecified
645,worcestershire sauce,worcestershire sauce,unspecified,worcestershire sauce|unspecified
646,xawaash spice,xawaash spice,unspecified,xawaash spice|unspecified
647,yam,yam,unspecified,yam|unspecified
648,yam flour,yam flour,unspecified,yam flour|unspecified
649,yam plantain rice,yam plantain rice,unspecified,yam plantain rice|unspecified
650,yam tuber,yam tuber,unspecified,yam tuber|unspecified
651,yellow bell pepper,yellow bell pepper,unspecified,yellow bell pepper|unspecified
652,yellow cornmeal,yellow cornmeal,unspecified,yellow cornmeal|unspecified
653,yellow lusaka bean,yellow lusaka bean,unspecified,yellow lusaka bean|unspecified
654,yellow pepper,yellow pepper,unspecified,yellow pepper|unspecified
655,yellow red bell pepper,yellow red bell pepper,unspecified,yellow red bell pepper|unspecified
656,young turkey (fresh),young turkey,fresh,young turkey|fresh
657,yuca root,yuca root,unspecified,yuca root|unspecified
658,yucca root,yucca root,unspecified,yucca root|unspecified
659,yukon gold potato,yukon gold potato,unspecified,yukon gold potato|unspecified
660,yukon gold potato -inch cube,yukon gold potato -inch cube,unspecified,yukon gold potato -inch cube|unspecified
661,yukon gold potato -inch thick,yukon gold potato -inch thick,unspecified,yukon gold potato -inch thick|unspecified
662,yukon gold potato chunk,yukon gold potato chunk,unspecified,yukon gold potato chunk|unspecified
663,zest juice lemon,zest juice lemon,unspecified,zest juice lemon|unspecified
664,zest lemon,zest lemon,unspecified,zest lemon|unspecified
665,zest orange,zest orange,unspecified,zest orange|unspecified
666,zimspice blue poppy seed,zimspice blue poppy seed,unspecified,zimspice blue poppy seed|unspecified
667,zimspice curry (powder),zimspice curry,powder,zimspice curry|powder
668,zimspice fish curry,zimspice fish curry,unspecified,zimspice fish curry|unspecified
669,zimspice portuguese chicken masala,zimspice portuguese chicken masala,unspecified,zimspice portuguese chicken masala|unspecified
670,zimspice turmeric,zimspice turmeric,unspecified,zimspice turmeric|unspecified
671,zucchini,zucchini,unspecified,zucchini|unspecified
672,cod fillets,cod fillet,,cod fillet
673,onions,onion,,onion
674,garlic,garlic,,garlic
675,red chile pepper,red chile pepper,,red chile pepper
676,bay leaves,bay leave,,bay leave
677,black peppercorns,black peppercorn,,black peppercorn
678,allspice berries,allspice berry,,allspice berry
679,packed brown sugar,packed brown sugar,,packed brown sugar
680,curry powder,curry,powder,curry|powder
681,ground cumin,cumin,ground,cumin|ground
682,ground coriander,coriander,ground,coriander|ground
683,ground turmeric,turmeric,ground,turmeric|ground
684,lamb meat,lamb meat,,lamb meat
685,ground cinnamon,cinnamon,ground,cinnamon|ground
686,garlic powder,garlic,powder,garlic|powder
687,ground cardamom,cardamom,ground,cardamom|ground
688,ground ginger,ginger,ground,ginger|ground
689,ground cloves,,ground,|ground
690,saffron,saffron,,saffron
691,carrots,carrot,,carrot
692,freshly grated ginger,ginger,,ginger
693,homemade chicken broth or low-sodium canned broth,homemade chicken broth low-sodium broth,canned,homemade chicken broth low-sodium broth|canned
694,sun-dried tomato paste,sun-dried tomato,paste,sun-dried tomato|paste
695,honey,honey,,honey
696,cornstarch optional,cornstarch,,cornstarch
697,water optional,water,,water
698,ground cayenne pepper,cayenne pepper,ground,cayenne pepper|ground
699,ground allspice,allspice,ground,allspice|ground
700,red,red,,red
701,zucchinis,zucchini,,zucchini
702,golden raisins,golden raisin,,golden raisin
703,grated zest of one orange,zest one orange,,zest one orange
704,low-sodium chickpeas,low-sodium chickpea,,low-sodium chickpea
705,chicken broth,chicken broth,,chicken broth
706,orange juice,orange juice,,orange juice
707,couscous,couscous,,couscous
708,chopped fresh mint,mint,fresh,mint|fresh
709,grated fresh ginger,ginger,fresh,ginger|fresh
710,red lentils,red lentil,,red lentil
711,garbanzo beans,garbanzo bean,,garbanzo bean
712,cannellini beans,cannellini bean,,cannellini bean
713,diced tomatoes,tomato,,tomato
714,diced carrots,carrot,,carrot
715,chopped celery,celery,,celery
716,indian spice blend,indian spice blend,,indian spice blend
717,egusi seeds or pumpkin seeds,egusi seed pumpkin seed,,egusi seed pumpkin seed
718,cubed beef stew meat,beef stew meat,,beef stew meat
719,tomatoes,tomato,,tomato
720,onion,onion,,onion
721,habanero peppers,habanero pepper,,habanero pepper
722,fresh shrimp,shrimp,fresh,shrimp|fresh
723,tomato sauce,tomato sauce,,tomato sauce
724,tomato paste,tomato,paste,tomato|paste
725,fresh spinach,spinach,fresh,spinach|fresh
726,cubes beef bouillon,cube beef bouillon,,cube beef bouillon
727,minced garlic,garlic,,garlic
728,beef oxtail,beef oxtail,,beef oxtail
729,salt and ground black pepper,salt black pepper,ground,salt black pepper|ground
730,kidney beans,kidney bean,,kidney bean
731,cornstarch,cornstarch,,cornstarch
732,blanched almonds,blanched almond,,blanched almond
733,raisins,raisin,,raisin
734,freshly ground black pepper,black pepper,ground,black pepper|ground
735,ground white pepper,white pepper,ground,white pepper|ground
736,ground coriander seed,coriander seed,ground,coriander seed|ground
737,ground nutmeg,nutmeg,ground,nutmeg|ground
738,green cabbage,green cabbage,,green cabbage
739,ground black pepper,black pepper,ground,black pepper|ground
740,potatoes,potato,,potato
741,ground beef,beef,ground,beef|ground
742,texas toast thick-sliced bread,texa toast thick-sliced bread,,texa toast thick-sliced bread
743,hot chutney,hot chutney,,hot chutney
744,baking powder,baking,powder,baking|powder
745,eggs,egg,,egg
746,uncooked white rice,uncooked white rice,,uncooked white rice
747,uncooked elbow macaroni,uncooked elbow macaroni,,uncooked elbow macaroni
748,beluga lentils,beluga lentil,,beluga lentil
749,ripe tomatoes,ripe tomato,,ripe tomato
750,skinless,skinles,,skinles
751,celery,celery,,celery
752,minced fresh ginger root,ginger root,fresh,ginger root|fresh
753,dried oregano,oregano,dried,oregano|dried
754,crushed tomatoes,tomato,,tomato
755,canned chickpeas,chickpea,canned,chickpea|canned
756,frozen puff pastry sheets,puff pastry sheet,frozen,puff pastry sheet|frozen
757,chopped walnuts,walnut,,walnut
758,chopped pecans,pecan,,pecan
759,chopped hazelnuts,hazelnut,,hazelnut
760,flaked coconut,flaked coconut,,flaked coconut
761,heavy cream,heavy cream,,heavy cream
762,warm water 115 degrees f/46 degrees c,warm water degree degree,,warm water degree degree
763,active dry yeast,active yeast,dried,active yeast|dried
764,orange-flower water,orange-flower water,,orange-flower water
765,tilapia fillets,tilapia fillet,,tilapia fillet
766,chicken bouillon granules,chicken bouillon granule,,chicken bouillon granule
767,chopped fresh parsley,parsley,fresh,parsley|fresh
768,chopped onion,onion,,onion
769,thinly sliced bell peppers,bell pepper,,bell pepper
770,chopped tomatoes,tomato,,tomato
771,hot chile pepper,hot chile pepper,,hot chile pepper
772,butter or margarine,butter margarine,,butter margarine
773,vanilla,vanilla,,vanilla
774,sweet onion,sweet onion,,sweet onion
775,finely shredded kale,shredded kale,,shredded kale
776,organic vegetable broth,organic vegetable broth,,organic vegetable broth
777,sweet potatoes,sweet potato,,sweet potato
778,dried lentils,lentil,dried,lentil|dried
779,chopped dried apricots,apricot,dried,apricot|dried
780,kale,kale,,kale
781,chickpeas,chickpea,,chickpea
782,chopped fresh cilantro,cilantro,fresh,cilantro|fresh
783,chopped fresh ginger,ginger,fresh,ginger|fresh
784,crushed red pepper,red pepper,,red pepper
785,chicken stock,chicken stock,,chicken stock
786,chunky peanut butter,chunky peanut butter,,chunky peanut butter
787,collard greens,collard green,,collard green
788,cube chicken bouillon such as maggi®,cube chicken bouillon such as maggi,,cube chicken bouillon such as maggi
789,cracked black pepper,cracked black pepper,,cracked black pepper
790,head cabbage,head cabbage,,head cabbage
791,roma plum tomatoes,roma plum tomato,,roma plum tomato
792,mackerel in tomato sauce,mackerel tomato sauce,,mackerel tomato sauce
793,red pepper flakes,red pepper flake,,red pepper flake
794,seasoned salt,seasoned salt,,seasoned salt
795,vegetable broth,vegetable broth,,vegetable broth
796,pearl israeli couscous,pearl israeli couscous,,pearl israeli couscous
797,pine nuts,pine nut,,pine nut
798,shallot,shallot,,shallot
799,sliced black olives,black olive,,black olive
800,sun-dried tomatoes packed in oil,sun-dried tomato packed oil,,sun-dried tomato packed oil
801,chopped fresh flat-leaf parsley,flat-leaf parsley,fresh,flat-leaf parsley|fresh
802,tahini sauce,tahini sauce,,tahini sauce
803,red pepper flakes optional,red pepper flake,,red pepper flake
804,dried parsley flakes,parsley flake,dried,parsley flake|dried
805,red chili powder,red chili,powder,red chili|powder
806,ground fenugreek,fenugreek,ground,fenugreek|ground
807,onion powder,onion,powder,onion|powder
808,jalapeno peppers,jalapeno pepper,,jalapeno pepper
809,minced fresh ginger,ginger,fresh,ginger|fresh
810,sliced green beans,green bean,,green bean
811,berbere seasoning,berbere seasoning,,berbere seasoning
812,chopped garlic,garlic,,garlic
813,sweet white wine,sweet white wine,,sweet white wine
814,hard-cooked eggs,hard-cooked egg,,hard-cooked egg
815,dried split fava beans,split fava bean,dried,split fava bean|dried
816,fresh parsley,parsley,fresh,parsley|fresh
817,fresh cilantro,cilantro,fresh,cilantro|fresh
818,fresh dill,dill,fresh,dill|fresh
819,sesame seeds optional,sesame seed,,sesame seed
820,quart vegetable oil,quart vegetable oil,,quart vegetable oil
821,1/2 long vermicelli,long vermicelli,,long vermicelli
822,egyptian rice short-grain rice,egyptian rice short-grain rice,,egyptian rice short-grain rice
823,finely ground roasted peanuts,roasted peanut,ground,roasted peanut|ground
824,ground paprika,paprika,ground,paprika|ground
825,beef tri-tip steak,beef tri-tip steak,,beef tri-tip steak
826,mushrooms,mushroom,,mushroom
827,ground dried new mexico chiles,new mexico chile,ground,new mexico chile|ground
828,cumin,cumin,,cumin
829,white vinegar,white vinegar,,white vinegar
830,mutton chops,mutton chop,,mutton chop
831,chicken drumsticks,chicken drumstick,,chicken drumstick
832,water to cover,water cover,,water cover
833,turnips,turnip,,turnip
834,moroccan spice blend,moroccan spice blend,,moroccan spice blend
835,cilantro,cilantro,,cilantro
836,harissa,harissa,,harissa
837,piece fresh ginger root,ginger root,fresh,ginger root|fresh
838,cubes chicken bouillon,cube chicken bouillon,,cube chicken bouillon
839,herbes de provence,herbe de provence,,herbe de provence
840,parboiled rice such as uncle ben's®,parboiled rice such as uncle ben,,parboiled rice such as uncle ben
841,frozen mixed vegetables,mixed vegetable,frozen,mixed vegetable|frozen
842,ripe plantains,ripe plantain,,ripe plantain
843,fine white sugar,fine white sugar,,fine white sugar
844,quarts vegetable oil,quart vegetable oil,,quart vegetable oil
845,ginger-garlic paste,ginger-garlic,paste,ginger-garlic|paste
846,frozen chopped spinach,spinach,frozen,spinach|frozen
847,brown teff flour,brown teff flour,,brown teff flour
848,vegetable oil optional,vegetable oil,,vegetable oil
849,dried,,dried,|dried
850,cumin seeds,cumin seed,,cumin seed
851,coriander seeds,coriander seed,,coriander seed
852,caraway seeds,caraway seed,,caraway seed
853,multi-colored peppercorns,multi-colored peppercorn,,multi-colored peppercorn
854,smoked paprika,paprika,smoked,paprika|smoked
855,smoked salt,salt,smoked,salt|smoked
856,dried parsley,parsley,dried,parsley|dried
857,boneless pork loin roast,boneles pork loin roast,,boneles pork loin roast
858,baby potatoes,baby potato,,baby potato
859,anaheim chile peppers,anaheim chile pepper,,anaheim chile pepper
860,plain greek yogurt,plain greek yogurt,,plain greek yogurt
861,thinly sliced fresh mint,mint,fresh,mint|fresh
862,celery stalk,celery stalk,,celery stalk
863,chuck roast,chuck roast,,chuck roast
864,low-sodium beef broth,low-sodium beef broth,,low-sodium beef broth
865,molasses,molasses,,molasses
866,dried red lentils,red lentil,dried,red lentil|dried
867,dried apricots,apricot,dried,apricot|dried
868,mild to medium hot red chile peppers,mild medium hot red chile pepper,,mild medium hot red chile pepper
869,ground cumin seeds,cumin seed,ground,cumin seed|ground
870,garlic cloves,garlic,,garlic
871,peeled tomatoes,tomato,,tomato
872,2 to 3 chicken,chicken,,chicken
873,unsweetened coconut milk,unsweetened coconut milk,,unsweetened coconut milk
874,leek,leek,,leek
875,pepper,pepper,,pepper
876,spring roll wrappers,spring roll wrapper,,spring roll wrapper
877,quart oil,quart oil,,quart oil
878,chopped,,,
879,creamy peanut butter,creamy peanut butter,,creamy peanut butter
880,superfine sugar,superfine sugar,,superfine sugar
881,apricot jelly,apricot jelly,,apricot jelly
882,yucca cassava roots,yucca cassava root,,yucca cassava root
883,yellow plantains,yellow plantain,,yellow plantain
884,lamb or mutton breast chops,lamb mutton breast chop,,lamb mutton breast chop
885,fresh tomatoes,tomato,fresh,tomato|fresh
886,cube beef bouillon cube,cube beef bouillon cube,,cube beef bouillon cube
887,white peppercorns,white peppercorn,,white peppercorn
888,fresh lemon juice,lemon juice,fresh,lemon juice|fresh
889,hot chili powder,hot chili,powder,hot chili|powder
890,bone-in chicken breast halves,bone-in chicken breast halve,,bone-in chicken breast halve
891,frozen puff pastry,puff pastry,frozen,puff pastry|frozen
892,slivered almonds,slivered almond,,slivered almond
893,chopped pistachio nuts,pistachio nut,,pistachio nut
894,sweetened,sweetened,,sweetened
895,red bell peppers,red bell pepper,,red bell pepper
896,vegetable broth or stock,vegetable broth stock,,vegetable broth stock
897,chili powder optional,chili,powder,chili|powder
898,extra crunchy peanut butter,extra crunchy peanut butter,,extra crunchy peanut butter
899,uncooked brown rice,uncooked brown rice,,uncooked brown rice
900,egg yolks,egg yolk,,egg yolk
901,egg white,egg white,,egg white
902,cinnamon sugar,cinnamon sugar,,cinnamon sugar
903,chopped dates,date,,date
904,dry couscous,couscous,dried,couscous|dried
905,dried white kidney beans,white kidney bean,dried,white kidney bean|dried
906,red pimento sauce,red pimento sauce,,red pimento sauce
907,salt and pepper,salt pepper,,salt pepper
908,beef broth,beef broth,,beef broth
909,boneless lamb shoulder,boneles lamb shoulder,,boneles lamb shoulder
910,yellow onion,yellow onion,,yellow onion
911,ribs celery with leaves,rib celery leave,,rib celery leave
912,green lentils,green lentil,,green lentil
913,vermicelli pasta,vermicelli pasta,,vermicelli pasta
914,black raisins,black raisin,,black raisin
915,16 ounces mackerel drained,ounce mackerel,,ounce mackerel
916,onion finely chopped,onion,,onion
917,green onions,green onion,,green onion
918,rice use tuwo rice,rice use tuwo rice,,rice use tuwo rice
919,yeast active dry,yeast active,dried,yeast active|dried
920,cooked rice pre-cooked,cooked rice pre-cooked,,cooked rice pre-cooked
921,yogurt,yogurt,,yogurt
922,inch ginger,inch ginger,,inch ginger
923,sugar 4 tablespoons,sugar,,sugar
924,nutmeg or cinnamon,nutmeg cinnamon,,nutmeg cinnamon
925,melted butter,butter,,butter
926,bread crumbs,bread crumb,,bread crumb
927,dried thyme,thyme,dried,thyme|dried
928,onion finely diced,onion,,onion
929,garlic minced,garlic,,garlic
930,red chili flakes or cayenne pepper or add,red chili flake cayenne pepper add,,red chili flake cayenne pepper add
931,beef stock or milk,beef stock milk,,beef stock milk
932,plum tomatoes,plum tomato,,plum tomato
933,scotch bonnets habanero,scotch bonnet habanero,,scotch bonnet habanero
934,olive oil or any other cooking oil of your choice,olive oil any other cooking oil your choice,,olive oil any other cooking oil your choice
935,diced onion,onion,,onion
936,bouillon cube,bouillon cube,,bouillon cube
937,thyme,thyme,,thyme
938,to 1 cup beef stock or add,beef stock add,,beef stock add
939,parsley,parsley,,parsley
940,onion medium size [diced],onion medium size,,onion medium size
941,rosemary or thyme,rosemary thyme,,rosemary thyme
942,beef bouillon or chicken bouillon powder or 2 cubes,beef bouillon chicken bouillon cube,powder,beef bouillon chicken bouillon cube|powder
943,water or,water,,water
944,bell peppers large,bell pepper large,,bell pepper large
945,scotch bonnet peppers,scotch bonnet pepper,,scotch bonnet pepper
946,plum tomatoes medium size,plum tomato medium size,,plum tomato medium size
947,olive oil or vegetable oil,olive oil vegetable oil,,olive oil vegetable oil
948,to 11/2 cups beef stock i used liquid from cooking beef,beef stock used liquid cooking beef,,beef stock used liquid cooking beef
949,chicken bouillon or beef bouillon,chicken bouillon beef bouillon,,chicken bouillon beef bouillon
950,salt to taste if needed,salt if,,salt if
951,turkey wings or chicken quarters cut into smaller sizes,turkey wing chicken quarter smaller size,,turkey wing chicken quarter smaller size
952,onion diced (divided,onion,,onion
953,scotch bonnet ata rodo,scotch bonnet ata rodo,,scotch bonnet ata rodo
954,minced ginger,ginger,,ginger
955,bouillon powder,bouillon,powder,bouillon|powder
956,coconut oil or any other cooking oil,coconut oil any other cooking oil,,coconut oil any other cooking oil
957,remaining diced onion,remaining onion,,remaining onion
958,habanero minced,habanero,,habanero
959,tatashe or any other savory,tatashe any other savory,,tatashe any other savory
960,crayfish,crayfish,,crayfish
961,chicken stock from boiled chicken,chicken stock boiled chicken,,chicken stock boiled chicken
962,mixed bell peppers diced (green,mixed bell pepper green,,mixed bell pepper green
963,shrimp cleaned and deveined,shrimp cleaned deveined,,shrimp cleaned deveined
964,coconut oil,coconut oil,,coconut oil
965,1/4-1/2 cup extra water or add,extra water add,,extra water add
966,beef stock,beef stock,,beef stock
967,onion medium- [sliced],onion medium-,,onion medium-
968,chicken bouillon powder or use 4 cubes,chicken bouillon use cube,powder,chicken bouillon use cube|powder
969,salt and black pepper,salt black pepper,,salt black pepper
970,to 3 scotch bonnet,scotch bonnet,,scotch bonnet
971,curry,curry,,curry
972,chicken bouillon powder,chicken bouillon,powder,chicken bouillon|powder
973,onion small size [diced],onion small size,,onion small size
974,fenugreek seeds,fenugreek seed,,fenugreek seed
975,cardamom pods,cardamom pod,,cardamom pod
976,dried garlic flakes,garlic flake,dried,garlic flake|dried
977,dried onion flakes,onion flake,dried,onion flake|dried
978,chiles de árbol stemmed and,chile de rbol stemmed,,chile de rbol stemmed
979,hungarian paprika,hungarian paprika,,hungarian paprika
980,1-1/2 teaspoons kosher salt,kosher salt,,kosher salt
981,cloves [or ¼ teaspoon of ground],,,
982,ajwain seeds nech azmud,ajwain seed nech azmud,,ajwain seed nech azmud
983,black cumin seeds tikur azmud,black cumin seed tikur azmud,,black cumin seed tikur azmud
984,dried ethiopian besobela sacred basil,ethiopian besobela sacred basil,dried,ethiopian besobela sacred basil|dried
985,black eyed peas,black eyed pea,,black eyed pea
986,onion diced,onion,,onion
987,to 1/2 cup palm oil or add,palm oil add,,palm oil add
988,onion - sliced,onion,,onion
989,garlic cloves - minced,garlic,,garlic
990,tomatoes or 3 medium - diced,tomato medium,,tomato medium
991,bell pepper mixed - red,bell pepper mixed red,,bell pepper mixed red
992,to 1 cup water,water,,water
993,habaneroes green and,habanero green,,habanero green
994,red onion finely chopped,red onion,,red onion
995,garlic chopped,garlic,,garlic
996,inch ginger finely grated,inch ginger,,inch ginger
997,red pepper deseeded and chopped,red pepper deseeded,,red pepper deseeded
998,green pepper deseeded and chopped,green pepper deseeded,,green pepper deseeded
999,carrots medium size [peeled and grated],carrot medium size,,carrot medium size
1000,canned tomatoes or 4 large ripe tomatoes - chopped,tomato large ripe tomato,canned,tomato large ripe tomato|canned
1001,1/4-1/2 teaspoon red chili flakes or fresh red or green chili deseeded and chopped,red chili flake red green chili deseeded,fresh,red chili flake red green chili deseeded|fresh
1002,baked beans in tomato sauce,baked bean tomato sauce,,baked bean tomato sauce
1003,garlic inced,garlic inced,,garlic inced
1004,ground chicken,chicken,ground,chicken|ground
1005,potatoes peeled and diced,potato,,potato
1006,green peas,green pea,,green pea
1007,salt to taste or add,salt add,,salt add
1008,black pepper or add,black pepper add,,black pepper add
1009,scotch bonnet minced or any chilies,scotch bonnet any chily,,scotch bonnet any chily
1010,parsley or coriander,parsley coriander,,parsley coriander
1011,oil enough,oil enough,,oil enough
1012,onion [diced],onion,,onion
1013,ginger minced,ginger,,ginger
1014,scotch bonnet,scotch bonnet,,scotch bonnet
1015,mixed veggies carrots and peas and sweet corn,mixed veggy carrot pea sweet corn,,mixed veggy carrot pea sweet corn
1016,beef liver cooked and diced,beef liver cooked,,beef liver cooked
1017,shrimps fresh,shrimp,fresh,shrimp|fresh
1018,coconut oil divided,coconut oil,,coconut oil
1019,green onions sliced,green onion,,green onion
1020,fonio washed,fonio washed,,fonio washed
1021,milk any type: dairy or plant-based,milk any type dairy plant-based,,milk any type dairy plant-based
1022,pinch salt,salt,,salt
1023,pinch cinnamon,cinnamon,,cinnamon
1024,honey or maple syrup or any other sweetener of choice,honey maple syrup any other sweetener choice,,honey maple syrup any other sweetener choice
1025,low-sodium chicken broth or water,low-sodium chicken broth water,,low-sodium chicken broth water
1026,polenta coarse cornmeal,polenta coarse cornmeal,,polenta coarse cornmeal
1027,grated parmesan cheese,parmesan cheese,,parmesan cheese
1028,yuca root medium size,yuca root medium size,,yuca root medium size
1029,sweet potatoes medium,sweet potato medium,,sweet potato medium
1030,butter softened,butter,,butter
1031,eggs large size,egg large size,,egg large size
1032,unbaked pie crust,unbaked pie crust,,unbaked pie crust
1033,habanero pepper use 1 or ½,habanero pepper use,,habanero pepper use
1034,onion divided,onion,,onion
1035,1- inch ginger root,inch ginger root,,inch ginger root
1036,chicken thighs,chicken thigh,,chicken thigh
1037,remaining half onion - sliced,remaining half onion,,remaining half onion
1038,bouillon powder or 2 cubes,bouillon cube,powder,bouillon cube|powder
1039,unsweetened peanut butter,unsweetened peanut butter,,unsweetened peanut butter
1040,to 3 cups chicken stock,chicken stock,,chicken stock
1041,of spinach,spinach,,spinach
1042,sugar add more if you wwant it sweeter,sugar add if you wwant sweeter,,sugar add if you wwant sweeter
1043,freshly grated nutmeg,nutmeg,,nutmeg
1044,to 21/2 cups water or milk,water milk,,water milk
1045,plantains ripe,plantain ripe,,plantain ripe
1046,black-eyed peas or honey beans,black-eyed pea honey bean,,black-eyed pea honey bean
1047,to 4 tablespoons palm oil,palm oil,,palm oil
1048,crayfish ground,crayfish,ground,crayfish|ground
1049,locust beans iru or dawadawa,locust bean iru dawadawa,,locust bean iru dawadawa
1050,stock cube maggi,stock cube maggi,,stock cube maggi
1051,salt to taste‌,salt,,salt
1052,ears of corn husks and silk removed,ear corn husk silk removed,,ear corn husk silk removed
1053,unsalted butter softened,unsalted butter,,unsalted butter
1054,optional toppings: fresh herbs salt,topping herb salt,fresh,topping herb salt|fresh
1055,chicken wings,chicken wing,,chicken wing
1056,salt and pepper to taste or use mychicken seasoning blend,salt pepper use mychicken seasoning blend,,salt pepper use mychicken seasoning blend
1057,butter or oil,butter oil,,butter oil
1058,4 tablespoon chicken stock if needed,chicken stock if,,chicken stock if
1059,fresh young turkey approximately 10 lbs - to room temp,young turkey approximately room temp,fresh,young turkey approximately room temp|fresh
1060,rosemary minced,rosemary,,rosemary
1061,thyme minced,thyme,,thyme
1062,unsalted butter [melted] or oil,unsalted butter oil,,unsalted butter oil
1063,chili powder,chili,powder,chili|powder
1064,dried oregano or thyme,oregano thyme,dried,oregano thyme|dried
1065,dried rosemary,rosemary,dried,rosemary|dried
1066,chicken stock powder,chicken stock,powder,chicken stock|powder
1067,onion quartered,onion,,onion
1068,garlic cut in half,garlic half,,garlic half
1069,rosemary,rosemary,,rosemary
1070,garri cassava flakes,garri cassava flake,,garri cassava flake
1071,water hot,water hot,,water hot
1072,beef cut into cubes,beef cube,,beef cube
1073,cow skin ponmo,cow skin ponmo,,cow skin ponmo
1074,yam water yam,yam water yam,,yam water yam
1075,peppers blended mix of bell peppers and 1-2 rodo,pepper blended mix bell pepper rodo,,pepper blended mix bell pepper rodo
1076,crayfish large,crayfish large,,crayfish large
1077,fish dried,fish,dried,fish|dried
1078,mackerel fish,mackerel fish,,mackerel fish
1079,locust beans,locust bean,,locust bean
1080,bouillon powder divided,bouillon,powder,bouillon|powder
1081,15 ounces pumpkin puree,ounce pumpkin,puree,ounce pumpkin|puree
1082,flour or cornstarch,flour cornstarch,,flour cornstarch
1083,12 fluid ounces can heavy cream,fluid ounce heavy cream,canned,fluid ounce heavy cream|canned
1084,1-1/2 teaspoon cinnamon,cinnamon,,cinnamon
1085,nutmeg,nutmeg,,nutmeg
1086,unbaked 9 pie shell 4-cup volume deep-dish,unbaked pie shell -cup volume deep-dish,,unbaked pie shell -cup volume deep-dish
1087,roma tomatoes,roma tomato,,roma tomato
1088,onions divided,onion,,onion
1089,fresh ginger grated,ginger,fresh,ginger|fresh
1090,spaghetti pasta,spaghetti pasta,,spaghetti pasta
1091,to 41/2 cups chicken beef or vegetable broth,chicken beef vegetable broth,,chicken beef vegetable broth
1092,1/2-1 cup peas,pea,,pea
1093,cooked protein of choice optional: (e.g diced chicken,cooked protein choice chicken,,cooked protein choice chicken
1094,fresh ewedu leaves,ewedu leave,fresh,ewedu leave|fresh
1095,to 4 cups water,water,,water
1096,locust bean,locust bean,,locust bean
1097,ground crayfish,crayfish,ground,crayfish|ground
1098,chicken bouillon powder or 1 cube,chicken bouillon cube,powder,chicken bouillon cube|powder
1099,pack frozen jute leaves 8 ounces,pack jute leave ounce,frozen,pack jute leave ounce|frozen
1100,bouilon powder or 1 cube,bouilon cube,powder,bouilon cube|powder
1101,dry beans black eyed peas or brown beans-''ewa oloyin'',bean black eyed pea brown beans- ewa oloyin,dried,bean black eyed pea brown beans- ewa oloyin|dried
1102,red bell pepper/tatashe medium size,red bell pepper tatashe medium size,,red bell pepper tatashe medium size
1103,habanero scotch bonnet/rodo,habanero scotch bonnet rodo,,habanero scotch bonnet rodo
1104,bouillon cubes,bouillon cube,,bouillon cube
1105,cooked minced fish,cooked fish,,cooked fish
1106,hard-boiled eggs,hard-boiled egg,,hard-boiled egg
1107,onions or 3 medium/2 large,onion medium large,,onion medium large
1108,hot pepper of choice jalapeno,hot pepper choice jalapeno,,hot pepper choice jalapeno
1109,powdered chicken stock or 3 cubes,chicken stock cube,powder,chicken stock cube|powder
1110,cloves,,,
1111,inch ginger grated,inch ginger,,inch ginger
1112,salt to taste lesser better,salt lesser better,,salt lesser better
1113,to 2 cups water more or less,water les,,water les
1114,suya spice,suya spice,,suya spice
1115,black cardamom seeds korerima,black cardamom seed korerima,,black cardamom seed korerima
1116,black cumin seeds tikurazmud,black cumin seed tikurazmud,,black cumin seed tikurazmud
1117,fenugreek seeds abish,fenugreek seed abish,,fenugreek seed abish
1118,unsalted organic grass-fed butter,unsalted organic grass-fed butter,,unsalted organic grass-fed butter
1119,lippia adoensis - abyssinia koseret,lippia adoensi abyssinia koseret,,lippia adoensi abyssinia koseret
1120,sacred basil beso bela or basil,sacred basil beso bela basil,,sacred basil beso bela basil
1121,ajwain carom seeds/nech azmud,ajwain carom seed nech azmud,,ajwain carom seed nech azmud
1122,fresh basil lemon grass,basil lemon gras,fresh,basil lemon gras|fresh
1123,meat preferably goat or beef,meat preferably goat beef,,meat preferably goat beef
1124,grated ginger,ginger,,ginger
1125,rosemary leaves minced,rosemary leave,,rosemary leave
1126,bouillon powder or 1 tablespoon soy sauce,bouillon soy sauce,powder,bouillon soy sauce|powder
1127,cayenne pepper or add to taste,cayenne pepper add,,cayenne pepper add
1128,lemon juice freshly,lemon juice,,lemon juice
1129,to 8 lb. turkey breast,turkey breast,,turkey breast
1130,oregano,oregano,,oregano
1131,chicken quarters,chicken quarter,,chicken quarter
1132,birds' eye chilies add more or less to your taste,bird eye chily add les your,,bird eye chily add les your
1133,to 5 sprigs thyme or 1 tablespoon of dried thyme,sprig thyme thyme,dried,sprig thyme thyme|dried
1134,lemon juiced,lemon juiced,,lemon juiced
1135,african birds' eye chilies,african bird eye chily,,african bird eye chily
1136,onion medium size,onion medium size,,onion medium size
1137,to 5 sprigs fresh thyme or 1 tablespoon of dried thyme,sprig thyme thyme,fresh,sprig thyme thyme|fresh
1138,vinegar white or red wine vinegar,vinegar white red wine vinegar,,vinegar white red wine vinegar
1139,lemon juice of,lemon juice,,lemon juice
1140,yeast,yeast,,yeast
1141,pinch of salt,salt,,salt
1142,2-1/2 cups water,water,,water
1143,onion chopped,onion,,onion
1144,bell peppers or peppers of your choice cut into small chunks,bell pepper pepper your choice small chunk,,bell pepper pepper your choice small chunk
1145,lots of tooth picks,lot tooth pick,,lot tooth pick
1146,habanero,habanero,,habanero
1147,each of smoked paprika,each paprika,smoked,each paprika|smoked
1148,beef flank steak,beef flank steak,,beef flank steak
1149,to 1 teaspoon salt,salt,,salt
1150,beef bouillon or chicken [or use cube],beef bouillon chicken use cube,,beef bouillon chicken use cube
1151,suya spice plus more,suya spice,,suya spice
1152,peanut oil or any other oil of choice,peanut oil any other oil choice,,peanut oil any other oil choice
1153,sweet potatoes 2 large,sweet potato large,,sweet potato large
1154,extra-virgin olive oil divided,extra-virgin olive oil,,extra-virgin olive oil
1155,dried cranberries,cranberry,dried,cranberry|dried
1156,red onion thinly sliced into half moons,red onion half moon,,red onion half moon
1157,cranberries,cranberry,,cranberry
1158,tahini,tahini,,tahini
1159,garlic grated or finely minced,garlic,,garlic
1160,mango frozen chunks,mango chunk,frozen,mango chunk|frozen
1161,pineapple chunks fresh,pineapple chunk,fresh,pineapple chunk|fresh
1162,banana peeled and sliced,banana,,banana
1163,tomato,tomato,,tomato
1164,onion divided into two,onion two,,onion two
1165,palm oil of fresh,palm oil,fresh,palm oil|fresh
1166,chicken bouillon powder or 2 cubes,chicken bouillon cube,powder,chicken bouillon cube|powder
1167,mackerel fish salmon,mackerel fish salmon,,mackerel fish salmon
1168,basil or parsley or any leafy vegetables (spinach,basil parsley any leafy vegetable spinach,,basil parsley any leafy vegetable spinach
1169,bananas ( riper,banana riper,,banana riper
1170,self-rising flour,self-rising flour,,self-rising flour
1171,grated cassava,cassava,,cassava
1172,salt or more,salt,,salt
1173,overly ripe bananas,overly ripe banana,,overly ripe banana
1174,meat (beef,meat beef,,meat beef
1175,salt per ),salt per,,salt per
1176,ground red pepper to taste,red pepper,ground,red pepper|ground
1177,stock,stock,,stock
1178,red palm oil,red palm oil,,red palm oil
1179,ground achu spice,achu spice,ground,achu spice|ground
1180,bouillon powder or maggi,bouillon maggi,powder,bouillon maggi|powder
1181,ground limestone,limestone,ground,limestone|ground
1182,cocoyams,cocoyam,,cocoyam
1183,green bananas or plantains,green banana plantain,,green banana plantain
1184,grated orange zest,orange zest,,orange zest
1185,nutella,nutella,,nutella
1186,meat (tripe,meat tripe,,meat tripe
1187,maggi cubes or 2 tablespoons of bouillon powder,maggi cube bouillon,powder,maggi cube bouillon|powder
1188,smoked fish,fish,smoked,fish|smoked
1189,dried okazi leaves,okazi leave,dried,okazi leave|dried
1190,fresh waterleaves or spinach,waterleave spinach,fresh,waterleave spinach|fresh
1191,roma tomatoes (any tomato works,roma tomato any tomato work,,roma tomato any tomato work
1192,chopped ginger,ginger,,ginger
1193,leaves basil,leave basil,,leave basil
1194,31/2-4 3½-4 pounds chicken,pound chicken,,pound chicken
1195,salt and pepper to taste,salt pepper,,salt pepper
1196,additional optional seasonings (2 cloves minced garlic,additional seasoning garlic,,additional seasoning garlic
1197,6-ounce can tomato paste,-ounce tomato,canned,-ounce tomato|canned
1198,chicken broth or 1 tablespoon chicken bouillon powder in 2 cups of water,chicken broth chicken bouillon water,powder,chicken broth chicken bouillon water|powder
1199,(1,,,
1200,granulated sugar,granulated sugar,,granulated sugar
1201,grated nutmeg,nutmeg,,nutmeg
1202,melted butter or vegetable oil,butter vegetable oil,,butter vegetable oil
1203,eggs boiled,egg boiled,,egg boiled
1204,granulated garlic,granulated garlic,,granulated garlic
1205,unsalted butter or margarine,unsalted butter margarine,,unsalted butter margarine
1206,15-ounce can sardines in chili tomato sauce (mackerel works,-ounce sardine chili tomato sauce mackerel work,canned,-ounce sardine chili tomato sauce mackerel work|canned
1207,plus 2 tablespoons water,water,,water
1208,3-31/2 pounds chicken,pound chicken,,pound chicken
1209,maggi or bouillon powder,maggi bouillon,powder,maggi bouillon|powder
1210,green plantains,green plantain,,green plantain
1211,of chicken skin- on cut up into desired pieces,chicken skin- up desired,,chicken skin- up desired
1212,sauce,sauce,,sauce
1213,water or more,water,,water
1214,chicken bouillon,chicken bouillon,,chicken bouillon
1215,2 green onions,green onion,,green onion
1216,boiled eggs,boiled egg,,boiled egg
1217,2- 3 pounds chicken legs or thighs,pound chicken leg thigh,,pound chicken leg thigh
1218,ginger chopped,ginger,,ginger
1219,peanut butter or peanut paste,peanut butter peanut,paste,peanut butter peanut|paste
1220,hot peppers (habaneros,hot pepper habanero,,hot pepper habanero
1221,basil leaves,basil leave,,basil leave
1222,1/2-1 cup vegetable oil,vegetable oil,,vegetable oil
1223,3-31/2 chicken,chicken,,chicken
1224,ginger,ginger,,ginger
1225,scotch bonnet or habanero peppers,scotch bonnet habanero pepper,,scotch bonnet habanero pepper
1226,salt and white pepper,salt white pepper,,salt white pepper
1227,njansa,njansa,,njansa
1228,red / palm / or canola oil i used ½ and ½,red palm canola oil used,,red palm canola oil used
1229,garlic clove minced,garlic,,garlic
1230,scotch bonnet pepper or ½ teaspoon cayenne pepper,scotch bonnet pepper cayenne pepper,,scotch bonnet pepper cayenne pepper
1231,tomatoes diced,tomato,,tomato
1232,washed long grain rice i used basmati,washed long grain rice used basmati,,washed long grain rice used basmati
1233,cooked beans black,cooked bean black,,cooked bean black
1234,1/2 - 5 cups chicken broth or water,chicken broth water,,chicken broth water
1235,oxtails,oxtail,,oxtail
1236,8-ounce can tomato sauce,-ounce tomato sauce,canned,-ounce tomato sauce|canned
1237,habenaro pepper,habenaro pepper,,habenaro pepper
1238,onion cho[[ed,onion cho ed,,onion cho ed
1239,of water or more,water,,water
1240,1/2 -2 pounds yam peeled and cut into medium pieces sub potatoes,pound yam medium sub potato,,pound yam medium sub potato
1241,fish tilapia,fish tilapia,,fish tilapia
1242,sliced carrots,carrot,,carrot
1243,optional salt and pepper,salt pepper,,salt pepper
1244,scotch bonnet pepper,scotch bonnet pepper,,scotch bonnet pepper
1245,3/4 cup sugar,sugar,,sugar
1246,grated nutmeg,nutmeg,,nutmeg
1247,grated lime zest,lime zest,,lime zest
1248,margarine/butter,margarine butter,,margarine butter
1249,14-ounce can tomato sauce,-ounce tomato sauce,canned,-ounce tomato sauce|canned
1250,chicken broth or water,chicken broth water,,chicken broth water
1251,scotch bonnet pepper or ¾ teaspoon cayenne (omit if cooking,scotch bonnet pepper cayenne omit if cooking,,scotch bonnet pepper cayenne omit if cooking
1252,vegetables,vegetable,,vegetable
1253,31/2-4 chicken,chicken,,chicken
1254,drippings from roast chicken,dripping roast chicken,,dripping roast chicken
1255,or more chicken stock,chicken stock,,chicken stock
1256,chicken bouillon powder to taste,chicken bouillon,powder,chicken bouillon|powder
1257,21/2-3 pounds smoked goat meat,pound goat meat,smoked,pound goat meat|smoked
1258,or more scotch bonnet peppers,scotch bonnet pepper,,scotch bonnet pepper
1259,beef bouillon or chicken bouillon,beef bouillon chicken bouillon,,beef bouillon chicken bouillon
1260,bell peppers,bell pepper,,bell pepper
1261,yuca,yuca,,yuca
1262,bell pepper (red,bell pepper red,,bell pepper red
1263,fresh thyme,thyme,fresh,thyme|fresh
1264,coarse salt and ground black pepper,coarse salt black pepper,ground,coarse salt black pepper|ground
1265,avocado,avocado,,avocado
1266,1/2-1 cup sausage,sausage,,sausage
1267,overripe plantains,overripe plantain,,overripe plantain
1268,plain yogurt or sour cream,plain yogurt sour cream,,plain yogurt sour cream
1269,plus 2 tablespoons granulated sugar,granulated sugar,,granulated sugar
1270,dark rum,dark rum,,dark rum
1271,bananas mashed about a cup,banana about,,banana about
1272,sour cream/ yogurt,sour cream yogurt,,sour cream yogurt
1273,mango chopped about a cup or more,mango about,,mango about
1274,ground ginger powder/,ginger,ground,ginger|ground
1275,4 ounce unsalted melted butter,ounce unsalted butter,,ounce unsalted butter
1276,2 tablespoons dark rum,dark rum,,dark rum
1277,cream cheese room temperature,cream cheese room temperature,,cream cheese room temperature
1278,confectioners' sugar,confectioner sugar,,confectioner sugar
1279,to 3 tbs. cold or low-fat milk,tbs cold low-fat milk,,tbs cold low-fat milk
1280,lime/lemon,lime lemon,,lime lemon
1281,grated lime,lime,,lime
1282,bananas,banana,,banana
1283,1/4-1/2 cup sugar,sugar,,sugar
1284,stew beef,stew beef,,stew beef
1285,1 cup oil (canola,oil canola,,oil canola
1286,peeled garlic cloves,garlic,,garlic
1287,chopped parsley,parsley,,parsley
1288,celery leaves,celery leave,,celery leave
1289,1 scotch bonnet pepper,scotch bonnet pepper,,scotch bonnet pepper
1290,canned tomatoes sauce,tomato sauce,canned,tomato sauce|canned
1291,maggie powder or beef bouillon powder,maggie beef bouillon,powder,maggie beef bouillon|powder
1292,dried basil,basil,dried,basil|dried
1293,cinnamon,cinnamon,,cinnamon
1294,fenugreek,fenugreek,,fenugreek
1295,cardamon,cardamon,,cardamon
1296,or more dried chilis or cayenne,chili cayenne,dried,chili cayenne|dried
1297,potatoes sliced thinly,potato,,potato
1298,gram flour,flour,,flour
1299,rice or corn flour,rice corn flour,,rice corn flour
1300,spice cumin or coriander or carom seeds,spice cumin coriander carom seed,,spice cumin coriander carom seed
1301,1/2- 1 teaspoon hot pepper sriracha,hot pepper sriracha,,hot pepper sriracha
1302,or more fresh herbs coriander,herb coriander,fresh,herb coriander|fresh
1303,water plus more,water,,water
1304,salt or more adjust,salt adjust,,salt adjust
1305,3 pounds of meat chicken,pound meat chicken,,pound meat chicken
1306,1/4- 1/2 cup cooking oil,cooking oil,,cooking oil
1307,onion sliced,onion,,onion
1308,tomatoes sliced,tomato,,tomato
1309,ground egusi,egusi,ground,egusi|ground
1310,washed bitterleaf 3 cups if using bitterleaf only,washed bitterleaf if using bitterleaf only,,washed bitterleaf if using bitterleaf only
1311,fresh chopped spinach,spinach,fresh,spinach|fresh
1312,bouillon or 2 maggie cubes,bouillon maggie cube,,bouillon maggie cube
1313,dried beans or four 14.5-ounce cans of beans,bean four -ounce bean,dried,bean four -ounce bean|dried
1314,1/4-1/2 cup palm oil or canola oil,palm oil canola oil,,palm oil canola oil
1315,maggie bouillon powder,maggie bouillon,powder,maggie bouillon|powder
1316,smoked turkey or chicken,turkey chicken,smoked,turkey chicken|smoked
1317,1/3-1/2 cup dried ground crayfish,crayfish,dried,crayfish|dried
1318,stock or water,stock water,,stock water
1319,black-eyed peas,black-eyed pea,,black-eyed pea
1320,thick slices bacon,thick bacon,,thick bacon
1321,ham hocks,ham hock,,ham hock
1322,creole seasoning,creole seasoning,,creole seasoning
1323,dried black-eyed peas,black-eyed pea,dried,black-eyed pea|dried
1324,bacon,bacon,,bacon
1325,3-31/2 cups low-sodium chicken broth or water,low-sodium chicken broth water,,low-sodium chicken broth water
1326,hot pepper scotch bonnet or habenero pepper,hot pepper scotch bonnet habenero pepper,,hot pepper scotch bonnet habenero pepper
1327,salt to taste about 1 3/4 teaspoons or more adjust,salt about adjust,,salt about adjust
1328,eggs optional see tips,egg see tip,,egg see tip
1329,optional spices 1/2 teaspoon chicken bouillon powder 1/4 teaspoon smoked paprika),spice chicken bouillon paprika,powder,spice chicken bouillon paprika|powder
1330,smoked sausage or turkey,sausage turkey,smoked,sausage turkey|smoked
1331,optional jalapeno,jalapeno,,jalapeno
1332,turmeric,turmeric,,turmeric
1333,lean ground beef,lean beef,ground,lean beef|ground
1334,dried herbs (thyme,herb thyme,dried,herb thyme|dried
1335,apple,apple,,apple
1336,1/3-1/2 cup fruit chutney,fruit chutney,,fruit chutney
1337,1/2-1 lemon,lemon,,lemon
1338,cream,cream,,cream
1339,fresh sliced tomatoes,tomato,fresh,tomato|fresh
1340,mango chutney homemade chutney here,mango chutney homemade chutney here,,mango chutney homemade chutney here
1341,or more good-quality bread white,good-quality bread white,,good-quality bread white
1342,cheese sliced or grated cheese,cheese cheese,,cheese cheese
1343,caramelized onions,caramelized onion,,caramelized onion
1344,or more olive oil,olive oil,,olive oil
1345,1- 11/2 teaspoon salt adjust to taste i used cajun seasoning salt,salt adjust used cajun seasoning salt,,salt adjust used cajun seasoning salt
1346,of chicken thighs legs,chicken thigh leg,,chicken thigh leg
1347,onions sliced,onion,,onion
1348,3 tablespoons mustard,mustard,,mustard
1349,fresh minced thyme,thyme,fresh,thyme|fresh
1350,1- teaspoon paprika,paprika,,paprika
1351,1- vegetables baby potatoes,vegetable baby potato,,vegetable baby potato
1352,or more chicken broth or water,chicken broth water,,chicken broth water
1353,canola or cooking oil,canola cooking oil,,canola cooking oil
1354,curry powder or more,curry,powder,curry|powder
1355,curry leaves diced,curry leave,,curry leave
1356,green cardamom pods,green cardamom pod,,green cardamom pod
1357,chicken thighs or breast cut in bite- pieces lightly crushed,chicken thigh breast bite- lightly,,chicken thigh breast bite- lightly
1358,or less potatoes cleaned and cut into cubes,les potato cleaned cube,,les potato cleaned cube
1359,15 ounce can chickpeas rinsed and drained,ounce chickpea,canned,ounce chickpea|canned
1360,or more meat,meat,,meat
1361,canola or any cooking oil,canola any cooking oil,,canola any cooking oil
1362,garlic or 2 teaspoons minced garlic,garlic garlic,,garlic garlic
1363,dried crayfish or shrimp,crayfish shrimp,dried,crayfish shrimp|dried
1364,shredded cabbage or more,shredded cabbage,,shredded cabbage
1365,wheat flour,wheat flour,,wheat flour
1366,3/4-1 cup all-purpose flour,all-purpose flour,,all-purpose flour
1367,confectioners sugar,confectioner sugar,,confectioner sugar
1368,tubers cassava,tuber cassava,,tuber cassava
1369,frozen cassava leaves,cassava leave,frozen,cassava leave|frozen
1370,beef cut in bite size pieces,beef bite size,,beef bite size
1371,smoked chicken,chicken,smoked,chicken|smoked
1372,1 cup palm oil i used ½ palm oil and half canola oil,palm oil used palm oil half canola oil,,palm oil used palm oil half canola oil
1373,ground cray fish dried shrimps,cray fish shrimp,ground,cray fish shrimp|ground
1374,ground groundnuts peanut butter puree,groundnut peanut butter,ground,groundnut peanut butter|ground
1375,chicken bouillon or maggie powder,chicken bouillon maggie,powder,chicken bouillon maggie|powder
1376,scotch bonnet pepper 1/2 teaspoon cayenne pepper,scotch bonnet pepper cayenne pepper,,scotch bonnet pepper cayenne pepper
1377,1 shrimp,shrimp,,shrimp
1378,grated cassava i used frozen cassava,cassava used cassava,frozen,cassava used cassava|frozen
1379,grated mature coconut,mature coconut,,mature coconut
1380,unsalted butter melted,unsalted butter,,unsalted butter
1381,white granulated sugar,white granulated sugar,,white granulated sugar
1382,14 oz. can coconut milk,coconut milk,canned,coconut milk|canned
1383,cinnamon spice,cinnamon spice,,cinnamon spice
1384,2- teaspoon vanilla extract,vanilla extract,,vanilla extract
1385,2 chili peppers,chili pepper,,chili pepper
1386,14-ounce can baked beans,-ounce baked bean,canned,-ounce baked bean|canned
1387,diced onions,onion,,onion
1388,minced thyme,thyme,,thyme
1389,cremini mushrooms,cremini mushroom,,cremini mushroom
1390,dry white wine or chicken stock,white wine chicken stock,dried,white wine chicken stock|dried
1391,asparagus,asparagu,,asparagu
1392,21/2-3 pounds chicken thighs,pound chicken thigh,,pound chicken thigh
1393,fresh thyme or oregano,thyme oregano,fresh,thyme oregano|fresh
1394,chicken bouillon powder or salt,chicken bouillon salt,powder,chicken bouillon salt|powder
1395,uncooked rice,uncooked rice,,uncooked rice
1396,chicken stock or water,chicken stock water,,chicken stock water
1397,1/2-1 teaspoon chicken bouillon,chicken bouillon,,chicken bouillon
1398,or more vegetables,vegetable,,vegetable
1399,scotch bonnet pepper or hot pepper,scotch bonnet pepper hot pepper,,scotch bonnet pepper hot pepper
1400,1/2-1 teaspoon pepper sauce or chili sauce,pepper sauce chili sauce,,pepper sauce chili sauce
1401,ground meat,meat,ground,meat|ground
1402,chopped parsley or cilantro,parsley cilantro,,parsley cilantro
1403,peas,pea,,pea
1404,1/4–1/2 cup oil (canola,oil canola,,oil canola
1405,maggi or bouillon,maggi bouillon,,maggi bouillon
1406,14-ounce can chickpeas,-ounce chickpea,canned,-ounce chickpea|canned
1407,apricots,apricot,,apricot
1408,preserved lemon or 3 small,preserved lemon small,,preserved lemon small
1409,green olives,green olive,,green olive
1410,teaspoon smoked paprika,paprika,smoked,paprika|smoked
1411,coriander,coriander,,coriander
1412,bouillon powder or ¾ teaspoon salt,bouillon salt,powder,bouillon salt|powder
1413,cubed potatoes,potato,,potato
1414,or more vegetable broth or chicken broth,vegetable broth chicken broth,,vegetable broth chicken broth
1415,15-ounce cans chickpeas,-ounce chickpea,,-ounce chickpea
1416,1/2-1 teaspoon cayenne pepper,cayenne pepper,,cayenne pepper
1417,1/2-1 cup coconut milk,coconut milk,,coconut milk
1418,vegetable bouillon or chicken bouillon,vegetable bouillon chicken bouillon,,vegetable bouillon chicken bouillon
1419,parsley or cilantro,parsley cilantro,,parsley cilantro
1420,lime zest,lime zest,,lime zest
1421,pork chitterlings,pork chitterling,,pork chitterling
1422,salt and freshly ground black pepper,salt black pepper,ground,salt black pepper|ground
1423,shredded unsweetened coconut,shredded unsweetened coconut,,shredded unsweetened coconut
1424,fresh lime juice and zest,lime juice zest,fresh,lime juice zest|fresh
1425,coconut extract,coconut extract,,coconut extract
1426,powdered sugar,sugar,powder,sugar|powder
1427,lime juice,lime juice,,lime juice
1428,water (or more,water,,water
1429,onion medium,onion medium,,onion medium
1430,garlic powder/salt,garlic salt,,garlic salt
1431,coconut milk/cream,coconut milk cream,,coconut milk cream
1432,coconut milk/cream powder,coconut milk cream,powder,coconut milk cream|powder
1433,carrots and green beans,carrot green bean,,carrot green bean
1434,1/2-3/4 cup sugar,sugar,,sugar
1435,1-11/2 teaspoons salt,salt,,salt
1436,coconut flakes,coconut flake,,coconut flake
1437,14-ounce can sweetened condensed milk,-ounce sweetened condensed milk,canned,-ounce sweetened condensed milk|canned
1438,grated nutmeg optional,nutmeg,,nutmeg
1439,one dried beans any variety,one bean any variety,dried,one bean any variety|dried
1440,one corn sweet boiled corn or any kind,one corn sweet boiled corn any kind,,one corn sweet boiled corn any kind
1441,smoked turkey,turkey,smoked,turkey|smoked
1442,crayfish smoked/dried shrimp,crayfish shrimp,,crayfish shrimp
1443,3/4 cup palm oil,palm oil,,palm oil
1444,salt and pepper to season,salt pepper season,,salt pepper season
1445,–3 1/2 pounds cow foot,pound cow foot,,pound cow foot
1446,yam or plantain,yam plantain,,yam plantain
1447,diced celery,celery,,celery
1448,green onion chopped,green onion,,green onion
1449,thyme sprigs,thyme sprig,,thyme sprig
1450,1 teaspoon cayenne pepper,cayenne pepper,,cayenne pepper
1451,carrot sliced,carrot,,carrot
1452,golden syrup or honey,golden syrup honey,,golden syrup honey
1453,1/2-1 teaspoon salt,salt,,salt
1454,dried shredded coconut,shredded coconut,dried,shredded coconut|dried
1455,sliced almonds,almond,,almond
1456,oats,oat,,oat
1457,21/2-3 pounds goat meat,pound goat meat,,pound goat meat
1458,chopped fresh thyme,thyme,fresh,thyme|fresh
1459,maggie bouillon,maggie bouillon,,maggie bouillon
1460,(907-1,,,
1461,cloves garlic,garlic,,garlic
1462,1 cup coconut milk,coconut milk,,coconut milk
1463,hot peppers (habanero,hot pepper habanero,,hot pepper habanero
1464,spiced butter,spiced butter,,spiced butter
1465,lemons,lemon,,lemon
1466,1/4-1/3 cup sugar,sugar,,sugar
1467,freshly grated nutmeg or ground cinnamon,nutmeg cinnamon,ground,nutmeg cinnamon|ground
1468,grated coconut or coconut flakes,coconut coconut flake,,coconut coconut flake
1469,evaporated milk or coconut milk,evaporated milk coconut milk,,evaporated milk coconut milk
1470,powdered sugar or cinnamon sugar to sprinkle,sugar cinnamon sugar sprinkle,powder,sugar cinnamon sugar sprinkle|powder
1471,caramel sauce,caramel sauce,,caramel sauce
1472,dried fish,fish,dried,fish|dried
1473,beef boiled,beef boiled,,beef boiled
1474,ground cray fish,cray fish,ground,cray fish|ground
1475,scotch bonnet pepper minced or 1 teaspoon dried pepper,scotch bonnet pepper pepper,dried,scotch bonnet pepper pepper|dried
1476,bouillon cube or maggie,bouillon cube maggie,,bouillon cube maggie
1477,ground egusi seeds,egusi seed,ground,egusi seed|ground
1478,spinach or more,spinach,,spinach
1479,(950-1,,,
1480,onion ( other half is,onion other half is,,onion other half is
1481,shredded smoked fish,shredded fish,smoked,shredded fish|smoked
1482,cocoyam,cocoyam,,cocoyam
1483,leafy greens cocoyam leaves,leafy green cocoyam leave,,leafy green cocoyam leave
1484,boiled meat beef,boiled meat beef,,boiled meat beef
1485,1/2 -2 cups palm oil /red oil,palm oil red oil,,palm oil red oil
1486,bouillon granules / maggie,bouillon granule maggie,,bouillon granule maggie
1487,ground country onions,country onion,ground,country onion|ground
1488,scotch bonnet pepper or any hot pepper,scotch bonnet pepper any hot pepper,,scotch bonnet pepper any hot pepper
1489,teapoons bitter leaf,teapoon bitter leaf,,teapoon bitter leaf
1490,salt to taste,salt,,salt
1491,dried chopped ukazi,ukazi,dried,ukazi|dried
1492,frozen spinach,spinach,frozen,spinach|frozen
1493,olive oil or canola oil,olive oil canola oil,,olive oil canola oil
1494,curry powder or turmeric,curry turmeric,powder,curry turmeric|powder
1495,chopped cabbage,cabbage,,cabbage
1496,collard greens/kale chopped,collard green kale,,collard green kale
1497,or more tablespoons niter ethiopian spiced butter or cooking oil,niter ethiopian spiced butter cooking oil,,niter ethiopian spiced butter cooking oil
1498,white onion chopped,white onion,,white onion
1499,smoke paprika,smoke paprika,,smoke paprika
1500,cardamom spice,cardamom spice,,cardamom spice
1501,coriander/cumin,coriander cumin,,coriander cumin
1502,fresh chili pepper or ½ teaspoon cayenne pepper or more,chili pepper cayenne pepper,fresh,chili pepper cayenne pepper|fresh
1503,fresh lemon,lemon,fresh,lemon|fresh
1504,fresh ginger,ginger,fresh,ginger|fresh
1505,coriander or cumin,coriander cumin,,coriander cumin
1506,lentils,lentil,,lentil
1507,broth,broth,,broth
1508,cardamom,cardamom,,cardamom
1509,green beans,green bean,,green bean
1510,or more canola oil,canola oil,,canola oil
1511,minced or granulated garlic,granulated garlic,,granulated garlic
1512,jalapenos pepper,jalapeno pepper,,jalapeno pepper
1513,ground coriander spice,coriander spice,ground,coriander spice|ground
1514,curry powder or turmeric spice,curry turmeric spice,powder,curry turmeric spice|powder
1515,white or black pepper,white black pepper,,white black pepper
1516,chili pepper,chili pepper,,chili pepper
1517,8-ounce canned diced tomatoes,-ounce tomato,canned,-ounce tomato|canned
1518,fish about one or less fillet or small fish,fish about one les fillet small fish,,fish about one les fillet small fish
1519,herbs parsley,herb parsley,,herb parsley
1520,or more green seasoning,green seasoning,,green seasoning
1521,chicken bouillon or maggie to taste,chicken bouillon maggie,,chicken bouillon maggie
1522,or more hot peppers,hot pepper,,hot pepper
1523,or more diced celery,celery,,celery
1524,ethnic spices,ethnic spice,,ethnic spice
1525,2-21/2 pounds (900-1,pound,,pound
1526,russet potatoes,russet potato,,russet potato
1527,salt to season boiled potatoes,salt season boiled potato,,salt season boiled potato
1528,sour cream,sour cream,,sour cream
1529,white fish cut into large cubes,white fish large cube,,white fish large cube
1530,leeks,leek,,leek
1531,grated cheddar cheese,cheddar cheese,,cheddar cheese
1532,frozen peas,pea,frozen,pea|frozen
1533,frozen corn,corn,frozen,corn|frozen
1534,plain yogurt,plain yogurt,,plain yogurt
1535,bananas ripe but firm,banana ripe but firm,,banana ripe but firm
1536,⅙ teaspoon ground nutmeg,nutmeg,ground,nutmeg|ground
1537,butter or coconut oil,butter coconut oil,,butter coconut oil
1538,rum,rum,,rum
1539,rip plantains,rip plantain,,rip plantain
1540,cassava tuber,cassava tuber,,cassava tuber
1541,fingers green plantain,finger green plantain,,finger green plantain
1542,½ knob ginger,knob ginger,,knob ginger
1543,1 knob ginger,knob ginger,,knob ginger
1544,red habanero peppers,red habanero pepper,,red habanero pepper
1545,ground anise seeds,anise seed,ground,anise seed|ground
1546,mixed dried herbs,mixed herb,dried,mixed herb|dried
1547,long-grain rice,long-grain rice,,long-grain rice
1548,cooked corn,cooked corn,,cooked corn
1549,cooked beans,cooked bean,,cooked bean
1550,1-11/2 cups water or low-sodium broth,water low-sodium broth,,water low-sodium broth
1551,chopped cilantro,cilantro,,cilantro
1552,goat meat cut in pieces,goat meat,,goat meat
1553,chopped medium onion,medium onion,,medium onion
1554,4-5- garlic clove,garlic,,garlic
1555,1- tablespoon maggi or bouillon granules,maggi bouillon granule,,maggi bouillon granule
1556,green onion chopped whites and green parts,green onion white green part,,green onion white green part
1557,basil,basil,,basil
1558,scotch bonnet or habanera pepper,scotch bonnet habanera pepper,,scotch bonnet habanera pepper
1559,optional,,,
1560,calabash pepper peeled,calabash pepper,,calabash pepper
1561,negro pepper,negro pepper,,negro pepper
1562,grains of paradise,grain paradise,,grain paradise
1563,green plantains peeled and cut into 2-3 pieces,green plantain,,green plantain
1564,sweet basil,sweet basil,,sweet basil
1565,maggie powder,maggie,powder,maggie|powder
1566,water or vegetable oil,water vegetable oil,,water vegetable oil
1567,diced grill pineapple,grill pineapple,,grill pineapple
1568,diced red onion,red onion,,red onion
1569,15-ounce can black beans,-ounce black bean,canned,-ounce black bean|canned
1570,chopped cilantro leaves,cilantro leave,,cilantro leave
1571,diced red bell pepper,red bell pepper,,red bell pepper
1572,jalapenos and minced,jalapeno,,jalapeno
1573,1- 3 tablespoons honey,honey,,honey
1574,juice of lime,juice lime,,juice lime
1575,pinch of ground cumin,cumin,ground,cumin|ground
1576,white fish (sea bass red snapper,white fish sea bass red snapper,,white fish sea bass red snapper
1577,african nutmeg ehuru,african nutmeg ehuru,,african nutmeg ehuru
1578,anise seeds,anise seed,,anise seed
1579,chicken bouillon powder or cubes,chicken bouillon cube,powder,chicken bouillon cube|powder
1580,1/ fresh ginger,ginger,fresh,ginger|fresh
1581,chopped basil parsley,basil parsley,,basil parsley
1582,onions or ¼ medium onion,onion medium onion,,onion medium onion
1583,1-11/2 pounds okra,pound okra,,pound okra
1584,extra virgin olive oil,extra virgin olive oil,,extra virgin olive oil
1585,mustard,mustard,,mustard
1586,hot sauce,hot sauce,,hot sauce
1587,sweet pickle relish,sweet pickle relish,,sweet pickle relish
1588,melted coconut oil,coconut oil,,coconut oil
1589,peanut butter or almond butter,peanut butter almond butter,,peanut butter almond butter
1590,peanuts,peanut,,peanut
1591,corn on cob,corn cob,,corn cob
1592,sugar or milk,sugar milk,,sugar milk
1593,5 thick slices bacon,thick bacon,,thick bacon
1594,chopped smoked turkey or smoked ham hock,turkey ham hock,smoked,turkey ham hock|smoked
1595,corn flour or a fine cornmeal,corn flour fine cornmeal,,corn flour fine cornmeal
1596,sorghum or wheat flour,sorghum wheat flour,,sorghum wheat flour
1597,dry yeast,yeast,dried,yeast|dried
1598,sweet potatoes sub with regular potatoes,sweet potato sub regular potato,,sweet potato sub regular potato
1599,butter or canola oil,butter canola oil,,butter canola oil
1600,or more cup blanched corn,blanched corn,,blanched corn
1601,or more cup blanched peas,blanched pea,,blanched pea
1602,hot sauce chili or cayenne pepper,hot sauce chili cayenne pepper,,hot sauce chili cayenne pepper
1603,garlic salt,garlic salt,,garlic salt
1604,teaspon paprika,teaspon paprika,,teaspon paprika
1605,canned tomatoes,tomato,canned,tomato|canned
1606,water or stock,water stock,,water stock
1607,peas and carrots,pea carrot,,pea carrot
1608,fresh thyme or 1 teaspoon dried thyme,thyme thyme,fresh,thyme thyme|fresh
1609,minced garlic or 2½ teaspoons garlic powder,garlic garlic,powder,garlic garlic|powder
1610,14-ounce can tomato puree or sauce,-ounce tomato sauce,canned,-ounce tomato sauce|canned
1611,scotch bonnet pepper or ¾ teaspoon ground hot pepper (omit if cooking,scotch bonnet pepper hot pepper omit if cooking,ground,scotch bonnet pepper hot pepper omit if cooking|ground
1612,jalapeños,jalape os,,jalape os
1613,lime,lime,,lime
1614,fresh cilantro or parsley,cilantro parsley,fresh,cilantro parsley|fresh
1615,optional beefsteak tomatoes,beefsteak tomato,,beefsteak tomato
1616,optional avocados,avocado,,avocado
1617,balsamic vinegar,balsamic vinegar,,balsamic vinegar
1618,fresh parsley and basil,parsley basil,fresh,parsley basil|fresh
1619,roasted peanuts shells and skin peeled lightly chopped,roasted peanut shell skin lightly,,roasted peanut shell skin lightly
1620,coconut milk water,coconut milk water,,coconut milk water
1621,of each cardamom,each cardamom,,each cardamom
1622,chicken 4 to 5 pounds skin on,chicken pound skin,,chicken pound skin
1623,fresh red or green peppers,red green pepper,fresh,red green pepper|fresh
1624,to matoes,mato,,mato
1625,ginger paste,ginger,paste,ginger|paste
1626,garlic puree,garlic,puree,garlic|puree
1627,chicken bouillon or more,chicken bouillon,,chicken bouillon
1628,habenero pepper,habenero pepper,,habenero pepper
1629,ripe plantains with little black spots,ripe plantain little black spot,,ripe plantain little black spot
1630,1/2-1 tablespoon chopped ginger,ginger,,ginger
1631,cayenne or chili pepper,cayenne chili pepper,,cayenne chili pepper
1632,bouillon powder or a maggie cube,bouillon maggie cube,powder,bouillon maggie cube|powder
1633,skinless black-eyed peas,skinles black-eyed pea,,skinles black-eyed pea
1634,scotch bonnet or habanero pepper,scotch bonnet habanero pepper,,scotch bonnet habanero pepper
1635,chopped fresh spinach,spinach,fresh,spinach|fresh
1636,maggie cubes or 2 teaspoons bouillon powder,maggie cube bouillon,powder,maggie cube bouillon|powder
1637,stew meat,stew meat,,stew meat
1638,pebe,pebe,,pebe
1639,country onion seeds,country onion seed,,country onion seed
1640,(10g bouillon powder or 2 maggi cubes,bouillon maggi cube,powder,bouillon maggi cube|powder
1641,cocoyam peeled and cleaned,cocoyam cleaned,,cocoyam cleaned
1642,5 cups fresh spinach chopped,spinach,fresh,spinach|fresh
1643,red oil or more adjust according to preference,red oil adjust according preference,,red oil adjust according preference
1644,1- 1 1/2 cup smoked fish,fish,smoked,fish|smoked
1645,1– 1 1/2 cup smoked turkey cut in bite size pieces,turkey bite size,smoked,turkey bite size|smoked
1646,salt adjust,salt adjust,,salt adjust
1647,scotch bonnet pierced,scotch bonnet pierced,,scotch bonnet pierced
1648,bouillon powder or maggie,bouillon maggie,powder,bouillon maggie|powder
1649,country onion spice,country onion spice,,country onion spice
1650,11/2-2 teaspoons creole seasoning,creole seasoning,,creole seasoning
1651,pepper flakes,pepper flake,,pepper flake
1652,14.5-ounce can diced tomatoes,-ounce tomato,canned,-ounce tomato|canned
1653,or more vegetable broth,vegetable broth,,vegetable broth
1654,or more chopped parsley or cilantro,parsley cilantro,,parsley cilantro
1655,(900-1,,,
1656,or more scotch bonnet or habanero pepper,scotch bonnet habanero pepper,,scotch bonnet habanero pepper
1657,fresh herbs,herb,fresh,herb|fresh
1658,cooking oil (vegetable,cooking oil vegetable,,cooking oil vegetable
1659,11/2-2 pounds fried fish steaks (any firm fish,pound fried fish steak any firm fish,,pound fried fish steak any firm fish
1660,large shrimp,large shrimp,,large shrimp
1661,beef or chicken,beef chicken,,beef chicken
1662,oil or more,oil,,oil
1663,ground peanuts or peanut butter powder,peanut peanut butter,ground,peanut peanut butter|ground
1664,broth chicken or beef,broth chicken beef,,broth chicken beef
1665,vegetables or more,vegetable,,vegetable
1666,unsalted butter at room temperature,unsalted butter room temperature,,unsalted butter room temperature
1667,grated coconut,coconut,,coconut
1668,crushed cardamom,cardamom,,cardamom
1669,grated nutmeg or ground cinnamon,nutmeg cinnamon,ground,nutmeg cinnamon|ground
1670,sugar replace with honey,sugar replace honey,,sugar replace honey
1671,cold water or more,cold water,,cold water
1672,mint leaves,mint leave,,mint leave
1673,moscato wine or rum,moscato wine rum,,moscato wine rum
1674,3 tablespoons olive oil,olive oil,,olive oil
1675,freshly- lemon juice,freshly- lemon juice,,freshly- lemon juice
1676,cayenne,cayenne,,cayenne
1677,1-11/2 pounds large shrimp,pound large shrimp,,pound large shrimp
1678,canola oil or olive oil,canola oil olive oil,,canola oil olive oil
1679,sliced onions,onion,,onion
1680,fresh parsley or herb of your choice,parsley herb your choice,fresh,parsley herb your choice|fresh
1681,concentrated palm nut pulp,concentrated palm nut pulp,,concentrated palm nut pulp
1682,chopped onions,onion,,onion
1683,dried crayfish,crayfish,dried,crayfish|dried
1684,beef bouillon,beef bouillon,,beef bouillon
1685,chopped spinach,spinach,,spinach
1686,white fish cut into steaks,white fish steak,,white fish steak
1687,1/4-1/2 cup vegetable oil,vegetable oil,,vegetable oil
1688,mbongo spice,mbongo spice,,mbongo spice
1689,bouillon powder or 2 maggi cubes,bouillon maggi cube,powder,bouillon maggi cube|powder
1690,fish steaks,fish steak,,fish steak
1691,njangsa spice,njangsa spice,,njangsa spice
1692,african nutmeg ehuru spice,african nutmeg ehuru spice,,african nutmeg ehuru spice
1693,/1 large cube bouillon powder or maggi powder,large cube bouillon maggi,powder,large cube bouillon maggi|powder
1694,habanero pepper adjust to taste,habanero pepper adjust,,habanero pepper adjust
1695,or more water,water,,water
1696,fresh corn,corn,fresh,corn|fresh
1697,fresh basil,basil,fresh,basil|fresh
1698,confectioner’s sugar powdered sugar,confectioner sugar sugar,powder,confectioner sugar sugar|powder
1699,egg yolk,egg yolk,,egg yolk
1700,nutmeg or replace with cinnamon,nutmeg replace cinnamon,,nutmeg replace cinnamon
1701,chili peppers,chili pepper,,chili pepper
1702,ground beef or minced beef,beef beef,ground,beef beef|ground
1703,diced potatoes,potato,,potato
1704,11/2-2 cups water (more or less,water les,,water les
1705,water or low-sodium stock,water low-sodium stock,,water low-sodium stock
1706,21/2-3 pounds chicken,pound chicken,,pound chicken
1707,lemon or lime,lemon lime,,lemon lime
1708,peri peri sauce or more,peri peri sauce,,peri peri sauce
1709,– 3 1/2 chicken cut in pieces,chicken,,chicken
1710,juice ½ lemon,juice lemon,,juice lemon
1711,hot pepper pierced chili,hot pepper pierced chili,,hot pepper pierced chili
1712,1 butternut squash cut into large cubes,butternut squash large cube,,butternut squash large cube
1713,okra sliced in half,okra half,,okra half
1714,thick-cut bacon,thick-cut bacon,,thick-cut bacon
1715,mushroom,mushroom,,mushroom
1716,1/2-1 tablespoon diced jalapenos,jalapeno,,jalapeno
1717,salt-free creole seasoning,salt-free creole seasoning,,salt-free creole seasoning
1718,water or vegetable or chicken broth,water vegetable chicken broth,,water vegetable chicken broth
1719,washed long-grain rice,washed long-grain rice,,washed long-grain rice
1720,maggi,maggi,,maggi
1721,groundnuts/peanuts,groundnut peanut,,groundnut peanut
1722,shrimp,shrimp,,shrimp
1723,stockfish,stockfish,,stockfish
1724,1/2- 1 stew beef (cut in chunks,stew beef chunk,,stew beef chunk
1725,1 washed bitterleaves,washed bitterleave,,washed bitterleave
1726,milk or 2%,milk,,milk
1727,2- teaspoon vanilla,vanilla,,vanilla
1728,1/2-3/4 cup coconut flakes,coconut flake,,coconut flake
1729,cooked rice i used basmati,cooked rice used basmati,,cooked rice used basmati
1730,1/4- 1/2 cup canola oil,canola oil,,canola oil
1731,1/2- liver cut bite size,liver bite size,,liver bite size
1732,large shrimp peeled and deveined,large shrimp deveined,,large shrimp deveined
1733,pepper sauce chili sauce,pepper sauce chili sauce,,pepper sauce chili sauce
1734,maggie powder or chicken bouillon,maggie chicken bouillon,powder,maggie chicken bouillon|powder
1735,maggie liquid or soy sauce,maggie liquid soy sauce,,maggie liquid soy sauce
1736,vegetables peas,vegetable pea,,vegetable pea
1737,long-grain parboiled rice,long-grain parboiled rice,,long-grain parboiled rice
1738,fresh tomatoes chopped,tomato,fresh,tomato|fresh
1739,nightshade kale,nightshade kale,,nightshade kale
1740,1 cup canola oil palm oil,canola oil palm oil,,canola oil palm oil
1741,chopped smoked turkey/fish,turkey fish,smoked,turkey fish|smoked
1742,1- tablespoon bouillon powder or maggie cube,bouillon maggie cube,powder,bouillon maggie cube|powder
1743,finely ground corn flour,corn flour,ground,corn flour|ground
1744,beer,beer,,beer
1745,greens,green,,green
1746,1/4-1/3 cup palm oil,palm oil,,palm oil
1747,ground ogbono,ogbono,ground,ogbono|ground
1748,fresh okra,okra,fresh,okra|fresh
1749,vegetable broth or water,vegetable broth water,,vegetable broth water
1750,fresh parsley chopped,parsley,fresh,parsley|fresh
1751,okra fresh or frozen,okra,fresh,okra|fresh
1752,oxtail,oxtail,,oxtail
1753,beef or chicken bouillon,beef chicken bouillon,,beef chicken bouillon
1754,chicken thighs or breast,chicken thigh breast,,chicken thigh breast
1755,mashed pumpkin or puree,pumpkin,puree,pumpkin|puree
1756,2- tablespoon sugar,sugar,,sugar
1757,all spice,all spice,,all spice
1758,caramel glaze,caramel glaze,,caramel glaze
1759,light corn syrup,light corn syrup,,light corn syrup
1760,1/2-2/3 cup sugar,sugar,,sugar
1761,1/4-1/2 teaspoon nutmeg,nutmeg,,nutmeg
1762,3 1/2 chicken drumsticks,chicken drumstick,,chicken drumstick
1763,garlic cloves minced,garlic,,garlic
1764,fresh herbs (thyme,herb thyme,fresh,herb thyme|fresh
1765,3/4-1 cup cassareep,cassareep,,cassareep
1766,boneless skinless chicken thigh,boneles skinles chicken thigh,,boneles skinles chicken thigh
1767,1- teaspoon chicken bouillon,chicken bouillon,,chicken bouillon
1768,olive oil or more,olive oil,,olive oil
1769,fresh jalapeno peppers chopped,jalapeno pepper,fresh,jalapeno pepper|fresh
1770,fresh chili pepper or more chopped adjust to taste more or less,chili pepper adjust les,fresh,chili pepper adjust les|fresh
1771,juice of i medium lemon adjust,juice medium lemon adjust,,juice medium lemon adjust
1772,fresh oregano,oregano,fresh,oregano|fresh
1773,bouillon powder or salt,bouillon salt,powder,bouillon salt|powder
1774,chopped pineapple,pineapple,,pineapple
1775,minced onion,onion,,onion
1776,sriracha or hot sauce,sriracha hot sauce,,sriracha hot sauce
1777,pineapple juice,pineapple juice,,pineapple juice
1778,453.6 grams carrots sliced,carrot,,carrot
1779,sweetener,sweetener,,sweetener
1780,1/2 teaspoon nutmeg,nutmeg,,nutmeg
1781,apricot preserve,apricot preserve,,apricot preserve
1782,pineapple,pineapple,,pineapple
1783,2 knob ginger,knob ginger,,knob ginger
1784,ice,ice,,ice
1785,fresh jalapeno peppers,jalapeno pepper,fresh,jalapeno pepper|fresh
1786,fresh chili pepper,chili pepper,fresh,chili pepper|fresh
1787,dark vinegar,dark vinegar,,dark vinegar
1788,jalapeño,jalape,,jalape
1789,green plantains per cup of flour,green plantain per flour,,green plantain per flour
1790,or more brown rice,brown rice,,brown rice
1791,overly ripe plantains or bananas,overly ripe plantain banana,,overly ripe plantain banana
1792,1/2-1 teaspoon cayenne pepper or pepper sauce,cayenne pepper pepper sauce,,cayenne pepper pepper sauce
1793,finely chopped onions,onion,,onion
1794,1/2-1 teaspoon nutmeg,nutmeg,,nutmeg
1795,sweetened condensed milk,sweetened condensed milk,,sweetened condensed milk
1796,optional sweeteners: brown sugar,sweetener brown sugar,,sweetener brown sugar
1797,of yam sub potatoes,yam sub potato,,yam sub potato
1798,1/2 - 21/2 pounds chicken cut in chunks,pound chicken chunk,,pound chicken chunk
1799,or more canola or vegetable oil,canola vegetable oil,,canola vegetable oil
1800,creole seasoning spice,creole seasoning spice,,creole seasoning spice
1801,habanero pepper or scotch bonnet,habanero pepper scotch bonnet,,habanero pepper scotch bonnet
1802,( fresh leafy greens,leafy green,fresh,leafy green|fresh
1803,or more chicken bouillon powder,chicken bouillon,powder,chicken bouillon|powder
1804,chicken (3½-4 pounds,chicken pound,,chicken pound
1805,bulb garlic,bulb garlic,,bulb garlic
1806,maggie or chicken bouillon,maggie chicken bouillon,,maggie chicken bouillon
1807,water if needed,water if,,water if
1808,green bell peppers,green bell pepper,,green bell pepper
1809,ghana yams,ghana yam,,ghana yam
1810,groundnuts or skinless peanuts,groundnut skinles peanut,,groundnut skinles peanut
1811,fresh pumpkin leaves or spinach,pumpkin leave spinach,fresh,pumpkin leave spinach|fresh
1812,boiling and ice water,boiling ice water,,boiling ice water
1813,habanero pepper or hot sauce,habanero pepper hot sauce,,habanero pepper hot sauce
1814,all purpose flour plus more,all purpose flour,,all purpose flour
1815,3- tablespoon ghee clarified butter or oil,ghee clarified butter oil,,ghee clarified butter oil
1816,3/4 potatoes cubed and boiled,potato boiled,,potato boiled
1817,pepper sauce or chili sauce,pepper sauce chili sauce,,pepper sauce chili sauce
1818,ginger grated,ginger,,ginger
1819,mature coconut,mature coconut,,mature coconut
1820,1-11/2 teaspoon salt,salt,,salt
1821,meat goat or beef shank,meat goat beef shank,,meat goat beef shank
1822,cubes maggie,cube maggie,,cube maggie
1823,unsweetened coconut flakes,unsweetened coconut flake,,unsweetened coconut flake
1824,vanilla bean or ¼ teaspoon of ground nutmeg,vanilla bean nutmeg,ground,vanilla bean nutmeg|ground
1825,all-purpose flour or self-rising flour,all-purpose flour self-rising flour,,all-purpose flour self-rising flour
1826,smoked sausage,sausage,smoked,sausage|smoked
1827,bouillon powder or cube,bouillon cube,powder,bouillon cube|powder
1828,15-ounce can cannellini beans,-ounce cannellini bean,canned,-ounce cannellini bean|canned
1829,evaporated milk (5 ounce,evaporated milk ounce,,evaporated milk ounce
1830,1/2 – 4 cups all purpose flour,all purpose flour,,all purpose flour
1831,crushed cardamom spice,cardamom spice,,cardamom spice
1832,grated nutmeg or cinnamon,nutmeg cinnamon,,nutmeg cinnamon
1833,dried red sorrel calyces,red sorrel calyce,dried,red sorrel calyce|dried
1834,hot water or more,hot water,,hot water
1835,orange,orange,,orange
1836,rum to taste,rum,,rum
1837,white rice,white rice,,white rice
1838,1-11/2 teaspoon turmeric powder,turmeric,powder,turmeric|powder
1839,brown rice,brown rice,,brown rice
1840,3 tablespoons cooking oil,cooking oil,,cooking oil
1841,1/2-1 teaspoon salt-free creole seasoning or your favorite spice mix,salt-free creole seasoning your favorite spice mix,,salt-free creole seasoning your favorite spice mix
1842,chopped smoked turkey,turkey,smoked,turkey|smoked
1843,1/2-1 teaspoon cayenne pepper or a scotch bonnet pepper,cayenne pepper scotch bonnet pepper,,cayenne pepper scotch bonnet pepper
1844,bell pepper (green,bell pepper green,,bell pepper green
1845,grated cheese,cheese,,cheese
1846,kale or collard greens,kale collard green,,kale collard green
1847,minced beef or chicken,beef chicken,,beef chicken
1848,canola oil or more,canola oil,,canola oil
1849,cayenne pepper or more,cayenne pepper,,cayenne pepper
1850,lemon juice about ½ a lemon,lemon juice about lemon,,lemon juice about lemon
1851,bouillon powder or 1 cube,bouillon cube,powder,bouillon cube|powder
1852,1/2-1 teaspoon cayenne pepper or hot sauce,cayenne pepper hot sauce,,cayenne pepper hot sauce
1853,fish white,fish white,,fish white
1854,salt and white pepper or more,salt white pepper,,salt white pepper
1855,parsley and basil,parsley basil,,parsley basil
1856,potatoes and cassava,potato cassava,,potato cassava
1857,vegetables (carrots,vegetable carrot,,vegetable carrot
1858,uncooked short-grain rice,uncooked short-grain rice,,uncooked short-grain rice
1859,cream of tartar,cream tartar,,cream tartar
1860,fine cornmeal,fine cornmeal,,fine cornmeal
1861,1-11/2 beef stew meat,beef stew meat,,beef stew meat
1862,14-ounce can diced tomatoes,-ounce tomato,canned,-ounce tomato|canned
1863,beef broth or water,beef broth water,,beef broth water
1864,10-ounce bag frozen baby lima beans,-ounce bag baby lima bean,frozen,-ounce bag baby lima bean|frozen
1865,beef bouillon or a beef bouillon cube,beef bouillon beef bouillon cube,,beef bouillon beef bouillon cube
1866,¼-ounce yeast,-ounce yeast,,-ounce yeast
1867,minced meat,meat,,meat
1868,hot sauce or cayenne pepper,hot sauce cayenne pepper,,hot sauce cayenne pepper
1869,frozen peas and carrots,pea carrot,frozen,pea carrot|frozen
1870,canned coconut milk slightly warmed,coconut milk slightly warmed,canned,coconut milk slightly warmed|canned
1871,1 teaspoon salt,salt,,salt
1872,– 1-cup sugar brown,-cup sugar brown,,-cup sugar brown
1873,spice cardamom,spice cardamom,,spice cardamom
1874,coconut,coconut,,coconut
1875,sea bass,sea bass,,sea bass
1876,lemon or lime if that's what's available,lemon lime if that what available,,lemon lime if that what available
1877,chicken bouillon or cubes,chicken bouillon cube,,chicken bouillon cube
1878,1/2-1 cup water or oil,water oil,,water oil
1879,cherry tomatoes,cherry tomato,,cherry tomato
1880,21/2-3 pounds skin-on chicken,pound skin-on chicken,,pound skin-on chicken
1881,2- 2 1/2 pounds white fish skin- on,pound white fish skin-,,pound white fish skin-
1882,of garlic minced,garlic,,garlic
1883,green seasoning or 2-3 tablespoon fresh herbs basil,green seasoning herb basil,fresh,green seasoning herb basil|fresh
1884,habanera pepper scotch bonnet,habanera pepper scotch bonnet,,habanera pepper scotch bonnet
1885,chicken bouillon maggie powder,chicken bouillon maggie,powder,chicken bouillon maggie|powder
1886,scallions,scallion,,scallion
1887,feta cheese,feta cheese,,feta cheese
1888,pesto sauce,pesto sauce,,pesto sauce
1889,yellow squash,yellow squash,,yellow squash
1890,sliced baby portabella mushrooms,baby portabella mushroom,,baby portabella mushroom
1891,smoked sweet paprika,sweet paprika,smoked,sweet paprika|smoked
1892,finely chopped almond,almond,,almond
1893,spinach (blanches,spinach blanche,,spinach blanche
1894,4 ounces gruyere,ounce gruyere,,ounce gruyere
1895,fresh cheese (ricotta,cheese ricotta,fresh,cheese ricotta|fresh
1896,chili flakes,chili flake,,chili flake
1897,chicken thigh fillet,chicken thigh fillet,,chicken thigh fillet
1898,brown onions,brown onion,,brown onion
1899,tinned crushed tomatoes,tomato,canned,tomato|canned
1900,stick cinnamon,stick cinnamon,,stick cinnamon
1901,long green chilies,long green chily,,long green chily
1902,chopped coriander leaves,coriander leave,,coriander leave
1903,yellow onions,yellow onion,,yellow onion
1904,minced fresh gingerroot or 2 teaspoons ground ginger,gingerroot ginger,fresh,gingerroot ginger|fresh
1905,fire-roasted diced tomatoes,fire-roasted tomato,,fire-roasted tomato
1906,unblanched almonds,unblanched almond,,unblanched almond
1907,butter or 2 tablespoons margarine,butter margarine,,butter margarine
1908,long-grain white rice,long-grain white rice,,long-grain white rice
1909,vegetable stock powder,vegetable stock,powder,vegetable stock|powder
1910,grated an orange,orange,,orange
1911,1/4-1/2 cup chopped almonds or 1/4-1/2 cup pine nuts,almond pine nut,,almond pine nut
1912,1/4-1/2 cup currants,currant,,currant
1913,butter or 2 tablespoons olive oil,butter olive oil,,butter olive oil
1914,1/4-1/2 cup dried apricot,apricot,dried,apricot|dried
1915,spring onions,spring onion,,spring onion
1916,ripe avocados,ripe avocado,,ripe avocado
1917,piquillo peppers,piquillo pepper,,piquillo pepper
1918,fresh orange juice,orange juice,fresh,orange juice|fresh
1919,fresh lime juice,lime juice,fresh,lime juice|fresh
1920,kosher salt & freshly ground black pepper,kosher salt black pepper,ground,kosher salt black pepper|ground
1921,dry mustard,mustard,dried,mustard|dried
1922,fresh ground black pepper,black pepper,fresh,black pepper|fresh
1923,dried orange peel,orange peel,dried,orange peel|dried
1924,four 6-ounce tuna steak,four -ounce tuna steak,,four -ounce tuna steak
1925,peanut oil or 1/4 cup canola oil,peanut oil canola oil,,peanut oil canola oil
1926,champagne vinegar,champagne vinegar,,champagne vinegar
1927,seedless european cucumber,seedles european cucumber,,seedles european cucumber
1928,butter or 2/3 cup margarine,butter margarine,,butter margarine
1929,salted peanuts,salted peanut,,salted peanut
1930,unsweetened dried shredded coconut,unsweetened shredded coconut,dried,unsweetened shredded coconut|dried
1931,low-sodium pinto beans,low-sodium pinto bean,,low-sodium pinto bean
1932,amarula cream liqueur,amarula cream liqueur,,amarula cream liqueur
1933,cointreau orange liqueur,cointreau orange liqueur,,cointreau orange liqueur
1934,3 lbs chicken,chicken,,chicken
1935,finely chopped pared apple,pared apple,,pared apple
1936,sliced celery,celery,,celery
1937,3 teaspoons curry powder,curry,powder,curry|powder
1938,cold chicken broth,cold chicken broth,,cold chicken broth
1939,diced cooked chicken,cooked chicken,,cooked chicken
1940,sliced mushrooms,mushroom,,mushroom
1941,chopped banana,banana,,banana
1942,chutney,chutney,,chutney
1943,packed fresh cilantro,packed cilantro,fresh,packed cilantro|fresh
1944,packed fresh parsley,packed parsley,fresh,packed parsley|fresh
1945,almonds,almond,,almond
1946,2 garlic clove,garlic,,garlic
1947,uncooked couscous,uncooked couscous,,uncooked couscous
1948,tunisian pesto sauce,tunisian pesto sauce,,tunisian pesto sauce
1949,crushed red pepper flakes,red pepper flake,,red pepper flake
1950,6 lbs split chicken wings,split chicken wing,,split chicken wing
1951,cocoa powder,cocoa,powder,cocoa|powder
1952,vanilla flavoring,vanilla flavoring,,vanilla flavoring
1953,shredded coconut,shredded coconut,,shredded coconut
1954,kahlua,kahlua,,kahlua
1955,amaretto,amaretto,,amaretto
1956,coffee,coffee,,coffee
1957,chocolate ice cream,chocolate ice cream,,chocolate ice cream
1958,dried garlic,garlic,dried,garlic|dried
1959,banana,banana,,banana
1960,guava,guava,,guava
1961,melon,melon,,melon
1962,papaya,papaya,,papaya
1963,peach,peach,,peach
1964,pear,pear,,pear
1965,fresh grated coconut or chopped roasted peanuts,coconut roasted peanut,fresh,coconut roasted peanut|fresh
1966,honey or sugar,honey sugar,,honey sugar
1967,dashes nutmeg,dashe nutmeg,,dashe nutmeg
1968,raw peanuts,raw peanut,,raw peanut
1969,chili,chili,,chili
1970,fresh mint leaves,mint leave,fresh,mint leave|fresh
1971,4 tablespoons fresh lime juice,lime juice,fresh,lime juice|fresh
1972,oranges,orange,,orange
1973,radish,radish,,radish
1974,sea salt and pepper,sea salt pepper,,sea salt pepper
1975,4 fresh dates,date,fresh,date|fresh
1976,3 tablespoons pomegranate seeds,pomegranate seed,,pomegranate seed
1977,lettuce leaf,lettuce leaf,,lettuce leaf
1978,mint tea bags,mint tea bag,,mint tea bag
1979,finely chopped spinach,spinach,,spinach
1980,pita bread,pita bread,,pita bread
1981,dried red kidney beans,red kidney bean,dried,red kidney bean|dried
1982,fresh garlic,garlic,fresh,garlic|fresh
1983,powdered kelp (sub sea salt,kelp sub sea salt,powder,kelp sub sea salt|powder
1984,sea salt & pepper,sea salt pepper,,sea salt pepper
1985,dried pinto bean,pinto bean,dried,pinto bean|dried
1986,garlic clove,garlic,,garlic
1987,fresh parsley or 1/4 cup cilantro,parsley cilantro,fresh,parsley cilantro|fresh
1988,light coconut milk,light coconut milk,,light coconut milk
1989,tomatoes or 410 g canned tomatoes,tomato tomato,canned,tomato tomato|canned
1990,sherry wine,sherry wine,,sherry wine
1991,salt & freshly ground black pepper,salt black pepper,ground,salt black pepper|ground
1992,chopped mint leaf,mint leaf,,mint leaf
1993,chopped fresh cilantro or 2 tablespoons fresh parsley,cilantro parsley,fresh,cilantro parsley|fresh
1994,boneless leg of lamb or 2 lbs beef sirloin,boneles leg lamb beef sirloin,,boneles leg lamb beef sirloin
1995,green peppers,green pepper,,green pepper
1996,white onions,white onion,,white onion
1997,celery ribs,celery rib,,celery rib
1998,chopped onion (or 2t minced flakes,onion flake,,onion flake
1999,clove,,,
2000,cardamom (or more,cardamom,,cardamom
2001,water (plus more,water,,water
2002,milk (cow,milk cow,,milk cow
2003,okra (chopped,okra,,okra
2004,quart water,quart water,,quart water
2005,powdered saffron,saffron,powder,saffron|powder
2006,oil (for frying,oil frying,,oil frying
2007,fresh pineapple or 4 cups canned pineapple,pineapple pineapple,fresh,pineapple pineapple|fresh
2008,mangoes,mango,,mango
2009,dark brown sugar,dark brown sugar,,dark brown sugar
2010,unsweetened coconut,unsweetened coconut,,unsweetened coconut
2011,chicken stock or 350 ml vegetable stock,chicken stock vegetable stock,,chicken stock vegetable stock
2012,good pinch saffron strand,good saffron strand,,good saffron strand
2013,red chili,red chili,,red chili
2014,lamb,lamb,,lamb
2015,green beans or 7 ounces peas,green bean ounce pea,,green bean ounce pea
2016,artichoke hearts,artichoke heart,,artichoke heart
2017,shallots,shallot,,shallot
2018,grated carrot,carrot,,carrot
2019,pasta,pasta,,pasta
2020,almond butter,almond butter,,almond butter
2021,ras-el-hanout mixed spice,ras-el-hanout mixed spice,,ras-el-hanout mixed spice
2022,albacore tuna,albacore tuna,,albacore tuna
2023,celery seeds,celery seed,,celery seed
2024,water chestnuts,water chestnut,,water chestnut
2025,green apples,green apple,,green apple
2026,vanilla wafer crumbs,vanilla wafer crumb,,vanilla wafer crumb
2027,cream cheese,cream cheese,,cream cheese
2028,macadamia nuts,macadamia nut,,macadamia nut
2029,kiwi,kiwi,,kiwi
2030,pineapple preserves,pineapple preserve,,pineapple preserve
2031,dry sherry,sherry,dried,sherry|dried
2032,frozen orange juice concentrate,orange juice concentrate,frozen,orange juice concentrate|frozen
2033,whipped cream cheese,whipped cream cheese,,whipped cream cheese
2034,crushed pineapple,pineapple,,pineapple
2035,pecans,pecan,,pecan
2036,ground turkey or 1 lb 96% lean ground beef,turkey lean beef,ground,turkey lean beef|ground
2037,cooked brown rice,cooked brown rice,,cooked brown rice
2038,crushed pineapple with juice,pineapple juice,,pineapple juice
2039,reduced sodium soy sauce,reduced sodium soy sauce,,reduced sodium soy sauce
2040,unsalted chicken stock,unsalted chicken stock,,unsalted chicken stock
2041,chili sauce,chili sauce,,chili sauce
2042,rice vinegar,rice vinegar,,rice vinegar
2043,pizza dough,pizza dough,,pizza dough
2044,salt & pepper,salt pepper,,salt pepper
2045,shredded mozzarella cheese,shredded mozzarella cheese,,shredded mozzarella cheese
2046,prosciutto,prosciutto,,prosciutto
2047,frisee,frisee,,frisee
2048,75% lean ground beef,lean beef,ground,lean beef|ground
2049,spam,spam,,spam
2050,grated sweet yellow onion,sweet yellow onion,,sweet yellow onion
2051,fine sea salt,fine sea salt,,fine sea salt
2052,fresh ground white pepper,white pepper,fresh,white pepper|fresh
2053,dry sake,sake,dried,sake|dried
2054,teriyaki sauce,teriyaki sauce,,teriyaki sauce
2055,sriracha sauce,sriracha sauce,,sriracha sauce
2056,minced onion flakes,onion flake,,onion flake
2057,havarti cheese,havarti cheese,,havarti cheese
2058,cooked crisp bacon,cooked crisp bacon,,cooked crisp bacon
2059,fresh pineapple,pineapple,fresh,pineapple|fresh
2060,sweet red onions,sweet red onion,,sweet red onion
2061,leaves fresh green leaf lettuce,leave green leaf lettuce,fresh,leave green leaf lettuce|fresh
2062,diced green chilies,green chily,,green chily
2063,king's original sweet hawaiian rolls,king original sweet hawaiian roll,,king original sweet hawaiian roll
2064,salted butter,salted butter,,salted butter
2065,hoisin sauce,hoisin sauce,,hoisin sauce
2066,fresh gingerroot,gingerroot,fresh,gingerroot|fresh
2067,sweet peas or 1 cup snow peas,sweet pea snow pea,,sweet pea snow pea
2068,granny smith apple,granny smith apple,,granny smith apple
2069,of fresh mint,mint,fresh,mint|fresh
2070,low sodium chicken broth,low sodium chicken broth,,low sodium chicken broth
2071,dried apricot,apricot,dried,apricot|dried
2072,almond,almond,,almond
2073,fresh cilantro leaves,cilantro leave,fresh,cilantro leave|fresh
2074,lemon zest,lemon zest,,lemon zest
2075,apricot nectar,apricot nectar,,apricot nectar
2076,boneless skinless chicken breast halves,boneles skinles chicken breast halve,,boneles skinles chicken breast halve
2077,minced fresh basil,basil,fresh,basil|fresh
2078,boneless chicken,boneles chicken,,boneles chicken
2079,apricot preserves,apricot preserve,,apricot preserve
2080,finely chopped dried apricot,apricot,dried,apricot|dried
2081,japanese eggplant,japanese eggplant,,japanese eggplant
2082,wheat instant couscous,wheat instant couscous,,wheat instant couscous
2083,15 basil leaves,basil leave,,basil leave
2084,orange flower water,orange flower water,,orange flower water
2085,green chilies,green chily,,green chily
2086,cumin powder,cumin,powder,cumin|powder
2087,mustard powder,mustard,powder,mustard|powder
2088,yoghurt,yoghurt,,yoghurt
2089,thyme leaves,thyme leave,,thyme leave
2090,baby spinach leaves,baby spinach leave,,baby spinach leave
2091,parmesan cheese,parmesan cheese,,parmesan cheese
2092,tofu,tofu,,tofu
2093,spears fresh asparagus,spear asparagu,fresh,spear asparagu|fresh
2094,agave nectar,agave nectar,,agave nectar
2095,of fresh beet,beet,fresh,beet|fresh
2096,large pearl couscous,large pearl couscous,,large pearl couscous
2097,chicken breasts,chicken breast,,chicken breast
2098,boiling chicken stock,boiling chicken stock,,boiling chicken stock
2099,seasoning salt,seasoning salt,,seasoning salt
2100,ras el hanout spice mix,ras el hanout spice mix,,ras el hanout spice mix
2101,flaked sea salt,flaked sea salt,,flaked sea salt
2102,crushed dried red chilies,red chily,dried,red chily|dried
2103,red chilies,red chily,,red chily
2104,chopped tomato,tomato,,tomato
2105,shredded cheese,shredded cheese,,shredded cheese
2106,ground sirloin,sirloin,ground,sirloin|ground
2107,fresh flat-leaf parsley (plus 2 tbsp,flat-leaf parsley,fresh,flat-leaf parsley|fresh
2108,english cucumbers,english cucumber,,english cucumber
2109,plain fat-free greek yogurt,plain fat-free greek yogurt,,plain fat-free greek yogurt
2110,sirloin,sirloin,,sirloin
2111,kohlrabi,kohlrabi,,kohlrabi
2112,dates,date,,date
2113,golden raisin,golden raisin,,golden raisin
2114,fresh black pepper,black pepper,fresh,black pepper|fresh
2115,allspice,allspice,,allspice
2116,beef bouillon cube,beef bouillon cube,,beef bouillon cube
2117,pure chile powder or 2 tablespoons cayenne pepper,pure chile cayenne pepper,powder,pure chile cayenne pepper|powder
2118,sweet paprika,sweet paprika,,sweet paprika
2119,set 3-4 sweet potato,set sweet potato,,set sweet potato
2120,set 1/2 tsp coconut oil,set coconut oil,,set coconut oil
2121,set 1/2 red onions,set red onion,,set red onion
2122,set 1 tbsp ginger,set ginger,,set ginger
2123,set 1 tbsp rawspicebar's berbere,set rawspicebar berbere,,set rawspicebar berbere
2124,set 1 cup cooked chickpeas,set cooked chickpea,,set cooked chickpea
2125,set 1 cups baby spinach,set baby spinach,,set baby spinach
2126,chicken broth or 1 1/4 cups vegetable broth,chicken broth vegetable broth,,chicken broth vegetable broth
2127,3 tablespoons extra virgin olive oil,extra virgin olive oil,,extra virgin olive oil
2128,8 green onions,green onion,,green onion
2129,fresh jalapeno pepper,jalapeno pepper,fresh,jalapeno pepper|fresh
2130,corn kernel (fresh is best,corn kernel is best,,corn kernel is best
2131,can black beans,black bean,canned,black bean|canned
2132,envelope goya salad and veggie seasoning,envelope goya salad veggie seasoning,,envelope goya salad veggie seasoning
2133,ground chicken breast,chicken breast,ground,chicken breast|ground
2134,minced fresh sweet basil or 3 tablespoons minced fresh holy basil,sweet basil holy basil,fresh,sweet basil holy basil|fresh
2135,black pepper sauce,black pepper sauce,,black pepper sauce
2136,chopped leeks,leek,,leek
2137,chopped yellow onions,yellow onion,,yellow onion
2138,sliced red radishes,red radishe,,red radishe
2139,chopped scallion,scallion,,scallion
2140,minced fresh garlic,garlic,fresh,garlic|fresh
2141,braggs liquid aminos (to taste,bragg liquid amino,,bragg liquid amino
2142,black pepper sauce (lee kum kee brand,black pepper sauce lee kum kee brand,,black pepper sauce lee kum kee brand
2143,arrowroot,arrowroot,,arrowroot
2144,fresh cauliflower florets,cauliflower floret,fresh,cauliflower floret|fresh
2145,wholewheat couscous,wholewheat couscous,,wholewheat couscous
2146,blueberries,blueberry,,blueberry
2147,mint,mint,,mint
2148,ground lamb,lamb,ground,lamb|ground
2149,chopped blanched almond,blanched almond,,blanched almond
2150,whipping cream,whipping cream,,whipping cream
2151,brandy,brandy,,brandy
2152,buttered rice,buttered rice,,buttered rice
2153,vinegar or 2 tablespoons lemon juice,vinegar lemon juice,,vinegar lemon juice
2154,bay leaves or 1 lemon,bay leave lemon,,bay leave lemon
2155,3 tablespoons oil,oil,,oil
2156,3 slices white bread,white bread,,white bread
2157,vinegar or 1/4 cup lemon juice,vinegar lemon juice,,vinegar lemon juice
2158,2 tablespoon curry powder,curry,powder,curry|powder
2159,fresh bay leaves (if using dry,bay leave if using,fresh,bay leave if using|fresh
2160,unsweetened black tea,unsweetened black tea,,unsweetened black tea
2161,ground fennel,fennel,ground,fennel|ground
2162,asafoetida powder,asafoetida,powder,asafoetida|powder
2163,mustard seeds,mustard seed,,mustard seed
2164,15 curry leaves,curry leave,,curry leave
2165,3 red chilies,red chily,,red chily
2166,green chili,green chili,,green chili
2167,fresh coconut,coconut,fresh,coconut|fresh
2168,lemon wedge,lemon wedge,,lemon wedge
2169,cinnamon sticks,cinnamon stick,,cinnamon stick
2170,stem fresh curry leaf,stem curry leaf,fresh,stem curry leaf|fresh
2171,10 loaves unsliced firm white bread,loave unsliced firm white bread,,loave unsliced firm white bread
2172,curry leaves,curry leave,,curry leave
2173,durban masala (if unavailable,durban masala if unavailable,,durban masala if unavailable
2174,crushed garlic,garlic,,garlic
2175,crusty square loaves bread,crusty square loave bread,,crusty square loave bread
2176,fresh coriander leaves,coriander leave,fresh,coriander leave|fresh
2177,crushed pineapple or mint,pineapple mint,,pineapple mint
2178,peri-peri,peri-peri,,peri-peri
2179,sultana,sultana,,sultana
2180,hot red pepper flakes or tabasco sauce,hot red pepper flake tabasco sauce,,hot red pepper flake tabasco sauce
2181,box chicken and herb couscous mix,box chicken herb couscous mix,,box chicken herb couscous mix
2182,red sweet bell pepper,red sweet bell pepper,,red sweet bell pepper
2183,fresh broccoli florets,broccoli floret,fresh,broccoli floret|fresh
2184,wheat couscous,wheat couscous,,wheat couscous
2185,baby carrots,baby carrot,,baby carrot
2186,minced fresh parsley leaves,parsley leave,fresh,parsley leave|fresh
2187,leaf lettuce,leaf lettuce,,leaf lettuce
2188,4 large carrots,large carrot,,large carrot
2189,walnuts,walnut,,walnut
2190,cooked couscous,cooked couscous,,cooked couscous
2191,cucumbers,cucumber,,cucumber
2192,cooked garbanzo beans,cooked garbanzo bean,,cooked garbanzo bean
2193,kalamata olive,kalamata olive,,kalamata olive
2194,chopped of fresh mint,mint,fresh,mint|fresh
2195,israeli couscous,israeli couscous,,israeli couscous
2196,cauliflower florets,cauliflower floret,,cauliflower floret
2197,fresh ground pepper,pepper,fresh,pepper|fresh
2198,low sodium vegetable broth,low sodium vegetable broth,,low sodium vegetable broth
2199,cauliflower,cauliflower,,cauliflower
2200,fire-roasted tomatoes,fire-roasted tomato,,fire-roasted tomato
2201,cilantro leaf,cilantro leaf,,cilantro leaf
2202,freshly cooked couscous,cooked couscous,,cooked couscous
2203,4 teaspoons black tea leaves,black tea leave,,black tea leave
2204,4 cinnamon sticks,cinnamon stick,,cinnamon stick
2205,vegetable bouillon cube,vegetable bouillon cube,,vegetable bouillon cube
2206,2 tablespoon oil,oil,,oil
2207,fresh cilantro or 1 flat leaf parsley,cilantro flat leaf parsley,fresh,cilantro flat leaf parsley|fresh
2208,red chili pepper,red chili pepper,,red chili pepper
2209,ground thyme,thyme,ground,thyme|ground
2210,saffron thread,saffron thread,,saffron thread
2211,firm tomatoes,firm tomato,,firm tomato
2212,breadcrumbs,breadcrumb,,breadcrumb
2213,5 boneless skinless chicken breast halves,boneles skinles chicken breast halve,,boneles skinles chicken breast halve
2214,can chicken broth,chicken broth,canned,chicken broth|canned
2215,boneless skinless chicken breasts,boneles skinles chicken breast,,boneles skinles chicken breast
2216,unbleached all-purpose flour,unbleached all-purpose flour,,unbleached all-purpose flour
2217,salt & fresh ground pepper,salt pepper,fresh,salt pepper|fresh
2218,fennel bulb,fennel bulb,,fennel bulb
2219,minced fresh cilantro leaves,cilantro leave,fresh,cilantro leave|fresh
2220,bag matchstick cut carrots,bag matchstick carrot,,bag matchstick carrot
2221,of cubed zucchini,zucchini,,zucchini
2222,cans chicken broth,chicken broth,,chicken broth
2223,box of quick cooking couscous,box quick cooking couscous,,box quick cooking couscous
2224,pepper sauce,pepper sauce,,pepper sauce
2225,grated orange peel,orange peel,,orange peel
2226,boneless skinless chicken breast,boneles skinles chicken breast,,boneles skinles chicken breast
2227,about 2 cups peeled and cubed butternut squash,about butternut squash,,about butternut squash
2228,halved potted black oil-cured olives,potted black oil-cured olive,,potted black oil-cured olive
2229,prunes,prune,,prune
2230,fresh flat leaf parsley,flat leaf parsley,fresh,flat leaf parsley|fresh
2231,flat leaf parsley,flat leaf parsley,,flat leaf parsley
2232,ground red pepper,red pepper,ground,red pepper|ground
2233,fat-free chicken broth,fat-free chicken broth,,fat-free chicken broth
2234,chicken legs,chicken leg,,chicken leg
2235,gingerroot,gingerroot,,gingerroot
2236,preserved lemon,preserved lemon,,preserved lemon
2237,harissa or 2 teaspoons chili paste,harissa chili,paste,harissa chili|paste
2238,ginger powder,ginger,powder,ginger|powder
2239,turmeric or 1 teaspoon saffron,turmeric saffron,,turmeric saffron
2240,dried chilies,chily,dried,chily|dried
2241,4 chicken breasts,chicken breast,,chicken breast
2242,2 small onion,small onion,,small onion
2243,4 carrots,carrot,,carrot
2244,2 potato,potato,,potato
2245,2 tomatoes,tomato,,tomato
2246,olive,olive,,olive
2247,chicken breast halves,chicken breast halve,,chicken breast halve
2248,reduced-sodium chicken broth,reduced-sodium chicken broth,,reduced-sodium chicken broth
2249,chopped green olives,green olive,,green olive
2250,grated fresh lemon rind,lemon rind,fresh,lemon rind|fresh
2251,can plum tomatoes,plum tomato,canned,plum tomato|canned
2252,hot cooked couscous,hot cooked couscous,,hot cooked couscous
2253,fresh flat-leaf parsley,flat-leaf parsley,fresh,flat-leaf parsley|fresh
2254,mild honey,mild honey,,mild honey
2255,string,string,,string
2256,boneless skinless chicken thighs,boneles skinles chicken thigh,,boneles skinles chicken thigh
2257,fennel bulbs,fennel bulb,,fennel bulb
2258,green olives in brine,green olive brine,,green olive brine
2259,grated lemon,lemon,,lemon
2260,button mushrooms,button mushroom,,button mushroom
2261,dried figs,fig,dried,fig|dried
2262,black olives,black olive,,black olive
2263,shelled pistachio nuts or 1/3 cup pine nuts,shelled pistachio nut pine nut,,shelled pistachio nut pine nut
2264,3 tablespoons chopped fresh parsley,parsley,fresh,parsley|fresh
2265,saffron threads,saffron thread,,saffron thread
2266,preserved lemon rind,preserved lemon rind,,preserved lemon rind
2267,chopped flat leaf parsley,flat leaf parsley,,flat leaf parsley
2268,crusty bread,crusty bread,,crusty bread
2269,3 lbs skinless chicken pieces,skinles chicken,,skinles chicken
2270,1/2-2 tablespoons fragrant honey,fragrant honey,,fragrant honey
2271,sesame seeds,sesame seed,,sesame seed
2272,chicken stock or 2 cups canned low sodium chicken broth,chicken stock low sodium chicken broth,canned,chicken stock low sodium chicken broth|canned
2273,kumquats,kumquat,,kumquat
2274,cooked chickpeas or 2 cans chickpeas,cooked chickpea chickpea,,cooked chickpea chickpea
2275,very ripe tomatoes (about 5 large,very ripe tomato about large,,very ripe tomato about large
2276,can kidney beans,kidney bean,canned,kidney bean|canned
2277,/ 250ml israeli couscous,israeli couscous,,israeli couscous
2278,/ 45ml olive oil,olive oil,,olive oil
2279,/ 225g chorizo sausage,chorizo sausage,,chorizo sausage
2280,peel of 1 preserved lemon,peel preserved lemon,,peel preserved lemon
2281,fresh chives,chive,fresh,chive|fresh
2282,/ 750ml coarse salt,coarse salt,,coarse salt
2283,/ 375ml fresh lemon juice,lemon juice,fresh,lemon juice|fresh
2284,/ 15ml peppercorn,peppercorn,,peppercorn
2285,fresh kaffir lime leaves,kaffir lime leave,fresh,kaffir lime leave|fresh
2286,diced dates,date,,date
2287,cornflour,cornflour,,cornflour
2288,soymilk,soymilk,,soymilk
2289,golden syrup,golden syrup,,golden syrup
2290,mixed spice,mixed spice,,mixed spice
2291,diced onions or 1 large onion,onion large onion,,onion large onion
2292,sliced mushrooms or 6 -8 mushrooms,mushroom mushroom,,mushroom mushroom
2293,quick couscous or 12 ounces israeli couscous,quick couscous ounce israeli couscous,,quick couscous ounce israeli couscous
2294,black beans,black bean,,black bean
2295,chopped red onions,red onion,,red onion
2296,chopped green peppers,green pepper,,green pepper
2297,chopped yellow peppers,yellow pepper,,yellow pepper
2298,chopped orange bell peppers,orange bell pepper,,orange bell pepper
2299,chopped red peppers,red pepper,,red pepper
2300,white wine vinegar,white wine vinegar,,white wine vinegar
2301,white balsamic vinegar,white balsamic vinegar,,white balsamic vinegar
2302,chopped fresh basil,basil,fresh,basil|fresh
2303,chopped fresh marjoram,marjoram,fresh,marjoram|fresh
2304,corn,corn,,corn
2305,bottle italian salad dressing,bottle italian salad dressing,,bottle italian salad dressing
2306,boneless chicken thighs,boneles chicken thigh,,boneles chicken thigh
2307,israeli couscous or 250 g normal couscous,israeli couscous normal couscous,,israeli couscous normal couscous
2308,nuts,nut,,nut
2309,mung beans,mung bean,,mung bean
2310,golden beets,golden beet,,golden beet
2311,beet leaves,beet leave,,beet leave
2312,portabella mushrooms,portabella mushroom,,portabella mushroom
2313,italian seasoning,italian seasoning,,italian seasoning
2314,nutritional yeast,nutritional yeast,,nutritional yeast
2315,sherry wine vinegar,sherry wine vinegar,,sherry wine vinegar
2316,3 cups pomegranate seeds,pomegranate seed,,pomegranate seed
2317,olive oil or 1 tablespoon butter,olive oil butter,,olive oil butter
2318,chopped green peppers or 1 cup red pepper,green pepper red pepper,,green pepper red pepper
2319,shredded carrot,shredded carrot,,shredded carrot
2320,cooked chicken,cooked chicken,,cooked chicken
2321,good chicken stock or 2 cups vegetable stock,good chicken stock vegetable stock,,good chicken stock vegetable stock
2322,cucumbers or 1 small zucchini,cucumber small zucchini,,cucumber small zucchini
2323,sweet crisp apple,sweet crisp apple,,sweet crisp apple
2324,currants or 1/3 cup raisins,currant raisin,,currant raisin
2325,2 cup canned chick-peas,chick-pea,canned,chick-pea|canned
2326,bottled vinaigrette dressing or oil and vinegar,bottled vinaigrette dressing oil vinegar,,bottled vinaigrette dressing oil vinegar
2327,can chickpeas,chickpea,canned,chickpea|canned
2328,and chopped medjool dates,medjool date,,medjool date
2329,melted unsalted butter,unsalted butter,,unsalted butter
2330,uncooked medium couscous,uncooked medium couscous,,uncooked medium couscous
2331,icing sugar,icing sugar,,icing sugar
2332,green chili pepper,green chili pepper,,green chili pepper
2333,minced garlic cloves,garlic,,garlic
2334,frozen shelled edamame,shelled edamame,frozen,shelled edamame|frozen
2335,of fresh mint or 1 cup basil leaves,mint basil leave,fresh,mint basil leave|fresh
2336,crumbled feta cheese,crumbled feta cheese,,crumbled feta cheese
2337,chicken or 1 cup vegetable broth,chicken vegetable broth,,chicken vegetable broth
2338,uncooked wheat couscous,uncooked wheat couscous,,uncooked wheat couscous
2339,diced cucumber,cucumber,,cucumber
2340,thinly sliced green onion,green onion,,green onion
2341,chopped fresh oregano or 1 teaspoon dried oregano,oregano oregano,fresh,oregano oregano|fresh
2342,raw shrimp,raw shrimp,,raw shrimp
2343,emeril creole seasoning,emeril creole seasoning,,emeril creole seasoning
2344,chopped andouille sausages,andouille sausage,,andouille sausage
2345,peeled and chopped italian plum tomato,italian plum tomato,,italian plum tomato
2346,hot pepper sauce,hot pepper sauce,,hot pepper sauce
2347,dried oregano leaves,oregano leave,dried,oregano leave|dried
2348,dried leaf thyme,leaf thyme,dried,leaf thyme|dried
2349,size onion,size onion,,size onion
2350,size sweet red pepper,size sweet red pepper,,size sweet red pepper
2351,size yellow sweet pepper,size yellow sweet pepper,,size yellow sweet pepper
2352,box frozen peas,box pea,frozen,box pea|frozen
2353,box couscous,box couscous,,box couscous
2354,chicken bouillon cubes,chicken bouillon cube,,chicken bouillon cube
2355,snow peas,snow pea,,snow pea
2356,craisins,craisin,,craisin
2357,sesame seeds (i do this by dry roasting them in a small fry pan over a medium heat,sesame seed do thi by roasting them small fry pan over medium heat,dried,sesame seed do thi by roasting them small fry pan over medium heat|dried
2358,feta,feta,,feta
2359,ground fresh chili paste,chili,ground,chili|ground
2360,shelled pecans,shelled pecan,,shelled pecan
2361,shredded fresh basil,shredded basil,fresh,shredded basil|fresh
2362,diced raw onion,raw onion,,raw onion
2363,your favorite seasoned sausage,your favorite seasoned sausage,,your favorite seasoned sausage
2364,diced fresh tomatoes,tomato,fresh,tomato|fresh
2365,minced fresh french basil,french basil,fresh,french basil|fresh
2366,chicken broth (or vegetable broth,chicken broth vegetable broth,,chicken broth vegetable broth
2367,fresh lemon juice or lime juice,lemon juice lime juice,fresh,lemon juice lime juice|fresh
2368,no-salt-added chicken broth,no-salt-added chicken broth,,no-salt-added chicken broth
2369,can stewed tomatoes,stewed tomato,canned,stewed tomato|canned
2370,olives,olive,,olive
2371,fresh rosemary leaves,rosemary leave,fresh,rosemary leave|fresh
2372,fresh thyme leave,thyme leave,fresh,thyme leave|fresh
2373,green apple,green apple,,green apple
2374,3 tablespoons maple syrup,maple syrup,,maple syrup
2375,1/2-1 teaspoon kosher salt,kosher salt,,kosher salt
2376,red onions,red onion,,red onion
2377,crumbled goat cheese,crumbled goat cheese,,crumbled goat cheese
2378,coarse salt,coarse salt,,coarse salt
2379,chopped dried apricot,apricot,dried,apricot|dried
2380,two 10-ounce boxes couscous,two -ounce boxe couscous,,two -ounce boxe couscous
2381,dried currant,currant,dried,currant|dried
2382,shelled natural pistachios,shelled natural pistachio,,shelled natural pistachio
2383,chopped fresh mint leaves,mint leave,fresh,mint leave|fresh
2384,mushroom stems and pieces,mushroom stem,,mushroom stem
2385,earth balance vegan butter,earth balance vegan butter,,earth balance vegan butter
2386,currants,currant,,currant
2387,chopped shallot,shallot,,shallot
2388,pumpkin,pumpkin,,pumpkin
2389,inches cinnamon sticks,inche cinnamon stick,,inche cinnamon stick
2390,chicken stock or mushroom stock,chicken stock mushroom stock,,chicken stock mushroom stock
2391,panir,panir,,panir
2392,chicken stock or 2 1/2 cups vegetable stock,chicken stock vegetable stock,,chicken stock vegetable stock
2393,chopped red onion,red onion,,red onion
2394,diced carrot,carrot,,carrot
2395,diced turnip,turnip,,turnip
2396,diced red pepper,red pepper,,red pepper
2397,diced zucchini,zucchini,,zucchini
2398,fresh peas or 1/2 cup frozen peas,pea pea,fresh,pea pea|fresh
2399,chopped fresh coriander,coriander,fresh,coriander|fresh
2400,moroccan mixed spice,moroccan mixed spice,,moroccan mixed spice
2401,vegetable stock,vegetable stock,,vegetable stock
2402,chopped dried fig,fig,dried,fig|dried
2403,harissa or 1 tablespoon hot sauce,harissa hot sauce,,harissa hot sauce
2404,chicken broth or 1 can vegetable broth,chicken broth vegetable broth,canned,chicken broth vegetable broth|canned
2405,sun-dried tomato,sun-dried tomato,,sun-dried tomato
2406,3/4-1 cup pine nuts,pine nut,,pine nut
2407,summer squash,summer squash,,summer squash
2408,baby red capsicums,baby red capsicum,,baby red capsicum
2409,sun-dried tomatoes,sun-dried tomato,,sun-dried tomato
2410,pc unsalted raw california almonds,pc unsalted raw california almond,,pc unsalted raw california almond
2411,carrot harissa dip blended with flax seed,carrot harissa dip blended flax seed,,carrot harissa dip blended flax seed
2412,ricotta cheese,ricotta cheese,,ricotta cheese
2413,square wonton wrappers,square wonton wrapper,,square wonton wrapper
2414,each salt & freshly ground black pepper,each salt black pepper,ground,each salt black pepper|ground
2415,goat meat or 2 lbs lamb stew meat,goat meat lamb stew meat,,goat meat lamb stew meat
2416,heirloom tomatoes,heirloom tomato,,heirloom tomato
2417,quart chicken soup,quart chicken soup,,quart chicken soup
2418,baby arugula,baby arugula,,baby arugula
2419,cubed roasted butternut squash,roasted butternut squash,,roasted butternut squash
2420,thinly sliced onions,onion,,onion
2421,finely grated gingerroot,gingerroot,,gingerroot
2422,dry white wine or 1/2 cup chicken broth,white wine chicken broth,dried,white wine chicken broth|dried
2423,green cardamoms,green cardamom,,green cardamom
2424,chicken thighs (bone-in,chicken thigh bone-in,,chicken thigh bone-in
2425,brown lentils,brown lentil,,brown lentil
2426,chicken broth or 2 cups stock,chicken broth stock,,chicken broth stock
2427,nonstick cooking spray,nonstick cooking spray,,nonstick cooking spray
2428,shoulder lamb chops,shoulder lamb chop,,shoulder lamb chop
2429,prune,prune,,prune
2430,english cucumber,english cucumber,,english cucumber
2431,roasted peanuts,roasted peanut,,roasted peanut
2432,fresh green onions,green onion,fresh,green onion|fresh
2433,broccoli florets,broccoli floret,,broccoli floret
2434,roasted cashews,roasted cashew,,roasted cashew
2435,parsnips,parsnip,,parsnip
2436,tfresh ginger,tfresh ginger,,tfresh ginger
2437,roasted black olives,roasted black olive,,roasted black olive
2438,2 cup couscous,couscous,,couscous
2439,medium black tiger shrimp,medium black tiger shrimp,,medium black tiger shrimp
2440,5 hardboiled large eggs,hardboiled large egg,,hardboiled large egg
2441,3 tablespoons mayonnaise or 2 -3 tablespoons plain yogurt,mayonnaise plain yogurt,,mayonnaise plain yogurt
2442,spanish smoked paprika,spanish paprika,smoked,spanish paprika|smoked
2443,roasted almonds,roasted almond,,roasted almond
2444,caraway seed,caraway seed,,caraway seed
2445,lamb loin chops,lamb loin chop,,lamb loin chop
2446,grainy french mustard,grainy french mustard,,grainy french mustard
2447,4 tablespoons water,water,,water
2448,lamb shanks,lamb shank,,lamb shank
2449,quarter preserved lemons or 1 quarter fresh lemon,quarter preserved lemon quarter lemon,fresh,quarter preserved lemon quarter lemon|fresh
2450,capers,caper,,caper
2451,2 cup water,water,,water
2452,dry red wine,red wine,dried,red wine|dried
2453,2 teaspoon ground red pepper,red pepper,ground,red pepper|ground
2454,broiler-fryer chicken,broiler-fryer chicken,,broiler-fryer chicken
2455,ethiopian flat bread,ethiopian flat bread,,ethiopian flat bread
2456,skinless chicken legs,skinles chicken leg,,skinles chicken leg
2457,coriander powder,coriander,powder,coriander|powder
2458,berbere,berbere,,berbere
2459,"<a href=""https://www.food.com/recipe/niter-kibbeh-ethiopian-spiced-butter-532825"">niter kibbeh: ethiopian spiced butter</a> recipe to make butter",href http www food com recipe niter-kibbeh-ethiopian-spiced-butter- niter kibbeh ethiopian spiced butter recipe make butter,,href http www food com recipe niter-kibbeh-ethiopian-spiced-butter- niter kibbeh ethiopian spiced butter recipe make butter
2460,peeled hard-boiled eggs,hard-boiled egg,,hard-boiled egg
2461,"use <a href=""https://www.food.com/recipe/injera-fermented-sourdough-bread-532832"">injera </a> recipe to make bread",use href http www food com recipe injera-fermented-sourdough-bread- injera recipe make bread,,use href http www food com recipe injera-fermented-sourdough-bread- injera recipe make bread
2462,chicken broth or 3 cups water,chicken broth water,,chicken broth water
2463,dried tart cherries,tart cherry,dried,tart cherry|dried
2464,vertically sliced onions,vertically onion,,vertically onion
2465,peeled chopped fresh ginger,ginger,fresh,ginger|fresh
2466,reduced-sodium fat-free chicken broth,reduced-sodium fat-free chicken broth,,reduced-sodium fat-free chicken broth
2467,dry white wine,white wine,dried,white wine|dried
2468,4 teaspoons tea (earl grey,tea earl grey,,tea earl grey
2469,butter or 2 ounces oil,butter ounce oil,,butter ounce oil
2470,coconut cream,coconut cream,,coconut cream
2471,frozen green pea,green pea,frozen,green pea|frozen
2472,4 1/2 lbs roasting chickens,roasting chicken,,roasting chicken
2473,thick coconut milk,thick coconut milk,,thick coconut milk
2474,medium-dry sherry,medium-dry sherry,,medium-dry sherry
2475,tomato puree,tomato,puree,tomato|puree
2476,cherry tomatoes or 2 cups grape tomatoes,cherry tomato grape tomato,,cherry tomato grape tomato
2477,jalapeno pepper,jalapeno pepper,,jalapeno pepper
2478,olive oil or 2 tablespoons clarified butter,olive oil clarified butter,,olive oil clarified butter
2479,cooked israeli couscous,cooked israeli couscous,,cooked israeli couscous
2480,chopped fresh basil leaves,basil leave,fresh,basil leave|fresh
2481,green tea leaves or 4 teaspoons moroccan tea,green tea leave moroccan tea,,green tea leave moroccan tea
2482,fresh spearmint,spearmint,fresh,spearmint|fresh
2483,5 tablespoons sugar,sugar,,sugar
2484,quart boiling water,quart boiling water,,quart boiling water
2485,top round beef,top round beef,,top round beef
2486,clarified butter,clarified butter,,clarified butter
2487,cardamom powder,cardamom,powder,cardamom|powder
2488,4 tablespoons olive oil,olive oil,,olive oil
2489,lean lamb or 12 ounces beef sirloin,lean lamb ounce beef sirloin,,lean lamb ounce beef sirloin
2490,olive oil or 1 tablespoon vegetable oil,olive oil vegetable oil,,olive oil vegetable oil
2491,green hot peppers,green hot pepper,,green hot pepper
2492,4 teaspoons berbere mixed spice,berbere mixed spice,,berbere mixed spice
2493,2 tablespoon gingerroot,gingerroot,,gingerroot
2494,6 basil leaves,basil leave,,basil leave
2495,hot pepper flakes,hot pepper flake,,hot pepper flake
2496,dried ginger,ginger,dried,ginger|dried
2497,ground coriander powder,coriander,ground,coriander|ground
2498,ghee (or butter or niter kibbeh,ghee butter niter kibbeh,,ghee butter niter kibbeh
2499,beef stock (500 ml,beef stock,,beef stock
2500,split red lentils,split red lentil,,split red lentil
2501,extra virgin olive oil or 3 tablespoons vegetable oil,extra virgin olive oil vegetable oil,,extra virgin olive oil vegetable oil
2502,red onions or 1 shallot,red onion shallot,,red onion shallot
2503,garlic cloves or 1 teaspoon garlic powder,garlic garlic,powder,garlic garlic|powder
2504,green hot pepper,green hot pepper,,green hot pepper
2505,balsamic vinegar or 2 teaspoons red wine vinegar,balsamic vinegar red wine vinegar,,balsamic vinegar red wine vinegar
2506,extra large egg,extra large egg,,extra large egg
2507,self rising flour,self rising flour,,self rising flour
2508,tahini paste,tahini,paste,tahini|paste
2509,diced tomatoes and cucumber,tomato cucumber,,tomato cucumber
2510,chicken bouillon cube,chicken bouillon cube,,chicken bouillon cube
2511,3 teaspoons onions,onion,,onion
2512,stewed tomatoes,stewed tomato,,stewed tomato
2513,fish fillets,fish fillet,,fish fillet
2514,instant couscous,instant couscous,,instant couscous
2515,red capsicum,red capsicum,,red capsicum
2516,minced fresh coriander,coriander,fresh,coriander|fresh
2517,unsalted peanuts,unsalted peanut,,unsalted peanut
2518,olive oil or 2 tablespoons unsalted butter,olive oil unsalted butter,,olive oil unsalted butter
2519,currants or 1/2 cup golden raisin,currant golden raisin,,currant golden raisin
2520,brown bread,brown bread,,brown bread
2521,curry powder (fresh,curry,powder,curry|powder
2522,ground beef (and add 2 oz extra,beef add extra,ground,beef add extra|ground
2523,raisins (more than 1/3rd,raisin than rd,,raisin than rd
2524,lean lamb,lean lamb,,lean lamb
2525,pork fatback,pork fatback,,pork fatback
2526,roasted red peppers,roasted red pepper,,roasted red pepper
2527,very cold dry red wine or 1 cup ice cold water,very cold red wine ice cold water,dried,very cold red wine ice cold water|dried
2528,sheep casing,sheep casing,,sheep casing
2529,6 black olives,black olive,,black olive
2530,fresh strawberries,strawberry,fresh,strawberry|fresh
2531,vanilla yogurt,vanilla yogurt,,vanilla yogurt
2532,vanilla extract or 1 dash flavoring,vanilla extract flavoring,,vanilla extract flavoring
2533,calf liver,calf liver,,calf liver
2534,chopped fresh parsley leaves,parsley leave,fresh,parsley leave|fresh
2535,additional oil,additional oil,,additional oil
2536,halibut or 1 lb grouper,halibut grouper,,halibut grouper
2537,uncooked israeli couscous,uncooked israeli couscous,,uncooked israeli couscous
2538,white potato,white potato,,white potato
2539,orange sweet potatoes,orange sweet potato,,orange sweet potato
2540,yams,yam,,yam
2541,3 red bell peppers,red bell pepper,,red bell pepper
2542,habaneros,habanero,,habanero
2543,water or 4 cups stock,water stock,,water stock
2544,2 tablespoon sugar,sugar,,sugar
2545,dried kidney beans,kidney bean,dried,kidney bean|dried
2546,5 cups water,water,,water
2547,jumbo black olives,jumbo black olive,,jumbo black olive
2548,greek salad dressing with feta,greek salad dressing feta,,greek salad dressing feta
2549,box garlic and herb couscous mix,box garlic herb couscous mix,,box garlic herb couscous mix
2550,sliced ripe olives,ripe olive,,ripe olive
2551,dried mint,mint,dried,mint|dried
2552,all purpose greek seasoning,all purpose greek seasoning,,all purpose greek seasoning
2553,greek salad dressing,greek salad dressing,,greek salad dressing
2554,beets,beet,,beet
2555,vinegar or 1 tablespoon lemon juice,vinegar lemon juice,,vinegar lemon juice
2556,cod fish fillets,cod fish fillet,,cod fish fillet
2557,plus 2 tablespoons extra virgin olive oil,extra virgin olive oil,,extra virgin olive oil
2558,fresh thyme leaves,thyme leave,fresh,thyme leave|fresh
2559,aleppo pepper,aleppo pepper,,aleppo pepper
2560,corinader seeds,corinader seed,,corinader seed
2561,3 lb lamb shoulder,lamb shoulder,,lamb shoulder
2562,preserved lemons,preserved lemon,,preserved lemon
2563,thinly sliced green beans or 1 cup sugar snap pea,green bean sugar snap pea,,green bean sugar snap pea
2564,finely grated lemon peel,lemon peel,,lemon peel
2565,plus 1/3 cup chopped fresh cilantro,cilantro,fresh,cilantro|fresh
2566,chopped almond,almond,,almond
2567,salmon fillets,salmon fillet,,salmon fillet
2568,nonfat plain yogurt,nonfat plain yogurt,,nonfat plain yogurt
2569,ground pepper,pepper,ground,pepper|ground
2570,center-cut salmon fillet,center-cut salmon fillet,,center-cut salmon fillet
2571,hot red chilies,hot red chily,,hot red chily
2572,ground caraway seed,caraway seed,ground,caraway seed|ground
2573,extra olive oil,extra olive oil,,extra olive oil
2574,fennel seeds,fennel seed,,fennel seed
2575,hamburger bun,hamburger bun,,hamburger bun
2576,president's choice virgin cold-pressed coconut oil,president choice virgin cold-pressed coconut oil,,president choice virgin cold-pressed coconut oil
2577,president's choice black label harissa spice blend moroccan seasoning,president choice black label harissa spice blend moroccan seasoning,,president choice black label harissa spice blend moroccan seasoning
2578,lemon wedges,lemon wedge,,lemon wedge
2579,8 scallions,scallion,,scallion
2580,top sirloin steaks,top sirloin steak,,top sirloin steak
2581,fluid ounces olive oil,fluid ounce olive oil,,fluid ounce olive oil
2582,good quality sausage meat,good quality sausage meat,,good quality sausage meat
2583,2 tablespoon harissa,harissa,,harissa
2584,finely chopped flat leaf parsley,flat leaf parsley,,flat leaf parsley
2585,chopped chives,chive,,chive
2586,lemon slice,lemon,,lemon
2587,cavenders all purpose greek seasoning,cavender all purpose greek seasoning,,cavender all purpose greek seasoning
2588,aluminum foil,aluminum foil,,aluminum foil
2589,chives,chive,,chive
2590,chicken broth or 4 cups vegetable broth,chicken broth vegetable broth,,chicken broth vegetable broth
2591,tarragon,tarragon,,tarragon
2592,grated carrots,carrot,,carrot
2593,beef sirloin steak,beef sirloin steak,,beef sirloin steak
2594,sweet red pepper,sweet red pepper,,sweet red pepper
2595,of minced garlic,garlic,,garlic
2596,sesame oil,sesame oil,,sesame oil
2597,hot red chili peppers,hot red chili pepper,,hot red chili pepper
2598,bulbs of garlic,bulb garlic,,bulb garlic
2599,marzipan,marzipan,,marzipan
2600,chopped almonds,almond,,almond
2601,10 phyllo pastry sheets,phyllo pastry sheet,,phyllo pastry sheet
2602,fisher chef's naturals sliced almonds,fisher chef natural almond,,fisher chef natural almond
2603,florida orange juice,florida orange juice,,florida orange juice
2604,wild salmon fillets,wild salmon fillet,,wild salmon fillet
2605,arugula,arugula,,arugula
2606,sliced green onion,green onion,,green onion
2607,thinly sliced red onion,red onion,,red onion
2608,rump steak,rump steak,,rump steak
2609,rock salt,rock salt,,rock salt
2610,of mix color pepper,mix color pepper,,mix color pepper
2611,liter of brow vinegar,liter brow vinegar,,liter brow vinegar
2612,buttermilk,buttermilk,,buttermilk
2613,teff flour or 2 cups wheat flour,teff flour wheat flour,,teff flour wheat flour
2614,cups plain yogurt,plain yogurt,,plain yogurt
2615,club soda,club soda,,club soda
2616,barley flour,barley flour,,barley flour
2617,spring onion,spring onion,,spring onion
2618,chopped red bell pepper,red bell pepper,,red bell pepper
2619,chopped green bell pepper,green bell pepper,,green bell pepper
2620,chopped fresh flat leaf parsley,flat leaf parsley,fresh,flat leaf parsley|fresh
2621,1/4-1/2 teaspoon red pepper flakes,red pepper flake,,red pepper flake
2622,currants or 1/4 cup golden raisin,currant golden raisin,,currant golden raisin
2623,cooked chickpeas,cooked chickpea,,cooked chickpea
2624,cherry tomatoes or 1 grape tomatoes,cherry tomato grape tomato,,cherry tomato grape tomato
2625,edamame,edamame,,edamame
2626,fresh cherry tomatoes,cherry tomato,fresh,cherry tomato|fresh
2627,container fresh perline mozzarella cheese,container perline mozzarella cheese,fresh,container perline mozzarella cheese|fresh
2628,box israeli couscous,box israeli couscous,,box israeli couscous
2629,cashew nuts,cashew nut,,cashew nut
2630,dried bay leaf,bay leaf,dried,bay leaf|dried
2631,fresh cracked black pepper,cracked black pepper,fresh,cracked black pepper|fresh
2632,basil or cilantro leaf,basil cilantro leaf,,basil cilantro leaf
2633,liter milk,liter milk,,liter milk
2634,liter buttermilk,liter buttermilk,,liter buttermilk
2635,sultanas or 2 ounces golden raisins,sultana ounce golden raisin,,sultana ounce golden raisin
2636,cubed salt pork or 1/4 lb ham,salt pork ham,,salt pork ham
2637,beef bouillon cubes,beef bouillon cube,,beef bouillon cube
2638,dried thyme or 1 fresh thyme,thyme thyme,dried,thyme thyme|dried
2639,tomatoes or 2 cups string beans,tomato string bean,,tomato string bean
2640,ground coffee,coffee,ground,coffee|ground
2641,lt water,lt water,,lt water
2642,3 lbs chicken pieces,chicken,,chicken
2643,cinnamon sticks or 1/2 teaspoon ground cinnamon,cinnamon stick cinnamon,ground,cinnamon stick cinnamon|ground
2644,4 cloves,,,
2645,cumin seeds or 1/4 teaspoon ground cumin,cumin seed cumin,ground,cumin seed cumin|ground
2646,4 green chilies,green chily,,green chily
2647,cayenne pepper or 1 teaspoon paprika,cayenne pepper paprika,,cayenne pepper paprika
2648,4 tablespoon clarified butter or 1 -4 tablespoon butter,clarified butter butter,,clarified butter butter
2649,4 tablespoon canola oil or 1 -4 tablespoon olive oil,canola oil olive oil,,canola oil olive oil
2650,short-grain rice,short-grain rice,,short-grain rice
2651,ground chicken or 1/2 cup diced chicken,chicken chicken,ground,chicken chicken|ground
2652,corn oil or 2 tablespoons grapeseed oil,corn oil grapeseed oil,,corn oil grapeseed oil
2653,shiitake mushroom,shiitake mushroom,,shiitake mushroom
2654,water chestnuts or 1/4 cup celery,water chestnut celery,,water chestnut celery
2655,fried tofu or 1/4 lb firm tofu,fried tofu firm tofu,,fried tofu firm tofu
2656,mirin or 3 tablespoons honey,mirin honey,,mirin honey
2657,chicken stock or 2 1/2 cups water,chicken stock water,,chicken stock water
2658,two tomatoes,two tomato,,two tomato
2659,sardine oil,sardine oil,,sardine oil
2660,thin coconut milk,thin coconut milk,,thin coconut milk
2661,kale or 2 lbs collard greens,kale collard green,,kale collard green
2662,water or 1 cup stock,water stock,,water stock
2663,set 1 tbsp rawspicebar's freshly ground berbere,set rawspicebar berbere,ground,set rawspicebar berbere|ground
2664,set 1 lb stewing beef,set stewing beef,,set stewing beef
2665,set 2 tbsp canola oil,set canola oil,,set canola oil
2666,set 1 onions,set onion,,set onion
2667,set 2 garlic cloves,set garlic,,set garlic
2668,set 1 cup chopped canned tomatoes,set tomato,canned,set tomato|canned
2669,set 1/2 tsp sugar,set sugar,,set sugar
2670,set 2 cups beef stock,set beef stock,,set beef stock
2671,set salt & pepper,set salt pepper,,set salt pepper
2672,packages dry yeast,package yeast,dried,package yeast|dried
2673,quarts chicken broth or 2 quarts chicken stock,quart chicken broth quart chicken stock,,quart chicken broth quart chicken stock
2674,light cream,light cream,,light cream
2675,chicken broth (i use a garlic flavored broth,chicken broth use garlic flavored broth,,chicken broth use garlic flavored broth
2676,1/2-1 teaspoon dried oregano,oregano,dried,oregano|dried
2677,2 cup diced peeled cucumber,cucumber,,cucumber
2678,small ripe olives,small ripe olive,,small ripe olive
2679,inches ginger,inche ginger,,inche ginger
2680,3 hot chili peppers,hot chili pepper,,hot chili pepper
2681,oil or 1/4 cup ghee,oil ghee,,oil ghee
2682,cumin seeds or 3/4 teaspoon ground cumin,cumin seed cumin,ground,cumin seed cumin|ground
2683,chopped tomatoes or 2 cups tomato sauce,tomato tomato sauce,,tomato tomato sauce
2684,madras curry powder,madra curry,powder,madra curry|powder
2685,tamarind juice,tamarind juice,,tamarind juice
2686,juice of half a lemon,juice half lemon,,juice half lemon
2687,leg of lamb,leg lamb,,leg lamb
2688,fresh peaches,peache,fresh,peache|fresh
2689,long grain basmati rice with pistachio pesto sauce,long grain basmati rice pistachio pesto sauce,,long grain basmati rice pistachio pesto sauce
2690,lamb chops,lamb chop,,lamb chop
2691,lamb loin chops or 16 small lamb rib chops,lamb loin chop small lamb rib chop,,lamb loin chop small lamb rib chop
2692,anise seed,anise seed,,anise seed
2693,1/2-1 teaspoon cayenne,cayenne,,cayenne
2694,fresh ground lamb shoulder,lamb shoulder,fresh,lamb shoulder|fresh
2695,ice water,ice water,,ice water
2696,cm gingerroot,cm gingerroot,,cm gingerroot
2697,canned chick-peas,chick-pea,canned,chick-pea|canned
2698,imported black olives,imported black olive,,imported black olive
2699,can chicken broth or 1 can low sodium chicken broth,chicken broth low sodium chicken broth,canned,chicken broth low sodium chicken broth|canned
2700,diced anaheim chili,anaheim chili,,anaheim chili
2701,grated peeled fresh ginger,ginger,fresh,ginger|fresh
2702,freshly ground black peppercorns,black peppercorn,ground,black peppercorn|ground
2703,boneless leg of lamb,boneles leg lamb,,boneles leg lamb
2704,cubed butternut squash,butternut squash,,butternut squash
2705,cubed carrot,carrot,,carrot
2706,minced fresh cilantro,cilantro,fresh,cilantro|fresh
2707,can tomatoes,tomato,canned,tomato|canned
2708,quinces,quince,,quince
2709,3 tablespoons olive oil or 2 -3 tablespoons walnut oil,olive oil walnut oil,,olive oil walnut oil
2710,pomegranate juice,pomegranate juice,,pomegranate juice
2711,pomegranates,pomegranate,,pomegranate
2712,limes,lime,,lime
2713,seasoned breadcrumbs,seasoned breadcrumb,,seasoned breadcrumb
2714,finely chopped fresh parsley,parsley,fresh,parsley|fresh
2715,finely chopped of fresh mint,mint,fresh,mint|fresh
2716,seven-spice mix,seven-spice mix,,seven-spice mix
2717,roast lamb,roast lamb,,roast lamb
2718,grams carrots,carrot,,carrot
2719,stewing beef,stewing beef,,stewing beef
2720,of african dry rub seasonings,african rub seasoning,dried,african rub seasoning|dried
2721,beef stock cube,beef stock cube,,beef stock cube
2722,red wine,red wine,,red wine
2723,maggi vegetable stock powder,maggi vegetable stock,powder,maggi vegetable stock|powder
2724,grated lemon rind,lemon rind,,lemon rind
2725,shelled fresh peas or 1 cup frozen green pea,shelled pea green pea,fresh,shelled pea green pea|fresh
2726,grated lemon peel,lemon peel,,lemon peel
2727,1 1/2 lb boneless skinless chicken breast,boneles skinles chicken breast,,boneles skinles chicken breast
2728,golden raisins or 1/4 cup currants,golden raisin currant,,golden raisin currant
2729,2 tablespoon sliced almonds,almond,,almond
2730,3 tablespoons honey,honey,,honey
2731,uncooked instant couscous,uncooked instant couscous,,uncooked instant couscous
2732,fresh lemon thyme,lemon thyme,fresh,lemon thyme|fresh
2733,instant bouillon granules,instant bouillon granule,,instant bouillon granule
2734,finely sliced green bell pepper,green bell pepper,,green bell pepper
2735,marinated roasted red pepper,marinated roasted red pepper,,marinated roasted red pepper
2736,chopped lemon thyme,lemon thyme,,lemon thyme
2737,chopped of fresh mint or 1 tablespoon dried mint,mint mint,fresh,mint mint|fresh
2738,4 zucchini,zucchini,,zucchini
2739,2 cup mint,mint,,mint
2740,original couscous,original couscous,,original couscous
2741,green bell pepper (or red,green bell pepper red,,green bell pepper red
2742,fresh corn kernels,corn kernel,fresh,corn kernel|fresh
2743,sliced okra,okra,,okra
2744,chopped fresh collard greens,collard green,fresh,collard green|fresh
2745,diced tomatoes with juice,tomato juice,,tomato juice
2746,chopped fresh cilantro (optional,cilantro,fresh,cilantro|fresh
2747,cauliflower florets (400 g,cauliflower floret,,cauliflower floret
2748,black pepper (or more,black pepper,,black pepper
2749,cornflour (slightly more,cornflour slightly,,cornflour slightly
2750,chermoula,chermoula,,chermoula
2751,cracked coriander seed,cracked coriander seed,,cracked coriander seed
2752,east african variety olive,east african variety olive,,east african variety olive
2753,vegetable broth or 2 cups water,vegetable broth water,,vegetable broth water
2754,quick cooking couscous,quick cooking couscous,,quick cooking couscous
2755,dried currants or 1/2 cup raisins,currant raisin,dried,currant raisin|dried
2756,hot chili pepper,hot chili pepper,,hot chili pepper
2757,minced fresh parsley,parsley,fresh,parsley|fresh
2758,fresh white breadcrumbs,white breadcrumb,fresh,white breadcrumb|fresh
2759,2 teaspoon finely chopped chile,chile,,chile
2760,finely chopped onion,onion,,onion
2761,finely chopped fresh chili pepper,chili pepper,fresh,chili pepper|fresh
2762,unsalted dry roasted peanuts,unsalted roasted peanut,dried,unsalted roasted peanut|dried
2763,curry powder (or paste,curry,powder,curry|powder
2764,ghee or 3 tablespoons butter,ghee butter,,ghee butter
2765,creamed corn,creamed corn,,creamed corn
2766,fat-free evaporated milk,fat-free evaporated milk,,fat-free evaporated milk
2767,bread flour,bread flour,,bread flour
2768,shortening,shortening,,shortening
2769,turbinado sugar,turbinado sugar,,turbinado sugar
2770,celery & leaves,celery leave,,celery leave
2771,dried brown lentils,brown lentil,dried,brown lentil|dried
2772,coriander leaves,coriander leave,,coriander leave
2773,semolina or 3 tablespoons flour,semolina flour,,semolina flour
2774,package near east roasted garlic & olive oil couscous,package near east roasted garlic olive oil couscous,,package near east roasted garlic olive oil couscous
2775,1/2-1 lb raw boneless skinless chicken breast,raw boneles skinles chicken breast,,raw boneles skinles chicken breast
2776,baby spinach,baby spinach,,baby spinach
2777,chopped sun-dried tomato packed in oil,sun-dried tomato packed oil,,sun-dried tomato packed oil
2778,chicken breast fillets,chicken breast fillet,,chicken breast fillet
2779,aubergines or 200 g eggplants,aubergine eggplant,,aubergine eggplant
2780,courgettes or 1 zucchini,courgette zucchini,,courgette zucchini
2781,tarragon leaves,tarragon leave,,tarragon leave
2782,grape tomatoes,grape tomato,,grape tomato
2783,fresh sage,sage,fresh,sage|fresh
2784,green bell peppers or 4 yellow bell peppers,green bell pepper yellow bell pepper,,green bell pepper yellow bell pepper
2785,minced fresh mint leaves,mint leave,fresh,mint leave|fresh
2786,minced fresh rosemary leaves,rosemary leave,fresh,rosemary leave|fresh
2787,pimento stuffed olive,pimento stuffed olive,,pimento stuffed olive
2788,fine couscous,fine couscous,,fine couscous
2789,100 g butter,butter,,butter
2790,100 g ghee,ghee,,ghee
2791,red lentil,red lentil,,red lentil
2792,corn oil,corn oil,,corn oil
2793,of shredded unsweetened coconut,shredded unsweetened coconut,,shredded unsweetened coconut
2794,bottled salsa,bottled salsa,,bottled salsa
2795,dried currants,currant,dried,currant|dried
2796,hot cooked couscous or 3 cups cooked rice,hot cooked couscous cooked rice,,hot cooked couscous cooked rice
2797,ground turkey breast,turkey breast,ground,turkey breast|ground
2798,mint herbal tea bags,mint herbal tea bag,,mint herbal tea bag
2799,set 1 1/2 tbsp rawspicebar's freshly ground berbere,set rawspicebar berbere,ground,set rawspicebar berbere|ground
2800,set 1 cup red lentils,set red lentil,,set red lentil
2801,set 1 yellow onions,set yellow onion,,set yellow onion
2802,set 4 garlic cloves,set garlic,,set garlic
2803,set fresh ginger,set ginger,fresh,set ginger|fresh
2804,set 1 cup canned chopped tomatoes,set tomato,canned,set tomato|canned
2805,set kosher salt & pepper,set kosher salt pepper,,set kosher salt pepper
2806,set 2 cups vegetable broth,set vegetable broth,,set vegetable broth
2807,set yogurt & cilantro,set yogurt cilantro,,set yogurt cilantro
2808,mixed seafood (such as mussels,mixed seafood such as mussel,,mixed seafood such as mussel
2809,petite diced tomatoes,petite tomato,,petite tomato
2810,2 carrot,carrot,,carrot
2811,vegetable bouillon,vegetable bouillon,,vegetable bouillon
2812,blanched finely ground almonds,blanched almond,ground,blanched almond|ground
2813,1 1/4 cup all purpose flour,all purpose flour,,all purpose flour
2814,honey or 1 teaspoon granulated sugar,honey granulated sugar,,honey granulated sugar
2815,applesauce,applesauce,,applesauce
2816,chocolate chips,chocolate chip,,chocolate chip
2817,fresh coriander,coriander,fresh,coriander|fresh
2818,grated onion,onion,,onion
2819,minced gingerroot,gingerroot,,gingerroot
2820,thai red chili paste,thai red chili,paste,thai red chili|paste
2821,beef top sirloin steaks,beef top sirloin steak,,beef top sirloin steak
2822,beef tenderloin,beef tenderloin,,beef tenderloin
2823,lemon peel,lemon peel,,lemon peel
2824,1/2-2 lbs beef stew meat,beef stew meat,,beef stew meat
2825,smen or 1 tablespoon ghee,smen ghee,,smen ghee
2826,frozen artichoke hearts,artichoke heart,frozen,artichoke heart|frozen
2827,steak marinade,steak marinade,,steak marinade
2828,fresh tomato,tomato,fresh,tomato|fresh
2829,12 ounces couscous,ounce couscous,,ounce couscous
2830,spanish onion,spanish onion,,spanish onion
2831,italian parsley,italian parsley,,italian parsley
2832,8 medium beets,medium beet,,medium beet
2833,diced fresh parsley,parsley,fresh,parsley|fresh
2834,topside steak,topside steak,,topside steak
2835,dried red chili,red chili,dried,red chili|dried
2836,fresh parsley and coriander,parsley coriander,fresh,parsley coriander|fresh
2837,bone-in skin-on,bone-in skin-on,,bone-in skin-on
2838,skin-on chicken drumsticks,skin-on chicken drumstick,,skin-on chicken drumstick
2839,kosker salt,kosker salt,,kosker salt
2840,freshly ground pepper,pepper,ground,pepper|ground
2841,carrot juice,carrot juice,,carrot juice
2842,12 medjool dates,medjool date,,medjool date
2843,canned chicken broth,chicken broth,canned,chicken broth|canned
2844,chili flakes (option,chili flake option,,chili flake option
2845,slim carrots,slim carrot,,slim carrot
2846,chicken breasts or 6 chicken thighs,chicken breast chicken thigh,,chicken breast chicken thigh
2847,slim zucchini,slim zucchini,,slim zucchini
2848,brown sugar or 1 tablespoon honey,brown sugar honey,,brown sugar honey
2849,long grain brown rice,long grain brown rice,,long grain brown rice
2850,water or 2 3/4 cups vegetable stock,water vegetable stock,,water vegetable stock
2851,6 chicken breasts,chicken breast,,chicken breast
2852,phyllo dough,phyllo dough,,phyllo dough
2853,8 carrots,carrot,,carrot
2854,2 tablespoon honey,honey,,honey
2855,2 teaspoon orange flower water,orange flower water,,orange flower water
2856,greek style plain yogurt,greek style plain yogurt,,greek style plain yogurt
2857,4 tablespoons of fresh mint,mint,fresh,mint|fresh
2858,pinches cayenne pepper,cayenne pepper,,cayenne pepper
2859,orange zest,orange zest,,orange zest
2860,of baby carrots,baby carrot,,baby carrot
2861,3 tablespoons chopped of fresh mint or 2 -3 tablespoons parsley,mint parsley,fresh,mint parsley|fresh
2862,bag cauliflower,bag cauliflower,,bag cauliflower
2863,ground cumin and paprika,cumin paprika,ground,cumin paprika|ground
2864,ground coriander and salt,coriander salt,ground,coriander salt|ground
2865,ground cinnamon and pepper,cinnamon pepper,ground,cinnamon pepper|ground
2866,pomegranate seeds,pomegranate seed,,pomegranate seed
2867,3 tablespoons lemon juice,lemon juice,,lemon juice
2868,dark raisin,dark raisin,,dark raisin
2869,2 tablespoon sweet red passover wine,sweet red passover wine,,sweet red passover wine
2870,parsley sprigs,parsley sprig,,parsley sprig
2871,coriander sprigs,coriander sprig,,coriander sprig
2872,ground sumac,sumac,ground,sumac|ground
2873,mild paprika,mild paprika,,mild paprika
2874,light olive oil,light olive oil,,light olive oil
2875,couscous or 4 cups white rice,couscous white rice,,couscous white rice
2876,canned low sodium chicken broth or 2 cups homemade stock,low sodium chicken broth homemade stock,canned,low sodium chicken broth homemade stock|canned
2877,unwaxed lemon,unwaxed lemon,,unwaxed lemon
2878,fresh dates or 4 soft dried dates,date soft date,fresh,date soft date|fresh
2879,chopped coriander,coriander,,coriander
2880,3 medium carrots,medium carrot,,medium carrot
2881,cooked rice or 4 cups couscous,cooked rice couscous,,cooked rice couscous
2882,3 teaspoons ras el hanout spice mix,ras el hanout spice mix,,ras el hanout spice mix
2883,la kama,la kama,,la kama
2884,1/4-1/2 teaspoon salt,salt,,salt
2885,egg whites,egg white,,egg white
2886,fresh italian parsley,italian parsley,fresh,italian parsley|fresh
2887,chicken giblets,chicken giblet,,chicken giblet
2888,phyllo pastry sheets,phyllo pastry sheet,,phyllo pastry sheet
2889,chicken breast fillet,chicken breast fillet,,chicken breast fillet
2890,spanish olive oil (plus extra,spanish olive oil extra,,spanish olive oil extra
2891,hot smoked paprika,hot paprika,smoked,hot paprika|smoked
2892,mccormick's montreal steak grill seasoning,mccormick montreal steak grill seasoning,,mccormick montreal steak grill seasoning
2893,of an onion (white,onion white,,onion white
2894,raisins (if you want,raisin if you want,,raisin if you want
2895,couscous (optional,couscous,,couscous
2896,light sour cream,light sour cream,,light sour cream
2897,sheets phyllo dough,sheet phyllo dough,,sheet phyllo dough
2898,ripe olives,ripe olive,,ripe olive
2899,container plain yogurt,container plain yogurt,,container plain yogurt
2900,dates or 1/4 cup dried apricot,date apricot,dried,date apricot|dried
2901,romaine lettuce,romaine lettuce,,romaine lettuce
2902,girard's champagne dressing,girard champagne dressing,,girard champagne dressing
2903,boneless chicken breasts,boneles chicken breast,,boneles chicken breast
2904,1/4-1/2 teaspoon cayenne,cayenne,,cayenne
2905,frozen green peas,green pea,frozen,green pea|frozen
2906,skinless chicken thighs,skinles chicken thigh,,skinles chicken thigh
2907,can low sodium chicken broth,low sodium chicken broth,canned,low sodium chicken broth|canned
2908,chicken thigh fillets,chicken thigh fillet,,chicken thigh fillet
2909,1/2-4 lbs chicken,chicken,,chicken
2910,apricot,apricot,,apricot
2911,sunflower oil,sunflower oil,,sunflower oil
2912,clear honey,clear honey,,clear honey
2913,of grated nutmeg,nutmeg,,nutmeg
2914,orange blossom water,orange blossom water,,orange blossom water
2915,sultanas,sultana,,sultana
2916,of chopped dried apricot,apricot,dried,apricot|dried
2917,sachet's quick-cooking couscous,sachet quick-cooking couscous,,sachet quick-cooking couscous
2918,2 teaspoon vegetable bouillon granules,vegetable bouillon granule,,vegetable bouillon granule
2919,roasted pistachios,roasted pistachio,,roasted pistachio
2920,1/2 moroccan preserved lemons,moroccan preserved lemon,,moroccan preserved lemon
2921,finely chopped cilantro,cilantro,,cilantro
2922,dry instant couscous,instant couscous,dried,instant couscous|dried
2923,skinless chicken leg quarters,skinles chicken leg quarter,,skinles chicken leg quarter
2924,sweet unsalted butter,sweet unsalted butter,,sweet unsalted butter
2925,3 teaspoons ground cinnamon,cinnamon,ground,cinnamon|ground
2926,cans chickpeas,chickpea,,chickpea
2927,can no-salt-added diced tomatoes,no-salt-added tomato,canned,no-salt-added tomato|canned
2928,no-added-salt tomato paste,no-added-salt tomato,paste,no-added-salt tomato|paste
2929,coriander (fresh leaves,coriander leave,,coriander leave
2930,green capsicum,green capsicum,,green capsicum
2931,celery rib,celery rib,,celery rib
2932,dried garbanzo beans,garbanzo bean,dried,garbanzo bean|dried
2933,cilantro or 1/2 cup parsley,cilantro parsley,,cilantro parsley
2934,kalamata olives,kalamata olive,,kalamata olive
2935,sticks celery,stick celery,,stick celery
2936,hot vegetable stock,hot vegetable stock,,hot vegetable stock
2937,plum tomatoes with garlic,plum tomato garlic,,plum tomato garlic
2938,frozen broad beans,broad bean,frozen,broad bean|frozen
2939,fresh coriander or 1/2 cup fresh parsley,coriander parsley,fresh,coriander parsley|fresh
2940,safflower oil,safflower oil,,safflower oil
2941,powdered turmeric,turmeric,powder,turmeric|powder
2942,chickpeas (canned. if uncooked,chickpea if uncooked,,chickpea if uncooked
2943,peppercorn,peppercorn,,peppercorn
2944,red wine or 2 tablespoons cooking sherry,red wine cooking sherry,,red wine cooking sherry
2945,diced dried apricot,apricot,dried,apricot|dried
2946,dried dates,date,dried,date|dried
2947,lemon juice or 1/2 teaspoon citric acid,lemon juice citric acid,,lemon juice citric acid
2948,tablesppons self rising flour,tablesppon self rising flour,,tablesppon self rising flour
2949,dark chocolate,dark chocolate,,dark chocolate
2950,fresh dates,date,fresh,date|fresh
2951,chocolate syrup,chocolate syrup,,chocolate syrup
2952,strawberry,strawberry,,strawberry
2953,ice cream,ice cream,,ice cream
2954,ground coffee or 1/2 cup espresso beans,coffee espresso bean,ground,coffee espresso bean|ground
2955,sugar or vanilla sugar,sugar vanilla sugar,,sugar vanilla sugar
2956,hot milk or steamed milk,hot milk steamed milk,,hot milk steamed milk
2957,2 tablespoon lemon rind,lemon rind,,lemon rind
2958,freshly ground cinnamon,cinnamon,ground,cinnamon|ground
2959,freshly ground ginger,ginger,ground,ginger|ground
2960,freshly ground green cardamom seeds,green cardamom seed,ground,green cardamom seed|ground
2961,freshly ground clove,,ground,|ground
2962,scant 1 cup freshly roasted coffee beans,scant roasted coffee bean,,scant roasted coffee bean
2963,hot milk,hot milk,,hot milk
2964,sweet smokey paprika,sweet smokey paprika,,sweet smokey paprika
2965,feta cheese or 1 package goat cheese,feta cheese package goat cheese,,feta cheese package goat cheese
2966,10 large medjool dates,large medjool date,,large medjool date
2967,lemon (reserved,lemon reserved,,lemon reserved
2968,white sesame seeds,white sesame seed,,white sesame seed
2969,black sesame seed,black sesame seed,,black sesame seed
2970,stew beef chunks or 8 skinless chicken thighs,stew beef chunk skinles chicken thigh,,stew beef chunk skinles chicken thigh
2971,hot red chili pepper flakes or 1/4 teaspoon cayenne pepper,hot red chili pepper flake cayenne pepper,,hot red chili pepper flake cayenne pepper
2972,small chunks carrots,small chunk carrot,,small chunk carrot
2973,large chunks of peeled squash or 3 cups potatoes,large chunk squash potato,,large chunk squash potato
2974,condensed chicken broth or 1 cup chicken bouillon,condensed chicken broth chicken bouillon,,condensed chicken broth chicken bouillon
2975,ground coffee (or any amount you prefer,coffee any amount you prefer,ground,coffee any amount you prefer|ground
2976,sugar (as and if you like,sugar as if you like,,sugar as if you like
2977,ground chuck,chuck,ground,chuck|ground
2978,finely chopped garlic,garlic,,garlic
2979,tbsps vegetable broth,tbsp vegetable broth,,tbsp vegetable broth
2980,dry breadcrumbs,breadcrumb,dried,breadcrumb|dried
2981,sultana raisin,sultana raisin,,sultana raisin
2982,jalapeno chile,jalapeno chile,,jalapeno chile
2983,tzatziki,tzatziki,,tzatziki
2984,kalamata olives or 1/2 cup green olives,kalamata olive green olive,,kalamata olive green olive
2985,chopped italian parsley,italian parsley,,italian parsley
2986,2 lemon (juice of,lemon juice,,lemon juice
2987,pita bread rounds,pita bread round,,pita bread round
2988,finely chopped walnuts,walnut,,walnut
2989,anise,anise,,anise
2990,4 tablespoons lemon juice,lemon juice,,lemon juice
2991,firm white fish fillets (porgy,firm white fish fillet porgy,,firm white fish fillet porgy
2992,trout,trout,,trout
2993,bunches parsley,bunche parsley,,bunche parsley
2994,15 white mushrooms,white mushroom,,white mushroom
2995,fresh parsley leaves,parsley leave,fresh,parsley leave|fresh
2996,fresh ground beef or 1 lb fresh ground lamb,beef lamb,fresh,beef lamb|fresh
2997,plain natural yoghurt,plain natural yoghurt,,plain natural yoghurt
2998,naan bread (garlic and coriander,naan bread garlic coriander,,naan bread garlic coriander
2999,narrow eggplants,narrow eggplant,,narrow eggplant
3000,fresh whiting fish fillets,whiting fish fillet,fresh,whiting fish fillet|fresh
3001,chopped peeled cucumbers,cucumber,,cucumber
3002,chopped fresh italian parsley,italian parsley,fresh,italian parsley|fresh
3003,quart concord grape juice,quart concord grape juice,,quart concord grape juice
3004,sugar or 2 tablespoons honey,sugar honey,,sugar honey
3005,ice cube,ice cube,,ice cube
3006,kalamata olives or 1 lb greek olive,kalamata olive greek olive,,kalamata olive greek olive
3007,olives or 1/4 cup vegetable oil,olive vegetable oil,,olive vegetable oil
3008,snipped parsley,snipped parsley,,snipped parsley
3009,snipped fresh cilantro,snipped cilantro,fresh,snipped cilantro|fresh
3010,colourful vegetables such as carrot,colourful vegetable such as carrot,,colourful vegetable such as carrot
3011,ground cilantro,cilantro,ground,cilantro|ground
3012,chili pepper flakes,chili pepper flake,,chili pepper flake
3013,4 lbs flank steaks,flank steak,,flank steak
3014,marjoram,marjoram,,marjoram
3015,bamboo skewers or 24 metal skewers,bamboo skewer metal skewer,,bamboo skewer metal skewer
3016,lamb fillets,lamb fillet,,lamb fillet
3017,leaves fresh oregano,leave oregano,fresh,leave oregano|fresh
3018,vine-ripened tomatoes,vine-ripened tomato,,vine-ripened tomato
3019,racks of lamb,rack lamb,,rack lamb
3020,3 lamb fillets,lamb fillet,,lamb fillet
3021,cm knob ginger,cm knob ginger,,cm knob ginger
3022,thai bird's eye chili,thai bird eye chili,,thai bird eye chili
3023,almond halve,almond halve,,almond halve
3024,of chopped fresh coriander,coriander,fresh,coriander|fresh
3025,grounded black pepper,grounded black pepper,,grounded black pepper
3026,stewing lamb,stewing lamb,,stewing lamb
3027,argan oil,argan oil,,argan oil
3028,tomato juice,tomato juice,,tomato juice
3029,lamb or 1 chicken stock,lamb chicken stock,,lamb chicken stock
3030,hot mango chutney,hot mango chutney,,hot mango chutney
3031,sachet quick-cooking couscous,sachet quick-cooking couscous,,sachet quick-cooking couscous
3032,red currants,red currant,,red currant
3033,chicken breast halves (bone in,chicken breast halve bone,,chicken breast halve bone
3034,fine egg noodles,fine egg noodle,,fine egg noodle
3035,1/2 liters vegetable stock,liter vegetable stock,,liter vegetable stock
3036,hot chili oil,hot chili oil,,hot chili oil
3037,cartons lentil soup,carton lentil soup,,carton lentil soup
3038,raisins or 1/2 cup dried currant,raisin currant,dried,raisin currant|dried
3039,plain nonfat greek yogurt or 6 tablespoons plain nonfat soy yogurt,plain nonfat greek yogurt plain nonfat soy yogurt,,plain nonfat greek yogurt plain nonfat soy yogurt
3040,1/2-2 lbs calf liver,calf liver,,calf liver
3041,2 pinch salt,salt,,salt
3042,kefir or 32 ounces milk plain yogurt,kefir ounce milk plain yogurt,,kefir ounce milk plain yogurt
3043,smashed garlic cloves,smashed garlic,,smashed garlic
3044,1/2 inches thick lamb blade chops,inche thick lamb blade chop,,inche thick lamb blade chop
3045,cilantro leaves and thinly sliced scallion,cilantro leave scallion,,cilantro leave scallion
3046,panko breadcrumbs,panko breadcrumb,,panko breadcrumb
3047,can beef broth,beef broth,canned,beef broth|canned
3048,spinach leaves,spinach leave,,spinach leave
3049,diced yellow onion,yellow onion,,yellow onion
3050,crushed san marzano tomatoes,san marzano tomato,,san marzano tomato
3051,beef broth or 1 cup beef stock,beef broth beef stock,,beef broth beef stock
3052,dried breadcrumbs,breadcrumb,dried,breadcrumb|dried
3053,1/2 onions,onion,,onion
3054,8 medium tomatoes,medium tomato,,medium tomato
3055,4 tablespoons chopped fresh flat-leaf parsley,flat-leaf parsley,fresh,flat-leaf parsley|fresh
3056,burghul wheat,burghul wheat,,burghul wheat
3057,rice bran or 2 teaspoons olive oil,rice bran olive oil,,rice bran olive oil
3058,kumara,kumara,,kumara
3059,gunpowder tea,gunpowder tea,,gunpowder tea
3060,of fresh mint (prefer short leaf,mint prefer short leaf,fresh,mint prefer short leaf|fresh
3061,green tea,green tea,,green tea
3062,1/2-1 cup sugar,sugar,,sugar
3063,fresh mushrooms,mushroom,fresh,mushroom|fresh
3064,small portabella mushroom,small portabella mushroom,,small portabella mushroom
3065,can black olives,black olive,canned,black olive|canned
3066,fresh tarragon,tarragon,fresh,tarragon|fresh
3067,softened butter,butter,,butter
3068,ground almonds,almond,ground,almond|ground
3069,strained plain yogurt,strained plain yogurt,,strained plain yogurt
3070,coarse sea salt,coarse sea salt,,coarse sea salt
3071,1/4-1/2 lemon,lemon,,lemon
3072,3 tablespoons mayonnaise,mayonnaise,,mayonnaise
3073,1/2-1 teaspoon cumin,cumin,,cumin
3074,tri-colored rotini pasta,tri-colored rotini pasta,,tri-colored rotini pasta
3075,cooked boneless skinless chicken breast,cooked boneles skinles chicken breast,,cooked boneles skinles chicken breast
3076,3 tablespoons sliced black olives,black olive,,black olive
3077,tuna in olive oil,tuna olive oil,,tuna olive oil
3078,crisco pure canola oil,crisco pure canola oil,,crisco pure canola oil
3079,jif crunchy peanut butter,jif crunchy peanut butter,,jif crunchy peanut butter
3080,can sweet peas,sweet pea,canned,sweet pea|canned
3081,1/4-1/2 teaspoon black pepper,black pepper,,black pepper
3082,3 eggs,egg,,egg
3083,diced bell peppers (combination yellow,bell pepper combination yellow,,bell pepper combination yellow
3084,1/2-3 cups diced zucchini or 2 1/2-3 cups yellow squash,zucchini yellow squash,,zucchini yellow squash
3085,1 1/4 cup diced onion,onion,,onion
3086,1/2-2 cups diced fennel bulbs,fennel bulb,,fennel bulb
3087,dried diced apricots or 1 cup fresh fig,apricot fig,dried,apricot fig|dried
3088,6 large garlic cloves,large garlic,,large garlic
3089,1/2-2 tablespoons extra-virgin olive oil,extra-virgin olive oil,,extra-virgin olive oil
3090,cooked chickpeas or 1 cup white beans,cooked chickpea white bean,,cooked chickpea white bean
3091,fresh basil or 1/2 cup parsley,basil parsley,fresh,basil parsley|fresh
3092,12 sheets phyllo pastry sheets,sheet phyllo pastry sheet,,sheet phyllo pastry sheet
3093,1/2-3 tablespoons extra-virgin olive oil,extra-virgin olive oil,,extra-virgin olive oil
3094,chopped or slivered almonds,slivered almond,,slivered almond
3095,pork mince,pork mince,,pork mince
3096,red potatoes,red potato,,red potato
3097,oleo,oleo,,oleo
3098,vegetable shortening,vegetable shortening,,vegetable shortening
3099,cocoa,cocoa,,cocoa
3100,8 meyer lemons,meyer lemon,,meyer lemon
3101,almond breeze unsweetened vanilla,almond breeze unsweetened vanilla,,almond breeze unsweetened vanilla
3102,cooked quinoa,cooked quinoa,,cooked quinoa
3103,fresh baby spinach,baby spinach,fresh,baby spinach|fresh
3104,sliced dried apricot,apricot,dried,apricot|dried
3105,sliced natural almonds,natural almond,,natural almond
3106,boneless lamb,boneles lamb,,boneles lamb
3107,crushed canned tomatoes,tomato,canned,tomato|canned
3108,ground mustard,mustard,ground,mustard|ground
3109,fresh coarse ground black pepper,coarse black pepper,fresh,coarse black pepper|fresh
3110,hamburger,hamburger,,hamburger
3111,thai chile,thai chile,,thai chile
3112,white wine,white wine,,white wine
3113,mixed dried figs,mixed fig,dried,mixed fig|dried
3114,pinches saffron,saffron,,saffron
3115,crystallized ginger,crystallized ginger,,crystallized ginger
3116,2 cinnamon stick,cinnamon stick,,cinnamon stick
3117,chicken stock or 4 1/2 cups vegetable stock,chicken stock vegetable stock,,chicken stock vegetable stock
3118,orange rind,orange rind,,orange rind
3119,chicken stock or 1/2 cup broth,chicken stock broth,,chicken stock broth
3120,chickens,chicken,,chicken
3121,pomegranate,pomegranate,,pomegranate
3122,chopped peeled mangoes,mango,,mango
3123,finely chopped red onions,red onion,,red onion
3124,strips steak,strip steak,,strip steak
3125,freshly grated orange zest,orange zest,,orange zest
3126,sweet onions,sweet onion,,sweet onion
3127,sticks cinnamon,stick cinnamon,,stick cinnamon
3128,1/2-2 teaspoons salt,salt,,salt
3129,pistachios,pistachio,,pistachio
3130,grated lemon zest,lemon zest,,lemon zest
3131,chopped walnuts or almonds,walnut almond,,walnut almond
3132,lemons (1 thinly sliced,lemon,,lemon
3133,large green olives,large green olive,,large green olive
3134,morrocan seasoning,morrocan seasoning,,morrocan seasoning
3135,jumbo shrimp,jumbo shrimp,,jumbo shrimp
3136,3 tablespoons butter,butter,,butter
3137,lemon (plus more lemon wedges,lemon lemon wedge,,lemon lemon wedge
3138,skirt steak (or sirloin steak,skirt steak sirloin steak,,skirt steak sirloin steak
3139,ears fresh cooked corn,ear cooked corn,fresh,ear cooked corn|fresh
3140,grated orange,orange,,orange
3141,fresh garlic cloves,garlic,fresh,garlic|fresh
3142,pork chops,pork chop,,pork chop
3143,2 teaspoon olive oil,olive oil,,olive oil
3144,"moroccan mixed spice (<a href=""https://www.food.com/recipe/moroccan-spice-mix-422399"">moroccan spice mix</a>",moroccan mixed spice href http www food com recipe moroccan-spice-mix- moroccan spice mix,,moroccan mixed spice href http www food com recipe moroccan-spice-mix- moroccan spice mix
3145,extra-virgin olive oil or 2 teaspoons canola oil,extra-virgin olive oil canola oil,,extra-virgin olive oil canola oil
3146,gluten-free curry gravy mix,gluten-free curry gravy mix,,gluten-free curry gravy mix
3147,mixed dried fruit,mixed fruit,dried,mixed fruit|dried
3148,raisins or 1/4 cup dried currant,raisin currant,dried,raisin currant|dried
3149,yellow sweet onion,yellow sweet onion,,yellow sweet onion
3150,can diced tomatoes,tomato,canned,tomato|canned
3151,cooked fresh fava beans (or one 15-oz can fava beans,cooked fava bean one -oz fava bean,fresh,cooked fava bean one -oz fava bean|fresh
3152,minced fresh cilantro or 1 tablespoon fresh parsley leaves,cilantro parsley leave,fresh,cilantro parsley leave|fresh
3153,ground lean lamb,lean lamb,ground,lean lamb|ground
3154,fresh breadcrumb,breadcrumb,fresh,breadcrumb|fresh
3155,wheat pita bread,wheat pita bread,,wheat pita bread
3156,alfalfa sprout,alfalfa sprout,,alfalfa sprout
3157,lamb rib chops,lamb rib chop,,lamb rib chop
3158,olive oil or 2 tablespoons grapeseed oil,olive oil grapeseed oil,,olive oil grapeseed oil
3159,cashews,cashew,,cashew
3160,juice of one lime,juice one lime,,juice one lime
3161,one 15 . 5-ounce can low-sodium chickpeas,one -ounce low-sodium chickpea,canned,one -ounce low-sodium chickpea|canned
3162,dry lentils,lentil,dried,lentil|dried
3163,5 garlic cloves,garlic,,garlic
3164,italian plum tomatoes,italian plum tomato,,italian plum tomato
3165,spaghetti squash,spaghetti squash,,spaghetti squash
3166,pork belly,pork belly,,pork belly
3167,1/2 inches fresh ginger,inche ginger,fresh,inche ginger|fresh
3168,dried mushroom,mushroom,dried,mushroom|dried
3169,argan oil (this is very expensive and hard to find,argan oil thi is very expensive hard find,,argan oil thi is very expensive hard find
3170,strained yoghurt,strained yoghurt,,strained yoghurt
3171,strained tomatoes,strained tomato,,strained tomato
3172,veal fillets,veal fillet,,veal fillet
3173,quarts water or 2 quarts vegetable stock,quart water quart vegetable stock,,quart water quart vegetable stock
3174,fresh parsley or 4 tablespoons cilantro,parsley cilantro,fresh,parsley cilantro|fresh
3175,paprika ( hot,paprika hot,,paprika hot
3176,bell peppers (recipe called,bell pepper recipe called,,bell pepper recipe called
3177,cooking apples,cooking apple,,cooking apple
3178,jar pimento-stuffed olives,jar pimento-stuffed olive,,jar pimento-stuffed olive
3179,200 g barramundi fillets,barramundi fillet,,barramundi fillet
3180,sliced rainbow olives,rainbow olive,,rainbow olive
3181,virgin olive oil,virgin olive oil,,virgin olive oil
3182,pinches pepper,pepper,,pepper
3183,1/2-2 cups black quinoa,black quinoa,,black quinoa
3184,mild curry paste,mild curry,paste,mild curry|paste
3185,top sirloin beef grilling steak,top sirloin beef grilling steak,,top sirloin beef grilling steak
3186,low-fat plain yogurt,low-fat plain yogurt,,low-fat plain yogurt
3187,tomato ketchup,tomato ketchup,,tomato ketchup
3188,mint leaf,mint leaf,,mint leaf
3189,eggplants,eggplant,,eggplant
3190,red capsicums,red capsicum,,red capsicum
3191,tomato sauce or 1 cup chopped diced tomato,tomato sauce tomato,,tomato sauce tomato
3192,juice 1 lemon,juice lemon,,juice lemon
3193,chopped flatleaf parsley,flatleaf parsley,,flatleaf parsley
3194,salami,salami,,salami
3195,edam cheese,edam cheese,,edam cheese
3196,dried za'atar spice mix,za atar spice mix,dried,za atar spice mix|dried
3197,colored bell pepper,colored bell pepper,,colored bell pepper
3198,boiling potato,boiling potato,,boiling potato
3199,portuguese rolls or 4 kaiser rolls,portuguese roll kaiser roll,,portuguese roll kaiser roll
3200,harissa or cayenne,harissa cayenne,,harissa cayenne
3201,skinless chicken breasts,skinles chicken breast,,skinles chicken breast
3202,chicken stock cube,chicken stock cube,,chicken stock cube
3203,chopped pistachio nut,pistachio nut,,pistachio nut
3204,brown mustard seeds,brown mustard seed,,brown mustard seed
3205,yellow mustard seeds,yellow mustard seed,,yellow mustard seed
3206,1/4-1/2 teaspoon crushed red pepper flakes,red pepper flake,,red pepper flake
3207,splenda sugar substitute,splenda sugar substitute,,splenda sugar substitute
3208,sliced carrots or 2 cups baby carrots,carrot baby carrot,,carrot baby carrot
3209,pimento stuffed green olive,pimento stuffed green olive,,pimento stuffed green olive
3210,acorn squash,acorn squash,,acorn squash
3211,mixed nuts,mixed nut,,mixed nut
3212,chicken stock or 6 cups vegetable stock,chicken stock vegetable stock,,chicken stock vegetable stock
3213,chile,chile,,chile
3214,red capsicums or 1 large green capsicum,red capsicum large green capsicum,,red capsicum large green capsicum
3215,stew beef chunks or 8 skinless bone-in chicken thighs,stew beef chunk skinles bone-in chicken thigh,,stew beef chunk skinles bone-in chicken thigh
3216,red chili pepper flakes or 1/4 teaspoon cayenne pepper,red chili pepper flake cayenne pepper,,red chili pepper flake cayenne pepper
3217,squash or 3 cups potatoes,squash potato,,squash potato
3218,tuna in water,tuna water,,tuna water
3219,natural yoghurt,natural yoghurt,,natural yoghurt
3220,finely grated lemon rind,lemon rind,,lemon rind
3221,hungarian wax pepper,hungarian wax pepper,,hungarian wax pepper
3222,shredded carrots,shredded carrot,,shredded carrot
3223,cooked chopped turkey meat,cooked turkey meat,,cooked turkey meat
3224,turkey stock or 1/2 cup chicken stock,turkey stock chicken stock,,turkey stock chicken stock
3225,chopped green beans,green bean,,green bean
3226,generous pinch saffron thread,generou saffron thread,,generou saffron thread
3227,fresh hot red chili pepper,hot red chili pepper,fresh,hot red chili pepper|fresh
3228,turkey stock,turkey stock,,turkey stock
3229,cooked turkey,cooked turkey,,cooked turkey
3230,golden seedless raisins,golden seedles raisin,,golden seedles raisin
3231,lightly packed fresh cilantro leaves,lightly packed cilantro leave,fresh,lightly packed cilantro leave|fresh
3232,sambal oelek or tabasco sauce,sambal oelek tabasco sauce,,sambal oelek tabasco sauce
3233,turkey breast tenderloin,turkey breast tenderloin,,turkey breast tenderloin
3234,baby corn,baby corn,,baby corn
3235,beef stew meat or 1 lb lamb stew meat,beef stew meat lamb stew meat,,beef stew meat lamb stew meat
3236,reduced-sodium beef broth or 6 cups water,reduced-sodium beef broth water,,reduced-sodium beef broth water
3237,angel hair pasta (capellini,angel hair pasta capellini,,angel hair pasta capellini
3238,2 teaspoon kosher sea salt,kosher sea salt,,kosher sea salt
3239,of crushed garlic,garlic,,garlic
3240,1 1/2 cup vegetable stock,vegetable stock,,vegetable stock
3241,chopped zucchini,zucchini,,zucchini
3242,stoned black olives,stoned black olive,,stoned black olive
3243,navy beans,navy bean,,navy bean
3244,roasting chickens,roasting chicken,,roasting chicken
3245,rough chopped preserved lemon,rough preserved lemon,,rough preserved lemon
3246,rough chopped green olives,rough green olive,,rough green olive
3247,3 1/2 lbs chicken,chicken,,chicken
3248,yams or 1 sweet potato,yam sweet potato,,yam sweet potato
3249,minced of fresh mint,mint,fresh,mint|fresh
3250,2 cup warm water,warm water,,warm water
3251,1/2-3/4 teaspoon cumin,cumin,,cumin
3252,canned diced tomatoes,tomato,canned,tomato|canned
3253,romaine lettuce or baby spinach leaves,romaine lettuce baby spinach leave,,romaine lettuce baby spinach leave
3254,new york strip steaks,new york strip steak,,new york strip steak
3255,red peppers,red pepper,,red pepper
3256,bulb onion,bulb onion,,bulb onion
3257,beans,bean,,bean
3258,seasoning,seasoning,,seasoning
3259,ripe papayas or 4 mangoes,ripe papaya mango,,ripe papaya mango
3260,red apples,red apple,,red apple
3261,ripe bananas,ripe banana,,ripe banana
3262,pineapple tidbits,pineapple tidbit,,pineapple tidbit
3263,sweetened flaked coconut,sweetened flaked coconut,,sweetened flaked coconut
3264,pea beans,pea bean,,pea bean
3265,cooked shrimp,cooked shrimp,,cooked shrimp
3266,crunchy peanut butter,crunchy peanut butter,,crunchy peanut butter
3267,3 small dried hot red chili peppers or 1/2 teaspoon dried red pepper flakes,small hot red chili pepper red pepper flake,dried,small hot red chili pepper red pepper flake|dried
3268,orange zest or 1/8 teaspoon lemon zest,orange zest lemon zest,,orange zest lemon zest
3269,red peppers or 1 teaspoon red pepper flakes,red pepper red pepper flake,,red pepper red pepper flake
3270,sweet green pepper,sweet green pepper,,sweet green pepper
3271,3 garlic cloves,garlic,,garlic
3272,inch gingerroot,inch gingerroot,,inch gingerroot
3273,4 cardamom pods,cardamom pod,,cardamom pod
3274,bulgur wheat,bulgur wheat,,bulgur wheat
3275,lime wedge,lime wedge,,lime wedge
3276,finger eggplants,finger eggplant,,finger eggplant
3277,coarse bulgar wheat,coarse bulgar wheat,,coarse bulgar wheat
3278,orange juice concentrate,orange juice concentrate,,orange juice concentrate
3279,chopped chopped ready-to-eat roasted boneless skinless chicken breasts,ready-to-eat roasted boneles skinles chicken breast,,ready-to-eat roasted boneles skinles chicken breast
3280,ears corn,ear corn,,ear corn
3281,dried marjoram,marjoram,dried,marjoram|dried
3282,harissa or 2 teaspoons hot sauce,harissa hot sauce,,harissa hot sauce
3283,flank steaks,flank steak,,flank steak
3284,finely diced onions,onion,,onion
3285,inch piece cinnamon stick,inch cinnamon stick,,inch cinnamon stick
3286,pinch saffron,saffron,,saffron
3287,vegetable broth or 3 cups water,vegetable broth water,,vegetable broth water
3288,cubed day-old firm white bread,day-old firm white bread,,day-old firm white bread
3289,ground beef or 1 lb ground lamb,beef lamb,ground,beef lamb|ground
3290,finely chopped scallions,scallion,,scallion
3291,giant couscous or 1 cup medium couscous,giant couscous medium couscous,,giant couscous medium couscous
3292,oranges (peeled,orange,,orange
3293,can garbanzo beans,garbanzo bean,canned,garbanzo bean|canned
3294,cayenne powder,cayenne,powder,cayenne|powder
3295,cooked chicken breasts,cooked chicken breast,,cooked chicken breast
3296,cayenne pepper or 1/16 teaspoon berbere,cayenne pepper berbere,,cayenne pepper berbere
3297,couscous or rice,couscous rice,,couscous rice
3298,vegetable broth or 1/2 cup reduced-sodium chicken broth,vegetable broth reduced-sodium chicken broth,,vegetable broth reduced-sodium chicken broth
3299,chili-garlic sauce or 1 teaspoon hot sauce,chili-garlic sauce hot sauce,,chili-garlic sauce hot sauce
3300,frozen apple juice concentrate,apple juice concentrate,frozen,apple juice concentrate|frozen
3301,chicken or 1 3/4 cups vegetable broth,chicken vegetable broth,,chicken vegetable broth
3302,seasoned rice wine vinegar,seasoned rice wine vinegar,,seasoned rice wine vinegar
3303,mandarin oranges,mandarin orange,,mandarin orange
3304,can pineapple tidbits,pineapple tidbit,canned,pineapple tidbit|canned
3305,6 tablespoons orange juice,orange juice,,orange juice
3306,powdered milk,milk,powder,milk|powder
3307,8 ice cubes,ice cube,,ice cube
3308,veal bones,veal bone,,veal bone
3309,organic carrots,organic carrot,,organic carrot
3310,1/2 tea spoon baking powder,tea spoon baking,powder,tea spoon baking|powder
3311,table spoon tahini,table spoon tahini,,table spoon tahini
3312,red chile,red chile,,red chile
3313,dried chili pepper flakes,chili pepper flake,dried,chili pepper flake|dried
3314,chicken fillets,chicken fillet,,chicken fillet
3315,freshly chopped mint,mint,,mint
3316,sea bass fillets,sea bass fillet,,sea bass fillet
3317,ripped cherry tomatoes,ripped cherry tomato,,ripped cherry tomato
3318,chopped olives,olive,,olive
3319,fresh basil leaf,basil leaf,fresh,basil leaf|fresh
3320,skinless chicken thigh fillets,skinles chicken thigh fillet,,skinles chicken thigh fillet
3321,butter or 25 g margarine,butter margarine,,butter margarine
3322,frozen baby sweet peas,baby sweet pea,frozen,baby sweet pea|frozen
3323,diced tomato,tomato,,tomato
3324,1/2 pints vegetable stock,pint vegetable stock,,pint vegetable stock
3325,of hot curry powder,hot curry,powder,hot curry|powder
3326,peanut oil or 2 tablespoons vegetable oil,peanut oil vegetable oil,,peanut oil vegetable oil
3327,cayenne pepper or 1/4 teaspoon red pepper flakes,cayenne pepper red pepper flake,,cayenne pepper red pepper flake
3328,chicken stock or 5 cups vegetable stock,chicken stock vegetable stock,,chicken stock vegetable stock
3329,soft tofu,soft tofu,,soft tofu
3330,boneless beef roast,boneles beef roast,,boneles beef roast
3331,white pearl onions,white pearl onion,,white pearl onion
3332,butternut squash or 8 ounces sweet potatoes,butternut squash ounce sweet potato,,butternut squash ounce sweet potato
3333,boneless skinless chicken breasts or 4 large chicken thighs,boneles skinles chicken breast large chicken thigh,,boneles skinles chicken breast large chicken thigh
3334,2 fresh red chili pepper (if not available,red chili pepper if not available,fresh,red chili pepper if not available|fresh
3335,poblano pepper,poblano pepper,,poblano pepper
3336,lemon balm,lemon balm,,lemon balm
3337,minced fish mint,fish mint,,fish mint
3338,1/8-1/4 cup fresh mint leaves,mint leave,fresh,mint leave|fresh
3339,rack of lamb,rack lamb,,rack lamb
3340,pomegranate molasses,pomegranate molasses,,pomegranate molasses
3341,pistachio nut,pistachio nut,,pistachio nut
3342,preserved lemons or 1 lemon,preserved lemon lemon,,preserved lemon lemon
3343,aloha shoyu soy sauce,aloha shoyu soy sauce,,aloha shoyu soy sauce
3344,pork ribs,pork rib,,pork rib
3345,hot red pepper,hot red pepper,,hot red pepper
3346,6 chicken breast halves,chicken breast halve,,chicken breast halve
3347,chicken or 4 cups vegetable stock,chicken vegetable stock,,chicken vegetable stock
3348,4 tomatoes,tomato,,tomato
3349,piri-piri,piri-piri,,piri-piri
3350,2 teaspoon harissa,harissa,,harissa
3351,raw peeled prawns,raw prawn,,raw prawn
3352,24 large prawns,large prawn,,large prawn
3353,fresh parsley (optional,parsley,fresh,parsley|fresh
3354,pared small lemon,pared small lemon,,pared small lemon
3355,prawns,prawn,,prawn
3356,of cooked savory rice,cooked savory rice,,cooked savory rice
3357,peri peri oil (palm oil infused with hot red peppers,peri peri oil palm oil infused hot red pepper,,peri peri oil palm oil infused hot red pepper
3358,frozen sweet peas,sweet pea,frozen,sweet pea|frozen
3359,gallon canola oil,gallon canola oil,,gallon canola oil
3360,set 1/2 tbsp rawspicebar's freshly ground pumpkin spice,set rawspicebar pumpkin spice,ground,set rawspicebar pumpkin spice|ground
3361,set 1/2 ricotta cheese,set ricotta cheese,,set ricotta cheese
3362,set 2 eggs,set egg,,set egg
3363,set 1/3 cup unbleached all-purpose flour,set unbleached all-purpose flour,,set unbleached all-purpose flour
3364,set 1/4 teaspoon fine sea salt,set fine sea salt,,set fine sea salt
3365,set 1 1/2 tablespoons butter,set butter,,set butter
3366,set 1/2 cup honey,set honey,,set honey
3367,set vegetable oil,set vegetable oil,,set vegetable oil
3368,canned low sodium chicken broth,low sodium chicken broth,canned,low sodium chicken broth|canned
3369,nutmegs,nutmeg,,nutmeg
3370,rosebuds,rosebud,,rosebud
3371,mace,mace,,mace
3372,dried chipotle peppers,chipotle pepper,dried,chipotle pepper|dried
3373,lavender,lavender,,lavender
3374,galangal,galangal,,galangal
3375,black cardamom pods,black cardamom pod,,black cardamom pod
3376,sesame seed oil,sesame seed oil,,sesame seed oil
3377,sumac,sumac,,sumac
3378,home-made chicken stock,home-made chicken stock,,home-made chicken stock
3379,white potatoes,white potato,,white potato
3380,red bell peppers or 1/2 green bell pepper,red bell pepper green bell pepper,,red bell pepper green bell pepper
3381,pork loin (tied,pork loin tied,,pork loin tied
3382,chopped cilantro or flat leaf parsley,cilantro flat leaf parsley,,cilantro flat leaf parsley
3383,mayonnaise (or sour cream,mayonnaise sour cream,,mayonnaise sour cream
3384,harissa (or more,harissa,,harissa
3385,3 tablespoons ras el hanout spice mix,ras el hanout spice mix,,ras el hanout spice mix
3386,water or 1 1/4 cups broth,water broth,,water broth
3387,butter or 1 teaspoon margarine,butter margarine,,butter margarine
3388,dried thyme leaves,thyme leave,dried,thyme leave|dried
3389,box wheat garlic couscous,box wheat garlic couscous,,box wheat garlic couscous
3390,sweet peppers,sweet pepper,,sweet pepper
3391,asparagus spears,asparagu spear,,asparagu spear
3392,boiling water or 2 1/2 cups vegetable stock,boiling water vegetable stock,,boiling water vegetable stock
3393,fresh herbs (basil,herb basil,fresh,herb basil|fresh
3394,fresh rosemary,rosemary,fresh,rosemary|fresh
3395,1/4-1/2 teaspoon cayenne pepper,cayenne pepper,,cayenne pepper
3396,mild chili powder,mild chili,powder,mild chili|powder
3397,mixed herbs,mixed herb,,mixed herb
3398,kosher salt ground pepper,kosher salt pepper,ground,kosher salt pepper|ground
3399,coarse kosher salt,coarse kosher salt,,coarse kosher salt
3400,dill,dill,,dill
3401,radishes,radishe,,radishe
3402,old bay seasoning,old bay seasoning,,old bay seasoning
3403,lemon pepper or 1/4 teaspoon black pepper,lemon pepper black pepper,,lemon pepper black pepper
3404,low sodium soy sauce,low sodium soy sauce,,low sodium soy sauce
3405,orange slices,orange,,orange
3406,broccoli floret,broccoli floret,,broccoli floret
3407,regular couscous or 1/2 cup wheat couscous,regular couscous wheat couscous,,regular couscous wheat couscous
3408,wonton wrappers,wonton wrapper,,wonton wrapper
3409,lean ground lamb or 1 lb beef,lean lamb beef,ground,lean lamb beef|ground
3410,jar marinated artichoke hearts,jar marinated artichoke heart,,jar marinated artichoke heart
3411,extra firm tofu,extra firm tofu,,extra firm tofu
3412,blanched skinless almonds,blanched skinles almond,,blanched skinles almond
3413,1/2-1 teaspoon ground cinnamon,cinnamon,ground,cinnamon|ground
3414,1/4-1/2 tablespoon ground aniseed,aniseed,ground,aniseed|ground
3415,1/3-1/2 cup ghee,ghee,,ghee
3416,inch minced gingerroot,inch gingerroot,,inch gingerroot
3417,hot pepper,hot pepper,,hot pepper
3418,dry active yeast,active yeast,dried,active yeast|dried
3419,coarse sugar,coarse sugar,,coarse sugar
3420,peppercorns,peppercorn,,peppercorn
3421,tea bags or 2 loose tea,tea bag loose tea,,tea bag loose tea
3422,3 teaspoons sugar,sugar,,sugar
3423,tea bag,tea bag,,tea bag
3424,cardamom seeds,cardamom seed,,cardamom seed
3425,chopped dill,dill,,dill
3426,full fat greek yogurt,full fat greek yogurt,,full fat greek yogurt
3427,chopped mint,mint,,mint
3428,wheat tortillas,wheat tortilla,,wheat tortilla
3429,avocados,avocado,,avocado
3430,meaty bacon,meaty bacon,,meaty bacon
3431,swiss chard,swis chard,,swis chard
3432,prepared tomato sauce,prepared tomato sauce,,prepared tomato sauce
3433,thinly sliced basil leaves,basil leave,,basil leave
3434,za atar seasoning,za atar seasoning,,za atar seasoning
3435,peeled shrimp,shrimp,,shrimp
3436,crumbled feta,crumbled feta,,crumbled feta
3437,rustic bread,rustic bread,,rustic bread
3438,sesame oil or 1 tablespoon coconut oil,sesame oil coconut oil,,sesame oil coconut oil
3439,mixed frozen vegetables,mixed vegetable,frozen,mixed vegetable|frozen
3440,frozen edamame,edamame,frozen,edamame|frozen
3441,uncooked shrimp,uncooked shrimp,,uncooked shrimp
3442,sumaq,sumaq,,sumaq
3443,instant chicken bouillon granules,instant chicken bouillon granule,,instant chicken bouillon granule
3444,lamb shoulder,lamb shoulder,,lamb shoulder
3445,kosher salt and black pepper,kosher salt black pepper,,kosher salt black pepper
3446,chopped pistachios,pistachio,,pistachio
3447,boneless beef brisket,boneles beef brisket,,boneles beef brisket
3448,reduced-sodium beef broth,reduced-sodium beef broth,,reduced-sodium beef broth
3449,chopped fresh cilantro leaves,cilantro leave,fresh,cilantro leave|fresh
3450,bone-in skinless chicken thighs,bone-in skinles chicken thigh,,bone-in skinles chicken thigh
3451,pumpkin pie spice,pumpkin pie spice,,pumpkin pie spice
3452,diced fire-roasted tomatoes,fire-roasted tomato,,fire-roasted tomato
3453,white kidney beans or 1 can cannellini beans,white kidney bean cannellini bean,canned,white kidney bean cannellini bean|canned
3454,simply potatoes diced potatoes with onion,simply potato potato onion,,simply potato potato onion
3455,1/2-1 teaspoon ground red pepper,red pepper,ground,red pepper|ground
3456,1/2-1 teaspoon crushed red pepper flakes,red pepper flake,,red pepper flake
3457,2 1/4 cups all-purpose flour,all-purpose flour,,all-purpose flour
3458,port wine,port wine,,port wine
3459,squash,squash,,squash
3460,3 okra,okra,,okra
3461,3 cloves garlic,garlic,,garlic
3462,1/3-1/2 cup cilantro,cilantro,,cilantro
3463,crushed cardamom pods,cardamom pod,,cardamom pod
3464,inch cinnamon stick,inch cinnamon stick,,inch cinnamon stick
3465,canned green chili peppers,green chili pepper,canned,green chili pepper|canned
3466,boneless lamb or 1 lb boneless beef roast,boneles lamb boneles beef roast,,boneles lamb boneles beef roast
3467,cognac,cognac,,cognac
3468,small fresh beet,small beet,fresh,small beet|fresh
3469,boiling salt water,boiling salt water,,boiling salt water
3470,filet of beef,filet beef,,filet beef
3471,bicarbonate of soda,bicarbonate soda,,bicarbonate soda
3472,oat bran,oat bran,,oat bran
3473,sultanas or 1/2 cup raisins,sultana raisin,,sultana raisin
3474,nonfat milk,nonfat milk,,nonfat milk
3475,strong green chilies or 1 large jalapeno,strong green chily large jalapeno,,strong green chily large jalapeno
3476,fresh pouring cream,pouring cream,fresh,pouring cream|fresh
3477,3 small potatoes,small potato,,small potato
3478,2 tablespoon chili paste,chili,paste,chili|paste
3479,good quality curry powder,good quality curry,powder,good quality curry|powder
3480,fluid ounce vodka,fluid ounce vodka,,fluid ounce vodka
3481,irish cream,irish cream,,irish cream
3482,fluid ounce kahlua,fluid ounce kahlua,,fluid ounce kahlua
3483,hot curry powder,hot curry,powder,hot curry|powder
3484,custard,custard,,custard
3485,tennis biscuits,tenni biscuit,,tenni biscuit
3486,cold water and ice,cold water ice,,cold water ice
3487,tofu sour cream or 1/4 cup sour cream,tofu sour cream sour cream,,tofu sour cream sour cream
3488,vegan mayonnaise or 1/4 cup miracle whip,vegan mayonnaise miracle whip,,vegan mayonnaise miracle whip
3489,butter or 20 g margarine,butter margarine,,butter margarine
3490,milk ( vanilla soy milk gives added flavor,milk vanilla soy milk give added flavor,,milk vanilla soy milk give added flavor
3491,prepared graham cracker crusts,prepared graham cracker crust,,prepared graham cracker crust
3492,condensed milk,condensed milk,,condensed milk
3493,sugar or 500 ml sugar,sugar sugar,,sugar sugar
3494,hominy corn,hominy corn,,hominy corn
3495,sugar beans or 3 cups pinto beans,sugar bean pinto bean,,sugar bean pinto bean
3496,3 potatoes,potato,,potato
3497,3 tablespoons canola oil,canola oil,,canola oil
3498,2 vegetable bouillon cube,vegetable bouillon cube,,vegetable bouillon cube
3499,well matured beef,well matured beef,,well matured beef
3500,fatty pork (neck,fatty pork neck,,fatty pork neck
3501,dry red wine or 125 ml dark vinegar,red wine dark vinegar,dried,red wine dark vinegar|dried
3502,thick sausage casings,thick sausage casing,,thick sausage casing
3503,rolled oats,rolled oat,,rolled oat
3504,rye flour,rye flour,,rye flour
3505,wheat bran,wheat bran,,wheat bran
3506,wheat germ,wheat germ,,wheat germ
3507,sunflower seeds,sunflower seed,,sunflower seed
3508,poppy seed,poppy seed,,poppy seed
3509,linseeds,linseed,,linseed
3510,seeds,seed,,seed
3511,serrano chili (,serrano chili,,serrano chili
3512,4 cups watermelon (rine removed,watermelon rine removed,,watermelon rine removed
3513,black olives (moroccan olives,black olive moroccan olive,,black olive moroccan olive
3514,superfine sugar or 1 cup caster sugar,superfine sugar caster sugar,,superfine sugar caster sugar
3515,baking soda or 5 ml bicarbonate of soda,baking soda bicarbonate soda,,baking soda bicarbonate soda
3516,fresh grated ginger,ginger,fresh,ginger|fresh
3517,white basmati rice,white basmati rice,,white basmati rice
3518,low sodium vegetable broth or 3 1/2 cups water,low sodium vegetable broth water,,low sodium vegetable broth water
3519,salt-free lemon pepper,salt-free lemon pepper,,salt-free lemon pepper
3520,lebanese cucumber,lebanese cucumber,,lebanese cucumber
3521,kansas city steaks (or other lean,kansa city steak other lean,,kansa city steak other lean
3522,peeled baby carrots,baby carrot,,baby carrot
3523,chicken broth or 3/4 cup vegetable broth,chicken broth vegetable broth,,chicken broth vegetable broth
3524,quick-cooking couscous,quick-cooking couscous,,quick-cooking couscous
3525,onions or 1 1/2 cups onions,onion onion,,onion onion
3526,goat cheese,goat cheese,,goat cheese
3527,ragú® pasta sauce,rag pasta sauce,,rag pasta sauce
3528,fresh cilantro or 2 tablespoons fresh parsley leaves,cilantro parsley leave,fresh,cilantro parsley leave|fresh
3529,finely chopped carrot,carrot,,carrot
3530,finely chopped zucchini,zucchini,,zucchini
3531,chopped green onion,green onion,,green onion
3532,vegetable stock or 1 1/2 cups water,vegetable stock water,,vegetable stock water
3533,jar tomato-based salsa,jar tomato-based salsa,,jar tomato-based salsa
3534,crushed peanuts,peanut,,peanut
3535,red bell peppers or 1 orange bell pepper,red bell pepper orange bell pepper,,red bell pepper orange bell pepper
3536,big tomatoes,big tomato,,big tomato
3537,salmon,salmon,,salmon
3538,salmon fillets (2 fillets,salmon fillet fillet,,salmon fillet fillet
3539,dried cilantro,cilantro,dried,cilantro|dried
3540,celery seed,celery seed,,celery seed
3541,thinly sliced carrots,carrot,,carrot
3542,chinese chili paste,chinese chili,paste,chinese chili|paste
3543,skinless chicken breast,skinles chicken breast,,skinles chicken breast
3544,can chopped tomatoes,tomato,canned,tomato|canned
3545,loin lamb,loin lamb,,loin lamb
3546,3 teaspoons chopped chili,chili,,chili
3547,low-fat yogurt,low-fat yogurt,,low-fat yogurt
3548,plantains,plantain,,plantain
3549,bird chile,bird chile,,bird chile
3550,tlbs. chopped cilantro,tlb cilantro,,tlb cilantro
3551,chili paste,chili,paste,chili|paste
3552,grinds black pepper,grind black pepper,,grind black pepper
3553,red wine or 1 tablespoon sherry wine vinegar,red wine sherry wine vinegar,,red wine sherry wine vinegar
3554,chicken broth or 8 cups vegetable broth,chicken broth vegetable broth,,chicken broth vegetable broth
3555,thick & chunky salsa,thick chunky salsa,,thick chunky salsa
3556,diced unpeeled zucchini,unpeeled zucchini,,unpeeled zucchini
3557,sweet chili sauce,sweet chili sauce,,sweet chili sauce
3558,fresh ginger or 1/2 teaspoon ground ginger,ginger ginger,fresh,ginger ginger|fresh
3559,1/2-1 spinach,spinach,,spinach
3560,wine,wine,,wine
3561,cracked pepper,cracked pepper,,cracked pepper
3562,fresh grated parmesan cheese,parmesan cheese,fresh,parmesan cheese|fresh
3563,3 drops tabasco sauce,drop tabasco sauce,,drop tabasco sauce
3564,ground round,round,ground,round|ground
3565,of fresh mint or basil,mint basil,fresh,mint basil|fresh
3566,low sodium chicken broth or 2 cups vegetable broth,low sodium chicken broth vegetable broth,,low sodium chicken broth vegetable broth
3567,steamed couscous,steamed couscous,,steamed couscous
3568,bell peppers (i use red,bell pepper use red,,bell pepper use red
3569,couscous (use morrocan,couscous use morrocan,,couscous use morrocan
3570,pork sausage,pork sausage,,pork sausage
3571,tea english tea bags or 4 teaspoons of loose english tea,tea english tea bag loose english tea,,tea english tea bag loose english tea
3572,lumps of sugar,lump sugar,,lump sugar
3573,plain nonfat yogurt,plain nonfat yogurt,,plain nonfat yogurt
3574,firm white fish fillets,firm white fish fillet,,firm white fish fillet
3575,finely chopped celery,celery,,celery
3576,finely chopped green pepper,green pepper,,green pepper
3577,finely chopped parsley,parsley,,parsley
3578,sun-dried tomato pesto,sun-dried tomato pesto,,sun-dried tomato pesto
3579,sachets quick-cooking couscous,sachet quick-cooking couscous,,sachet quick-cooking couscous
3580,rocket,rocket,,rocket
3581,jar ragú® pasta sauce,jar rag pasta sauce,,jar rag pasta sauce
3582,loaf crusty bread,loaf crusty bread,,loaf crusty bread
3583,lean beef,lean beef,,lean beef
3584,natural-style peanut butter,natural-style peanut butter,,natural-style peanut butter
3585,red cayenne pepper,red cayenne pepper,,red cayenne pepper
3586,walnut pieces,walnut,,walnut
3587,salad oil,salad oil,,salad oil
3588,red seedless grapes,red seedles grape,,red seedles grape
3589,couscous (real couscous,couscous real couscous,,couscous real couscous
3590,creamed honey,creamed honey,,creamed honey
3591,chopped peanuts,peanut,,peanut
3592,8 green olives,green olive,,green olive
3593,half a lemon,half lemon,,half lemon
3594,bunches swiss chard,bunche swis chard,,bunche swis chard
3595,4 cloves garlic,garlic,,garlic
3596,2 chicken,chicken,,chicken
3597,cinnamon sticks or 3 -5 pinches ground cinnamon,cinnamon stick cinnamon,ground,cinnamon stick cinnamon|ground
3598,chicken broth or 2 cups chicken stock,chicken broth chicken stock,,chicken broth chicken stock
3599,butter or 6 tablespoons margarine,butter margarine,,butter margarine
3600,chicken soup base,chicken soup base,,chicken soup base
3601,turmeric powder,turmeric,powder,turmeric|powder
3602,turnip,turnip,,turnip
3603,1/2-3 ounces white rum (to taste,ounce white rum,,ounce white rum
3604,vegetable stock or 3 cups water,vegetable stock water,,vegetable stock water
3605,bottle white wine (light,bottle white wine light,,bottle white wine light
3606,mayonnaise or 3 tablespoons avocados,mayonnaise avocado,,mayonnaise avocado
3607,fresh lemon juice plus 1 lemon,lemon juice lemon,fresh,lemon juice lemon|fresh
3608,vegetable stock or 2 cups chicken stock,vegetable stock chicken stock,,vegetable stock chicken stock
3609,crushed home grown tomatoes,home grown tomato,,home grown tomato
3610,gorgonzola,gorgonzola,,gorgonzola
3611,fresh greens,green,fresh,green|fresh
3612,2 tablespoon olive oil,olive oil,,olive oil
3613,vegetable stock or 4 cups chicken stock,vegetable stock chicken stock,,vegetable stock chicken stock
3614,170 ml marinated artichoke hearts,marinated artichoke heart,,marinated artichoke heart
3615,lettuce,lettuce,,lettuce
3616,dried couscous,couscous,dried,couscous|dried
3617,halved cherry tomatoes,cherry tomato,,cherry tomato
3618,smen,smen,,smen
3619,3 onions,onion,,onion
3620,tart apples,tart apple,,tart apple
3621,canned tomato puree,tomato,canned,tomato|canned
3622,spanish onions,spanish onion,,spanish onion
3623,2 tablespoon hot pepper paste (may sub chopped,hot pepper may sub,paste,hot pepper may sub|paste
3624,dried mango,mango,dried,mango|dried
3625,fluid ounces boiling water,fluid ounce boiling water,,fluid ounce boiling water
3626,cooked boneless skinless chicken breasts,cooked boneles skinles chicken breast,,cooked boneles skinles chicken breast
3627,ground dried chile,chile,ground,chile|ground
3628,tuna steaks,tuna steak,,tuna steak
3629,gruyere cheese,gruyere cheese,,gruyere cheese
3630,mashed potatoes,potato,,potato
3631,piri piri chili sauce,piri piri chili sauce,,piri piri chili sauce
3632,vegetable broth or 1 cup chicken broth,vegetable broth chicken broth,,vegetable broth chicken broth
3633,ripe plum tomatoes,ripe plum tomato,,ripe plum tomato
3634,salt (taste first,salt first,,salt first
3635,butter or 2 tablespoons extra virgin olive oil,butter extra virgin olive oil,,butter extra virgin olive oil
3636,fresh chili peppers,chili pepper,fresh,chili pepper|fresh
3637,za'atar spice mix,za atar spice mix,,za atar spice mix
3638,jalapenos,jalapeno,,jalapeno
3639,reduced-sodium diced tomatoes,reduced-sodium tomato,,reduced-sodium tomato
3640,low-sodium tomato juice,low-sodium tomato juice,,low-sodium tomato juice
3641,olive oil or 2 tablespoons peanut oil,olive oil peanut oil,,olive oil peanut oil
3642,2 jalapeno,jalapeno,,jalapeno
3643,can coconut milk,coconut milk,canned,coconut milk|canned
3644,nonfat yogurt,nonfat yogurt,,nonfat yogurt
3645,seedless grapes,seedles grape,,seedles grape
3646,ripe mango,ripe mango,,ripe mango
3647,navel orange,navel orange,,navel orange
3648,ripe papaya,ripe papaya,,ripe papaya
3649,cold milk,cold milk,,cold milk
3650,serrano chili,serrano chili,,serrano chili
3651,brewed coffee,brewed coffee,,brewed coffee
3652,tamarind paste,tamarind,paste,tamarind|paste
3653,berbere or 2 teaspoons chili powder,berbere chili,powder,berbere chili|powder
3654,dried red pepper flakes,red pepper flake,dried,red pepper flake|dried
3655,chopped stewed tomatoes,stewed tomato,,stewed tomato
3656,vidalia onions,vidalia onion,,vidalia onion
3657,1/2 fluid ounces chicken stock,fluid ounce chicken stock,,fluid ounce chicken stock
3658,smoked ham hock,ham hock,smoked,ham hock|smoked
3659,molido chilies (dried,molido chily,,molido chily
3660,dundicut chilies,dundicut chily,,dundicut chily
3661,mild smoked chili powder,mild chili,smoked,mild chili|smoked
3662,green chard leaves,green chard leave,,green chard leave
3663,cubed sweet potatoes,sweet potato,,sweet potato
3664,apple juice or 1 cup apricot juice,apple juice apricot juice,,apple juice apricot juice
3665,grated peeled gingerroot,gingerroot,,gingerroot
3666,1/2-2 cups chopped okra,okra,,okra
3667,groundnut oil or 1/4 cup olive oil,groundnut oil olive oil,,groundnut oil olive oil
3668,inch piece ginger,inch ginger,,inch ginger
3669,portebello mushroom,portebello mushroom,,portebello mushroom
3670,cilantro or 1/4 cup parsley,cilantro parsley,,cilantro parsley
3671,cubed meat (beef,meat beef,,meat beef
3672,chopped yellow onion,yellow onion,,yellow onion
3673,chopped peeled carrot,carrot,,carrot
3674,2 teaspoon minced peeled fresh ginger,ginger,fresh,ginger|fresh
3675,chopped peeled sweet potato,sweet potato,,sweet potato
3676,canola oil or 1 teaspoon peanut oil,canola oil peanut oil,,canola oil peanut oil
3677,3 medium tomatoes,medium tomato,,medium tomato
3678,1/2-1 teaspoon turmeric,turmeric,,turmeric
3679,2 teaspoon sugar,sugar,,sugar
3680,4 cups water or 3 -4 cups broth,water broth,,water broth
3681,1/2-1 cup crunchy peanut butter,crunchy peanut butter,,crunchy peanut butter
3682,lemons or 1 dash lime juice,lemon lime juice,,lemon lime juice
3683,4 hot peppers,hot pepper,,hot pepper
3684,2 cm gingerroot,cm gingerroot,,cm gingerroot
3685,maggi liquid seasoning,maggi liquid seasoning,,maggi liquid seasoning
3686,olive oil (or more,olive oil,,olive oil
3687,fresh thyme sprigs,thyme sprig,fresh,thyme sprig|fresh
3688,fine salt & freshly ground black pepper,fine salt black pepper,ground,fine salt black pepper|ground
3689,porcini mushroom,porcini mushroom,,porcini mushroom
3690,beef short ribs,beef short rib,,beef short rib
3691,serrano peppers,serrano pepper,,serrano pepper
3692,gyoza skins or 35 wonton wrappers,gyoza skin wonton wrapper,,gyoza skin wonton wrapper
3693,ground pork,pork,ground,pork|ground
3694,bay scallops or 1/4 lb sea scallops,bay scallop sea scallop,,bay scallop sea scallop
3695,bamboo shoots,bamboo shoot,,bamboo shoot
3696,shiitake mushrooms,shiitake mushroom,,shiitake mushroom
3697,sake,sake,,sake
3698,chicken stock or 3 tablespoons clam broth,chicken stock clam broth,,chicken stock clam broth
3699,40 green peas,green pea,,green pea
3700,15 ounces tomato sauce,ounce tomato sauce,,ounce tomato sauce
3701,3 red peppers,red pepper,,red pepper
