recipe_id,ingredients_text
1,"1 (15-oz [420-g]) can chickpeas, drained and rinsed 1 (16-oz [448-g]) can diced tomatoes 1 bay leaf 1 clove garlic 1 cup (201 g) brown lentils 1 cup (211 g) basmati rice 1 large onion, finely chopped 1 tbsp (15 ml) red wine vinegar 1 tsp ground cumin 2 cloves garlic, minced 2 cups (232 g) elbow macaroni 2 cups (480 ml) vegetable stock 2 cups (480 ml) water, plus more as needed 2 large onions, thinly sliced 2 tbsp (30 ml) olive oil 2 tsp (10 g) salt 2 tsp (2 g) ras el hanout salt and black pepper, to taste vegetable oil, as needed ¼ tsp crushed red pepper flakes"
2,"1 beef, chicken or vegetable bouillon cube 1 large red bell pepper, roughly chopped 1 medium onion, roughly chopped 1 tsp all-purpose seasoning 1 tsp salt 2 cups parboiled rice, rinsed 2 small scotch bonnet chiles or habanero chiles 2½ cups (600 ml) chicken stock 3 bay leaves 3 tbsp (48 g) tomato paste 5 medium roma tomatoes, roughly chopped ¼ cup (60 ml) groundnut oil or vegetable oil ½ tsp curry powder ½ tsp dried thyme"
3,"1 (28-oz [784-g]) can whole peeled plum tomatoes, drained 1 bay leaf 1 chicken bouillon cube 1 cup (240 ml) chicken stock 1 large red bell pepper, roughly chopped 1 medium onion, thinly sliced 1 tbsp (3 g) dried thyme 1 tbsp (8 g) nigerian red pepper or cayenne pepper 1 tsp all-purpose seasoning 1 tsp garlic powder 1½ cups (360 ml) vegetable oil, divided 1½ tsp (2 g) dried thyme 2 small habanero chiles 2 tbsp (32 g) tomato paste 3 lb (1.4 kg) chicken (any cut) 4 medium roma tomatoes, roughly chopped salt and black pepper, as needed"
4,"1 medium onion, roughly chopped, divided 1 small habanero chile, diced 1 small onion, thickly sliced 1 tbsp (15 g) salt, plus more to taste 1 tbsp (8 g) cayenne pepper 1 tsp black pepper, plus more to taste 1 tsp smoked paprika 1½ lb (680 g) chicken breasts, cut into 2-inch (6-cm) pieces 2 medium tomatoes, roughly chopped 2 to 3 tbsp (6 to 9 g) dried parsley 3 cups (720 ml) water 3 to 4 cloves garlic, whole ¼ cup (60 ml) vegetable oil ¼ lb (113 g) carrots, roughly chopped ½ cup (90 g) smooth peanut butter ½ tsp white pepper ¾ lb (340 g) russet potatoes, roughly chopped"
5,"1 cup (240 ml) water 1 large onion, roughly chopped 1 small onion, roughly chopped 1 tbsp (3 g) dried thyme 1 tbsp (8 g) nigerian red pepper 1½ lb (680 g) beef stew meat 2 small habanero chiles, stems removed 3 tbsp (18 g) ground crayfish 4 cups (600 g) egusi melon seeds, ground 4 tbsp (85 g) bitter leaf, washed 6 cups (1.4 l) beef stock 6 cups (180 g) roughly chopped spinach fufu , for serving salt and black pepper, as needed ¾ cup (180 ml) palm oil"
6,"1 small habanero chile, seeded and minced 1 tbsp (16 g) dijon mustard 1 tsp salt 1½ cups (360 g) chicken stock 1½ tbsp (23 ml) peanut oil 4 boneless, skinless chicken breasts 4 chicken drumsticks 4 cups (460 g) sliced onions rice, for serving ½ cup (120 ml) water ½ cup (75 g) pimento-stuffed olives ½ tsp black pepper ⅓ cup (80 ml) fresh lemon juice"
7,"1 chicken bouillon cube 1 tbsp (8 g) garlic powder 1 tbsp (8 g) onion powder 1 tbsp (8 g) white pepper 2 lb (900 g) sirloin or chuck roast 2 tbsp (16 g) cayenne pepper or nigerian red pepper 2 tsp (6 g) smoked paprika salt, to taste vegetable oil, as needed ¼ cup (43 g) roasted almonds"
8,"1 beef or chicken bouillon cube 1 large ripe plantain, cut into ¼-inch (6-mm) thick rounds 1 small habanero chile, finely chopped 2 cups (303 g) dried black-eyed peas, soaked overnight 2 cups (60 g) tightly packed spinach, roughly chopped 3 tbsp (18 g) ground crayfish 4 cups (960 ml) water salt, to taste ¾ cup (180 ml) palm oil"
9,"1 large bell pepper (any color), diced 1 medium onion, diced 1 small habanero chile, diced 1 small tomato, diced 1 tsp dried thyme 1 tsp minced garlic 1 tsp paprika 2 large ripe plantains 2 tbsp (30 ml) milk 6 large eggs ¼ cup (10 g) fresh cilantro, roughly chopped ¼ cup (60 ml) vegetable oil, divided"
10,"1 chicken bouillon cube 1 large roma tomato, roughly chopped 1 medium onion, roughly chopped 1 small habanero chile, minced 1 tbsp (8 g) all-purpose seasoning 1 tbsp (8 g) nigerian red pepper 1 tsp onion powder 2 (12-oz [336-g]) cans corned beef 2 lb (900 g) roughly chopped spinach 2 tbsp (30 ml) vegetable oil 2 tsp (6 g) garlic powder boiled or fried plantains, for serving, optional boiled yams, for serving, optional"
11,"1 (1-inch [5-cm]) piece fresh ginger, peeled 1 chicken bouillon cube 1 medium onion, roughly chopped 1 tsp smoked paprika 10 cloves garlic 2 medium lemons 2 tsp (10 g) salt 2 tsp (5 g) star anise seeds 2 tsp (6 g) black pepper 2 tsp (6 g) ground african nutmeg (ehuru) 4 whole tilapia, washed and cleaned thoroughly rice, for serving vegetable oil, as needed ½ cup fresh cilantro"
12,"1 (½-inch [13-mm]) piece fresh ginger, peeled 1 large onion, roughly chopped 1 tbsp (8 g) cayenne pepper 1 tbsp (8 g) white pepper 1½ lb (680 g) assorted boneless meats (e.g., beef, goat, chicken), cut into bite-size pieces 2 cloves garlic 3 beef or chicken bouillon cubes 3 tbsp (24 g) pepper soup spice mix 4 small habanero chiles, thinly sliced 6 cups (1.4 l) water salt, as needed yams, plantains or rice, for serving"
13,"1 beef or chicken bouillon cube 1 lb (450 g) fresh okra 1 medium onion, roughly chopped, divided 1 tbsp (6 g) ground crayfish 1 tbsp (8 g) cayenne pepper 1 tbsp (8 g) smoked paprika 2 cups (480 ml) water, divided 3 cups (90 g) tightly packed spinach, roughly chopped banku or fufu , for serving salt and black pepper, as needed ½ lb (225 g) beef stew meat ½ lb (225 g) bone-in chicken breast, cut into bite-size pieces"
14,"1 (4-oz [112-g]) can smoked sardines in olive oil 1 medium red or yellow bell pepper, diced 1 small habanero chile, minced 1 small onion, diced 1 tsp curry powder 2 tbsp (30 ml) olive oil 4 large eggs pinch of salt ¼ cup roughly chopped fresh basil ½ tsp cayenne pepper ½ tsp dried thyme ½ tsp garlic powder ⅛ tsp ground cumin ⅛ tsp ground turmeric"
15,"1 large tomato, roughly chopped 1 small onion, roughly chopped 1 small yellow or red bell pepper, roughly chopped 12 african bird’s eye chiles or 12 small habanero chiles 2 cloves garlic, roughly chopped salt, to taste ¼ cup (60 ml) olive oil"
16,"1 tbsp (8 g) smoked paprika 2 pinches of salt, divided 4 large green or ripe plantains vegetable oil, for frying"
17,"1 lb (450 g) frozen cod fillets, thawed 1 medium red bell pepper, roughly chopped 1 scallion, finely chopped 1 slice white bread 1 small jalapeño, finely chopped 1 small jalapeño, seeded and roughly chopped 1 tsp salt 2 large eggs 2 medium tomatoes, roughly chopped 2 scallions, minced 2 tbsp (30 ml) vegetable oil 2 tbsp (30 ml) water 2 tbsp (6 g) chopped fresh parsley 4 cloves garlic fresh parsley, for garnish salt, to taste vegetable oil, for frying ½ cup (120 ml) water ½ cup (63 g) all-purpose flour ½ tsp black pepper"
18,"1 cup (170 g) cornmeal 1 tsp cayenne pepper 1 tsp garlic powder 1 tsp grated fresh ginger 1 tsp salt 2 scallions, roughly chopped 3 tbsp (45 ml) canola oil 4 large overly ripe plantains, peeled 4 tbsp (60 ml) milk"
19,"1 tsp baking powder 3 cups (375 g) all-purpose flour vegetable oil, as needed ½ cup (115 g) margarine, cut into pieces ½ tsp african nutmeg (ehuru) ¾ cup (144 g) sugar ⅓ cup (80 ml) milk"
20,"1 large egg, beaten 1 lb (450 g) cold margarine, cut into tiny pieces 1 lb (450 g) ground beef 1 medium onion, diced 1 tsp dried thyme 1⅓ cups (320 ml) water, divided 2 beef bouillon cubes 2 medium carrots, chopped into bite-size pieces 2 medium russet potatoes, chopped into bite-size pieces 2 tbsp (16 g) all-purpose flour 2 tbsp (30 ml) vegetable oil 2 tsp (8 g) baking powder 8 cups (1 kg) all-purpose flour pinch of salt salt, as needed ½ cup (120 ml) ice-cold water"
21,"1 beef bouillon cube 1 lb (450 g) ground pork sausage 2 large eggs, beaten 8 medium hard-boiled eggs, peeled vegetable oil, as needed ½ cup (60 g) panko breadcrumbs ½ tsp black pepper ½ tsp cayenne pepper ½ tsp dried rosemary ½ tsp dried thyme ½ tsp salt ⅓ cup (42 g) all-purpose flour"
22,"1 large red onion, thinly sliced 1 large tomato, roughly chopped 1 medium cucumber, roughly chopped 2 large carrots, peeled and shredded 2 large hard-boiled eggs, peeled and sliced heinz salad cream, for serving ½ (14-oz [392-g]) can heinz brand baked beans ½ (15-oz [420-g]) can sweet corn, drained ½ large head green cabbage, shredded or finely chopped ½ large head lettuce, shredded or finely chopped"
23,"1 cup (151 g) dried black-eyed peas 1 medium red bell pepper, roughly chopped 1 small habanero chile, stem removed 1 small onion, roughly chopped bread, for serving salt, to taste vegetable oil, for frying ¼ cup (60 ml) water"
24,"1 chicken bouillon cube 1 cup (151 g) dried black-eyed peas 1 cup (230 g) canned corned beef 1 small habanero chile, stem removed 1 tsp cayenne pepper 2 tbsp (12 g) ground crayfish 2 tbsp (30 ml) palm oil 2 tsp (10 g) salt 3 large hard-boiled eggs, peeled and halved ¼ cup (60 ml) vegetable oil ½ cup (76 g) roughly chopped onion ½ large red bell pepper"
25,"1 chicken or vegetable bouillon cube 1 cup (170 g) yellow cornmeal 1 small habanero chile, stem removed 2 tsp (10 g) salt 4 cups (120 g) loosely packed spinach, roughly chopped 4 cups (577 g) fresh corn kernels 6 large banana leaves, soaked in hot water to soften and rinsed thoroughly (see note) ½ large onion, finely chopped ¾ cup (180 ml) palm oil ¾ cup (180 ml) water, divided"
26,"1 large egg 2 tbsp (16 g) all-purpose flour 2 tbsp (30 ml) water pili pili , for serving salt, as needed vegetable oil, as needed ½ a medium yam"
27,"1 (¼-oz [7-g]) packet active dry yeast 1 cup (192 g) granulated sugar 1 tsp salt 1 tsp vanilla extract 2 cups (480 ml) warm water 3½ cups (438 g) all-purpose flour powdered sugar, optional vegetable oil, as needed ¼ tsp ground nutmeg"
28,1 (2- to 4-inch [6- to 10-cm]) cinnamon stick 3 cardamom pods 4 cups (960 ml) warm water 8 oz (224 g) raw organic tigernuts ½ cup (110 g) organic jaggery
29,"1 tbsp (10 g) tomato paste 1 tbsp (9 g) roughly chopped garlic 1 tsp minced fresh ginger 2 medium onions, thinly sliced 2 tbsp (16 g) berbere spice mix 2½ lb (1.1 kg) chicken thighs 3 cups (720 g) water 3 tbsp (42 g) butter 6 large soft-boiled eggs, peeled rice or injera , for serving salt and black pepper, as needed ¼ cup (60 ml) canola oil ½ tbsp (4 g) paprika"
30,"1 large onion, diced 1 tbsp (10 g) tomato paste 1 tbsp (8 g) cayenne pepper 1 tsp cardamom seeds 1 tsp coriander seeds 1 tsp curry powder 1 tsp fenugreek seeds 1 tsp freshly ground black peppercorns 1 tsp ground turmeric 1 tsp salt 1½ cups (302 g) red lentils, washed and drained 2 cups (480 ml) coconut milk 2 tbsp (30 ml) olive oil 2 tsp (6 g) ground cumin 3 tbsp (24 g) berbere spice mix 3 tbsp (24 g) smoked paprika 4 large tomatoes, diced aunty bernie’s chapati or rice, for serving salt and black pepper, to taste ½ tsp ground allspice ½ tsp ground cinnamon ½ tsp ground ginger ½ tsp minced fresh ginger"
31,"1 cup (150 g) frozen peas, thawed 1 lb (450 g) ground beef 1 medium jalapeño chile, minced 1 small white onion, finely chopped 1 tsp ground coriander 1 tsp ground cumin 1 tsp ground turmeric 1 tsp salt 1½ cups (360 ml) warm water 2 tsp (6 g) grated fresh ginger 4 cups (500 g) all-purpose flour, plus more as needed 4 tbsp (60 ml) vegetable oil, plus more as needed 5 cloves garlic, minced salt and black pepper, as needed vegetable oil, as needed ½ tsp ground cardamom ½ tsp ground cinnamon"
32,"1 chicken bouillon cube 1 small habanero chile, stem removed 1 tsp black pepper 1 tsp dried thyme 1 tsp minced garlic 1 tsp white pepper 2 cups (480 ml) chicken stock 2 large tomatoes, diced 2 lb (900 g) chicken (any cut), cut into bite-size pieces 2 medium onions, sliced 2 tsp (10 g) salt, plus more as needed 2 tsp (4 g) smoked paprika, divided 20 pieces okra, sliced in half 4 cloves garlic, minced juice of ½ lemon rice, for serving ¼ cup (60 ml) canola oil ¼ cup (60 ml) palm oil ½ cup (120 ml) water ¾ lb (338 g) cubed butternut squash"
33,"1 (2- to 4-inch [6- to 10-cm]) cinnamon stick 1 bay leaf 1 cup (240 ml) vegetable oil 1 large onion, diced 1 tsp ground cumin 2 cups (422 g) basmati rice 2 medium tomatoes, roughly chopped 2 tsp (6 g) minced fresh ginger 4 cloves garlic, minced 4 cups (960 ml) chicken stock 4 medium yukon gold potatoes, peeled and diced kachumbari , for serving salt and black pepper, to taste ½ tsp curry powder ½ tsp ground cardamom ½ tsp ground star anise ½ tsp smoked paprika"
34,"1 (1-lb [450-g]) halibut fillet, skin removed 1 cup (240 ml) coconut milk 1 medium onion, diced 1 small bunch fresh cilantro, roughly chopped, for garnish 1 tbsp (15 ml) canola oil, plus more as needed 1 tbsp (8 g) plus ¾ tsp curry powder, divided 1 tsp black pepper, plus more as needed 1 tsp salt, plus more as needed 2 large tomatoes, roughly chopped 2 medium bell peppers (any color), diced 2 tbsp (30 ml) fresh lemon juice 2 tsp (6 g) minced fresh ginger 3 cloves garlic, minced 4 lemon wedges, for garnish"
35,"1 (14-oz [420-ml]) can coconut milk 1 large avocado, pitted, peeled and sliced, for serving 1 large green banana, cubed 1 large green bell pepper, diced 1 large onion, diced 2 large carrots, diced 2 large tomatoes, diced 2 tbsp (30 ml) vegetable oil 4 cloves garlic, minced 4 cups (960 ml) water 6 medium yukon gold potatoes, cubed salt and black pepper, to taste"
36,"1 medium cucumber, diced 2 cloves garlic, minced 2 large jalapeño chiles, seeded and diced 2 large tomatoes, diced juice of 1 lime salt and black pepper, to taste ½ cup (20 g) fresh cilantro, roughly chopped ½ large red onion, diced"
37,"1 tbsp (11 g) corn flour 1 tsp minced ginger 1 tsp pili pili or store-bought hot sauce 2 large russet potatoes 2 tsp (6 g) ground cumin kachumbari , for serving salt, to taste vegetable oil, as needed ½ cup (20 g) finely chopped fresh cilantro ½ cup (65 g) gram flour ⅓ cup (80 ml) water"
38,"1 tsp salt 1 tsp sugar 1½ cups (360 ml) warm water, plus more as needed 2 tbsp (30 ml) vegetable oil, plus more as needed 3 cups (375 g) all-purpose flour"
39,"1 cup (240 ml) water vegetable oil, as needed ¼ cup (33 g) teff flour ½ tsp salt ¾ cup (94 g) all-purpose flour"
40,"2 cups (165 g) roughly chopped, extremely ripe mango 2 cups (480 ml) water, divided 2 tbsp (30 ml) fresh lime juice fresh mint leaves, to taste ice cubes, as needed ½ cup (120 ml) fresh lemon juice ½ cup (120 ml) moscato, optional ¾ cup (180 ml) simple syrup"
41,"1 (14-oz [420-ml]) can coconut milk 1 cup (192 g) coconut sugar 1 cup (240 ml) canned coconut milk 1 tsp active dry yeast 1 tsp cardamom pods, crushed 1 tsp ground nutmeg 1 tsp salt 2 cups (422 g) jasmine rice 3 tbsp (14 g) raw unsweetened coconut flakes ½ tsp almond extract ½ tsp vanilla extract ¾ cup (108 g) brown sugar"
42,"1 large egg 1 tsp cardamom seeds, crushed 1 tsp salt 2 tsp (6 g) active dry yeast 3 cups (375 g) all-purpose flour 4 tbsp (19 g) freshly grated coconut or raw unsweetened coconut flakes powdered sugar, optional vegetable oil, as needed ¼ cup (60 ml) warm water ½ cup (120 ml) canned coconut milk ½ tsp ground cinnamon ½ tsp ground nutmeg ¾ cup (144 g) sugar"
43,"1 (15-oz [420-g]) can fire-roasted tomatoes, drained 1 small habanero chile 1 tbsp (8 g) garlic powder 1 tbsp (8 g) paprika 1 tsp black pepper 1 tsp ground cinnamon 10 oz (300 ml) harissa sauce 1½ tsp (8 g) salt 2 large jarred or fresh roasted red bell peppers 2 medium jalapeño chiles 2 tbsp (16 g) smoked paprika 5 cloves garlic 5 lb (2.3 kg) chicken drumsticks 6 tbsp (90 ml) olive oil crushed red pepper flakes, to taste ground coriander, to taste ground cumin, to taste ½ tbsp (4 g) ground cumin"
44,"1 (28-oz [784-g]) can whole peeled tomatoes 1 large bunch fresh cilantro, roughly chopped, divided 1 large red bell pepper, thinly sliced 1 medium onion, thinly sliced 1 small habanero chile, thinly sliced 1 tbsp (8 g) ground cumin 1½ tbsp (12 g) smoked paprika 3 cloves garlic, minced 3 tbsp (10 g) fresh parsley, roughly chopped, divided 3 tbsp (45 ml) extra-virgin olive oil 6 large eggs bread, for serving salt and black pepper, as needed"
45,"1 (14-oz [392-g]) can diced tomatoes 1 clove garlic, minced 1 cup (240 ml) chicken stock 1 large egg 1 large onion, roughly chopped 1 lb (450 g) ground beef 1 tsp brown sugar 1 tsp ground cinnamon 1 tsp ground coriander 1 tsp ground cumin 1 tsp paprika 1 tsp salt 2 (2- to 4-inch [6- to 10-cm]) cinnamon sticks 2 slices stale white bread, crusts removed and torn into pieces 2 tbsp (19 g) dried currants 2 tbsp (30 ml) olive oil 2 tsp (6 g) minced fresh ginger 1 tsp ground cumin olive oil, as needed salt and black pepper, as needed ½ tsp black pepper ½ tsp ground cardamom"
46,"1 tsp ground cardamom 1 tsp ground cumin 1 tsp salt 2 lb (900 g) lamb rib chops 3 cloves garlic, minced couscous or rice, for serving olive oil, as needed vegetable oil, as needed ¼ tsp black pepper ½ cup fresh cilantro, roughly chopped ½ tsp ground cinnamon ½ tsp ground ginger"
47,"1 cup (161 g) crushed tomatoes 1 large white onion, diced 2 cloves garlic, minced 2 tbsp (30 g) salt 2 tsp (2 g) crushed red pepper flakes 2 tsp (6 g) smoked paprika 3 (16-oz [448-g]) cans chickpeas, drained and rinsed 3 tsp (8 g) cumin seeds 4 tbsp (60 ml) olive oil aish baladi , for serving harissa sauce , for serving water, as needed ½ cup (20 g) fresh cilantro, roughly chopped"
48,"1 cup (240 ml) water 1 large onion, roughly chopped 1 lb (450 g) yukon gold potatoes, peeled and cut into ½-inch (6-mm) thick slices 1 tsp curry powder 1 tsp ground coriander 2 large roma tomatoes, roughly chopped 2 tbsp (16 g) chili powder 2 tbsp (30 ml) olive oil 2½ lb (1 kg) chicken (any cut), cut into 1-inch (3-cm) pieces 3 cloves garlic, minced 3 medium carrots, diced 3 tbsp (9 g) roughly chopped fresh parsley ¼ cup (38 g) frozen peas"
49,"1 clove garlic, minced 1 cup (240 ml) water 1 small onion, finely chopped 1 tbsp (3 g) dried oregano 1 tbsp (8 g) ground cumin 1 tbsp (8 g) ground turmeric 1 tsp black pepper 1 tsp ground cumin 1 tsp salt 1½ cups (317 g) basmati rice 1½ cups (360 ml) chicken stock 2 tbsp (16 g) ground turmeric 2 tbsp (30 ml) fresh lemon juice 2 tbsp (30 ml) olive oil, divided 4 cloves garlic, minced 5 skin-on, bone-in chicken thighs grilled lemon slices and fresh parsley, for garnishing ½ tbsp (4 g) ground coriander"
50,"1 (16-oz [448-g]) can chickpeas, drained and rinsed 1 cup (240 ml) chicken or vegetable stock 1 large yellow bell pepper, finely chopped 1 large zucchini, finely chopped 1 medium orange bell pepper, finely chopped 1 medium red onion, finely chopped 1 pint (161 g) cherry tomatoes, cut in half 1 tsp ground coriander 1 tsp ground cumin 1 tsp paprika 1½ cups (270 g) dry couscous 2 cups (300 g) frozen peas 2 tbsp (30 ml) olive oil 2 tbsp (6 g) fresh cilantro, minced 2 tsp (2 g) fresh parsley, minced 3 cloves garlic, minced salt and black pepper, to taste zest and juice of 2 lemons ½ cup (50 g) dried cranberries ½ tsp ground cinnamon ½ tsp ground turmeric"
51,"1 tsp garlic powder 1 tsp ground cumin 1 tsp ground turmeric 1 tsp onion powder 2 large eggs, beaten 2 lb (900 g) yukon gold potatoes, peeled and cut into large chunks 3 tbsp (9 g) fresh parsley, finely chopped all-purpose flour, as needed salt and black pepper, as needed vegetable oil, as needed ¼ cup (30 g) panko breadcrumbs"
52,"1 tsp crushed red pepper flakes 1 tsp cumin seeds 1 tsp ground cinnamon 1 tsp paprika 1½ tbsp (12 g) ras el hanout 1½ tsp (4 g) coriander seeds 2 lb (900 g) yukon gold potatoes, peeled and cut into 1-inch (3-cm) cubes 2 tbsp (30 ml) sherry vinegar 3 tbsp (45 ml) olive oil salt, as needed zest and juice of 1 lemon ½ cup (20 g) fresh mint, roughly chopped ½ cup (20 g) fresh parsley, roughly chopped ½ tsp ground cardamom ½ tsp ground ginger ½ tsp ground turmeric ¾ cup (184 g) greek yogurt"
53,1 tbsp (15 ml) olive oil 1 tsp salt 2 cups (250 g) all-purpose flour ¾ cup (180 ml) milk
54,"1 tsp crushed red pepper flakes 1 tsp smoked paprika 2 cloves garlic, minced 2 medium eggplants 2 tsp (10 g) salt 2 tsp (6 g) ground coriander 2 tsp (6 g) ground cumin rice or couscous, for serving ¼ cup (60 ml) olive oil ¾ tsp ground cinnamon"
55,"1 cup (170 g) african bird’s eye chiles or 8 red thai chiles and 2 small habanero chiles 1 large red onion, char-grilled 1 tbsp (8 g) smoked paprika 1 to 2 cups (240 to 480 ml) peri peri sauce 1½ tsp (2 g) dried oregano 2 bay leaves 2 large red bell peppers, chargrilled 2 tsp (10 g) salt 2 tsp (6 g) black pepper 2 tsp (6 g) garlic powder 2½ to 3 lb (1.1 to 1.4 kg) bone-in or boneless chicken (any cut) 4 cloves garlic salt and black pepper, to taste zest of 2 lemons, divided ½ cup (120 ml) apple cider vinegar, divided ½ cup (120 ml) extra-virgin olive oil ¾ cup (180 ml) fresh lemon juice, divided"
56,1 tsp salt 1 tsp smoked paprika 1½ cups (360 ml) vegetable oil 2 tbsp (18 g) crushed garlic 4 lb (1.8 kg) large prawns or shrimp 4 tbsp (60 ml) fresh lemon juice 8 african bird’s eye chiles or 8 small habanero chiles
57,1 tbsp (9 g) brown sugar 1½ tsp (5 g) ground turmeric 2 cups (422 g) jasmine rice 3 tbsp (42 g) unsalted butter 4 cups (960 ml) chicken stock ½ cup (76 g) raisins ½ tsp hot curry powder
58,"1 crusty hoagie roll, split in half and lightly toasted 1 tsp olive oil 4 slices bologna freshly cooked french fries, as needed ketchup, to taste peri peri sauce , to taste ½ cup (40 g) shredded lettuce"
59,"1 (15-oz [420-g]) can chickpeas, drained and rinsed 1 (2- to 4-inch [6- to 10-cm]) cinnamon stick 1 lb (450 g) boneless, skinless chicken breast, cut into bite-size pieces 1 medium onion, diced 1 tsp minced fresh ginger 1 tsp paprika 1½ cups (360 ml) chicken stock 2 cardamom pods 2 medium tomatoes, diced 2 medium yukon gold potatoes, peeled and cut into ½- to 1-inch (13-mm to 3-cm]) cubes 2 tsp (6 g) minced garlic 3 tbsp (24 g) curry powder 4 to 6 bread bowls, for serving salt, as needed ½ cup (120 ml) canola oil"
60,"1 cup (30 g) tightly packed spinach, roughly chopped 1 lb (450 g) halibut, cut into 2-inch (6-cm) pieces 1 tbsp (15 ml) vegetable oil 1 tsp black pepper 1 tsp salt 1½ cups (360 ml) vegetable stock 2 bay leaves 2 medium jalapeño chiles or serrano chiles, diced 2 medium white onions, diced 2 tbsp (30 ml) fresh lemon juice 3 cloves garlic, minced 4 medium tomatoes, diced ¼ cup (60 ml) palm oil ¾ cup (75 g) okra, trimmed and cut into ¼-inch (6-mm) rounds"
61,"1 cup (99 g) okra, whole 1 tsp cayenne pepper 1½ cups (270 g) peanut butter 2 cups (60 g) tightly packed spinach 2 medium carrots, roughly chopped 2 medium onions, roughly chopped 2 medium serrano chiles, diced 2 tbsp (20 g) tomato paste 2 tbsp (30 ml) olive oil 3 tbsp (45 ml) peri peri sauce 4 cloves garlic, minced 4 cups (960 ml) vegetable stock, divided salt, to taste"
62,"1 (¼-oz [7-g]) packet active dry yeast 1 cup (150 g) frozen peas and carrots, thawed 1 large onion, diced 1 lb (450 g) ground beef 1 tbsp (8 g) curry powder 1 tsp ground ginger 1 tsp paprika 1 tsp salt 2 cloves garlic, minced 2 cups (450 g) diced yukon gold potatoes 2 cups (480 ml) lukewarm water 2 medium tomatoes, finely chopped 2 tbsp (30 ml) vegetable oil 3 tbsp (36 g) sugar 4 cups (360 g) cake flour salt, as needed vegetable oil, as needed"
63,"1 lb (450 g) ground beef 1 tbsp (20 g) apricot jam 1 tbsp (8 g) curry powder 1 tsp dried oregano 1 tsp ground cumin 1 tsp ground turmeric 1 tsp tomato paste 1½ cups (360 ml) milk, divided 2 bay leaves 2 cloves garlic, minced 2 large eggs 2 large onions, roughly chopped 2 tbsp (30 ml) olive oil 3 slices white bread salt and black pepper, as needed zest and juice of 1 lemon ¼ cup (80 g) mango chutney"
64,"1 (12-oz [336-g]) jar mango chutney 1 to 2 tbsp (15 to 30 ml) vegetable oil 3 medium onions, thinly sliced 4 large tomatoes, thinly sliced 8 slices gruyère cheese 8 slices white bread butter, as needed salt and black pepper, to taste ½ tsp minced garlic"
65,"1 cup (240 ml) vegetable oil, plus more as needed 1 lb (450 g) ground beef 2 cloves garlic, minced 2 cups (250 g) all-purpose flour 3 small serrano chiles, diced 6 large eggs black pepper, as needed ½ cup (120 ml) water ½ medium red onion, finely chopped ½ tsp finely chopped fresh ginger ½ tsp salt, plus more as needed"
66,"1 cup (125 g) all-purpose flour 1 large egg 1 lb (450 g) sweet potatoes, peeled boiling water, as needed pinch of salt vegetable oil, as needed ¼ cup (58 g) butter, melted"
67,1 cup (125 g) all-purpose flour 1 cup (240 ml) evaporated milk 1 tbsp (14 g) room-temperature unsalted butter 1 tsp baking soda 1 tsp distilled white vinegar 1½ tsp (8 ml) vanilla extract 2 large eggs 4 tbsp (80 g) apricot jam 8 tbsp (112 g) butter zest from 1 orange ¼ cup (36 g) brown sugar ½ tsp salt ¾ cup (144 g) granulated sugar ¾ cup (180 ml) milk
68,nan
69,nan
70,nan
71,nan
72,nan
73,nan
74,nan
75,nan
76,nan
77,nan
78,nan
79,nan
80,nan
81,nan
82,nan
83,nan
84,nan
85,nan
86,nan
87,nan
88,nan
89,nan
90,nan
91,nan
92,nan
93,nan
94,nan
95,nan
96,nan
97,nan
98,nan
99,nan
100,nan
101,nan
102,nan
103,nan
104,nan
105,nan
106,nan
107,nan
108,nan
109,nan
110,nan
111,nan
112,nan
113,nan
114,nan
115,nan
116,nan
117,nan
118,nan
119,nan
120,nan
121,nan
122,nan
123,nan
124,nan
125,nan
126,nan
127,"1 tbsp harissa spice mix 1 tbsp olive oil 2 large red or orange peppers , de-seeded and cut into bite-sized chunks 2 red onions , cut into bite-sized chunks 2 sweet potatoes , scrubbed and cut into bite-sized chunks 200g/7oz cherry tomatoes sea salt and freshly ground black pepper"
128,"1 onion , sliced 1 red onion , grated 1 vegetable stock cube, crumbled 2 red birdâs-eye chillies , halved 2 sprigs fresh thyme , leaves only 2 tbsp olive oil 2cm/â¾in piece fresh root ginger , peeled and grated 3 red chillies , chopped 4 pointed red peppers , grated 5 garlic cloves, grated 6 cherry tomatoes , chopped"
129,"1 large onion , chopped 1 scotch bonnet chilli , chopped 1 tsp dried chilli flakes 2 beef stock cubes 2 sprigs fresh thyme 2 tbsp tomato purã©e 2 x 400g tins chopped tomatoes 3 ripe plantain , peeled and sliced 325ml/11â½fl oz vegetable oil 350g/12oz dried black-eyed beans 4 garlic cloves, finely chopped 4cm/2in piece fresh root ginger , grated 900g/2lb sirloin steak, cut into 1cm/â½ in cubes salt and freshly ground black pepper"
130,"1 bay leaf 1 tbsp cider vinegar 1 tbsp olive oil 1kg/2lb 4oz lamb mince 2 garlic cloves , crushed 2 onions , finely chopped 2 tbsp madras curry paste 2 tbsp mango chutney 2 tbsp worcestershire sauce 250ml/9fl oz lamb stock 4 large free-range eggs , beaten 400ml/14fl oz full-fat milk 50g/1â¾oz dried apricots , chopped 50g/1â¾oz fresh white breadcrumbs 50g/1â¾oz raisins butter , for greasing"
131,"1 cinnamon stick 1 head garlic , cut in half 1 onion , chopped 1 tbsp black peppercorns 1 tbsp cumin seeds 1 whole chicken on the bone, skin on, separated into 6â8 pieces 1â2 tsp sea salt 2 carrots , peeled and chopped 2 tbsp coriander seeds 3 cardamom pods, crushed 3 celery sticks, chopped"
132,"1 free-range egg yolk 1 tsp ras el hanout 1/8 tsp ground black pepper 100g/3â½oz blanched almonds 100g/3â½oz shelled unsalted pistachio nuts 150ml/5fl oz chicken stock 2 tbsp caster sugar 2 tbsp runny honey 2 tsp ground cinnamon , plus extra for dusting 20g/â¾oz fresh coriander , finely chopped 3 garlic cloves, crushed 3 lemons , finely grated zest only 3 tbsp olive oil 325g/11â½oz filo pastry sheets 4 large onions , sliced 5 large free-range eggs 50g/1â¾oz unsalted butter 700g/1lb 9oz boneless, skinless chicken thighs or breasts icing sugar , for dusting salt â¼ tsp ground ginger â¼ tsp ground turmeric"
133,"1 lemon , juice only 1 onion , grated 1 scotch bonnet chilli , finely chopped 15g/â½oz ginger , peeled and grated 2 tbsp dijon mustard 2 tbsp red wine vinegar 4 garlic cloves, crushed 8 chicken thighs , skin-on and bone-in salt and freshly ground pepper"
134,"100g/3â½oz onion 10g vegetable bouillon powder 120g/4â1/2oz black eyed beans, soaked overnight or for at least 5 hours 100g/3â1/2oz onion 80g/3oz egusi seeds, toasted 6g/â1/4oz white pepper 50ml/1â3/4oz vegetable oil, plus extra for greasing 10g vegetable bouillon powder 200g/7oz free-range egg whites 100g/3â1/2oz neutral oil 150g/5â1/2oz onion, finely chopped 1 tbsp chishuru iru mix or fermented fish paste 3 peppers (red, yellow, green), sliced 350g/12oz fresh tomatoes, chopped 20g/â3/4oz scotch bonnet chillies, diced 1kg/2lb 4oz greens (any green cabbage), washed and chopped 80ml/2â1/2fl oz chicken stock sea salt 100g/3â1/2oz cornflour 50g/1â3/4oz rice flour â1/2 tsp baking powder 250g/9oz cold soda water 4 cod cheeks (see tips) 2 tbsp plain flour, for dusting â1/2 tsp sea salt 120g/4â½oz black eyed beans , soaked overnight or for at least 5 hours 200g/7oz free-range egg whites 50ml/1â¾oz vegetable oil , plus extra for greasing 6g/â¼oz white pepper 80g/3oz egusi seeds , toasted"
135,"1 tbsp roughly chopped stem ginger 1 tsp coriander seeds 1 tsp fennel seeds 2 star anise 250g/9oz pork chops , trimmed 80g/3oz salt"
136,1 tbsp ground black pepper 1 tbsp salt 15g/â½oz ground nutmeg 20g/â¾oz dried thyme 20g/â¾oz ground cinnamon 20g/â¾oz ground coriander 30g/1oz garlic granules 30g/1oz ground ginger 45g/1â½oz chilli flakes
137,"1 brown onion , roughly chopped 1 tbsp all-purpose seasoning 1â2 scotch bonnet chillies , roughly chopped or left whole 2 bay leaves 3 tbsp vegetable oil 4 garlic cloves, crushed 4 tbsp tomato purã©e 4 vegetable stock cube (such as maggi stock cubes), crushed 500g/1lb 2oz basmati rice , rinsed 600g/1lb 5oz plum tomatoes , roughly chopped 850ml/1â½ pint lamb stock salt, white pepper and ground black pepper"
138,"1 shoulder of lamb (approximately 1kg/2lb 4oz), diced 1 shoulder of lamb (approximately 1kg/2lb 4oz), diced 1 tsp ground coriander 1 tsp ground cumin 1 tsp garam masala 2 tsp ground turmeric 1 tbsp tamarind paste 2 tsp dried chillies 1 tsp fennel seeds 3 garlic cloves 1 cinnamon stick 3 garlic cloves, finely grated 1 red chilli, finely chopped 1cm/â1/2in piece fresh root ginger, finely grated 2 tbsp sunflower oil 2 onions, thinly sliced 2 tsp dried chilli flakes 1 tsp fennel seeds 3 garlic cloves 1cm/â1/2in piece fresh root ginger, finely grated 2 tbsp tomato purã©e 400g tin chopped tomatoes large handful dried apricots, roughly chopped 2 tbsp apricot chutney 100g/3â1/2oz desiccated coconut bunch fresh coriander, roughly chopped, to serve 50g/1â3/4oz fresh coconut, grated, to serve 500g/1lb 2oz dried couscous 1 small cucumber, diced 1 pomegranate, seeds only bunch fresh basil, roughly chopped bunch flatleaf parsley, roughly chopped bunch fresh coriander, roughly chopped handful dried apricots, roughly chopped 4 spring onions, roughly chopped"
139,"1 tbsp white wine or spirit vinegar 150g/5â½oz plain flour 175g/6oz light brown sugar 1â½ tsp bicarbonate of soda 2 free-range eggs 2 tbsp apricot jam 200ml/7fl oz milk (preferably full-fat) 50g/1â¾oz melted butter , plus extra for greasing 55g/2oz caster sugar"
140,"1 brown onion , roughly chopped 1 red pepper , deseeded and chopped 1 red pepper, deseeded and chopped 1 brown onion, roughly chopped 4 garlic cloves, finely chopped or grated 4cm/1â1/2in piece fresh root ginger, peeled and finely grated generous pinch red chilli flakes, plus extra if desired 2 tbsp vegetable oil 1 brown onion, finely chopped 2 garlic cloves, finely chopped â1/4 tsp chilli powder â1/2 tsp smoked paprika â1/2 bay leaf 1 tsp caster sugar â1/4 tsp allspice 1 heaped tbsp tomato purã©e 400g tin chopped tomatoes salt and freshly ground black pepper small handful chopped fresh basil, to garnish 1 cauliflower, cut into florets 2 tbsp olive oil 4 smoked bacon rashers (back or streaky), chopped (optional) 2 garlic cloves, finely chopped 1 brown onion, finely chopped 2.5cm/1in piece fresh root ginger, finely grated 1 yellow pepper, deseeded and finely chopped â1/2 vegetable stock cube salt and freshly ground black pepper 4 garlic cloves, finely chopped or grated 4cm/1â½in piece fresh root ginger , peeled and finely grated generous pinch red chilli flakes, plus extra if desired"
141,1 heaped tsp ancho or habanero chilli flakes (optional) 1 tbsp hot paprika 1 tbsp smoked sweet paprika 1 tsp caster sugar 1 tsp dried oregano 2 tsp flaky sea salt 2 tsp garlic granules 2 tsp ground coriander 2 tsp onion salt
142,"1 pinch chilli flakes 1 tsp smoked paprika 100ml/3â½fl oz tomato ketchup 2 garlic cloves, finely chopped 2 tbsp wholegrain mustard 2 tbsp worcestershire sauce 200ml/7fl oz chicken stock 250g/9oz apricot chutney 3 red onions , chopped 50ml/2fl oz vegetable oil 75ml/2.5fl oz brandy salt and freshly ground black pepper thumb-sized piece fresh root ginger , grated"
143,"1 tsp ground cardamom 100g/3â½oz full-fat plain yoghurt 115ml/3â¾fl oz full-fat milk , warmed 150g/5â½oz self-raising flour 750ml/1â½ pints sunflower oil , for deep-frying desiccated coconut , to serve (optional) pinch salt"
144,1 tbsp cayenne pepper 1 tbsp ground cinnamon 1 tbsp ground nutmeg 2 tbsp ground ginger
145,"1 free-range egg , plus 1 free-range egg yolk, beaten 1 tsp ground allspice 100g/3â½oz lamb shoulder , coarsely minced 2 sheets ready-rolled puff pastry (approx. 320g/11â½oz each) 2 tbsp coriander seeds , crushed 2 tbsp malt vinegar 200g/7oz pork shoulder or belly, coarsely minced 50g/1â¾oz chilli chutney , or plain chutney 700g/1lb 9oz beef silverside or brisket, coarsely minced large pinch ground nutmeg salt and freshly ground black pepper"
146,"11g onion salt 1g ground black pepper 1g ground uda pods (also known as selim pepper ) 2g cayenne pepper 4g garlic powder 4g smoked paprika 4g smoked paprika 2g cayenne pepper 6g ginger powder 4g garlic powder 1g ground black pepper 11g onion salt 7g ground turmeric 6g extra hot chilli powder 1g ground uda pods (also known as selim pepper) 1 large egg yolk 4 tsp suya spice (see above) 2 tsp fresh lemon juice 125ml/4fl oz rapeseed oil 1-2 tsp just-boiled water 75g/2â1/2oz peeled and deseeded watermelon, cut into 1cm/â1/2in cubes 75g/2â1/2oz cucumber, cut into 1cm/â1/2in cubes 75g/2â1/2oz feta cheese, cut into 1cm/â1/2in cubes 1 tbsp finely chopped fresh curly leaf parsley large pinch nigella seeds, toasted 200g/7oz purple sweet potato (see tip) 200g/7oz sweet potato vegetable oil, for deep frying 1 medium red onion, cut into rings 2 tbsp olive oil, for frying 1 tsp golden caster sugar 2 x 125g/4â1/2oz beef fillet steaks â1/2 tsp coarsely ground black pepper 2 white ciabatta rolls, cut in half 2 tbsp âsuyannaiseâ (see above) 1 beef tomato, sliced into rounds 1 little gem lettuce, shredded 2 tsp suya spice, plus extra to taste 50g/1â3/4oz smoked cheddar, grated 6g extra hot chilli powder 6g ginger powder 7g ground turmeric"
147,"1 tbsp lemon juice 1 tsp cumin seeds, roughly crushed with a pestle and mortar 150g/5â½oz mature cheddar , roughly grated 1kg/2lb 4oz sweet potatoes , skin on and scrubbed clean 2 tbsp fresh coriander leaves, with some stem attached 3 garlic cloves, crushed 3 tbsp olive oil 8 medium free-range eggs salt and freshly ground black pepper"
148,"1 bunch fresh coriander , chopped 1 green chilli , chopped 1 plum tomato , seeds removed and cut into strips 1 red onion , thinly sliced 2 chapatis 2 tbsp mango chutney or other chutney 2 tbsp mayonnaise 2 tbsp vegetable oil 4 free-range eggs , beaten salt and freshly ground black pepper â¼ white cabbage , finely shredded"
149,"1 large onion , roughly chopped 1 scotch bonnet chilli , de-seeded, finely chopped 1 tbsp fresh or dried thyme leaves 2 tbsp crayfish powder (available from online specialists) 6 guinea peppers (also known as grains of paradise), crushed 8 bone-in chicken thighs or drumsticks"
150,1 cup all-purpose flour pancake batter 1 tablespoon oil 1½ cup warm water nonstick skillet over medium 1½ cup whole wheat flour hands 2 tablespoon canola oil the oil 2 teaspoon kosher salt
151,3 tablespoon canola oil bouillon cube and sprinkle it over the onion
152,2 cup water 2 tablespoon berbere spice
153,1 tablespoon berbere spice texture of mashed potatoes. season the 1 teaspoon kosher salt 2 tablespoon canola oil 2 tablespoon freshly squeezed
154,1 cup water 1 teaspoon kosher salt 2 tablespoon minced ginger 3 tablespoon berbere spice 5 tablespoon unsalted butter occasionally
155,3 cup cold water
156,1 cup whole wheat flour 1 teaspoon baking powder of the oil 1½ cup whole milk (alternatively 2 tablespoon granulated sugar 3 cup all-purpose flour 4 tablespoon canola oil
157,1 cup finely ground white the bowl with a clean kitchen 1 teaspoon active dry yeast 1 teaspoon kosher salt the kitchen 1 teaspoon unsalted butter 2 teaspoon baking powder flour 3 tablespoon granulated sugar 4 cup all-purpose flour 5 cup warm water
158,1 pound ground beef 1 teaspoon kosher salt 2 tablespoon tomato paste 3 tablespoon extra-virgin olive oil 3 tablespoon xawaash spice
159,1 teaspoon black peppercorns ginger 2 cup cold water 2 cup cold water once bubbles 2 cup whole milk 3 tablespoon granulated sugar
160,1 cup boiling water 1 tablespoon kosher salt 3 tablespoon freshly squeezed
161,1 pound red potatoes 2 tablespoon unsalted butter with water
162,1 pound kale and/or collards 1 teaspoon ground cumin 2 tablespoon canola oil turmeric 2 tablespoon freshly squeezed
163,1 cup all-purpose flour handheld 1 cup buttermilk (or ½ cup plain them 1 cup semolina flour 1 cup unsweetened coconut flakes a spoon 1 cup water 1 teaspoon baking powder 1 teaspoon ground cardamom 1½ cup granulated sugar
164,2 tablespoon freshly squeezed 3 tablespoon unsalted butter pieces
165,1 cup full-fat unsweetened and the reserved bone 3 tablespoon canola oil the ends and skin. cut the plantains in half lengthwise and
166,1 pound bone-in 1 tablespoon kosher salt 3 tablespoon ghee or unsalted 6 cup water use a handheld sieve
167,1 cup water soften 1 teaspoon curry powder or 1½ pound each) 2 cup full-fat unsweetened other large heavy pot
168,1 cup finely ground white wooden spoon 2 teaspoon kosher salt 5 cup water in the cornmeal and salt
169,1 cup piri piri sauce (page 185) in the refrigerator and let it marinate 1 pound skirt steak or flank steak 4 tablespoon unsalted butter
170,1½ cup all-purpose flour 1½ cup granulated sugar 2 teaspoon pure vanilla extract
171,1 tablespoon canola oil warm the oil in a large dutch oven or other heavy 1 teaspoon kosher salt 2 pound lamb stew meat 2 tablespoon light brown sugar 3 tablespoon tamarind paste with salt and serve hot
172,4 cup grated sharp white bread
173,1 teaspoon kosher salt 2½ cup water cornmeal and salt 3 tablespoon extra-virgin olive oil ‘ ae
174,1 teaspoon minced ginger 3 tablespoon freshly squeezed refrigerator
175,1 teaspoon kosher salt 2 pound boneless 2 tablespoon coconut oil medium-high 2 tablespoon minced ginger
176,1 pound shredded 1 teaspoon kosher salt 2 cup all-purpose flour
177,2 tablespoon granulated sugar 2½2 pound oxtails 3 cup water simmer the oxtails
178,1 cup cassava flour or all-purpose ; : ; : 1 teaspoon active dry yeast batter. cover the bowl with a clean kitchen 1½ cup warm water (at body and the 3 tablespoon granulated sugar
179,1 cup full-fat unsweetened 2 teaspoon ground turmeric 3 tablespoon canola oil
180,1 pound boneless salt cod bowl 1 teaspoon ground turmeric it dry 3 tablespoon canola oil
181,1 cup ghee 1 teaspoon ground cardamom (the fat from the ghee and the egg yolks will start 2 cup granulated sugar
182,14 -16 ounces mackerel drained 1 small onion finely chopped 2 green onions optional cayenne pepper to taste 21/2 cups all-purpose flour 1 teaspoon baking powder 2 tablespoon sugar 1/4 teaspoon salt 4 tablespoon butter or margarine 1 egg 6-8 tablespoon water oil for deep frying nan
183,"2 cups rice use the tuwo rice, arborio, or jasmine rice 2 teaspoons yeast active dry 1/4 cup water for proofing the yeast 1/4 cup cooked rice pre-cooked 2 tablespoons yogurt optional 1 small onion 1/2 inch ginger 1/2 cup water for blending 2-4 tablespoons sugar 1/2 teaspoon salt 2 teaspoons baking powder vegetable oil nan"
184,2 cups all-purpose flour 1/4 cup sugar 4 tablespoons 1 teaspoon baking powder 1/4 teaspoon nutmeg or cinnamon 1 pinch salt 2 cups milk 2 eggs 3 tablespoons melted butter oil for cooking nan
185,1 pound ground beef 1/2 cup bread crumbs 1 teaspoon dried thyme 1/2 teaspoon curry powder 1 small onion finely diced 2 cloves garlic minced 1 egg 1/4 teaspoon red chili flakes or cayenne pepper or add to taste 4 tablespoons beef stock or milk salt to taste black pepper to taste 2 red bell peppers 2 large plum tomatoes 1 scotch bonnets habanero 1 medium onion 2 cloves garlic 1/2 inch ginger 4 tablespoons olive oil or any other cooking oil of your choice 1/2 cup diced onion 3 tablespoons tomato paste 1 bay leaf 1 bouillon cube 1 teaspoon curry powder 1 teaspoon thyme 1/2 to 1 cup beef stock or add as needed salt and pepper to taste 2 tablespoons parsley for garnish nan
186,2 lbs beef 1 onion medium size [diced] 1 bay leaf 1 teaspoon curry powder 1 teaspoon rosemary or thyme 2 teaspoons beef bouillon or chicken bouillon powder or 2 cubes salt to taste 1 cup water or as needed 2 bell peppers large 1-3 scotch bonnet peppers 4 plum tomatoes medium size 1 large onion 3 cloves garlic 1/2 inch ginger 1/4 cup palm oil 1/4 cup olive oil or vegetable oil 2 tablespoon tomato paste 1 to 11/2 cups beef stock i used the liquid from cooking the beef 1 teaspoon curry powder 1 teaspoon dried thyme 1 teaspoon chicken bouillon or beef bouillon salt to taste if needed nan
187,"1.5 pounds turkey wings or chicken quarters cut into smaller sizes 1 onion diced (divided for chicken and rice) 1 scotch bonnet ata rodo 1 teaspoon minced ginger 3 cloves garlic minced 1 teaspoon thyme 1 teaspoon curry powder 2 teaspoon bouillon powder salt to taste 1 bay leaf 2 cups water 3 tablespoon coconut oil or any other cooking oil remaining diced onion 1 habanero minced 1/2 cup tatashe or any other savory, non-spicy pepper 2 tablespoons crayfish 3 cups rice 2 cups coconut milk 2 cups chicken stock from the boiled chicken 1 cup mixed bell peppers diced (green, yellow, and red) 1 lb shrimp cleaned and deveined 1/2 teaspoon paprika 1/2 teaspoon garlic powder 1/2 teaspoon onion powder salt to taste 2 tablespoon coconut oil nan"
188,2 cups yam flour sifted 4 cups water 1/4-1/2 cup extra water or add as needed nan
189,3 cups basmati rice 1/2 cup cooking oil 3 tablespoons tomato paste 3 cups beef stock 2 teaspoon curry powder 2 teaspoon thyme 1 onion medium-sized [sliced] 2 teaspoon smoked paprika 11/2 tablespoons chicken bouillon powder or use 4 cubes salt and black pepper to taste 2 red bell pepper 2 plum tomatoes 1 to 3 scotch bonnet 1 onion 6 cloves garlic 2 inch ginger 1.5 lb beef 1 teaspoon curry 2 teaspoons rosemary or thyme 2 bay leaves 1 habanero minced 2 teaspoons chicken bouillon powder 1 onion small size [diced] salt and black pepper to taste nan
190,2 teaspoons coriander seeds 1 teaspoon fenugreek seeds 1 teaspoon black peppercorns 6 cardamom pods 3 allspice berries 1/2 tablespoon dried garlic flakes 1/4 cup dried onion flakes 5 chiles de árbol stemmed and seeded 4 tablespoons hungarian paprika 1-1/2 teaspoons kosher salt 1 teaspoon ground cinnamon 1 tablespoon ground ginger 4 whole cloves [or ¼ teaspoon of ground] 1 tablespoon cayenne pepper 1/4 teaspoon whole ajwain seeds nech azmud 1/4 teaspoon whole black cumin seeds tikur azmud 2 teaspoons dried ethiopian besobela sacred basil nan
191,"3 cups black eyed peas 1 onion diced 2 bay leaves 6-8 cups water 1/4 to 1/2 cup palm oil or add to taste 1 large onion - sliced 3 garlic cloves - minced 1 1/2 lb ground beef 5 small tomatoes or 3 medium - diced 2 cups bell pepper mixed - red, yellow, green 1/2 teaspoon cayenne pepper to taste 1 teaspoon bouillon powder 1/2 to 1 cup water 2 teaspoon paprika 1 teaspoon thyme 2 habaneroes green and whole salt to taste nan"
192,3 tablespoons oil 1 red onion finely chopped 3 cloves garlic chopped 1/2 inch ginger finely grated 2 teaspoons curry powder 1 red pepper deseeded and chopped 1 green pepper deseeded and chopped 4 carrots medium size [peeled and grated] 14 ounce canned tomatoes or 4 large ripe tomatoes - chopped salt and pepper to taste 1/4-1/2 teaspoon red chili flakes or fresh red or green chili deseeded and chopped. 15 ounce baked beans in tomato sauce nan
193,2 cups all-purpose flour 4 tablespoons oil 6-8 tablespoons water or as needed 1/2 teaspoon salt 1 tablespoon oil 1 small onion finely diced 2 cloves garlic inced 1 pound ground chicken 2 medium potatoes peeled and diced 1/2 cup green peas 1/2 teaspoon freshly grated ginger 1/2 teaspoon paprika 1/2 teaspoon thyme 1/2 teaspoon curry powder salt to taste or add to taste 1/2 teaspoon black pepper or add to taste 1 scotch bonnet minced or any chilies to taste parsley or coriander oil enough for deep frying nan
194,3 cups basmati rice 4 tablespoon coconut oil 1 medium onion [diced] 1 teaspoon ginger minced 1/2 tablespoon garlic minced 11/2 cups coconut milk 11/2 cups chicken broth 1 bay leaf 1 teaspoon curry powder 2 teaspoon bouillon powder 2 scotch bonnet 12 ounces mixed veggies carrots and peas and sweet corn 1/2 teaspoon thyme 1 lb beef liver cooked and diced - optional salt to taste 1 lb shrimps fresh 1/2 tablespoon ground paprika 1/2 teaspoon salt 1/4 teaspoon black pepper 4 tablespoon coconut oil divided 3 stalks green onions sliced nan
195,1/2 cup fonio washed 1 cup water 1 cup milk any type: dairy or plant-based pinch salt pinch cinnamon honey or maple syrup or any other sweetener of choice nan
196,4 cups low-sodium chicken broth or water 1/4 teaspoon salt 1 cup polenta coarse cornmeal 1/4 cup grated parmesan cheese 2 tablespoons unsalted butter nan
197,2 yuca root medium size 1/2 teaspoon salt and black pepper to taste 2 tablespoon vegetable oil nan
198,"2 sweet potatoes medium-sized, about 1-½ pounds, [cooked and mashed] 1/2 cup butter softened 1/2 cup white sugar 1/2 cup milk 2 eggs large size 1/2 teaspoon ground nutmeg 1/2 teaspoon ground cinnamon 1 teaspoon vanilla extract 1 9 inch unbaked pie crust nan"
199,2 habanero pepper use 1 or ½ for less heat 2 large plum tomatoes 1 onion divided 1- inch ginger root 3 cloves garlic 2 lb chicken thighs 2 teaspoon paprika cayenne pepper to taste salt and pepper to taste 6 tablespoon oil remaining half onion - sliced 1 tablespoon tomato paste 2 bay leaves 1 teaspoon thyme 2 teaspoon bouillon powder or 2 cubes 1/2 cup unsweetened peanut butter salt and pepper to taste 2 to 3 cups chicken stock handful of spinach optional nan
200,4 cups all-purpose flour 1 tablespoon baking powder 3/4 cup sugar add more if you wwant it sweeter 1 teaspoon cayenne pepper optional 1/2 teaspoon freshly grated nutmeg 1/2 teaspoon salt 21/4 to 21/2 cups water or milk oil for deep frying nan
201,3 plantains ripe salt to taste 2 cups oil nan
202,"11/2 cups black-eyed peas or honey beans 1 medium onion finely chopped 4-6 cups water 2 to 4 tablespoons palm oil 2 tablespoons crayfish ground 1 tablespoon locust beans iru or dawadawa - optional 1 stock cube maggi, knorr, or any preferred seasoning salt to taste‌ nan"
203,"4 ears of corn husks and silk removed unsalted butter softened optional toppings: fresh herbs salt, pepper, cilantro, parsley, or chives, crumbled feta or cotija cheese, chili powder, lime wedges nan"
204,nan
205,2 lb chicken wings salt and pepper to taste or use mychicken seasoning blend 1/2 cup harissa 1/4 cup honey 1 tablespoon butter or oil 2 - 4 tablespoon chicken stock if needed 1/2 teaspoon garlic powder nan
206,1 whole fresh young turkey approximately 10 lbs - thawed to room temp. 2 tablespoons salt 4 cloves garlic minced 2 sprigs rosemary minced 5 sprigs thyme minced 1/4 cup unsalted butter [melted] or oil 1 tablespoon paprika 2 teaspoons chili powder 2 teaspoon onion powder 2 tablespoon garlic powder 1 teaspoon ground cumin 1 teaspoon dried oregano or thyme 1 teaspoon dried rosemary 2 teaspoons chicken stock powder 1 teaspoon black pepper 1 onion quartered 1 head garlic cut in half 2 sprigs rosemary 5 sprigs thyme nan
207,1 cup garri cassava flakes 2 cups water hot nan
208,"1 pound beef cut into cubes 1/2 pound cow skin ponmo, cut into cubes 21/2 pound yam water yam 1 cup peppers blended mix of bell peppers and 1-2 rodo 1 cup crayfish large 2 fish dried 1 mackerel fish grilled 2 tablespoon crayfish ground 2 tablespoon locust beans 6 tablespoon palm oil 3 teaspoons bouillon powder divided salt to taste parsley for garnish, optional nan"
209,1 can 15 ounces pumpkin puree 1/4 cup light brown sugar 1/2 white sugar 2 eggs large size 1 egg yolks 1 tablespoon flour or cornstarch 1 12 fluid ounces can heavy cream 1-1/2 teaspoon cinnamon 1/2 teaspoon nutmeg 1/2 teaspoon salt 1/2 teaspoon ground ginger 1/8 teaspoon ground cloves 1 unbaked 9-inch pie shell 4-cup volume deep-dish
210,"2 red bell peppers 1 scotch bonnet peppers 3 large roma tomatoes 2 large onions divided 1/4 cup vegetable oil 2 cloves garlic minced 1 teaspoon fresh ginger grated 2 tablespoons tomato paste 1 teaspoon paprika 1 teaspoon thyme 1 teaspoon curry powder 1 teaspoon chicken bouillon powder salt and black pepper to taste 2 bay leaves 12 oz spaghetti pasta 4 to 41/2 cups chicken beef or vegetable broth 1/2-1 cup peas, sweet corn, and carrots optional cooked protein of choice optional: (e.g diced chicken, shrimp, tofu) nan"
211,8 oz fresh ewedu leaves 3 to 4 cups water 2 tablespoons locust bean 2 tablespoons ground crayfish 1 teaspoon chicken bouillon powder or 1 cube salt to taste 1 pack frozen jute leaves 8 ounces 2 tablespoons locust bean 2 tablespoons crayfish ground 1 bouilon powder or 1 cube salt to taste nan
212,11/2 cups dry beans black eyed peas or brown beans-''ewa oloyin'' 1 red bell pepper/tatashe medium size 1 habanero scotch bonnet/rodo 3/4 cup diced onion 2 tablespoons crayfish 1/4 cup vegetable oil 2 bouillon cubes 3/4 cup cooked minced fish 3 hard-boiled eggs salt to taste 1 inch ginger nan
213,"3 pounds beef 4 small onions or 3 medium/2 large 2 hot pepper of choice jalapeno, habanero, red chili 1 tablespoon powdered chicken stock or 3 cubes 1 teaspoon cloves 1/2 tablespoon curry powder 1/2 tablespoon thyme 1 inch ginger grated salt to taste the lesser the better black pepper 2 bay leaves 11/2 to 2 cups water more or less 2 tablespoons oil 1/4 cup suya spice nan"
214,jollof rice nigerian fried rice recipe nigerian meat pie best egusi soup spinach stew (efo riro) nigerian beef stew african buns – nigerian buns puff puff recipe plantain puff puff spicy puff puff recipe nigerian chicken stew nigerian style chicken fried rice nigerian pepper sauce – ata dindin the classic nigerian salad eba pounded yam nigerian egg roll recipe yam pottage/yam porridge (asaro) recipe yam porridge with plantains moin/moi moi rice and beans recipe ewedu – jute leaves soup akara – black eyed peas fritters west african pepper sauce west african fufu plantain fufu banga soup ewa riro (stewed beans) crispy spring rolls – african style okro pepper soup ogbono soup catfish stew hearty salmon stew jollof rice – oven baked native jollof rice – iwuk edesi/palm oil rice stick meat ata lilo (starter sauce jollof spaghetti turkey stew – african style ewa agoyin (ewa aganyin) african masa recipe african sausage rolls west african coconut rice african pound cake chin chin stuffed savory masa (waina) meat floss (beef floss) easy wheat meat pie (beef pie) chicken pie african pepper soup – goat meat fried sauce with african meatballs african fish pastry ayamase stew (ofada stew) asun (smoked goat meat) west african peanut soup (maafe) – nigerian style grilled plantains fried plantains suya spice chicken pepper soup grilled fish nan
215,1 tablespoon black cardamom seeds korerima 1/2 tablespoon coriander seeds 1 tablespoon black cumin seeds tikurazmud 1/2 tablespoon fenugreek seeds abish 2 lb unsalted organic grass-fed butter 1/4 cup lippia adoensis - abyssinia koseret 1 cinnamon stick 1 teaspoon ground turmeric 1 tablespoon minced garlic 1 tablespoon freshly grated ginger 1 star anise 2 tablespoons sacred basil beso bela or basil - optional 1 teaspoon ajwain carom seeds/nech azmud 1/4 teaspoon whole cloves fresh basil lemon grass nan
216,2 pounds meat preferably goat or beef 1/2 cup water 4 cloves garlic minced 1 tablespoon grated ginger 1/2 tablespoon paprika 1 teaspoon curry powder 1 teaspoon rosemary leaves minced 1 teaspoon bouillon powder or 1 tablespoon soy sauce 1/4 teaspoon cayenne pepper or add to taste - optional 1/4 cup vegetable oil 1/4 cup lemon juice freshly squeezed salt and pepper to taste nan
217,6 to 8 lb. turkey breast 1/2 teaspoon cayenne pepper 1 teaspoon black pepper 2 teaspoon salt 1 teaspoon oregano 1 teaspoon garlic powder 2 teaspoon paprika 1 teaspoon onion powder 1/2 teaspoon bouillon powder optional 2 tablespoon olive oil 4 sprigs thyme 3 sprigs rosemary nan
218,13/4 lb chicken quarters 1 red bell pepper 4 birds' eye chilies add more or less to your taste 5 garlic cloves 1 small onion 4 to 5 sprigs thyme or 1 tablespoon of dried thyme 1 teaspoon black pepper 2 teaspoon salt 2 tablespoon paprika 1/4 cup vinegar 1 lemon juiced 1/2 cup olive oil 1 bouillon cube nan
219,1 red bell pepper 10 african birds' eye chilies 5 cloves garlic 1 onion medium size 4 to 5 sprigs fresh thyme or 1 tablespoon of dried thyme 1 teaspoon black pepper 2 teaspoon salt 2 tablespoon paprika 1/4 cup vinegar white or red wine vinegar 1 lemon the juice of 1/2 cup olive oil 1 bouillon cube nan
220,2 cups semolina 2 teaspoon yeast pinch of salt 2 tablespoon honey 2-1/2 cups water 1 teaspoon baking powder nan
221,"2 lb beef 1 medium onion chopped 1/2 teaspoon curry powder 1/2 teaspoon thyme 2 bouillon cubes cayenne pepper to taste salt to taste 3 bell peppers or peppers of your choice cut into small chunks 1/4 cup water lots of tooth picks for assembling 1 red bell pepper 1 habanero 2 medium tomatoes 1 small onion divided 1/2 inch ginger 2 cloves garlic 5 tablespoons vegetable oil 1/2 teaspoon each of smoked paprika, thyme, and curry powder 1/4 cup beef stock salt to taste nan"
222,"2 1/2 lb beef flank steak, skirt steak, sirloin 1/2 to 1 teaspoon salt 1/2 teaspoon beef bouillon or chicken [or use the cube] cayenne pepper optional 3/4 cup suya spice plus more for dusting 1 tablespoon peanut oil or any other oil of choice nan"
223,"2 lb. sweet potatoes 2 large, peeled and cubed 2 tbsp. extra-virgin olive oil divided 2 teaspoon paprika 1 teaspoon garlic powder salt to taste black pepper to taste 1 bunch kale bunch, stems removed and leaves chopped (about 2 cups) kosher salt 1 tablespoon olive oil 1/2 cup dried cranberries 1 small red onion thinly sliced into half moons cranberries 2 tbsp. tahini 1 lemon juiced 1 tbsp. dijon mustard 1 tbsp. honey 1 garlic grated or finely minced 1/4 cup extra-virgin olive oil salt and pepper to taste 1-3 tablespoon warm water optional nan"
224,"1 cup mango frozen chunks 1 cup pineapple chunks fresh 1 banana peeled and sliced 1/2 cup coconut milk 1/2 cup greek yogurt 1/2 cup orange juice 1 tablespoon honey optional, for added sweetness nan"
225,"1 medium yam tuber 1 red bell pepper 1 large tomato 1 habanero pepper 1 large onion divided into two 3 cups water 1/2 cup palm oil of fresh 2 tablespoons crayfish salt to taste 2 teaspoon chicken bouillon powder or 2 cubes 15 ounces mackerel fish salmon, stockfish or dried fish basil or parsley or any leafy vegetables (spinach, kale, ugwu) nan"
226,"1 kg chicken breast, julienned 1 tsp salt 1/2 tsp white pepper 2 medium carrots, julienned 2 tbsp brown spirit vinegar 2 tbsp fresh ginger, thinly sliced 3 tbsp tammy’s pure organic sesame oil 40 ml soy sauce 60 ml water a handful of spring onion green tips, chopped a sprinkle of sesame seeds"
227,1 1/2 cups breadcrumbs 1 1/4 tsp paprika 1 egg 1 tsp salt 1/2 tsp paprika 1/2 tsp pepper 1/4 tsp pepper 2 tbsp mayonnaise 3 heaped tbsp flour 4 tbsp mr sauce sweet chilli sauce 500 g fish fillets of your choice
228,"1 medium green pepper, chopped 1 tbsp tomato paste 1 tsp salt 1/2 medium onion, sliced 150 ml water 3 cloves garlic, finely chopped 3 tbsp oil 4 carrots, chopped 500g chicken gizzards 50ml mr sauce worcester sauce"
229,"1 1/2 tsp dried thyme 1 tsp salt 3 cloves garlic, grated 3-4 tbsp cooking oil 3-4 tbsp mr sauce miri piri sauce 8 medium-large potatoes"
230,"1 chicken stock cube 1 medium onion, finely chopped 1 tbsp all purpose flour plus enough water to make a paste 1 ¾ tsp salt 2 tsp ginger, finely chopped 3 large tomatoes, grated 3 tbsp oil 3 tsp garlic, grated 300 ml hot water 50 ml sour milk 500 g chicken breast ¼ tsp real premium spices coriander ¼ tsp real premium spices ground black pepper ¼ tsp real premium spices turmeric ¾ tsp real premium spices curry powder"
231,"1 1/2 tsp salt 1 egg 1 kg steak mince 1 small onion, finely chopped 1kg homemade or shop bought puff pastry, thawed plus 1 beaten egg 2 punnets oyster mushroom 2 tsp fresh basil, finely chopped 2 tsp garlic, grated 200 g cheddar cheese 3 tbsp oil 3/4 tsp ground black pepper 60 ml mr sauce beef burger sauce a sprinkle of sesame seeds (optional)"
232,1 1/2 cups the grain hub sorghum 1 1/4 cups all purpose flour (plain flour) 1 cup sour milk 1 egg 1 tsp baking powder 1/2 cup sugar 1/2 tsp salt 5 tbsp oil
233,"1 1/2 tsp salt 1 medium onion, chopped 1 punnet oyster mushroom, julienned 2 large cloves garlic, grated 3 tbsp tomato paste 3/4 tsp ground black pepper 400 g penne pasta 5 tbsp tammy’s garlic infused sesame oil 700 g pork"
234,"1 tsp salt 1.5 kg pork chops 2 tsp garlic, grated 3 tbsp oil 3 tsp real premium spices chisa nyama"
235,"1 cob sweetcorn 1 large onion, chopped 1 punnet peas 1 tsp salt 1/2 punnet green beans, chopped 2 large carrots, chopped 3 tsp garlic, grated 4 large tomatoes , grated 500 g boerewors sausage 500 g steak mince 500ml water 60 ml mr sauce smokey bbq marinade oil for frying"
236,"2 tbsp garlic, finely grated 2 tbsp real premium spices lemon, garlic & herb seasoning 2 tsp salt 3 tsp fresh parsley, chopped 4 tbsp oil 40 ml lemon juice 5 – 6 medium sized kariba bream fish, gutted"
237,1 1/2 tsp paprika 1 3/4 tsp salt 1 tsp onion powder flakes 1/2 tsp dried thyme 2 kg chicken thighs 3 tbsp oil 60 ml mr sauce bbq sauce
238,1 1/4 cup milk 1 cup castor sugar 1 cup the grain hub sorghum (mapfunde) 1 tsp ground cinnamon 1 tsp vanilla essence 1/2 cup oil 2 tsp baking powder 3 cups brown flour 3 eggs
239,"1 1/4 tsp salt 1 medium onion, chopped 1 tsp garlic, finely chopped 1 tsp real premium spices mild curry powder 1 tsp real premium spices paprika 1/4 tsp real premium spices turmeric 3 cups rice 3 tbsp cooking oil 6 cups boiling water"
240,1 1/2 tsp baking powder 1 cup sour milk 1 tbsp lemon juice 1 tsp real premium spices ground cinnamon 1/2 cup oil 3 cups self-raising flour 3/4 cup castor sugar 4 tbsp powdered milk 5 overripe bananas a pinch of salt
241,1.8 l boiling water 300 ml room temperature water 600 g the grain hub mhunga (pearl millet)
242,"1 medium onion, chopped 1 tbsp tomato paste 1/2 punnet peas 1/2 tbsp cream of tomato soup powder 100 ml water 2 large tomatoes, grated 3 celery sticks, chopped 3 cloves garlic, chopped 3 medium carrots, chopped 3/4 tsp mild curry powder 3/4 tsp paprika 3/4 tsp salt 4 tbsp oil for frying 40 ml mr sauce worcester sauce 500 g steak mince"
243,1 tbsp butter/ margarine 1 tsp pepper 1 tsp salt 1/2 cup fresh milk 2 tbsp real premium spices sour cream ‘n chives 8 large potatoes enough water to go just below the potatoes
244,1 cup the grain hub sorghum 1 litre boiling water 1/2 tsp salt 250 ml room temperature water
245,"1 1/2 tsp salt 1 medium green pepper, chopped 1 medium onion, chopped 1 small red pepper, chopped 1 tsp real premium spices mild curry powder 1/2 tsp real premium spices ground black pepper 2 large carrots 3 tbsp oil for frying 30 ml soy sauce 4 large eggs, beaten 4 – 5 cups of cooked rice i tsp garlic, finely chopped"
246,"1 tsp real premium spices paprika 1 tsp salt 4 tbsp oil 4 tsp real premium spices potato mate 8 medium sized potatoes, peeled and cubed"
247,1 and 1/2 cup lukewarm water 1 and 1/2 tsp instant yeast 1 cup the grain hub mhunga (pearl millet) 1 tsp salt 3 cups brown flour 3 tbsp brown sugar 4 tbsp oil
248,"1 small carrot, chopped 1 tsp real premium spices mild curry powder 1 tsp salt 1/2 medium onion, chopped 1/2 punnet fresh peas 1/2 punnet mushroom, chopped 1/2 small red pepper, chopped 1/2 tsp real premium spices turmeric 1/4 tsp real premium spices cayenne pepper 2 tsp garlic, finely chopped 3 cups long grain rice 3 tbsp oil 5 1/2 cups chicken stock"
249,1 tsp salt 3 cups the grain hub mupunga (traditional brown rice) 7 cups water
250,"1 kg kariba bream, gutted and scaled 1 tbsp tomato paste 1 tsp garlic, grated 1 tsp real premium spices’ lemon, garlic & herb seasoning 1 tsp real premium spices’ mild curry powder 1 tsp real premium spices’ turmeric 1/2 medium onion, chopped 150 ml water 2 eggs, beaten 2 large tomatoes, grated 2 tsp salt 3/4 cup plain (all purpose) flour 40 ml cooking oil 40 ml mr sauce tomato sauce"
251,"1 cup milk maas 1 egg, lightly beaten 1 tsp vanilla essence 1 ½ cups self-raising flour 1 ½ tsp heaped butter/ margarine ½ cup castor sugar ½ cup custard powder ½ cup raisins, chopped ½ cup the grain hub zviyo (finger millet) ½ tsp salt"
252,"100 ml mr sauce sticky bbq basting 2 kg t-bone steak 2 tsp salt 3 tsp garlic, grated 40 ml mr sauce lemon juice 50 ml mr sauce mustard sauce"
253,100 ml cold water 225g the grain hub mupunga 750 ml boiling water
254,"1 kg pork fillet 1 tbsp mr sauce mustard sauce 1 tbsp oil 1 tsp garlic powder 1 tsp paprika 1 tsp salt 1/2 tsp dried basil 1/2 tsp dried thyme 1/2 tsp freshly ground black pepper 1/2 tsp onion powder 2 tbsp oil 3 tbsp mr sauce soy sauce 4 cloves garlic, grated 4 tbsp sugar 4 tbsp water"
255,"1 1/2 tsp zimspice portuguese chicken masala 1 kg chicken thighs 1 tbsp lemon rind 1 tsp salt 3 tbsp oil 3 tsp garlic, grated"
256,1 tsp salt 1kg beef short ribs 2 tbsp oil 3/4 tsp freshly ground black pepper 80 ml mr sauce bbq sauce sadza remhunga (pearl millet sadza)
257,"1 kg chicken thighs 1 kg drumsticks 1 large butternut 1 large green pepper 1 large onion 1 large red pepper 1 punnet cauliflower 2 and 3/4 tsp salt 3 tbsp oil 3 tsp garlic, grated 500 ml mr sauce lemon & herb marinade"
258,"1 medium onion, finely chopped 1 tsp garlic, grated 1 tsp salt 1 tsp zimspice curry powder 3 large tomatoes, grated 3 tbsp mr sauce ketchup 4 punnets oyster mushroom 5 tbsp oil 50 ml water"
259,"1 medium onion, chopped 2 heaped tbsp peanut butter 2 tsp salt 200g mufushwa wemunyemba 3 large tomatoes, grated 3 tbsp oil 300 ml water"
260,"1 kg tilapia fish fillets 1 tbsp brown sugar 1 tbsp garlic, finely grated 1 tbsp ginger, finely grated 1 tsp zimspice turmeric 1/2 green pepper, cubed 1/2 red pepper, cubed 1/2 yellow pepper, cubed 4 tbsp oil 4 tbsp zimspice fish curry 70 ml water chopped parsley for garnish (optional) coconut milk x 1tin ½ medium onion, finely chopped"
261,1 rack of pork ribs 1 tsp salt 200 ml mr sauce bbq sauce 4 whole cloves garlic 50 ml mr sauce lemon juice 750 ml hot water + 1 chicken stock cube
262,1 tsp lemon essence 160 ml milk 2 cups self raising flour 2 large eggs 2 tbsp zimspice blue poppy seeds 200 g caster sugar 200 g margarine (at room temperature) 30 ml mr sauce lemon juice zest from 1 lemon
263,"1 green pepper, diced 1 red onion, diced 1 tablespoon bisto or gravy thickener 1 tablespoon tomato paste 1 tomato, chopped 1/2 cup vinegar 1kg ox kidneys 2 1/2 tablespoons vegetable oil 2 tablespoons soy sauce 4 cloves garlic chili, optional salt and pepper, to taste"
264,1 kg of mixed offal 1 medium onion 1 tablespoon bisto gravy 1 teaspoon smoked paprika 1/2 teaspoon salt 2 cloves of garlic 2 medium tomatoes – grated 2 tablespoons of vegetable oil
265,"1 1/2 tablespoon tomato paste 1 chicken stock cube 1 large green pepper 1 large onion 1 medium tomato, chopped 1 tablespoon fresh ginger (optional) 1 teaspoon garlic powder 1/4 cup vegetable oil 2 teaspoons black pepper 2 teaspoons paprika 3 fresh chilies (optional) 4 cloves garlic 800g beef trotters"
266,1 medium ripe tomato 1/2 teaspoon salt 2 teaspoons soda 300ml water 500g okra 650g bondwe (amaranth leaves) – (optional)
267,1 onion 1 teaspoon or regular salt or seasoned salt. 1 tomato 2 tablespoons vegetable oil 800g bondwe leaves
268,1 large purple onion 1 large tomato 1 medium green pepper 1/4 teaspoon chili powder (optional) 1/4 teaspoon salt 1/4 teaspoon smoked paprika or curry powder 2 1/2 tablespoons of vegetable oil 300g dried kapenta
269,"1 green pepper 1 red pepper 1 teaspoon flavored salt 1 tomato, grated 1/2 teaspoon onion powder 1/2 teaspoon paprika 1/2 teaspooon chili powder/curry (optional) 1/4 teaspoon black pepper 2 cloves garlic 3 tablespoons olive oil 400g impwa (garden eggs) fresh basil i red onion"
270,"1 green/yellow pepper, chopped 1 onion, chopped 1 tablespoon tomato paste 1 tomato, chopped 3 cloves garlic 4 tablespoons vegetable oil 600g dry kabulangeti beans salt and pepper, to taste"
271,1 medium onion 1 medium tomato 1/2 teaspoon salt 3 tablespoons vegetable oil 300g kalembula (sweet potato leaves)
272,1 1/2 cup pounded groundnuts 1 onion 1 tomato 2 1/2 teaspoons soda 3/4 teaspoon salt 300 ml water 800g lumanda leaves
273,"1 1/2 teaspoons garam masala 1 green pepper 1 red onion 1 ripe tomato, grated. 1 teaspoon cumin powder 1 teaspoon fresh ginger 1 teaspoon smoked paprika 1 teaspoon tumeric powder 1 teaspoons salt 2 tablespoons olive oil 2 teaspoons tomato paste 3 cloves of garlic 3 green onions 3 red chilies (optional) 500g yellow lusaka beans fresh coriander"
274,1 1/2 cups cold water 1 litre boiling water 3 cups of mealie meal/ white cornmeal
275,1 ripe tomato 1/2 red onion (optional) 1/2 teaspoon salt 2 cups water 2 teaspoons soda or bicarbonate of soda 500g okra
276,1 cup brown sugar 2 cups pounded groundnuts 2 teaspoons salt 3 tablespoons smooth peanut butter 600g samp water
277,"1 teaspoon salt 2 cups peanut butter 300g pounded groundnuts 700g sweet potatoes, peeled and cubed water"
278,"1 large green pepper 1 large red onion 1 large tomato, grated 1 tablespoon cream of mushroom soup/bisto or gravy thickener (optional) 1 tablespoon soy sauce (optional) 1/2 teaspoon salt 1/4 teaspoon black pepper 2 tablespoons vegetable oil 500g tente mushroom"
279,"1/2 cup vegetable oil for frying 3 pounds cod fillets, cut into 2 to 3 ounce portions salt to taste 2 large onions, peeled and sliced into rings 2 cloves garlic, chopped 1 red chile pepper, seeded and sliced lengthwise 3 large bay leaves 8 whole black peppercorns 4 whole allspice berries 2 cups red wine vinegar 1/2 cup water 1/2 cup packed brown sugar, or to taste 2 tablespoons curry powder 2 teaspoons ground cumin 2 teaspoons ground coriander 1 teaspoon ground turmeric"
280,"2 pounds lamb meat, cut into 1 1/2 inch cubes 3 tablespoons olive oil, divided 2 teaspoons paprika 1 teaspoon ground cinnamon 1 teaspoon kosher salt 3/4 teaspoon garlic powder 3/4 teaspoon ground coriander 1/2 teaspoon ground cumin 1/2 teaspoon ground cardamom 1/2 teaspoon ground ginger 1/4 teaspoon ground turmeric 1/4 teaspoon cayenne pepper 1/4 teaspoon ground cloves 1 pinch saffron 2 medium onions, cut into 1-inch cubes 5 carrots, peeled, cut into fourths, then sliced lengthwise into thin strips 3 cloves garlic, minced 1 tablespoon freshly grated ginger 1 lemon, zested 1 (14.5 ounce) can homemade chicken broth or low-sodium canned broth 1 tablespoon sun-dried tomato paste 1 tablespoon honey 1 tablespoon cornstarch (optional) 1 tablespoon water (optional)"
281,"1 1/4 teaspoons ground cumin 1/2 teaspoon ground ginger 1/4 teaspoon ground cloves 1/8 teaspoon ground cayenne pepper 1/2 teaspoon ground cardamom 1/4 teaspoon ground coriander 1/4 teaspoon ground allspice 1 tablespoon olive oil 1 red onion, cut in half and thinly sliced 1 red, green, or yellow bell pepper, cut into 1-inch pieces 2 zucchinis, halved lengthwise and cut into 3/4-inch pieces 1/2 cup golden raisins 1 teaspoon kosher salt grated zest of one orange 1 (14.5 ounce) can low-sodium chickpeas, rinsed and drained 1 1/2 cups chicken broth 1/2 cup orange juice 1 1/2 cups couscous 3 tablespoons chopped fresh mint"
282,"2 onions, chopped 2 cloves garlic, minced 1 teaspoon grated fresh ginger 6 cups water 1 cup red lentils 1 (15 ounce) can garbanzo beans, drained 1 (19 ounce) can cannellini beans 1 (14.5 ounce) can diced tomatoes 1/2 cup diced carrots 1/2 cup chopped celery 1 teaspoon garam masala 1 1/2 teaspoons ground cardamom 1/2 teaspoon ground cayenne pepper 1/2 teaspoon ground cumin 1 tablespoon olive oil"
284,"10 cups water 1 cup chopped celery 1 (6 ounce) can tomato paste 2 cubes beef bouillon 1 teaspoon minced garlic 6 whole black peppercorns 2 bay leaves 1/4 cup canola oil 3 pounds beef oxtail, cut into pieces 1 large onion, chopped salt and ground black pepper to taste 1 (15 ounce) can kidney beans, drained 1/4 cup cornstarch 1/2 cup water"
285,"1 sweet potato, peeled and cubed 1 medium eggplant, cubed 1 green bell pepper, chopped 1 red bell pepper, chopped 2 carrots, chopped 1 onion, chopped 6 tablespoons olive oil 3 cloves garlic, minced 1 teaspoon ground turmeric 1 tablespoon curry powder 1 teaspoon ground cinnamon 3/4 tablespoon sea salt 3/4 teaspoon cayenne pepper 1 (15 ounce) can garbanzo beans, drained 1/4 cup blanched almonds 1 zucchini, sliced 2 tablespoons raisins 1 cup orange juice 10 ounces spinach"
287,"1/2 cup olive oil 4 medium carrots, thinly sliced 1 medium onion, thinly sliced 1/2 head green cabbage, shredded 1 teaspoon sea salt 1/2 teaspoon ground black pepper 1/2 teaspoon ground cumin, or to taste 1/4 teaspoon ground turmeric, or to taste 5 medium potatoes, peeled and cut into 1-inch cubes"
288,"2 tablespoons vegetable oil 2 medium onions, minced 1 1/2 pounds ground beef 1 cup milk 2 slices texas toast thick-sliced bread 1/2 cup raisins 1 tablespoon hot chutney 1/2 tablespoon curry powder 1 teaspoon apricot jam 1 teaspoon salt 1/2 teaspoon ground black pepper 1 large egg 1 pinch salt 1 bay leaf"
290,"1 tablespoon vegetable oil 2 cups uncooked white rice 3 cups water 1 teaspoon salt 1 (16 ounce) package uncooked elbow macaroni 1 cup beluga lentils, soaked in water 1/2 teaspoon salt 1 tablespoon vegetable oil 5 onions, minced 2 cloves garlic, minced 3 tablespoons distilled white vinegar 4 ripe tomatoes, diced 1/2 cup tomato paste 1 1/2 teaspoons salt 1 teaspoon ground black pepper 2 1/2 teaspoons ground cumin 1/4 teaspoon cayenne pepper"
291,"1 tbsp olive oil 1 pound skinless, boneless chicken breast meat - cubed 1 teaspoon salt 1 onion, chopped 2 carrots, sliced 2 stalks celery, sliced 2 cloves garlic, chopped 1 tablespoon minced fresh ginger root 3/4 teaspoon ground cumin 1/2 teaspoon paprika 1/2 teaspoon dried oregano 1/4 teaspoon ground cayenne pepper 1/4 teaspoon ground turmeric 1 1/2 cups chicken broth 1 cup crushed tomatoes 1 cup canned chickpeas, drained 1 zucchini, sliced 1 tablespoon lemon juice"
292,"1 (17.5 ounce) package frozen puff pastry sheets, thawed 1/2 cup chopped walnuts 1 cup chopped pecans 1 cup chopped hazelnuts 1 cup raisins 1 cup flaked coconut 1 1/4 cups white sugar, divided 4 cups milk 1/2 cup heavy cream"
293,"1 cup warm water (115 degrees f/46 degrees c) 1/2 teaspoon active dry yeast 1/2 teaspoon white sugar 1 cup milk 1 cup all-purpose flour 1 cup semolina flour 2 eggs 2 teaspoons baking powder 1 teaspoon salt 6 tablespoons butter 3/4 cup honey 1 teaspoon orange-flower water, or to taste (optional)"
294,"1 red bell pepper, cut into thin strips 3 tomatoes, sliced 6 (6 ounce) tilapia fillets 1 cup water 1/4 cup olive oil 2 tablespoons paprika 1 tablespoon chicken bouillon granules 1 teaspoon cayenne pepper salt and ground black pepper to taste 1/4 cup chopped fresh parsley"
296,2 cups white sugar 4 eggs 2 cups flour 2 teaspoons baking powder 2 teaspoons baking soda 1/2 teaspoon salt 3 tablespoons distilled white vinegar 2 tablespoons apricot jam 2 cups milk 1 cup sugar 1 cup water 1 cup milk 1/2 cup butter or margarine 2 teaspoons vanilla
297,"1 teaspoon ground cinnamon 1 teaspoon ground cumin 1 teaspoon kosher salt 1/2 teaspoon ground ginger 1/4 teaspoon ground cloves 1/4 teaspoon ground nutmeg 1/4 teaspoon ground turmeric 1/8 teaspoon curry powder 1 tablespoon butter 1 medium sweet onion, chopped 2 cups finely shredded kale 4 (14.5 ounce) cans organic vegetable broth 1 (15 ounce) can garbanzo beans, drained 1 (14.5 ounce) can diced tomatoes, undrained 3 large potatoes, peeled and diced 2 medium sweet potatoes, peeled and diced 4 large carrots, chopped 1 cup dried lentils, rinsed 1/2 cup chopped dried apricots 1 tablespoon honey 1 teaspoon ground black pepper, to taste 1 tablespoon cornstarch (optional) 1 tablespoon water (optional)"
298,"1 tablespoon olive oil 1 small onion, chopped 2 cloves garlic, minced 2 teaspoons ground cumin 2 teaspoons ground coriander 1 teaspoon garam masala 1/2 teaspoon cayenne pepper, or to taste 1/2 teaspoon curry powder 1 pinch salt 3 potatoes, cut into 1/2-inch cubes 1 (14.5 ounce) can diced tomatoes, undrained 1 cup tomato sauce 1 cup golden raisins water, enough to cover 1 bunch kale, ribs removed, chopped 1 (14.5 ounce) can chickpeas, drained and rinsed 1/2 cup chopped fresh cilantro"
300,"3 cups water 1 cup red lentils 1 roma tomato, quartered 1 carrot, quartered 1 small onion, quartered 4 cloves garlic, quartered 1/4 cube chicken bouillon (such as maggi®) 1 cup water 2 teaspoons ground cumin 1/2 teaspoon sea salt 1/2 teaspoon cracked black pepper 1/4 teaspoon ground coriander"
301,"1 large head cabbage, diced 1/4 cup canola oil 1 onion, diced 2 teaspoons minced garlic 4 roma (plum) tomatoes, diced 1 cup water 1 (6 ounce) can tomato paste 1 (15 ounce) can mackerel in tomato sauce 1 pinch red pepper flakes, or to taste 1 pinch seasoned salt, or to taste"
302,"1 1/4 cups vegetable broth 1 1/4 cups water 2 cups pearl (israeli) couscous 1 pinch salt 1 pinch ground black pepper 5 tablespoons olive oil, divided 1/2 cup pine nuts 4 cloves garlic, minced 1 shallot, minced 1/2 cup sliced black olives 1/3 cup sun-dried tomatoes packed in oil, drained and chopped 1 cup vegetable broth 1/4 cup chopped fresh flat-leaf parsley"
303,"1 large eggplant 4 cloves garlic, smashed 1 1/2 tablespoons tahini sauce 1/2 medium lemon, juiced 1/2 teaspoon red pepper flakes (optional) salt to taste 1 tablespoon olive oil, or to taste 1 pinch dried parsley flakes, for garnish"
304,1 cup red chili powder 1/2 cup paprika 1 tablespoon salt 1 teaspoon ground fenugreek 1 teaspoon ground ginger 1 teaspoon onion powder 1 teaspoon ground coriander 1 teaspoon ground cardamom 1/2 teaspoon garlic powder 1/4 teaspoon ground cloves 1/4 teaspoon ground cinnamon
305,"1 onion, chopped 2 small jalapeno peppers, seeded and chopped 3 cloves garlic, minced 2 teaspoons minced fresh ginger 2 teaspoons ground cumin 1/2 teaspoon salt 1/4 teaspoon ground coriander 1/4 teaspoon ground cinnamon 1/8 teaspoon red pepper flakes 4 cups water 2 1/2 pounds sweet potatoes, peeled and chopped into 2-inch pieces 2 (15 ounce) cans diced tomatoes, drained 2 (15 ounce) cans chickpeas, drained and rinsed 1/4 cup peanut butter 1 (15 ounce) can sliced green beans, drained"
306,2 cups lukewarm water 1/4 cup white sugar 1 (.25 ounce) package active dry yeast 7 cups all-purpose flour 2 teaspoons salt 3 cups oil for frying
307,"4 cups all-purpose flour 1 teaspoon salt 3 tablespoons olive oil 2 tablespoons honey 1 1/2 cups lukewarm water 2 tablespoons canola oil, divided, or more as needed (optional)"
308,"1 cup unsalted butter, divided 1 onion, chopped 2 1/2 cups water, divided 1 (6 ounce) can tomato paste 3/4 cup berbere seasoning 1 teaspoon chopped garlic 1/2 teaspoon ground ginger 4 skinless, boneless chicken breasts, cubed 1/3 cup sweet white wine 1/2 teaspoon ground cardamom 1/2 teaspoon freshly ground black pepper 4 hard-cooked eggs"
309,"2 cups dried split fava beans 1 red onion, quartered 1/2 cup fresh parsley 1/2 cup fresh cilantro 1/2 cup fresh dill 3 cloves garlic 1 1/2 teaspoons ground coriander 1 1/2 teaspoons salt 1 teaspoon ground cumin 1 cup sesame seeds (optional) 1 quart vegetable oil for frying, or as needed"
310,1 1/2 tablespoons olive oil 1/4 cup 1/2-inch long vermicelli 1 cup egyptian rice (short-grain rice) salt to taste 1 3/4 cups water
311,"1 tablespoon finely ground roasted peanuts 1 teaspoon ground cayenne pepper 1 teaspoon ground paprika 1 teaspoon salt 1/2 teaspoon ground ginger 1/2 teaspoon garlic powder 1/2 teaspoon onion powder 1 1/2 pounds beef tri-tip steak, cut into bite-size pieces 1 red bell pepper, cut into bite-size pieces 1/4 onion, cut into bite-size pieces 4 mushrooms, halved"
312,1/2 cup ground dried new mexico chiles 1/4 cup paprika 1 tablespoon cayenne pepper 1 teaspoon onion powder 1 teaspoon ground ginger 1 teaspoon cumin 1 teaspoon ground coriander 1 teaspoon ground cardamom 1 teaspoon ground fenugreek 1/2 teaspoon garlic powder 1/2 teaspoon ground cinnamon 1/2 teaspoon ground allspice 1/2 teaspoon ground cloves 1/4 teaspoon ground nutmeg
313,1 cup white sugar 1 egg 1 tablespoon butter 1 tablespoon apricot jam 1 tablespoon white vinegar 2 teaspoons ground ginger 1 teaspoon baking soda 1 cup milk 1 cup all-purpose flour 1 cup milk 1/2 cup butter 1/2 cup white sugar 1/4 cup water
314,"1/4 cup olive oil, or more as needed, divided 8 mutton chops, fat removed 4 chicken drumsticks 1 pinch salt and ground black pepper to taste 3 onions, quartered water to cover 2 tablespoons ground turmeric 2 tablespoons ground cumin 2 tablespoons ground coriander 3 potatoes, cut into chunks 3 turnips, cut into chunks 3 carrots, sliced lengthwise and cut into chunks 1 (6 ounce) can tomato paste 2 tablespoons ras el hanout 1 (7 ounce) can chickpeas, drained 2 zucchini, sliced lengthwise and cut into chunks 5 sprigs cilantro, chopped 3 cups water 2 cups couscous 1 tablespoon butter 3 tablespoons harissa"
315,"2 pounds chicken drumsticks 1/2 large onion, diced 1 (2 inch) piece fresh ginger root, peeled and thinly sliced 2 cubes chicken bouillon, crushed 2 cloves garlic, diced 1 tablespoon curry powder, or more to taste 1 teaspoon herbes de provence freshly ground black pepper 1 pinch cayenne pepper 1 cup water 3 tablespoons vegetable oil 1/2 large onion, diced 1 (14 ounce) can tomato sauce 1 (14 ounce) can coconut milk 1 teaspoon herbes de provence 1 teaspoon salt, or to taste 1/2 teaspoon ground black pepper, or to taste 3 cups parboiled rice (such as uncle ben's®) 1 (10 ounce) package frozen mixed vegetables (carrots, corn, peas) 4 ripe plantains, peeled and cut diagonally into 1/2-inch slices 1/2 cup canola oil for frying"
316,"2 cups all-purpose flour, sifted 1 teaspoon salt 3/4 cup warm water, or as needed 1 teaspoon vegetable oil 2 teaspoons all-purpose flour, or as needed 1 tablespoon vegetable oil"
317,"1 cup warm milk 1/4 cup vegetable oil 1/4 cup fine white sugar 1 medium egg 2 teaspoons instant yeast 1/2 teaspoon salt 1/2 teaspoon ground cardamom 3 1/2 cups all-purpose flour, sifted 2 quarts vegetable oil for frying, or as needed"
318,"2 (15 ounce) cans chickpeas 1 tablespoon baking soda 1 tablespoon vegetable oil 1 onion, finely chopped 1 teaspoon ginger-garlic paste 1/2 teaspoon cayenne pepper 1/2 teaspoon salt 1/2 teaspoon ground turmeric 1/2 teaspoon garam masala 1 (14.5 ounce) can diced tomatoes 2 (10 ounce) packages frozen chopped spinach, thawed and drained"
319,"1/2 cup white teff flour 1/4 cup brown teff flour 3 tablespoons white teff flour, divided, or as needed 1 cup water 3 tablespoons water, divided, or as needed 1 teaspoon vegetable oil (optional)"
320,"10 dried, smoked chile peppers 2 tablespoons cumin seeds 2 tablespoons coriander seeds 2 tablespoons caraway seeds 1/2 teaspoon multi-colored whole peppercorns 2 tablespoons smoked paprika 1 1/2 teaspoons garlic powder 1 teaspoon smoked salt 1 teaspoon dried parsley 1 teaspoon dried oregano"
321,"1 (3 pound) boneless pork loin roast 5 teaspoons kosher salt 2 tablespoons olive oil 2 teaspoons ground cumin 1 teaspoon ground coriander 1 teaspoon ground ginger 1 teaspoon freshly ground black pepper 1 teaspoon smoked paprika 1/4 teaspoon cayenne pepper 1/2 teaspoon ground cinnamon 1/4 teaspoon ground cloves 1/4 teaspoon ground allspice 3 tablespoons honey, or as needed 8 baby potatoes 2 carrots, cut into 2-inch chunks 2 anaheim chile peppers, halved and seeded 1 red onion, roughly chopped 2 tablespoons olive oil salt to taste 1/2 cup plain greek yogurt 2 tablespoons thinly sliced fresh mint 1 clove garlic, finely crushed"
322,"2 tablespoons vegetable oil 2 carrots, chopped 1 celery stalk, chopped 1 onion, chopped 4 cloves garlic, minced 1 1/2 pounds chuck roast, cut into 1-inch cubes 1 teaspoon salt, or to taste 1 teaspoon ground turmeric 1 teaspoon onion powder 1 teaspoon garlic powder 1/2 teaspoon ground black pepper, or to taste 1/2 teaspoon ground cinnamon 1/2 teaspoon ground ginger 1/2 teaspoon ground cumin 1/2 teaspoon ground coriander 1/4 teaspoon ground allspice 3 tablespoons tomato paste 4 cups low-sodium beef broth 1 tablespoon molasses 2 bay leaves 1 cup dried red lentils 1/2 cup dried apricots, chopped 1/2 lemon, juiced"
323,"12 mild to medium hot red chile peppers 1 teaspoon extra-virgin olive oil 1 teaspoon caraway seeds 1/2 teaspoon coarsely ground cumin seeds 1/2 teaspoon coarsely ground coriander 3 large garlic cloves, finely chopped 1/4 cup extra-virgin olive oil, or more as desired salt to taste"
324,"1 tablespoon olive oil 1 onion, chopped 2 cloves garlic, peeled and chopped 1 bay leaf 1 (14.5 ounce) can whole peeled tomatoes, drained 2 teaspoons curry powder 1/8 teaspoon salt 1 (2 to 3 pound) whole chicken, bones and skin removed, cut into pieces 1 (14 ounce) can unsweetened coconut milk 1 lemon, juiced"
325,"2 tablespoons olive oil 1 small onion, finely chopped 1 leek, washed and chopped 1 clove garlic, minced 2 pounds ground beef 2 teaspoons ground cumin 2 teaspoons ground cardamom 1 teaspoon salt 1 teaspoon pepper 1 tablespoon all-purpose flour 1 tablespoon water, or as needed 1 (14 ounce) package spring roll wrappers 1 quart oil for frying, or as needed"
326,"1 tablespoon vegetable oil 1 large onion, chopped 2 cloves garlic, minced 2 teaspoons minced fresh ginger root 1 1/2 teaspoons ground cumin 1 1/2 teaspoons ground coriander 1/2 teaspoon ground cinnamon 1 pinch ground cloves 3 medium tomatoes, chopped 1 1/2 pounds sweet potatoes, peeled and chopped 1 carrot, peeled and chopped 4 1/2 cups water 1 teaspoon salt 1/4 cup chopped, unsalted dry-roasted peanuts 1 pinch cayenne pepper 2 tablespoons creamy peanut butter 1 bunch chopped fresh cilantro"
327,"1/2 cup milk 2 tablespoons unsalted butter 1 teaspoon distilled white vinegar 1 1/3 cups cake flour 1 teaspoon baking soda 1 pinch salt 1 cup superfine sugar 2 eggs 1 tablespoon apricot jelly 1 cup heavy cream 1/2 cup unsalted butter 1/2 cup white sugar 1/2 cup water, orange juice, or sherry"
328,"4 yucca (cassava) roots, peeled and sliced 5 medium yellow plantains, with peels on 1/2 cup butter, or more as needed"
329,"1 tablespoon vegetable oil 3 1/2 pounds lamb or mutton breast chops, chopped into portions 2 tablespoons cake flour 1 large onion, chopped 2 1/4 pounds fresh tomatoes, chopped 1 tablespoon white vinegar 2 bay leaves 1 cube beef bouillon cube 1 teaspoon salt 1 teaspoon brown sugar 6 whole white peppercorns 1/2 teaspoon freshly ground black pepper 1 dash worcestershire sauce 2 medium potatoes, quartered (optional)"
330,"1 cup fresh lemon juice 1/4 cup paprika 2 tablespoons hot chili powder 3 cloves garlic, minced 1 1/2 teaspoons chopped fresh ginger 1 1/2 teaspoons salt 4 bone-in chicken breast halves"
331,"1 frozen puff pastry, thawed 1/4 cup raisins 1/4 cup slivered almonds 1/4 cup pine nuts 1/4 cup chopped pistachio nuts 1/4 cup sweetened, flaked coconut 5 cups milk 1 cup white sugar 1 teaspoon vanilla extract"
333,"cooking spray 1 cup white sugar 3 tablespoons butter, melted 3 egg yolks 1 cup cake flour 1 teaspoon baking powder 1/4 teaspoon salt 4 cups milk 1 teaspoon vanilla extract 3 egg white 1 tablespoon cinnamon sugar"
334,"2 cups vegetable broth 5 tablespoons unsalted butter 1/3 cup chopped dates 1/3 cup chopped dried apricots 1/3 cup golden raisins 2 cups dry couscous 3 teaspoons ground cinnamon 1/2 cup slivered almonds, toasted"
335,"1 1/2 cups dried white kidney beans, soaked overnight 3 tablespoons tomato paste 1 tablespoon red pimento sauce 3 cloves garlic, chopped 3 medium onions, chopped 1 tablespoon lemon juice 1 teaspoon ground cumin 2 tablespoons olive oil salt and pepper to taste 1 (14.5 ounce) can beef broth"
336,"2 tablespoons extra-virgin olive oil, plus more for garnish 12 ounces boneless lamb shoulder, cut into 1/2-inch pieces 1 large yellow onion, diced 1 teaspoon kosher salt, divided, or to taste 1 1/2 teaspoons smoked paprika 1 teaspoon ground coriander 1 teaspoon ground cumin 1/2 teaspoon ground ginger 1/2 teaspoon freshly ground black pepper 1/4 teaspoon ground cinnamon 4 cloves garlic, minced 1 tablespoon tomato paste 4 cups chicken broth 1 (15 ounce) can crushed tomatoes 2 ribs celery with leaves, chopped 2 cups water, or to taste 1 (15 ounce) can chickpeas, drained 3/4 cup green lentils, rinsed 1 tablespoon all-purpose flour 2 tablespoons cold water 1/2 cup chopped fresh cilantro, divided 1/2 cup chopped fresh parsley, divided 1/2 cup vermicelli pasta, broken into 1/2-inch pieces 1/8 teaspoon cayenne pepper 1 lemon, juiced"
338,"3-4 large bananas (the riper, the better) 1 cup self-rising flour 3/4 cup cornmeal 2 tablespoons sugar 1/2 teaspoon salt 1 teaspoon baking powder oil for deep frying"
339,2 pounds grated cassava (frozen is okay) 3/4 teaspoon salt or more (adjust to taste) 3 large overly ripe bananas (optional)
340,"1-2 pounds (450-900g) assorted meat (beef, tripe, cow skin, smoked fish, dried crawfish, etc.) salt (½-¾ teaspoon (3-4g) per pound) ground red pepper to taste (or a whole scotch bonnet) 6-7 cups (1½l) stock (or 6 cups water with 2 tablespoons beef bouillon) 1/2 cup (118ml) red palm oil 2 tablespoons (15g) ground achu spice 1 tablespoon (10-11g) bouillon powder or maggi 1 tablespoon (10g) ground limestone 4-5 pounds (1.8-2.25kg) cocoyams (taro) 2 green bananas or plantains (optional) salt to taste"
341,1 cup (120g) all-purpose flour 3 tablespoons (40g) sugar 1 teaspoon (5g) baking powder 1/2 teaspoon (1g) nutmeg or cinnamon 1/2 teaspoon (1g) grated orange zest (optional) 2 large eggs 3/4 cup (180ml) whole milk 1/2 teaspoon (3ml) vanilla extract 3 tablespoons (42g) melted butter 1/2 cup (15g) nutella (or more to taste)
342,"1-2 pounds (450-900g) assorted meat (tripe, cow skin, goat, etc.) 1/2 medium onion, chopped 2 maggi cubes or 2 tablespoons of bouillon powder 1/2 pound (250g) smoked fish 1/2 cup (30g) crayfish 1-2 cups (230-460ml) red palm oil (not the controversial palm oil) 5 cups (150g) dried okazi leaves 6 cups (360g) fresh waterleaves or spinach salt and pepper to taste"
344,21/4 cups (270g) all-purpose flour 2 teaspoons (4g) baking powder 1/2 cup (100g) granulated sugar 1/2 teaspoon (3g) salt 1 teaspoon (2g) grated orange zest 1 teaspoon (2-3g) grated nutmeg 1/2 cup (118ml) whole milk (or 2% milk) 3 large eggs 2 teaspoons (10ml) vanilla 1/4 cup (60g) melted butter or vegetable oil oil for deep frying
345,"6 eggs boiled 1/4 cup (60ml) water, lukewarm 1/2 teaspoon (2g) yeast 1/3 cup (80ml) whole milk 11/2 tablespoons (18g) sugar 1 teaspoon (7g) salt 2 cups (240g) flour 1/2 teaspoon (1.5g) granulated garlic 1/2 teaspoon (1g) paprika 1/4 teaspoon (1g or less) white pepper 2 ounces (58g) unsalted butter or margarine oil for deep-frying"
346,"1 15-ounce can sardines in chili tomato sauce (mackerel works, too) 1/2 medium onion, chopped 1/2 teaspoon (1g) parsley 1/4 teaspoon (1g) curry powder 1 cup plus 2 tablespoons (266ml) water 11/4 teaspoon (4-5g) yeast 21/2 tablespoons (30g) sugar 1/2 tablespoon (9g) salt 4 cups (480-500g) all-purpose flour 5 ounces (142g) unsalted butter or margarine"
347,"3-31/2 pounds (1.5-2kg) chicken (cut into pieces) 4-5 cloves garlic 2 tablespoons (28-30g) chopped ginger 3-5 tablespoons (11-20g) parsley, basil, and any fresh herb 1 teaspoon (3g) maggi or bouillon powder 1 teaspoon (6g) salt (adjust according to preference) 1 tablespoon (8-9g) paprika 1 teaspoon (2-3g) white pepper 1 teaspoon (2-3g) curry powder 1/2 medium onion, sliced cooking oil for deep frying 4 green plantains (or barely turning yellow) cooking oil for deep frying"
348,"3-4 pounds of chicken skin- on cut up into desired pieces 1 1/4 teaspoon salt 1 tablespoon onion powder 1 1/2 tablespoon garlic powder 1 teaspoon white pepper 1/2 teaspoon cayenne pepper 1 teaspoon bouillon powder , you may replace with salt sauce 2 fresh tomatoes 1/2 cup water or more as needed chicken bouillon to taste"
349,"4 cups (480g) flour (plus more for dusting) 2 tablespoons (25g) sugar 1/2 tablespoon (9g) salt 8 ounces (227g) butter 1 egg 3/4 cup (178ml) milk 2 tablespoons (30ml) canola oil 1/2 pound (225g) ground beef 1/2 medium onion, chopped 1 teaspoon (3g) minced garlic 1 teaspoon (3g) chicken bouillon powder (optional) 1/2 cup (112-113g) tomato sauce 1 tablespoon (7g) smoked paprika 2 2 green onions, chopped 2 tablespoons (7-8g) parsley 1 teaspoon (2-3g) white pepper salt to taste 2 boiled eggs (optional)"
350,1/4 cup oil 2- 3 pounds chicken legs or thighs 1 teaspoon paprika 2 fresh tomatoes 1 medium onion chopped 4 garlic cloves 1/2 teaspoon ginger chopped 3 tablespoons parsley 1/2 cup peanut butter or peanut paste 1 teaspoon chicken bouillon optional 1/2 teaspoon cayenne pepper salt and pepper to taste
351,"10 hot peppers (habaneros, scotch bonnet peppers, thai chili, etc.) 1 medium onion 4 cloves garlic 2 tablespoons (20g) bouillon powder or maggi 2 basil leaves 2 tablespoons (7-8g) parsley 1-3 roma tomatoes, adjust the amount to taste 1/2-1 cup (118-236ml) vegetable oil salt to taste"
352,"3-31/2 pound (1-1.5kg) chicken, cut into pieces 1 medium onion, sliced 4-5 cloves garlic 2 tablespoon (12g) ginger, chopped 1 tablespoon (6-7g) paprika 1 bay leaf 1 tablespoon (10g) maggi or bouillon powder 2 green onion, chopped (whites and green parts) 3-5 tablespoons (5-9g) parsley, basil, or other fresh herb 1-3 scotch bonnet or habanero peppers salt and white pepper to taste 1/4 cup (60ml) njansa (optional)"
353,"1/2 cup red / palm / or canola oil i used ½ and ½ 2-3 garlic clove minced 1 medium onion diced 1 tablespoon smoked paprika 1 teaspoon dried thyme 1/2 scotch bonnet pepper or ½ teaspoon cayenne pepper 4 tomatoes diced 2 cups washed long grain rice i used basmati 2 cups cooked beans black, red, black-eyed peas 4 1/2 - 5 cups chicken broth or water 1 tablespoon salt or more to taste 1/4 cup crayfish optional 1 teaspoon chicken bouillon optional"
354,"4 pounds (1.8kg) oxtails 1 medium onion, chopped (divided) 2 cloves garlic, minced 1 8-ounce can tomato sauce 2 tablespoons (30g) tomato paste 1 sprig thyme (or 1 teaspoon thyme leaves) 1 teaspoon (2-3g) curry powder 1 green bell pepper 2 green onions 1 tablespoon (10-11g) maggi or bouillon powder 1 habenaro pepper (optional) salt and pepper to taste"
355,"5 garlic cloves 1-2 tomatoes 2 tablespoons parsley 3-4 basil leaves 1/2 medium onion cho[[ed 1 tablespoon chopped ginger 1 teaspoon white pepper 2 teaspoons smoked paprika 1 tablespoon bouillon powder 1 tablespoon green onions 5 cups of water or more 1 1/2 -2 pounds yam peeled and cut into medium pieces sub potatoes 2 pounds fish tilapia,snapper, or chicken (thighs, legs)(cleaned and cut into medium pieces) 1-2 cups sliced carrots optional salt and pepper to taste 1/2 scotch bonnet pepper optional"
356,"3 1/2 cups (440g) all-purpose flour , plus more for rolling 1/2 teaspoon (2g) baking powder 1/2 teaspoon (2.5g) salt 1/2 -3/4 cup (100g-150g) sugar 1-2 teaspoons (2g-4g) grated nutmeg 1 teaspoon (2g) grated lime zest 1/3 cup (75.67g) margarine/butter 1 large egg 3/4 cup (180ml) milk"
357,"1 medium onion, diced 1 14-ounce can tomato sauce 1-2 tablespoons (15-30ml) cooking oil 3 cups (585g) rice (i used basmati) 2 teaspoons (5-6g) chicken bouillon 2 teaspoons (10g) salt 1 tablespoon (7g) paprika 1 tablespoon (10g) garlic powder 31/2 cups (830ml) chicken broth or water 1 teaspoon (2g) white pepper 1/2 teaspoon (1g) dried thyme (optional) 1 scotch bonnet pepper or ¾ teaspoon cayenne (omit if cooking for kids) 1 pound (450g) vegetables 31/2-4 pound (1.5-2k) whole chicken, deboned 1 tablespoon (6g) thyme 11/4 teaspoon (6g) salt 11/2 tablespoon (15g) onion powder 11/2 tablespoon (21g) garlic powder 1 teaspoon (2g) smoked paprika 1 teaspoon (2g) white pepper 1/2 teaspoon (1g) cayenne pepper 1 teaspoon (3-4g) bouillon powder (or replace with salt) 1/4 cup (60ml) drippings from roast chicken 2-3 tablespoons (15-23g) all-purpose flour 2 cups (475ml) or more chicken stock chicken bouillon powder to taste (optional) salt and pepper to taste"
358,"21/2-3 pounds (1-1.5kg) smoked goat meat, cut into small pieces salt and pepper to taste (4-5g per pound of meat) 2 teaspoons (6-7g) maggi or bouillon powder (adjust to taste) 1/2 cup (80g) chopped onion 1 cup (236ml) water, more as needed 2-3 tablespoons (30-45ml) cooking oil 2 teaspoons (10g) minced garlic 1 teaspoon (5g) minced ginger 1 medium onion, sliced 2 large tomatoes (i used romas) 1 teaspoon (2-3g) white pepper 1 teaspoon (2-3g) smoked paprika 2 green onions, sliced 1/2 teaspoon (1-2g) curry powder (optional) 2 or more scotch bonnet peppers (adjust to taste or replace with any hot pepper) 1 tablespoon (10-11g) beef bouillon or chicken bouillon 2-3 bell peppers, chopped (red, green, yellow, orange, etc.), feel free to use as many as you want"
359,"2-3 pounds yuca (cassava) 4 cloves garlic, sliced 2-3 tablespoons sugar 1 pinch salt 3 tablespoons parsley, chopped cooking spray (or canola oil)"
360,"2-3 ripe plantains 1 tablespoon (15ml) canola oil 1/2 medium onion, thinly sliced 1 scotch bonnet pepper, diced (or hot sauce) 1/2 bell pepper (red, green, yellow, etc.), stem, ribs, and seeds removed, then thinly sliced into strips 1 small tomato 1 teaspoon (5g) minced garlic 1 teaspoon (3g) paprika 1 teaspoon (2g) fresh thyme (or oregano, basil, or any herb) coarse salt and ground black pepper to taste 6 large eggs 1 avocado (optional) 1/2-1 cup (70-155g) sausage, chopped (optional)"
361,"2 large overripe plantains 2 large eggs 1/3 cup (80g) plain yogurt or sour cream 3/4 cup plus 2 tablespoons (175g) granulated sugar 8 tablespoons (113g) unsalted butter, partially melted 1 teaspoon (5ml) vanilla extract 1/4 cup (60ml) milk 2 cups (240g) sifted cake flour 1 teaspoon (6g) baking soda 1 teaspoon (5g) baking powder 1/2 teaspoon (3g) salt 1 tablespoon (6g) grated lime zest (optional) 1 teaspoon (2-3g) grated nutmeg 1/2 cup (113g) unsalted butter 1/2 cup (100g) light brown sugar 1/4 cup (60ml) dark rum (optional) 1 teaspoon (5ml) vanilla extract"
362,1 large bananas mashed about a cup 1/4 cup sour cream/ yogurt 2 large eggs 1 teaspoon vanilla extract 2 cups all purpose flour 1/2 cup brown sugar 1/2 cup granulated sugar 1 teaspoon baking soda 1 teaspoon baking powder 1/2 teaspoon salt 1 large mango chopped about a cup or more 1/2 cup raisins 1 teaspoon ground ginger powder/ 1/2 cup 4 ounce unsalted melted butter (replace with oil) 1 -2 tablespoons dark rum optional 4 oz. cream cheese room temperature 1/2 cup confectioners' sugar 2 to 3 tbs. cold whole or low-fat milk 1 teaspoon pure vanilla extract 1/2 teaspoon lime/lemon 1 teaspoon grated lime
363,"2 large bananas, mashed (about 1¼ cups) 1 teaspoon (2-3g) grated nutmeg 1 cup (236ml) warm water 21/4 teaspoons (7g) active dry yeast (1 packet) 1/4-1/2 cup (50-100g) sugar 1 teaspoon (6g) salt 3 cups (360g) all-purpose flour oil for deep-frying"
364,"1-2 pound stew beef , cut in small pieces 1/2 -1 cup oil (canola, vegetable or corn) , adjust as needed 1 medium yellow onion 4 roma tomatoes , they are less acidic 4 peeled garlic cloves 1/4 cup chopped parsley 3-4 tablespoon celery leaves 1/2 -1 scotch bonnet pepper , optional 1-2 basil leaves 1 teaspoon fresh thyme 1 canned tomatoes sauce , 14 ounce 1/2 teaspoon curry powder 1 teaspoon white pepper 1-2 teaspoons smoked paprika 1 tablespoon maggie powder or beef bouillon powder 1-2 green onion , sliced salt to taste"
365,3 tablespoons (20g) smoked paprika 2 tablespoons (15g) paprika 1 tablespoon (8-9g) ground ginger 1 tablespoon (10g) granulated garlic 1 tablespoon (2g) dried basil 1 teaspoon (2-3g) white pepper 1/2 tablespoon (5g) cinnamon 1/2 tablespoon (8-9g) ground nutmeg 1/2 tablespoon (5-6g) fenugreek 1 teaspoon (3g) cumin 1 teaspoon (2g) cardamon 1 tablespoon (5g) or more dried chilis or cayenne (adjust amounts to suit tastes)
367,"2 -3 pounds of assorted meat chicken, beef, smoked fish, smoked turkey 1/4- 1/2 cup cooking oil 1/2 large onion sliced 2 tomatoes sliced 2 teaspoons garlic minced optional 1/2 cup ground crayfish 1/2 cup ground egusi 2 cups washed bitterleaf 3 cups if using bitterleaf only 3 cups fresh chopped spinach 1 tablespoon bouillon or 2 maggie cubes salt and pepper to taste"
368,1 pound (450g) dried beans or four 14.5-ounce cans of beans 1/4-1/2 cup (60-120ml) palm oil or canola oil 1 medium onion 2 tomatoes 1 tablespoon (15g) grated ginger optional 1/2 tablespoon (7-8g) minced garlic 1 tablespoon (8-9g) paprika 1 tablespoon (10g) maggie bouillon powder (optional) 1/2 pound (28-30g) smoked turkey or chicken 1/3-1/2 cup (12-20g) dried ground crayfish 2-3 cups (470-700ml) stock or water 1 scotch bonnet pepper (optional) salt and pepper to taste
369,"1 pound (453g) black-eyed peas 4-5 thick slices bacon, chopped 1/2 pound (225g) ham hocks, or smoked turkey 1 large onion, diced (about 1½ cup) 2 stalks celery, diced (about ½ cup) 1 tablespoon (10g) garlic, minced 2 teaspoons (2g) fresh thyme, minced 1-2 bay leaves 6-7 cups (1.5-1.7l) chicken broth, or water 2 teaspoons (8g) creole seasoning 11/2 cup (45g) spinach salt and pepper to taste"
370,"1 pound dried black-eyed peas 2-3 slices bacon, chopped (see notes) 1 tablespoon olive oil 1 medium onion, diced 3 cloves garlic, minced (about a tablespoon) 1 stalk celery, finely diced 2 teaspoons thyme, minced 1-2 teaspoons smoked paprika 1 bay leaf 1/4 teaspoon cayenne pepper, optional 3-31/2 cups low-sodium chicken broth or water, plus more if needed 4 cups collard greens, chopped salt and pepper to taste"
371,2 cups black-eyed peas 1/2 medium onion 1-2 hot pepper scotch bonnet or habenero pepper salt to taste about 1 3/4 teaspoons or more adjust to taste 2 large eggs optional see tips optional spices 1/2 teaspoon chicken bouillon powder 1/4 teaspoon smoked paprika) oil for deep frying
372,"1 pound (453g) black-eyed peas 4-5 thick slices bacon, chopped 5 ounces smoked sausage or turkey, diced (about 1 cup) 1 large onion, diced 1 stalk celery, diced 2-3 teaspoons garlic, minced 1 optional jalapeno, minced (can replace with ¼ teaspoon cayenne) 2 teaspoons fresh thyme, minced 1 bay leaf 1-2 teaspoons creole seasoning 7-8 cups chicken broth 2 cups (or more) collard greens (or you can use kale) salt and pepper to taste"
373,"2 tablespoons (28g) butter 2 medium onions, finely diced 1 tablespoon (15g) garlic, minced 2 slices bread 1/2 cup (118ml) milk 11/2 tablespoons (10-11g) curry powder 1 teaspoon (2-3g) turmeric 1 teaspoon (2-3g) ground cumin 1 teaspoon (2-3g) ground coriander 2 pounds (900g) lean ground beef 11/2 tablespoons (2-3g) dried herbs (thyme, basil, oregano, etc.) 1 large apple, grated 1/3-1/2 cup (90-136g) fruit chutney 1/4 cup (50g) raisins (optional) 1/2-1 lemon, juice and zest 1 tablespoon (15ml) worcestershire sauce 3 eggs 5-6 bay leaves 1/2 cup (118ml) cream 1/2 cup (118ml) milk salt and pepper to taste"
374,"2-3 large onion sliced 3-4 fresh sliced tomatoes mango chutney homemade chutney here 8 slices or more good-quality bread white, wheat 8 cheese sliced or grated cheese butter salt and pepper mayonnaise optional caramelized onions 2 tablespoons or more olive oil 1/2 teaspoon minced garlic onions salt and pepper to taste"
375,"1 teaspoons garlic 1/2 teaspoons thyme white pepper to taste 1- 11/2 teaspoon salt adjust to taste i used cajun seasoning salt 2-3 pounds of chicken thighs legs, skin on 1 large onions sliced 1 tablespoon minced garlic 1 bay leaf 2 -3 tablespoons mustard 2 teaspoons fresh minced thyme 1- teaspoon paprika 1- pound vegetables baby potatoes, green beans and carrots cut up 2 cups or more chicken broth or water. 1/2 teaspoon white pepper salt to taste ."
376,1/2 cup canola or cooking oil 1 medium onion 2 teaspoons minced garlic 1 teaspoons minced ginger 1 cinnamon stick 1 tablespoon curry powder or more 2-3 curry leaves diced 3 green cardamom pods 1 1/2 teaspoon paprika 1/2 teaspoon cayenne pepper optional 2 medium tomatoes diced 1 pound chicken thighs or breast cut in bite-sized pieces lightly crushed 8 ounce or less potatoes cleaned and cut into cubes 1 15 ounce can chickpeas rinsed and drained 11/2 cup or more chicken broth or water salt and pepper to taste
377,"11/2 pounds (680g) or more meat (smoked turkey, beef, chicken, or a combination of both cut in small pieces) 2 tablespoons (30ml) canola or any cooking oil 3 cloves garlic or 2 teaspoons minced garlic 1/2 medium onion, chopped 2-3 medium tomatoes, chopped 1/2 cup (60g) ground egusi 1/2 cup (28g) dried crayfish or shrimp (ground or smashed) 4 cups (300g) shredded cabbage or more"
378,"4 large bananas, super ripe (1½ cups mashed) 3/4 cup (100g) whole wheat flour 3/4-1 cup (100-120g) all-purpose flour 2-4 tablespoons (25-50g) brown sugar 2 teaspoons (10g) baking powder 1/2 teaspoon (2-3g) salt or more to taste 1 teaspoon (2-3g) nutmeg 1/2 teaspoon (2-3ml) vanilla oil for deep frying confectioners sugar (optional)"
379,"2 tubers cassava water (as much as needed) 1 lemon, juiced (optional)"
380,"3 pounds frozen cassava leaves 1 pound beef cut in bite size pieces 1/2 pound smoked chicken,turkey, fish 1 medium onion chopped 1/2 - 1 cup palm oil i used ½ palm oil and half canola oil 1/2 cup ground cray fish dried shrimps 4-5 tablespoon ground groundnuts peanut butter puree 1 tablespoon chicken bouillon or maggie powder 1 scotch bonnet pepper 1/2 teaspoon cayenne pepper optional 1/2 - 1 pound shrimp optional salt and pepper to taste"
381,2 pounds grated cassava i used frozen cassava 1 1/2 cup grated mature coconut 4 tablespoon unsalted butter melted 1/2 cup white granulated sugar 1/2 cup light brown sugar 1 14 oz. can coconut milk 1 teaspoon cinnamon spice 1 teaspoon salt 1/2 teaspoon grated nutmeg 1/4 teaspoon minced ginger 2- teaspoon vanilla extract 1/2 cup raisins optional
382,"2 tablespoons (30ml) cooking oil 1 medium onion, diced 1-2 teaspoon (2-4g) curry powder 2 teaspoons (10g) minced garlic 1/2 teaspoon (1g) thyme 1/2 teaspoon (1-2g) smoked paprika 1 teaspoon (2-3g) cayenne pepper 1/2 teaspoon (2-3g) minced ginger 1-2 tomatoes 3-4 cups (300-400g) cabbage, sliced 1 -2 chili peppers, diced (seeds removed for less heat) 1 large carrot, grated on the large side or sliced thinly 1 medium green pepper, diced 1 medium red pepper, diced 1 14-ounce can baked beans (see notes) 1 teaspoon (3-4g) bouillon powder (optional)"
383,"5-6 chicken thighs 1/2 tablespoon (7.5ml) olive oil 11/2 teaspoons (7g) salt (adjust to taste) 2 teaspoons (5g) creole seasoning 2 tablespoons (30 ml) oil 1/2 cup (80g) diced onions 1/4 cup (50g) celery 2-3 teaspoons (10-15g) minced garlic 1 large bay leaf 1-2 teaspoons (1-2g) minced thyme 4-6 ounces (113-170g) cremini mushrooms, sliced 21/2 tablespoons (20g) all-purpose flour 2 cups (480ml) chicken stock 1/2 cup (120ml) dry white wine or chicken stock 1/4 cup (60ml) heavy cream 2 medium carrots, peeled and sliced (about 1½ cups) 6-8 ounces (170-230g) asparagus, trimmed and sliced (about 1½ cups)"
384,"21/2-3 pounds (1.2-1.5kg) chicken thighs (about 6 thighs) 2 teaspoons (11-12g) salt 2 teaspoons (10g) onion powder 1 teaspoon (2g) fresh thyme or oregano 1 teaspoon (5g) garlic powder 1 teaspoon (3g) smoked paprika 1/2 teaspoon (1-2g) white pepper 1/2 teaspoon (1g) cayenne pepper 1/2 teaspoon (2-3g) chicken bouillon powder or salt 2 tablespoons (28ml) oil 1 medium onion, diced 1 medium bell pepper, diced 1 teaspoon (2g) fresh thyme 2 teaspoons (10g) minced garlic 1 teaspoon (5g) minced ginger 2 cups (392g) uncooked rice (i used basmati rice) 1 8-ounce can tomato sauce 3 cups (710ml) chicken stock or water 1 teaspoon (6g) salt 1 teaspoon (3g) paprika 1 teaspoon (3g) white pepper 1/2 teaspoon (1-2g) curry powder 1/2-1 teaspoon (2-5g) chicken bouillon 1/2 pound (225g) or more vegetables (carrots, peas, green beans, etc.) 1 scotch bonnet pepper or hot pepper (optional)"
385,"3 cups (360g) all-purpose flour, plus more as needed 1 tablespoon (12g) granulated sugar 11/2 teaspoon (9g) salt 1/2 cup (100g) ghee, clarified butter, or oil 1 cup (236ml) warm water 1-2 tablespoons (15-30ml) oil 1/2 medium onion, chopped 2 teaspoons (6g) minced garlic 1 teaspoon (3g) grated ginger 1/2-1 teaspoon pepper sauce or chili sauce 1 teaspoon (3g) curry powder 1/2 teaspoon (1-2g) cayenne pepper 1/2 teaspoon (2g) smoked paprika 1 teaspoon (2g) white pepper 1/2 pound (230g) ground meat (chicken, beef or turkey) 2-3 tablespoons chopped parsley or cilantro 1/3 cup (50g) peas, thawed if frozen salt to taste"
386,"3-31/2 pound (1.5kg) chicken, cut in pieces salt and pepper to taste 1-2 teaspoons (4-8g) creole seasoning 1/4–1/2 cup (62-125g) oil (canola, olive, or vegetable oil) 5-6 roma tomatoes (or 2 cups tomato sauce) 1 medium onion, sliced 1 tablespoon (8g) garlic, minced (3-4 cloves) 11/2 teaspoon (1.5g) dried thyme 1 tablespoon (7g) smoked paprika 1/4 teaspoon (0.5g) curry powder 1 bay leaf 1 tablespoon maggi or bouillon (chicken-flavored) 2 cups (475ml) water 2 green onion, chopped (whites and green parts) 3 tablespoon (12g) parsley 1-2 cups (130-250g) carrot, sliced"
387,"6 medium chicken thighs, bone-in and excess fat and skin trimmed salt and pepper to taste 1/2 teaspoon (2-3g) ginger, minced 1 teaspoon (5g) garlic, minced 1 teaspoon (3g) ground cumin 1 teaspoon (2-3g) smoked paprika 2 tablespoons (30ml) olive oil 1 medium onion, sliced 3 teaspoons (15g) garlic, minced 1 teaspoon (5g) ginger, minced 1 teaspoon (2g) ground coriander 1/2 tablespoon (3-4g) paprika 1 teaspoon (3g) ground cumin 2 small bay leaves 1/2 teaspoon (1g) cayenne pepper 1 14-ounce can chickpeas, rinsed and drained 1/2 cup (80g) apricots 1 cup (240ml) chicken stock or water, more as needed 1 large preserved lemon or 3 small, sliced (or zest and juice from one lemon) 11/2 cups (270g) green olives 1 tablespoon (4g) fresh parsley, chopped 1 lemon, thinly sliced plus extra for serving"
388,"3 pounds (1.5k) chicken wings 1-3 teaspoons (5-15ml) lemon juice (i used 1 teaspoon) 2-3 cloves garlic, minced 1 teaspoon (2-3g) white pepper 1 teaspoon (2g) nutmeg 1 teaspoon teaspoon (2g) smoked paprika 1/2 teaspoon (1g) dried thyme 1 teaspoon (2-3g) coriander 1/4 teaspoon (.5g) cayenne pepper (adjust for heat tolerance) 1/2 cup (113g) yogurt 1 teaspoon (3-4g) bouillon powder or ¾ teaspoon salt salt to taste"
389,"1-2 tablespoons (15-30ml) canola oil 1 medium onion, diced 2 teaspoons (10g) minced garlic 2 teaspoons (4g) fresh thyme 1 teaspoon (2-3g) ground allspice 1 teaspoon (2-3g) ground nutmeg 11/2 teaspoons (3g) smoked paprika 2-3 tablespoons (15-20g) curry powder 1 teaspoon (2-3g) ground cumin 1 teaspoon (2g) white pepper 2 cups (260g) cubed potatoes 11/2 cups (350ml) or more vegetable broth or chicken broth 2 15-ounce cans chickpeas, drained 1/2-1 teaspoon (1-2g) cayenne pepper (optional) 2 green onions, chopped 1/2-1 cup (120-240ml) coconut milk 1/2 tablespoon (4-5g) vegetable bouillon or chicken bouillon (optional) 1-2 tablespoons (3-8g) parsley or cilantro salt to taste"
390,"31/2 cups (420g) all-purpose flour (see notes for coconut chin chin) 3/4 cup (150g) sugar 1/2 teaspoon (2-3g) salt 1/4 teaspoon (1-2g) baking powder 1 teaspoon (2-3g) grated nutmeg 1 teaspoon (1-2g) lime zest, grated 1/4 cup (4 tablespoons or 60g) butter (or margarine) 1 large egg 3/4 cup (175-180ml) milk oil for frying"
391,"3-4 pounds (1.2-2k) pork chitterlings 1 cup (237ml) white vinegar 1 tablespoon (15g) baking soda 1 tablespoon (20g) salt 1 tablespoon (15ml) olive oil 1 large onion, diced 3-4 cloves garlic, minced 1 teaspoon (1g) fresh thyme, chopped 1 bell pepper, diced 2 stalk celery, diced 2 bay leaves 1 tablespoon (15g) creole seasoning 1/2 teaspoon (1.5g) red pepper flakes (adjust to taste) 2 tablespoons (30ml) red wine vinegar salt and freshly ground black pepper to taste"
392,"3/4 cup shredded unsweetened coconut 3 large eggs 3/4 cup coconut milk 1 tablespoon fresh lime juice and zest 1 teaspoon coconut extract (or vanilla extract) 4 ounces unsalted butter, melted 2 cups all-purpose flour 2 teaspoons baking powder 1/2 teaspoon salt 3/4 cup granulated sugar 1/4 cup sifted powdered sugar 1 teaspoon lime juice 1 teaspoon water (or more for desired consistency)"
393,1-2 pounds chicken breast 1 onion medium 1/2 cup vegetable oil 4 tomatoes 1 tbsp garlic powder/salt 1 tbsp paprika 1 tbsp dried thyme 2 bay leaves 1 tbsp chicken bouillon 1 can coconut milk/cream 1 package coconut milk/cream powder 4 cups rice salt and pepper to taste 1 pound carrots and green beans
394,1 cup (236ml) warm water 2 cups (470ml) coconut milk 1/2-3/4 cup (100-175g) sugar 1-11/2 teaspoons (10g) salt 21/4 teaspoons (1 packet) active dry yeast 41/2 cups (540g) flour 1 cup (60g) coconut flakes oil for frying
395,10 ounces (284g) unsalted butter 3/4 cup (150g) granulated sugar 5 large eggs 2 cups (240g) all-purpose flour 2 teaspoons (9-10g) baking powder 1 14-ounce can (396g) sweetened condensed milk 1 teaspoon (5ml) vanilla extract 1 tablespoon (15ml) lime juice 1 teaspoon (203g) grated nutmeg optional optional 2-3 tablespoons (12g) lime zest
396,"one pound dried beans any variety (sub 3 16 ounce canned beans) one pound corn sweet boiled corn or any kind 1-2 cups smoked turkey , fish, chicken 2 medium tomatoes diced 1 1/2 teaspoons minced garlic 1 teaspoons grated ginger 1/2 medium onion diced 1/4 cup crayfish smoked/dried shrimp optional 1/2 - 3/4 cup palm oil 1 tablespoon smoked paprika salt and pepper to season 1-2 tablespoons chicken bouillon optional"
397,3 –3 1/2 pounds cow foot 1 pound yam or plantain 1 large onion diced 1/2 cup diced celery 2-3 green onion chopped 3 thyme sprigs 1 teaspoon white pepper 1 tablespoon smoked paprika 1 tablespoon minced garlic 1/2 -1 teaspoon cayenne pepper 8-12 ounce carrot sliced 1 tablespoon chopped parsley 1 scotch bonnet pepper optional salt and pepper to taste
398,6 ounces (170g) butter 11/2 tablespoons golden syrup or honey 1 teaspoon baking soda 1/2 cup (100g) granulated sugar 1/4 cup (50g) brown sugar 1/2-1 teaspoon salt 1 cup dried shredded coconut 1/3 cup sliced almonds 11/2 cups oats 11/4 cups flour 1 teaspoon cinnamon 1 teaspoon nutmeg
399,"21/2-3 pounds (1-2kg) goat meat, cut into small pieces salt and pepper to taste (see notes) 1 medium onion, chopped (half for cooking the goat and half for the stew) water, enough to cover the meat 1/4 cup (60ml) cooking oil 1 teaspoon (4-5g) minced ginger 1 teaspoon (5g) minced garlic 4 roma tomatoes, diced 3-4 teaspoons (7-10g) curry powder 1 teaspoon (2-3g) white pepper 1 teaspoon (3g) smoked paprika 1 teaspoon (8-9g) chopped fresh thyme 2 tablespoons (4g) parsley 2 green onions, sliced 1 scotch bonnet pepper (adjust to taste or replace with any hot pepper) 1 tablespoon (10g) maggie bouillon (optional)"
400,"2-3 pounds (907-1,360g) fish steak 1 teaspoon (2g) curry powder 1/2 teaspoon (1.40g) garlic, minced 1/2 teaspoon (1.5g) ginger, minced salt and pepper to taste 4 tablespoons (60ml) canola oil 1 medium onion, chopped 4 large cloves garlic, minced 1 teaspoon (2g) grated ginger 1 teaspoon (0.80g) fresh thyme, minced 2-3 tablespoons (12.5-20g) curry powder 1-2 bay leaves 1 tomato, diced 2 green onions, chopped 1/2 -1 cup (112-240ml) coconut milk 11/2 cups (350ml) water, or broth (more or less) hot peppers (habanero, scotch bonnet, or chili peppers) optional 3-4 leaves basil 1-2 teaspoon (2g) paprika 1/2 red bell pepper, diced (green or yellow bell peppers work too) 1-2 tablespoon (4-8g) parsley salt and pepper to taste"
401,"3-31/2 pounds (1.3-1.6kg) chicken, cut in pieces (or chicken thighs) 3 tablespoons (42g) spiced butter, or more (sub with cooking oil) 2-3 medium onions, sliced 1/4 cup (60ml) canola oil 2 tablespoons (2g) berbere spice 1 tablespoon (9g) garlic, minced 1/2 tablespoon (4.5g) ginger, minced 2-3 cups (473-709ml) water 1 tablespoon (14g) tomato paste 1/2 tablespoon (.5g) paprika 1 tablespoon (2g) dried basil, optional 4-6 large eggs, soft boiled and shells removed 1-2 lemons, freshly squeezed (adjust to taste) salt and pepper to taste"
402,3 cups (360g) all-purpose flour 1 teaspoon (4g) sugar 11/2 teaspoons (7-8g) salt 3 tablespoons (42g) ghee (clarified butter or oil) 11/4 cup (295ml) warm water
403,2 cups (240g) all-purpose flour (plus more as needed) 21/2 teaspoons (12g) baking powder 1/2 teaspoon (2-3g) salt 1/4-1/3 cup (50-60g) sugar 1/2 teaspoon (1g) ground cardamom (grind cardamom pods in a spice or coffee grinder for the best flavor) 1/2 teaspoon (1g) freshly grated nutmeg or ground cinnamon 2-3 tablespoons (10-15g) grated coconut or coconut flakes 1 large egg 3 tablespoons (42g) melted butter 1/2 cup (120ml) evaporated milk or coconut milk warm water as needed vegetable oil for deep-frying powdered sugar or cinnamon sugar to sprinkle (optional) caramel sauce (optional)
404,"1 cup dried fish 1/2 pound beef boiled (cut in bite size) , reserve about 1 ½ cup broth 2 cups ground egusi 1/3 ground cray fish 1 small scotch bonnet pepper minced or 1 teaspoon dried pepper 1-2 bouillon cube or maggie salt as needed"
406,"2-3 pounds (950-1,300g) chicken, cut into pieces (see notes) 1 tablespoon (6-7g) smoked paprika (optional) 1/2 large onion (the other half is for the soup) salt and pepper to taste 1/2 cup (120ml) oil (you can use as little as a tablespoon of oil) 1/2 large onion 2 tomatoes 3 cloves garlic (1 tablespoon minced garlic) 1/2 cup (15g) crayfish 2 cups (240-260g) ground egusi (see notes) 2 cups (60g) spinach (i used a 10-ounce package of frozen spinach) 1 cup (245g) shredded smoked fish (optional)"
407,"4 pounds cocoyam 4-5 bunch leafy greens cocoyam leaves, collard greens, spinach, romaine lettuce 1/2 pound boiled meat beef 1-2 cups dried fish 1/2 cup ground crayfish 1/2 medium onion chopped 1 1/2 -2 cups palm oil /red oil 1 tablespoon bouillon granules / maggie 1 tablespoon ground country onions optional 1 teaspoon white pepper 1 scotch bonnet pepper or any hot pepper optional 1 teapoons bitter leaf optional salt and pepper to taste"
408,"2 pounds (900g) meat (beef, tripe, cow skin, smoked turkey) salt to taste (½-1 teaspoon per pound of meat) 2 tablespoons (15-16g) maggi or bouillon powder 1/4 onion, chopped 11/2 pounds (750g) dried fish (or smoked turkey) 5-6 cups (125-180g) dried chopped ukazi, afang, or eru 2-3 cups (475-700ml) water 2 pounds (900g) frozen spinach, thawed 1/2 cup (25g) ground crayfish 1 cup (240ml) palm oil (please see notes) salt and pepper to taste 1 scotch bonnet pepper (optional)"
409,"1/2 cup (120ml) olive oil or canola oil 1 medium onion, chopped 2 cups (110-150g) sliced carrots (about 4 medium carrots) 1 pound (450g) potatoes, cut into chunks 1 large tomato, diced 2-3 teaspoons (10-15g) minced garlic 1 teaspoon (2g) cumin 11/2 teaspoons (3g) smoked paprika 1 teaspoon (2g) curry powder or turmeric 1/2 teaspoon (1g) cayenne pepper (more or less to taste) salt and pepper to taste 8 cups (600g) chopped cabbage (about ½ cabbage head) 1 bell pepper, chopped"
410,10 ounce collard greens/kale chopped 3 or more tablespoons niter ethiopian spiced butter or cooking oil 1 1/2 teaspoon minced ginger 2 teaspoon minced garlic 1 large white onion chopped 1 teaspoon smoke paprika 1/2 teaspoon cardamom spice 1 teaspoon coriander/cumin 1-2 fresh chili pepper or ½ teaspoon cayenne pepper or more 1 fresh lemon
411,"1-2 tablespoons (14-28g) spiced butter (or coconut oil) 1/4 cup (60ml) cooking oil 1 large onion, diced 11/2 tablespoons (14g) berbere spice 2 teaspoons (6g) garlic, minced 1/2 tablespoon (1g) fresh ginger, minced 1 teaspoon (2g) coriander or cumin 1-2 teaspoons (2-4g) smoked paprika 1 cup (200g) lentils, soaked for 2 hours 1 tablespoon (14g) tomato paste 2 cups (475ml) broth (beef, vegetable, chicken, or water) 2 tablespoons (8g) parsley, chopped (or cilantro) salt and pepper to taste"
412,"1 pound (450g) unsalted butter 1 small onion, chopped 3 tablespoons (45g) minced garlic 1 teaspoon (2g) cardamom (see notes) 1 teaspoon (4g) fenugreek seeds 1 teaspoon (3g) ground cumin 1-2 tablespoons (15-30g) minced ginger 1/4 teaspoon (1g) grated nutmeg 1 teaspoon (2g) dried oregano 1/2 teaspoon (1-2g) ground turmeric 5-6 basil leaves"
413,"2 large potatoes, peeled and chopped 8 ounces green beans, thawed and defrost 1 cup carrots, thawed and defrost 1/4 cup or more canola oil 1/2 medium onion, sliced 2 teaspoons minced or granulated garlic 1/2 jalapenos pepper, deseeded and diced 1 teaspoon grated ginger 1 teaspoon ground coriander spice 1 teaspoon smoked paprika 1/2 teaspoon curry powder or turmeric spice 1/2 teaspoon white or black pepper 1/2 teaspoon chili pepper optional 1 8-ounce canned diced tomatoes 1 teaspoon salt, plus more adjust to suit taste buds"
414,"2-3 fish about one pound or less fillet or whole small fish 1 large onion sliced 2-3 tomatoes sliced 2-3 teaspoon minced garlic 1 teaspoon ginger salt and pepper to taste 1 lemon herbs parsley, basil, thyme 1-2 teaspoon or more green seasoning optional chicken bouillon or maggie to taste optional"
415,"1 tablespoon (15ml) cooking oil 3-4 cloves garlic, minced 1 tablespoon (15g) grated fresh ginger 1 bay leaf 1 tablespoon (8-9g) smoked paprika 1 or more hot peppers, chopped or whole (scotch bonnet, habanero, serrano, etc.) 1/2 medium onion, diced 2 tablespoons (15-20g) or more diced celery 1 teaspoon (7-8g) white pepper 1-2 green onions, chopped (whites and green parts) 1-2 teaspoons (3-8g) bouillon powder ethnic spices (optional; see note) 2-21/2 pounds (900-1,200g) white firm-fleshed fish, cut into the desired size pieces 3-4 leaves basil, chopped salt to taste"
416,"11/2 pounds (680g) russet potatoes, peeled and cubed 1 teaspoon (7g) salt to season boiled potatoes 1-2 tablespoons (15-30ml) whole milk 4 tablespoons (56g) unsalted butter 1/3 cup (77g) sour cream salt and pepper to taste 2 cups (500ml) milk 11/2 pounds (680g) white fish cut into large cubes 1 tablespoon garlic minced 1 bay leaf 3 cloves (optional) 2 leeks, washed and chopped (or replace with green onions) 4 tablespoons melted butter, divided in half 1 tablespoon olive oil 3 tablespoons flour 1 cup grated cheddar cheese 2 ounces frozen peas 50 grams (2oz.) frozen corn 1 teaspoon bouillon powder salt and pepper to taste"
417,"21/4 teaspoons (1 packet) yeast 3/4 cup (175ml) warm water 21/2 cups (300g) all-purpose flour 1-2 cloves garlic, minced 1 teaspoon (1g) fresh thyme, minced 2 teaspoons (2-3g) sugar 1 teaspoon (5g) salt 1/4 cup (56g) ghee 1/4 cup (60g) plain yogurt"
418,3 medium bananas (or 2 large) ripe but firm 2 tablespoons sugar 1 teaspoon ground cinnamon ⅙ teaspoon ground nutmeg (optional) 2 tablespoons butter or coconut oil 1 tablespoon rum (optional) toasted coconut flakes (optional)
419,2-3 rip plantains vegetable oil as needed salt to taste
420,1 medium cassava tuber 2 fingers green plantain water (enough to just cover the cassava and plantain) 1 teaspoon salt (optional)
421,"2 pounds beef, cut into cubes (any cut will work) 1 ½-inch knob ginger 1 medium onion 3 cloves garlic 1 scotch bonnet (optional) 4 cups (950ml) water 1 tablespoon (10g) bouillon powder 1 teaspoon (6g) salt 1 teaspoon (2-3g) white or black pepper 2 bay leaves 1 large onion 6-8 large tomatoes 5 cloves garlic 1 1-inch knob ginger 3 red bell peppers 2 red habanero peppers (optional) 1/2 cup (120ml) cooking oil 1 medium onion, finely chopped 1 tablespoon (2-3g) fresh thyme, chopped 1/2 cup (240g) tomato paste 1/2 teaspoon (2-3g) paprika 1/4 teaspoon (.5g) ground anise seeds 1/4 teaspoon (.5-1g) ground nutmeg 1/4 teaspoon (.5-1g) curry powder 1/4 teaspoon (.5g) ground cloves 1/2 teaspoon (1.5g) black pepper 1 tablespoon (2g) mixed dried herbs 1 teaspoon (6g) salt 1 tablespoon (10g) bouillon powder 3 cups (588g) long-grain rice (thai jasmine or basmati) 2 cups (475ml) beef broth (reserved from cooking the beef) 1 cups (235ml) water"
422,"2 tablespoons (30ml) canola oil 1/2 medium onion, diced 1 cloves garlic, minced 2 large tomatoes, diced 2 green onions, chopped 1/4 teaspoon (1g) curry powder 1/2 teaspoon (1g) white pepper 2 teaspoons (4-5g) paprika 2 cups (285g) cooked corn 4 cups (684g) cooked beans (homemade or two 15-ounce cans, drained) 1-11/2 cups (236-355ml) water or low-sodium broth salt and pepper to taste chopped cilantro for garnish"
423,3 pound goat meat cut in pieces 1 chopped medium onion 4-5- garlic clove 2 tablespoon chopped ginger 1 tablespoon paprika 1 bay leaf 1- tablespoon maggi or bouillon granules 2 green onion chopped whites and green parts 1/4 cup basil 1/4 cup parsley 0-3 scotch bonnet or habanera pepper salt and white pepper to taste optional 1-2 tablespoon njansa 1 calabash pepper peeled 2 negro pepper 1/2 teaspoon grains of paradise 3-4 green plantains peeled and cut into 2-3 pieces
424,"1 cup green onions, chopped 2 cups parsley, chopped 1 cup celery leaves, chopped 1 cup fresh thyme 2 cups sweet basil, chopped 3 tablespoons rosemary 1 cup onion, chopped 1 teaspoon ginger, grated 1/2 cup garlic, chopped 1/2 tablespoon salt 1/2 tablespoon maggie powder, optional water or vegetable oil as needed"
425,"2 cups diced grill pineapple, about ½ pineapple 1/4 cup diced red onion 1 green onion, diced 1 15-ounce can black beans, drained 1 roma tomatoes, diced 1 clove garlic, minced 1 tablespoon chopped cilantro leaves 1/4 cup diced red bell pepper 1/2 jalapenos seeded and minced, optional 1- 3 tablespoons honey juice of lime salt and pepper to taste pinch of ground cumin, optional"
426,"white fish (sea bass red snapper, or tilapia 1-2 lemons salt and freshly ground black pepper 2 teaspoon whole white pepper 2 teaspoon whole black pepper 1-2 african nutmeg ehuru 7-10 garlic cloves 2 teaspoons anise seeds 1/2 inch ginger 1 teaspoon paprika 2 tablespoon chicken bouillon powder or cubes 1 piece 1/2 inch fresh ginger, peeled and thinly sliced 1/2 cup coarsely chopped basil parsley 1/4 cup onions or ¼ medium onion"
427,"1-11/2 pounds (450-700g) whole okra 1 teaspoon (3g) smoked paprika 1 teaspoon (5g) garlic powder 1 teaspoon (4g) onion powder 1/2 teaspoon (1g) thyme 2 tablespoons (30ml) extra virgin olive oil salt and pepper to taste (about ½ teaspoon of salt per pound of okra) 1 cup (224g) mayonnaise 11/2 teaspoons (15g) minced garlic 1/2 lemon, juiced 3 tablespoons (50g) mustard 1 teaspoon (5g) hot sauce (adjust to taste) 2 tablespoons (30g) sweet pickle relish 1 green onion, finely chopped 2 teaspoons (10ml) worcestershire sauce salt and pepper to taste"
428,2 ripe plantains 2 tablespoons (28g) melted coconut oil 2 tablespoons (42g) honey (more if desired) 1/4 cup (68g) peanut butter or almond butter
429,"2 cups peanuts, shelled 2/3 cup water 2/3 cup granulated sugar 1/3 cup brown sugar (or granulated sugar) 2 teaspoons ground cinnamon 1/2 teaspoons nutmeg, freshly grated 1/2 teaspoon vanilla extract (or 1 vanilla bean) 1/4 teaspoon cayenne pepper"
430,"3 cups (375g) peanuts, shelled with the skin 1-2 pounds (450-900g) stew beef (cut into cubes) 2 teaspoons (10-12g) salt (divided) 2 teaspoons (5g) white pepper (divided) 2 teaspoons (4g) paprika 2 teaspoons (5g) bouillon powder (divided) 2-3 tablespoons (30-45ml) oil 3 medium tomatoes, chopped 1 medium onion, chopped (divided) 4 cloves garlic 1 ½-inch knob (15g) ginger 3 tablespoons (10-12g) parsley, chopped"
431,10 corn on the cob water for soaking water for simmering sugar or milk to taste
432,"1 pound (450g) black-eyed peas 4 -5 thick slices bacon, chopped 2 cups chopped smoked turkey or smoked ham hock 1 large onion, diced (about 1½ cups ) 1 stalk celery, diced (about ½ cup) 1 tablespoon minced garlic 2 teaspoons (2g) fresh thyme, minced 1-2 bay leaves 6-7 cups (1.5-1.7l) chicken broth or water 2 teaspoons (8g) creole seasoning salt and pepper to taste 4 cups (200g) cooked rice for serving 1 green onions for garnishing"
433,1 cup (120g) corn flour or a fine cornmeal (not cornstarch) 1/2 cup (70g) sorghum or whole wheat flour 1 tablespoon (12g) sugar 1 tablespoon (9g) dry yeast 11/4 cups (295g) warm water 4 cups (480g) all-purpose flour 2 tablespoons (24g) baking powder 2 teaspoons (12g) salt 1/4 cup (50g) sugar (optional) 4 cups (944g) warm water
434,2-3 pound (900 g – 1.3 kls) sweet potatoes sub with regular potatoes(see notes) 2-3 tablespoons (28.4 g – 42.6 g) butter or canola oil 1 teaspoon (5 g) minced garlic 1/4 cup (40 g) diced onions 1/2 or more cup (87.5 g) blanched corn 1/2 or more cup (87.5 g) blanched peas 1/2 teaspoon (1.05 g) paprika 1 tablespoon (3.8 g) parsley 1/2 teaspoon (6.5 g) hot sauce chili or cayenne pepper optional salt to taste
435,1/2 pound meat 1 medium onion 1 tablespoon chicken bouillon 1 tablespoon garlic salt 1 teaspon paprika 2 tablespoon tomato paste 18 ounce canned tomatoes 3 cups water or stock 3 cups rice 1 pound peas and carrots salt and pepper to taste
436,"3-4 tablespoons (45-60ml) vegetable oil (feel free to reduce the amount of oil) 1 medium onion, diced (red or white) 2 teaspoons (2g) fresh thyme or 1 teaspoon (1g) dried thyme 1 tablespoon (15g) minced garlic or 2½ teaspoons (12g) garlic powder 3 cups (540g) long-grain rice, uncooked (i used basmati) 1 tablespoon (9g) paprika 2 teaspoons (5-6g) chicken bouillon salt and pepper to taste 1 14-ounce can tomato puree or sauce 4 cups (950ml) chicken broth or water 1 scotch bonnet pepper or ¾ teaspoon ground hot pepper (omit if cooking for kids) 1 pound (450g) vegetables (peas, carrots, green beans, corn, etc., optional) parsley for garnishing"
437,"2 tomatoes, diced 1/2 large red onion, diced 1-2 jalapeños, seeded and diced 1 medium cucumber, diced 1-2 cloves garlic, minced 1 lime, juiced fresh cilantro or parsley, chopped salt and black pepper to taste 2 optional beefsteak tomatoes, thickly sliced 1-2 optional avocados, mashed (add a squeeze of lime or lemon juice to retain color) 1 clove garlic, minced 1/4 cup (60ml) olive oil 2 tablespoons (30ml) lemon juice, freshly squeezed 2 tablespoons (30ml) balsamic vinegar 1 tablespoons (15ml) honey 2 tablespoons fresh parsley and basil, chopped salt and freshly ground black pepper to taste"
438,"2 cups roasted peanuts shells and skin peeled lightly chopped 1/2 cup coconut milk water 1/2 cup coconut flakes optional 1/2 teaspoon of each cardamom, cinnamon, nutmeg spice 1 3/4 cup sugar 1/2 teaspoon salt"
439,"1 whole chicken 4 to 5 pounds skin on, cut into medium pieces 2 medium onions 2 green onion 1 fresh red or green peppers 4 to matoes 1 tablespoon ginger paste 1 tablespoon garlic puree 1 fresh sprig thyme 1 bay leaf 1 teaspoon smoked paprika 1/2 tablespoon chicken bouillon or more optional 1 whole habenero pepper optional salt and pepper to taste"
440,"4-6 ripe plantains with little black spots 1/4 onion, cut into chunks 1/2-1 tablespoon (7-15g) chopped ginger 1-2 cloves garlic 1 teaspoon (1-2g) cayenne or chili pepper 1 teaspoon (5ml) lemon juice 1/2 teaspoon (1-2g) ground nutmeg 1 teaspoon (6g) salt 1 teaspoon (3-4g) bouillon powder or a maggie cube (optional) oil for deep frying"
441,2 cups (280-300g) skinless black-eyed peas 1/2 medium onion 1/2 scotch bonnet or habanero pepper (optional) 1 cup (236ml) palm oil (see notes) 31/2 cups (826ml) water 3 cups (90-100g) chopped fresh spinach 2 maggie cubes or 2 teaspoons (7g) bouillon powder 3 teaspoons (15-20g) salt or more to taste
442,"2-3 pounds (1-1.5kg) stew meat, cut up (beef, oxtail, goat meat, chicken, pork, etc.) salt (¾-1 teaspoon per pound of meat) 1 large onion, coarsely chopped (white or yellow) 3-4 pounds (1.5-2kg) green plantains 10 njansa 3 large tomatoes 1/4 cup (15g) parsley 1/2 cup (24g) basil 1/4 cup (15g) celery leaves 2 teaspoons (10g) grated ginger 8 cloves garlic 2 green onions 1 teaspoon (2-3g) white pepper 1/2 teaspoon (1-2g) curry powder 1 tablespoon (6g) thyme 2 pebe (optional) 1/2 teaspoon (1g) country onion seeds (optional) 2-4 tablespoons (30-60ml) vegetable oil 1 tablespoon (10g bouillon powder or 2 maggi cubes salt to taste"
443,3 pounds cocoyam peeled and cleaned 4 -5 cups fresh spinach chopped 1 cup red oil or more adjust according to preference 1/2 cup crayfish 1- 1 1/2 cup smoked fish 1– 1 1/2 cup smoked turkey cut in bite size pieces 2 teaspoons salt adjust to taste 1 scotch bonnet pierced 1 teaspoon bouillon powder or maggie 1/2 teaspoon country onion spice optional
444,"3-4 pounds (1.5-2kg) chicken thighs, skin on salt to taste 11/2-2 teaspoons (4-6g) creole seasoning, adjust to taste 2-3 tablespoons (30-45ml) canola oil 1 onion, sliced 3 cloves garlic, minced 1 bay leaf 2 teaspoons (6g) chicken bouillon powder (optional) 2 tablespoons (30g) mustard 1-2 lemons, juiced 2 cups (473ml) chicken broth (or water) 1 tablespoon (9g) pepper flakes, or more to taste (optional)"
445,"3-4 tablespoons (42-56ml) cooking oil 2 medium onion, diced (about 1¾ cups) 2 stalks celery, diced (about 1 cup) 4 cloves garlic, minced 1/2 tablespoon (4g) minced ginger 11/2 teaspoons (3g) cumin 2-3 teaspoons (4-6g) smoked paprika 1 pound (450g) lentils, soaked for 2 hours 1 14.5-ounce can (425g) diced tomatoes 2 green onions, chopped 1 teaspoon (2g) white pepper 2-3 large carrots, chopped (about 1½ cups) 1/2 teaspoon (1g) cayenne pepper (optional) 6 cups (1.5l) or more vegetable broth (sub with chicken broth or water) 2 tablespoons (8g) or more chopped parsley or cilantro salt and pepper to taste"
446,"2-3 pounds (900-1,400g) chicken, cut up salt and pepper to taste 1/2 teaspoon (1g) paprika 1 tablespoon (10g) chicken bouillon (optional) 2 medium onions, chopped (one for the broth and one for the sauce) 2-3 fresh tomatoes (see notes) 2-3 large red bell peppers 1 green bell pepper 5 cloves garlic 1/2 teaspoon (﹤1g) ginger, chopped 1 or more scotch bonnet or habanero pepper 1/4 cup (12-15g) fresh herbs (i used basil and parsley) 1/2 teaspoon (1g) cayenne pepper 1-2 tablespoons (14-28g) tomato paste 2-3 tablespoons (30-45ml) cooking oil (vegetable, canola, corn) 11/2-2 pounds (680-900g) fried fish steaks (any firm fish, but i love thesecatfish nuggets) 1 pound (450g) large shrimp, cleaned and deveined"
447,"1-2 pounds (450-900g) beef or chicken 1/4 cup (60ml) oil or more 1 teaspoon (2-3g) smoked paprika 1/2 teaspoon (1-2g) white pepper 2 fresh tomatoes, chopped 1 medium onion, chopped and divided 3-4 cloves garlic 2-3 tablespoons (8-12g) parsley 1/2 cup (64g) ground peanuts or peanut butter powder 3-4 cups (700-840ml) broth chicken or beef (reserved from boiling) 1 pound (450g) vegetables or more (potatoes, sweet potatoes, carrots, etc.) 1 whole scotch bonnet, habanero or ½ teaspoon cayenne (optional) salt and pepper to taste"
448,4 large eggs 3 teaspoons grated orange zest 11/2 cups (300g) sugar 3/4 cup (180g) unsalted butter at room temperature 1/2 cup (120ml) apricot jam 2 cups (240g) all-purpose flour 2 teaspoons (10g) baking soda 1 teaspoon (7g) salt 1 teaspoon (5ml) vinegar 11/2 cups (360ml) milk 2 cups (240ml) evaporated milk 1/2 cup (100g) granulated sugar 1/2 cup (105g) brown sugar 1 cup (240g) butter 1 teaspoon (5ml) almond extract 1 tablespoon (15ml) vanilla extract
449,1/4 cup (60ml) warm water 1/2 cup (120g) coconut milk (canned or fresh) 2 teaspoons (6g) active dry yeast 1/4-1/2 cup (50-100g) sugar 1 teaspoon (6g) salt 1 large egg 3 cups (360g) all-purpose flour (plus more for kneading) 3 tablespoons (15-16g) grated coconut (fresh or dried) 1 teaspoon (2g) crushed cardamom 1/2 teaspoon (1g) grated nutmeg or ground cinnamon vegetable oil for frying
450,"2 cups (330g) mango, chopped 1/2 cup (120ml) lemon juice 2 tablespoon (60ml) lime juice 3/4 cup (150g) sugar replace with honey, or any sweetener 2 cups (474ml) cold water or more 2 mint leaves (optional) moscato wine or rum (optional)"
451,"2-3 large cloves garlic, minced 1 teaspoon (2-3g) paprika 1 teaspoon (3g) cumin 2 -3 tablespoons (30-45g) olive oil 2 teaspoons (10ml) freshly-squeezed lemon juice 2 teaspoons (14g) honey 1/2 teaspoon (1g) cayenne 1/2 teaspoon (3g) salt (adjust to taste) 1-11/2 pounds (450-680g) large shrimp 1-2 tablespoons (4-8g) parsley (optional)"
452,"1 pound (450g) sweet potatoes 2 heads garlic 2 teaspoons (10ml) canola oil or olive oil 1 medium avocado 1/3 cup sliced onions 1/2 lemon, juiced salt and pepper to taste fresh parsley or herb of your choice"
453,1 can concentrated palm nut pulp (or 1 kg of fresh palm nuts) 2 pounds stew meat water (adjust to desired consistency) 1 teaspoon salt 1/2 teaspoon black pepper 1/2 teaspoon paprika 1 teaspoon minced garlic 1/4 cup chopped onions 1/2 pound smoked fish 1/2 cup dried crayfish 1 tablespoon beef bouillon 1 cup chopped spinach salt and pepper to taste
454,3 pounds (1.5kg) white fish cut into steaks 10 njansa 1/2 large onion 4 large tomatoes 1/4 cup (15-16g) parsley 1/2 cup (12-15g) basil 4 cloves garlic 2 green onions 1/4-1/2 cup (60-118ml) vegetable oil 4-6 tablespoons (48-72g) mbongo spice (about half a 4-ounce jar of the ready-made spice mix) 1 tablespoon (10-12g) bouillon powder or 2 maggi cubes salt to taste
455,2-3 pounds fish steaks 2 tablespoons njangsa spice 1 country onion spice 1 african nutmeg ehuru spice 1/3 green pepper 1/2 medium onions 2-3 tablespoons palm oil 1 tablespoon/1 large cube bouillon powder or maggi powder 1 habanero pepper adjust to taste. 2 cups or more water
456,"2-3 fresh corn, about 2 cups 1 cup (130g) all-purpose flour 3/4 cup (95g) cornmeal 2 teaspoons baking powder 1/2 teaspoon baking soda 2-3 tablespoons sugar 1 teaspoon smoked paprika, optional 3/4 teaspoon salt 1/2 cup (115g) sour cream 1/2 cup (120ml) milk 2 large eggs 4 tablespoons (57g) unsalted butter, melted 2 teaspoons fresh basil, chopped"
457,"1 1/2 cups (188 grams) all-purpose flour 1/3 cup (35grams ) confectioner’s sugar powdered sugar 1/4 teaspoon salt 9 tablespoons (125grams) unsalted butter(cold or frozen) , cut into small pieces 1 large egg yolk 2 1/4 ( 496 ml) cups milk 2 tablespoon (28grams) butter 2 tablespoons (20 grams) flour 3-4 tablespoons (23- 30grams) cornstarch 1/2 cup (100grams) sugar 2 large eggs 2 teaspoons vanilla extract 1/2 teaspoon almond extract (optional) 1/2 teaspoon cinnamon 1/2 teaspoon nutmeg or replace with cinnamon"
458,"1-2 tablespoons (15-30ml) canola oil 1 medium onion, chopped 1 tablespoon (15g) minced garlic 1 teaspoon (5g) freshly grated ginger 1 tablespoon (7-8g) curry powder 1/2 teaspoon (1-2g) paprika 1-2 whole chili peppers 1 pound (450g) ground beef or minced beef 2-3 tomatoes, diced 2 cups (500g) diced potatoes 1/2 teaspoon (1-2g) cayenne pepper (optional) 1/2 teaspoon (1-2g) white pepper 1 cup (260g) peas, thawed if frozen 2-3 tablespoons (8-12g) parsley, cilantro, or sliced green onions salt to taste 11/2-2 cups (350-470ml) water (more or less for desired consistency)"
459,"2 cups (520g) black-eyed peas 1/2 cup (55g) chopped onion 2 red bell peppers 2 habanero peppers (to taste) 3 cups (710ml) water or low-sodium stock 11/2 teaspoons (8g) salt (adjust to taste) 1 teaspoon (3-4g) bouillon powder (or sub with salt) 1/2 teaspoon (1-2g) white pepper 1 tablespoon (8-9g) paprika 1 cup (236ml) canola oil 1/4 cup (15g) ground crayfish (optional) 2 cups (490g) smoked fish 3 boiled eggs, halved or quartered"
460,"21/2-3 pounds (1.2-1.5kg) chicken, cut into 8 pieces or 8 chicken legs 1 lemon or lime salt to taste 1/2 teaspoon (2.5g) coarsely ground white pepper 1/2 onion, sliced 6 cloves garlic, chopped 6 leaves basil 2 tablespoons (10g) oregano 1/2 red bell pepper 1 tablespoon (15g) peri peri sauce or more to taste 1/4 cup (60ml) olive oil"
461,"3 – 3 1/2 pound chicken cut in pieces juice ½ lemon optional 1 teaspoon white pepper 1 teaspoon minced garlic 1/2 teaspoon dried thyme 1 teaspoon salt 1/2 teaspoon smoked paprika 1/2 teaspoon chicken bouillon powder 1/4 cup canola oil 1/4 cup palm oil 4-5 garlic minced 2-3 onions sliced 2 tomatoes diced 1 teaspoon white pepper 1 teaspoon smoked paprika whole hot pepper pierced chili, scotch bonnet 1/2 -1 pound butternut squash cut into large cubes 18-20 okra sliced in half 2 cups or more chicken broth or water salt to taste"
462,"4-5 slices thick-cut bacon, diced 1-2 tablespoons (14-28g) butter or oil 3 cups (375g) mushroom (about 10 ounces) 1 medium onion, diced 2-3 cloves garlic, minced 1/2-1 tablespoon (8-15g) diced jalapenos 2 teaspoons (2g) fresh thyme 1 tablespoon (6g) smoked paprika 2 teaspoons (8g) salt-free creole seasoning 4 cups (940ml) water or vegetable or chicken broth 2 cups (420g) washed long-grain rice (i use basmati) salt to taste 1 -2 green onions"
463,2 tablespoons maggi ( bouillon) 1 large onion ( sliced) 1 pound (about 2 cups )groundnuts/peanuts(skinless) 1/2 pound shrimp 1/2 pound stockfish 1/2- 1 pound stew beef (cut in chunks 4-5 garlic cloves 3/4 cup crayfish (ground) 3/4 -1 pound washed bitterleaves (sub frozen spinach) 2-3 cups oil
464,3 cups all-purpose flour 2 1/2 teaspoon baking powder 3/4 cup granulated sugar 1/2 teaspoon salt 1 teaspoon grated lime 1 teaspoon grated nutmeg 3/4 cup milk whole or 2% 4 large eggs 2- teaspoon vanilla 1/4 cup melted butter or vegetable oil oil for deep-frying 1/2-3/4 cup coconut flakes optional
465,"6 cups cooked rice i used basmati 1/4- 1/2 cup canola oil 1 medium onion sliced 2 teaspoons minced garlic 1/2- pound liver cut bite size 1 pound large shrimp peeled and deveined 1 teaspoon pepper sauce chili sauce 1/2 teaspoon thyme 1 teaspoon white pepper 1 teaspoon curry powder 1-2 teaspoon maggie powder or chicken bouillon optional 1 tablespoon maggie liquid or soy sauce optional salt to taste 12-16 oz vegetables peas, carrots, green beans"
466,"1 medium onion 4 large tomatoes 3 cloves garlic 1 1-inch knob ginger 2 red bell peppers 2 red habanero peppers (optional) 1/3 cup (75-80ml) cooking oil (see notes) 1 medium onion, finely chopped 1 tablespoon (2-3g) fresh thyme, chopped (or 1 teaspoon dried thyme) 1/2 cup (132g) tomato paste 1/4 teaspoon (.5-1g) curry powder 1/2 teaspoon (1-2g) black pepper 1 teaspoon (5-6g) salt 1 tablespoon (15g) bouillon powder 2 bay leaves 3 cups (550g) long-grain parboiled rice (thai jasmine and basmati work well) 2 cups (475ml) beef broth, vegetable broth, or chicken broth 11/2 cups (350ml) water"
467,"1 medium onion sliced 5-6 fresh tomatoes chopped 1/2 teaspoon cayenne pepper 5 pounds nightshade kale, water crest or 3 pounds frozen kale or spinach. 1/2 -1 cup canola oil palm oil salt and pepper to taste 1- teaspoon paprika 1/2 pound chopped smoked turkey/fish 1- teaspoon paprika optional 1- tablespoon bouillon powder or maggie cube optional 1-2 scotch bonnet or habanera pepper 1 pound finely ground corn flour 4-5 cups water. 2 teaspoon salt optional"
468,"3 cups (360g) self-rising flour (see notes) 1/2 cup (100g) sugar 1/2 cup (118ml) beer (i used heineken, but use what you have.) 1 large egg 11/4 cup (295ml) water 1/2 teaspoon (1g) nutmeg (optional) oil for deep frying"
469,"1-2 pounds meat, oxtail, stew beef, tripe, and kpomo (cow skin) 1 cup smoked fish, shredded 1 cup onion, diced 1/2 cup ground crayfish 1 tablespoon chicken bouillon, adjust to tastes 3 cups greens, chopped (spinach, collards, kale, callaloo-african greens) 1/4-1/3 cup palm oil 1 tablespoon red pepper flakes 1/2 cup ground egusi, optional 1/2 cup ground ogbono salt and pepper, to taste"
470,"1 pound (450g) fresh okra, trimmed and sliced into ½-inch rounds 1 teaspoon (5-6g) salt (divided) 3-4 slices bacon, diced 1 medium onion, finely chopped 3 cloves garlic, minced 1/2 teaspoon (1g) paprika 1/2 teaspoon (<1g) dried thyme (or 1 teaspoon fresh thyme) 1/4 teaspoon (<1g) cayenne pepper (adjust to taste) 2 cups (360-400g) fresh tomatoes, chopped (or one 14.5-ounce can of diced tomatoes) 1/2 cup (120ml) vegetable broth or water 1/2 teaspoon (4g) sugar (optional) 1 tablespoon (15ml) worcestershire sauce salt and pepper to taste 1 tablespoon (4g) fresh parsley chopped for garnish (optional)"
471,"1 pound (450g) okra fresh or frozen 1/2 pound (225g) oxtail 1/2 pound (225g) shrimp 1/2 cup (25g) chopped onions 1/2 cup (23g) ground crayfish 1 tablespoon (36g) beef or chicken bouillon 3 cups (90g) spinach, chopped 1 tablespoon (7g) smoked paprika 1 tablespoon (5g) red pepper flakes 1/2 cup ground egusi (optional) salt and pepper to taste"
472,"1 pound (454 g) okra, fresh or frozen 1 pound (454 g) chicken thighs or breast, cut into 1-inch cubes 1 teaspoon (5.69 g) salt 1 teaspoon (2.33 g) pepper 1 teaspoon (4 g) creole seasoning 1/2 cup (125 ml) canola oil 1 large onion, chopped 1 tablespoon (18 g) garlic, minced 1 teaspoon (2 g) ground ginger 2 cup (400 g) tomatoes, diced 1 teaspoon (2.30 g) smoked paprika 2 tablespoon (28 g) tomato paste 1 tablespoon bouillon powder 1 cup (225 ml) chicken stock salt and pepper, to taste"
473,1 cup mashed pumpkin or puree 1 cup flour 2 teaspoons baking powder 2- tablespoon sugar 1/4 cup milk 1/2 teaspoon cinnamon 1/2 teaspoon nutmeg 1/4 teaspoon all spice 1/4 teaspoon salt 1 large egg oil for deep-frying caramel glaze 1 cup sugar 3 tablespoons water 3/4 cup heavy cream 1 tablespoon unsalted butter 1 tablespoon light corn syrup
474,"2 cups (240g) flour 1/2-2/3 cup (100-130g) sugar 1/4-1/2 teaspoon (1g) nutmeg 3/4 teaspoon (4-5g) salt 6 eggs 11/2 cups (354ml) milk 1/4 cup (60g) melted butter 1 teaspoon (5ml) vanilla extract 2 tablespoons (30ml) oil, optional (as needed to grease the pan)"
475,"3 -3 1/2 pound chicken drumsticks 1 1/4 teaspoons salt 1 teaspoon white pepper 1 teaspoon bouillon powder (you may replace with salt) 1/4 cup canola oil 4-6 garlic cloves minced 2-3 tablespoons fresh herbs (thyme, parsley, oregano) 1 tablespoon smoked paprika 1/2 teaspoon cayenne pepper (optional) 2 tablespoons onion powder"
476,"4 pounds (2kg) meat, cut into chunks (oxtail and pork were my choice) salt to taste 1 teaspoon (5g) minced garlic 1 teaspoon (2g) thyme 1 teaspoon (3g) white pepper 1/2 medium onion, chopped (about 1 cup) 1 teaspoon (3-4g) bouillon powder 1-2 tablespoons (17-35g) brown sugar 2-3 cloves garlic, minced 1 medium onion, chopped 2 green onions, diced 2 teaspoons (2g) fresh thyme, minced 1 scotch bonnet pepper 3/4-1 cup (175-236ml) cassareep 3 cups (700ml) water, more or less as needed 1 cinnamon stick, split in half salt and pepper to taste"
477,"2-3 pound boneless skinless chicken thigh trimmed salt and pepper to taste 1- teaspoon chicken bouillon optional 1/4 cup olive oil or more 1/4 cup chopped onions 1/4 medium red pepper 1 fresh jalapeno peppers coarsely chopped, seeds removed 1 fresh chili pepper or more coarsely chopped adjust to taste more or less 1 teaspoon smoked paprika 3-4 garlic cloves juice of i medium sized lemon adjust to taste 4-6 large basil leaves 2-3 tablespoons fresh oregano 1/2 cup coconut milk optional"
478,"21/2-3 pounds (1-1.5kg) chicken thighs (5-6 thighs) salt and pepper to taste (see notes) 2 teaspoons (4-5g) onion powder 1 teaspoon (2g) dried thyme 1 teaspoon (2g) dried oregano 1 teaspoon (3-4g) garlic powder 1 teaspoon (3g) smoked paprika 1/2 teaspoon (1-2g) white pepper 1/2 teaspoon (2g) bouillon powder or salt 1 tablespoon (15ml) cooking oil 2 cups (500g) chopped pineapple (fresh or canned, drained) 2 teaspoons (10g) minced garlic 1/4 cup (25g) minced onion 1 teaspoon (3g) smoked paprika 1/2 teaspoon (3g) sriracha or hot sauce (optional) 2 cups (470ml) pineapple juice 1 tablespoon (21g) honey 1 sprig thyme 1/2 teaspoon (1-2g) freshly ground black pepper (or more to taste)"
479,1 pound 453.6 grams carrots sliced 1 tablespoon butter 1 tablespoon coconut oil 1 teaspoon minced ginger 1/2 cup pineapple juice 1/2 tablespoon sweetener 1/4 -1/2 teaspoon nutmeg 1 tablespoon apricot preserve optional
480,"1 pineapple, peeled, cored, and coarsely chopped 1 2-inch knob ginger, peeled and diced (2 ounces or 60 grams) 1 lime, juiced 1 cup (236ml) simple syrup (optional) 5-6 cups (1-1½l) water ice as needed"
481,"1/2 medium red pepper 2-3 fresh jalapeno peppers, coarsely chopped, seeds removed 6 fresh chili pepper, coarsely chopped 5-6 cloves garlic 4 large basil leaves 1-2 tablespoons fresh oregano 1/4 cup (40g) onions, chopped 1 cup (240ml) olive oil 1 tablespoon (7g) smoked paprika lemon juice to taste 11/2 teaspoons salt to taste 1 teaspoon (3g) freshly ground black pepper 1/4 cup (60ml) dark vinegar (optional)"
482,"2 green (unripe) plantains 1 teaspoon (2-3g) paprika salt and pepper to taste 1 large mango, peeled and diced 1/4 cup (60g) diced red onion 1 medium avocado, diced 1 tomato, diced 1/2 jalapeño, seeded and diced 2 tablespoon (30ml) lime juice, freshly squeezed 1 tablespoon (15ml) olive oil salt and pepper to taste"
483,2-3 green plantains per cup of flour
484,"1 cup (210g) or more brown rice (rice, oatmeal, and whole wheat flour also work) 3 large overly ripe plantains or bananas 2 teaspoons (8g) baking powder 3/4 teaspoon (4-5g) salt (adjust to preference) 1 teaspoon (5g) minced garlic 1/2 teaspoon (2-3g) grated fresh ginger 1/2-1 teaspoon (1-2g) cayenne pepper or pepper sauce (depending on your tolerance level) 1/8 cup (12g) finely chopped onions (about 2 tablespoons) 2 tablespoons (12-13g) green onions, finely chopped 1 tablespoon (3-4g) chopped fresh parsley cooking oil for frying"
485,2 medium overripe plantains (1 cup puree) 11/2 cups (180g) flour 2/3 cup (158ml) milk 3/4 cup (177ml) water (add more if the batter is too thick) 1/4 cup (50g) sugar (adjust to taste) 5 eggs 1/3 cup (75g) melted butter 1 teaspoon (5ml) vanilla extract 1/2-1 teaspoon (1-3g) nutmeg cooking spray
486,"1-2 green plantains 2 cups (475ml) water, plus more as needed 2-3 cups (475-700ml) coconut milk (drinkable carton variety) 1/2 cup (127g) evaporated milk (optional) 1/2 cinnamon stick 1/2 teaspoon (3g) salt, adjust to taste 1 teaspoon (5ml) vanilla extract 1/2 teaspoon (1-2g) nutmeg, adjust to taste 1/2 cup (150g) sweetened condensed milk (or to taste) optional sweeteners: brown sugar, cane sugar, maple syrup, honey, etc."
487,2-3 pound of yam sub potatoes 1 1/2 - 21/2 pounds chicken cut in chunks 1/4 cup or more canola or vegetable oil 3 fresh tomatoes 1/2 medium onion 3 garlic cloves 1 teaspoon creole seasoning spice 1/2 teaspoon white pepper 1 tablespoon smoked paprika optional 1 habanero pepper or scotch bonnet optional 3-4 cups ( fresh leafy greens 1/4 cup ground cray fish 2 tablespoons palm oil 1/2 tablespoon or more chicken bouillon powder
488,"1 whole chicken (3½-4 pounds, skin on and cut into small chunks) 1 tablespoon (18g) salt 11/2 tablespoons (10-11g) pepper 1/2 cup (118ml) oil (less oil is fine) 1 large onion, chopped 11/2 cups (90g) fresh parsley, chopped 11/2 cups (180g) celery, chopped 1 tomato, chopped 1 bulb garlic, peeled 2 tablespoons (20g) maggie or chicken bouillon 1/2 cup (118ml) water if needed 1 pound (450g) carrots, cut into ½ inch slices (frozen is fine) 1 pound (450g) green beans, cut (i used frozen) 2-3 green bell peppers 5-6 medium ripe plantains oil for deep frying the plantains"
489,2-3 pounds (907-1360g) ghana yams water
490,21/4 teaspoons (7g) active dry yeast (1 packet) 1/2-3/4 cup (100-150g) sugar 1/2 tablespoon (8-9g) salt 2 cups (472ml) warm water (+1-2 tablespoons for softer puffs) 31/2 cups (420g) flour vegetable oil for deep frying
491,"8 ounces (225g) groundnuts or skinless peanuts (about 1 cup) 1 pound (450g) fresh pumpkin leaves or spinach (or more) boiling and ice water for blanching 3/4 pound (350g) assorted meat (beef, smoked turkey, etc.) 1/4 pound (120g) stockfish (see notes) 1 medium onion, coarsely chopped (for the broth) salt to taste 1 tablespoon (15ml) cooking oil 1 large onion, sliced and divided 4 cloves garlic 2 tomatoes, chopped 1/2 cup (31g) ground crayfish 1 tablespoon (15g) maggi or bouillon (optional) salt and pepper to taste"
492,"1 pound (450g) black-eyed peas (four 14.5-ounce cans) 1/4-1/2 cup (60-120ml) palm oil or canola oil (see notes) 1 medium onion, diced 1 tablespoon (15 grams) grated ginger 1/2 tablespoon (7-8g) minced garlic 2 tomatoes, diced 2 tablespoons (30g) tomato paste 1 tablespoon (9g) smoked paprika 1/3 cup (15g) dried crayfish (optional) 2-3 cups (470-700ml) stock or water 1 tablespoon (10g) bouillon powder (beef, chicken, or vegetable－optional) 2-3 green onions, chopped salt and pepper to taste 1 habanero pepper or hot sauce (optional)"
493,3 cups all purpose flour plus more as needed 1-2 tablespoon granulated sugar 1 1/2 teaspoon salt 3- tablespoon ghee clarified butter or oil 1 1/4 cup warm water 1/2 -3/4 pound potatoes cubed and boiled 1 1/2 cup frozen peas thawed 1/2 large onion chopped 1/2 teaspoon pepper sauce or chili sauce 3 tablespoons oil 1 teaspoon ginger grated 1 teaspoon minced garlic 1 teaspoon curry powder 2-3 tablespoon parsley or cilantro 1/4 teaspoon cayenne pepper 1/2 teaspoon smoked paprika
494,"1 mature coconut 2 cups (390g) rice, i used basmati 2 cups (475ml) coconut milk (homemade or a 14-ounce can) 2 cups (475ml) water 1-11/2 teaspoon (5-8g) salt"
495,"2 pounds meat goat or beef shank 1 medium onion, chopped 4 pounds green plantains 1/2 cup crayfish 1/2 cup palm oil 2 cubes maggie (1 tablespoon bouillon) 1 dash cayenne pepper, optional 1 bunch kale, chopped salt and pepper to taste"
496,1 cup (60g) unsweetened coconut flakes (or unsweetened shredded coconut) 2 large egg yolks 1/4 cup (50g) sugar 1 vanilla bean or ¼ teaspoon (<1g) of ground nutmeg 1/2 cup (60g) all-purpose flour or self-rising flour
497,"4-5 slices bacon, chopped 1 large onion, diced 1 stalk celery, diced 2-3 teaspoon garlic, minced 2 teaspoon fresh thyme, minced 1 pound (453g) black-eyed peas, dried (sorted and rinsed) 1 cup (160g) smoked sausage, diced 1 bay leaf 7 cups chicken broth 1-2 teaspoon creole seasoning 1 teaspoon paprika (optional) 1 tablespoon bouillon powder salt and pepper to taste"
498,"2-3 pounds (1-1.5k) oxtails, cut into medium pieces salt and pepper to taste 2-3 tablespoons (30-45ml) cooking oil 1 onion, chopped 2 green onions, chopped 1 tablespoon (15g) garlic, minced 2 teaspoons (2g) fresh thyme, chopped 5-6 whole allspice berries 1 tablespoon (15ml) worcestershire sauce 1 teaspoon (2.5g) smoked paprika 1 whole scotch bonnet pepper 1 tablespoon (15ml) ketchup (or tomato paste) 1 tablespoon (35g) bouillon powder or cube (optional) 1 teaspoon (3g) curry (or more according to preference) 1 pound (450g) carrots 1 15-ounce can cannellini beans, drained and rinsed 2 large potatoes, cut into chunks 4-5 cups (950-1,180ml) water"
499,"1/2 cup (120 ml) warm water 2 teaspoon active dry yeast evaporated milk (5 ounce , 147ml can) or ¾ cup canned coconut milk 1 large egg 1/2 cup , (100 g) sugar 1 teaspoon salt 3 1/2 – 4 cups all purpose flour (435- 500 grams) 1/4 cup grated coconut or coconut flakes 1 teaspoon crushed cardamom spice 1 teaspoon grated nutmeg or cinnamon powdered sugar or cinnamon sugar to sprinkle vegetable oil for deep frying"
500,"2 cups (480ml) water 1 cup (200g) sugar 1/4 cup (60g) chopped ginger 2 cups (300g) dried red sorrel calyces 8-10 allspice berries, cracked 1 lime, chopped 1 cinnamon stick 10 cups (2.4l) hot water or more to taste 1 orange, sliced (optional) rum to taste (optional)"
501,"2-3 tablespoons (28-45ml) cooking oil (or butter) 1 medium onion, chopped 2 teaspoons garlic, minced (about 1 clove) 1 teaspoon (8.5g) ginger, minced 1 teaspoon (8.5g) smoked paprika 1/4 teaspoon (2g) curry powder 1/2 teaspoon (4g) white pepper 2 cups (400g) white rice 1-11/2 teaspoon (8-12g) turmeric powder 4 cups (945ml) chicken stock (or water) 11/2 teaspoon (12g) salt (adjust to taste) 1/2 teaspoon (4g) cayenne pepper (optional) 1 cup (140g) peas, defrosted (or more) black pepper to taste 2-3 tablespoons (28-45ml) cooking oil (or butter) 2 cups (400g) white rice 1-2 tablespoons (12.5-25g) brown sugar 11/2 teaspoon (12g) turmeric 1/2 teaspoon (4g) ginger 1/4 teaspoon (2g) curry powder optional 4 cups (945ml) chicken stock (or water) 11/2 teaspoon (12g) salt (adjust to taste) 1/2 cup (80g) raisins"
502,2 cups brown rice 2 -3 tablespoons cooking oil 1 medium onion chopped 1-2 teaspoon minced garlic 1/4 cup fresh parsley chopped 6-8 cups fresh spinach 1/2 teaspoon smoked paprika 1/4 teaspoon curry powder optional 4 cups chicken stock or water 1 1/2 teaspoon salt or more adjust to taste black pepper to taste
503,"1-2 tablespoons (15-30ml) canola oil 1/2 pound (250g) shrimp, peeled and deveined salt and pepper to taste (i used ½ a teaspoon of salt to begin with) 1/2-1 teaspoon (2-4g) salt-free creole seasoning or your favorite spice mix (adjust to taste) 1/2 pound (250g) chopped smoked turkey 1 medium onion, sliced 2 teaspoons (9-10g) minced garlic 1-2 teaspoons (2-4g) thyme (optional) 1/2-1 teaspoon (2-3g) cayenne pepper or a whole scotch bonnet pepper 1 teaspoon (3g) paprika 1 teaspoon (3-4g) bouillon powder or maggie (optional) 4-5 tomatoes, chopped 3 pounds (1.5kg) frozen spinach, thawed and drained"
504,"2-3 ripe plantains 2 tablespoons (30ml) canola oil 1/2 pound (230g) ground meat (beef, pork, or lamb) 1/2 medium onion, chopped 1 teaspoon (3g) minced garlic 1/2 cup (120ml) tomato sauce 1 tablespoon (6g) smoked paprika 1 small bell pepper (green, yellow, or red) 2 tablespoons (7g) parsley 1/2 cup (50-60g) grated cheese (optional) cooking spray salt and pepper to taste"
505,"1 bunch kale or collard greens 1-2 cups (225-450g) minced beef or chicken (ground beef works too but it's optional) 3 medium tomatoes, diced 1-2 teaspoons (5-10g) minced garlic 1 large white onion 2 tablespoons (30ml) canola oil or more as needed (any cooking oil) 1 tablespoon (8g) smoked paprika 1/2 teaspoon (1g) ground coriander 1/2 teaspoon (1g) curry powder or turmeric 1/2 teaspoon (1g) cayenne pepper or more 1 tablespoon (15ml) lemon juice about ½ a lemon 1 tablespoon (10g) bouillon powder or 1 cube"
506,"2 large overripe plantains (about 2½ cups) 1/2 cup (75g) cornmeal 1/2 teaspoon (3g) salt 1/2 teaspoon (1g) garlic powder 1 teaspoon (1g) grated fresh ginger 1 green onion, chopped (green and white parts) 1 tablespoon parsley 1/2-1 teaspoon (.5-1g) cayenne pepper or hot sauce (depending on the desired heat level)"
507,"3 pounds fish white, firm-fleshed fish—whole or steaks (bone-in) 1 lemon 1 teaspoon salt and white pepper or more to taste 1 cup parsley and basil, chopped 1 cup green onions, chopped 5 cloves garlic 1-2 habanero peppers (optional) 2 pounds potatoes and cassava 1 large onion, chopped 2 pounds vegetables (carrots, green bell pepper, red bell pepper, eggplant, etc.) 1 small head cabbage 1 pound okra 15 ounces tomato sauce 2 tablespoons tomato paste 1-2 teaspoons bouillon powder (or sub with salt) 1 teaspoon ground black pepper 8 ounces smoked fish 6 cups water (or low-sodium broth) 3 cups uncooked short-grain rice (i used basmati rice)"
508,"1 cup (236ml) water 2 cups (400g) granulated sugar 1 tablespoon (8-9g) fresh ginger, chopped 1 cinnamon stick 1/2 lemon, juiced 11/4 teaspoon (7-8g) cream of tartar 1/2 teaspoon (3g) salt (optional) 11/2 cups (180g) all-purpose flour (see notes) 1 cup (117g) corn flour (not cornmeal) 21/2 teaspoons (10g) baking powder 3/4 teaspoon (4g) salt 2 tablespoons (24g) sugar (optional) 2 tablespoons (25g) butter, softened 1 large egg 1/2 cup (118ml) milk cooking oil for deep frying"
509,4 cups (945ml) water or more 1/2-1 teaspoon salt 2 cups (300g) fine cornmeal
510,"1-11/2 pound beef stew meat, cut into about 1-inch cubes 2 tablespoons cooking oil 1 large onion, diced (about 1½ cups ) 4-5 cloves garlic, minced 1/2 teaspoon ginger, minced 1-2 bay leaves 2 teaspoon thyme 1 teaspoon dried oregano 1 teaspoon smoked paprika 1 tablespoon creole seasoning 2 stalks celery , diced (about ½ cup) 1 14-ounce can (400g) diced tomatoes 5-6 cups beef broth or water 1 medium carrot , diced (1 1/2 cups ) 1 russet potato, cut in chunks 1 10-ounce bag frozen baby lima beans 1 tablespoon worcestershire sauce 1 tablespoon beef bouillon or a beef bouillon cube (optional) salt and pepper to taste"
511,"2 teaspoons (12g) salt 2-3 tablespoons (24-35g) sugar 1 ¼-ounce packet yeast (2¼ teaspoons or 7 grams) 2 cups (472g) lukewarm water 51/2 cups (660g) cake flour (more as needed) 2 tablespoons (30g) canola oil 1 whole onion, sliced 11/2 teaspoon (8g) minced garlic 1 teaspoon (1-2g) ground ginger 2 teaspoons (5g) curry powder 1/2 teaspoon (1-2g) paprika 2-3 tomatoes, chopped 2 cups (485g) diced potatoes 1 pound (450g) minced meat (or ground beef) 1/2 teaspoon (1-2g) white pepper 1/2 teaspoon (2-3g) hot sauce or cayenne pepper (optional) 1 cup (128g) frozen peas and carrots (see notes) 2-3 tablespoons (8-12g) chopped parsley or cilantro salt to taste"
512,"2 cups rice 1 teaspoon yeast 1 cup canned coconut milk slightly warmed 2-3 tablespoon coconut flakes optional 1/2 -1 teaspoon salt 3/4 – 1-cup sugar brown, white or coconut sugar (i used coconut sugar) 1 teaspoon spice cardamom, nutmeg 1/2 teaspoon almond extract 1 cans coconut 3/4 cup brown sugar 1/2 teaspoon vanilla extract"
513,"2 whole sea bass, red snapper, or tilapia (1-2 pounds, scaled and cleaned) 1 lemon or lime if that's what's available salt and pepper to taste (½-1 teaspoon salt per pound) 1/2 bunch parsley 1 small onion , sliced and divided 1/2 bunch basil 1 small tomato 4-5 cloves garlic 1 tablespoon chicken bouillon or cubes (optional) 1/2-1 cup (118-236ml) water or oil 1-2 cups (244-488g) cherry tomatoes"
514,4 large bananas (1½ cups mashed bananas) 11/2 cups whole wheat flour 2 teaspoons baking powder 2 tablespoons brown sugar 1/2 teaspoon nutmeg 1/2 teaspoon vanilla extract oil for deep frying
515,"21/2-3 pounds (1-2k) skin-on chicken, cut into pieces (thighs, legs, or breast) salt and pepper to taste 1-2 lemons, sliced (divided) 2 large onions, sliced (divided) 4 cloves garlic, minced (divided) 2 cubes maggie (1 tablespoon chicken bouillon) cooking spray 1/4 cup (60ml) olive oil 1-2 bay leaves 2 tablespoons (30g) dijon mustard (any whole-grain or stone-ground mustard) 1 scotch bonnet pepper (or cayenne pepper adjusted to taste) 1 cup (237ml) or more chicken stock (or water and bouillon)"
516,"2- 2 1/2 pounds white fish skin- on 1-2 lemon salt and white pepper to taste 1 large onions sliced 2-3 cloves of garlic minced 1 teaspoon green seasoning or 2-3 tablespoon fresh herbs basil, parsley(optional) 1/2 cup oil 1 tablespoons mustard salt and pepper 1/2 teaspoon paprika 1 habanera pepper scotch bonnet 1/2 tablespoon chicken bouillon maggie powder"
517,"3 1/2 ounces couscous 7/8 cup vegetable broth (from a cube is fine) 2 scallions 1 red pepper 1/2 cucumber 2 ounces feta cheese, cubed 2 tablespoons pesto sauce 2 tablespoons toasted pine nuts"
518,"1 tablespoon olive oil 1 red onion, chopped 1 zucchini, coarsely chopped 1 yellow squash, coarsely chopped 1 carrot, coarsely chopped 1 red bell pepper, coarsely chopped 1 yellow bell pepper, coarsely chopped 1/2 cup sliced baby portabella mushrooms 4 cups vegetable broth 1/2 teaspoon smoked sweet paprika 1/4 teaspoon ground cardamom 1/4 teaspoon salt 1 tablespoon chopped fresh cilantro 1 (16 ounce) can chickpeas, drained 2 roma tomatoes, sliced 2 cups dry couscous 1 teaspoon grated orange zest 1 tablespoon grated parmesan cheese (optional) 1/2 teaspoon paprika (optional) 1 tablespoon finely chopped toasted almond (optional)"
519,"2 tablespoons olive oil 2 medium onions, finely chopped 1/2 lb ground meat (if possible lamb) 4 garlic cloves, crushed 1 tablespoon ground coriander salt and pepper (to taste) chili powder (optional to taste) 2 lbs spinach (blanches, squeezed and chopped) 3 eggs, lightly beaten 3 -4 ounces gruyere, cheese (or parmesan, grated) 6 ounces fresh cheese (ricotta, mizythra or cream cheese) 3 eggs, lightly beaten 1 cup parsley, fresh, chopped 3 eggs, lightly beaten"
520,"2 large ripe tomatoes 1 small onion, peeled (or 2 shallots) 3 tablespoons fresh parsley, minced 1 tablespoon hot paprika (or 1 1/2 tsp. cayenne pepper) 2 tablespoons extra virgin olive oil 1 tablespoon fresh lemon juice salt and pepper"
521,"40 g fresh ginger, grated 6 garlic cloves, crushed 2 teaspoons ground turmeric 1/2 cup lemon juice 1/3 cup vegetable oil 1 teaspoon ground cumin 3 teaspoons garam masala 1 tablespoon ground coriander 1 teaspoon paprika 1 teaspoon chili flakes 1/4 cup plain yogurt 1 kg chicken thigh fillet, cut into 3 cm pieces 600 g brown onions, chopped coarsely 2 teaspoons chili powder 2 teaspoons ground fenugreek 800 g tinned crushed tomatoes 1 stick cinnamon 2 long green chilies, finely chopped 300 ml cream 1 tablespoon honey 1/4 cup coarsely chopped coriander leaves"
522,"2 1/2 lbs boneless lamb shoulder 1/4 extra virgin olive oil 4 small yellow onions 2 tablespoons minced fresh gingerroot or 2 teaspoons ground ginger 2 garlic cloves, crushed 1/4 cup chopped parsley salt 1/4 teaspoon turmeric 1/8 teaspoon black pepper 1 (15 ounce) can fire-roasted diced tomatoes, undrained 1 cup raisins 1/2 cup unblanched almonds 2 tablespoons butter or 2 tablespoons margarine 2 hard-boiled eggs 3 cups cold water 1 1/2 cups long-grain white rice 1 1/2 tablespoons butter chopped parsley"
523,"1 cup couscous 2 teaspoons vegetable stock powder 1/2 teaspoon sugar 1/2 grated an orange, rind of (optional) 2 cups boiling water 1/4-1/2 cup chopped almonds or 1/4-1/2 cup pine nuts 1/4-1/2 cup currants 2 tablespoons butter or 2 tablespoons olive oil 1/4-1/2 cup dried apricot, chopped 2 spring onions 1/4 cup chopped coriander leaves"
524,"2 ripe avocados, pitted, peeled, and cut into 1/2-inch cubes 3 scallions, white and green parts, thinly sliced on the bias 2 jarred piquillo peppers, diced (or substitute 2 jarred roasted red peppers) 2 garlic cloves, minced 1/3 cup fresh orange juice 1/4 cup fresh lime juice 1/2 cup extra virgin olive oil kosher salt & freshly ground black pepper 1 1/2 teaspoons coriander seeds, toasted and ground 1 teaspoon ground ginger 1 1/2 teaspoons red pepper flakes, crushed 1 1/2 teaspoons ground turmeric 1 1/2 tablespoons dry mustard 1 1/2 teaspoons grated nutmeg 1 1/2 teaspoons ground allspice 1 1/2 teaspoons cayenne pepper 1 1/2 teaspoons fresh ground black pepper 1 1/2 tablespoons kosher salt 1 tablespoon paprika 1 1/2 tablespoons dried orange peel 1 tablespoon sugar four 6-ounce tuna steak 1/4 cup peanut oil or 1/4 cup canola oil 2 1/2 tablespoons sugar 1/2 cup champagne vinegar 1 seedless european cucumber, peeled, halved lengthwise, seeded, and very thinly sliced"
526,"2 cups all-purpose flour 2 teaspoons baking powder 1/4 teaspoon salt 1/4 teaspoon baking soda 2/3 cup butter or 2/3 cup margarine, softened 3/4 cup sugar 2 eggs 4 large bananas, peeled and mashed (very ripe) 1 cup salted peanuts, coarsely chopped (divided)"
527,"10 ounces collard greens, de-stemmed and chopped 2 tablespoons raisins 2 garlic cloves, minced 2 medium onions, chopped 4 mushrooms, chopped 1 (15 ounce) can diced tomatoes 2/3 cup unsweetened dried shredded coconut 2 teaspoons paprika 1/2 teaspoon chili powder 1/2 teaspoon cumin 1/8 teaspoon black pepper (to taste) 2 (15 ounce) cans low-sodium pinto beans, drained and rinsed 1/2 cup water 1/2 teaspoon oil (to coat pan)"
528,1 3/4 ounces amarula cream liqueur 3/4 ounce cointreau orange liqueur brown sugar ice
530,"1 tablespoon butter 1 cup finely chopped pared apple 1 cup sliced celery 1/2 cup chopped onion 2 tablespoons cornstarch 2 -3 teaspoons curry powder 3/4 teaspoon salt 3/4 cup cold chicken broth 2 cups milk 2 cups diced cooked chicken 1 (6 ounce) can sliced mushrooms (drained) cooked rice, for 6 servings raisins flaked coconut peanuts chopped banana chutney"
531,"2 cups packed fresh cilantro (leaves and a few stems) 1 cup packed fresh parsley (leaves and a few stems) 1/4 cup almonds 1 -2 garlic clove 1/2 cup extra-virgin olive oil 1/2 teaspoon kosher salt 1 pinch cayenne pepper (optional) 1 1/2 cups chicken broth 1 cup uncooked couscous 4 teaspoons kosher salt fresh ground black pepper, to taste 1 tablespoon vegetable oil 1 tablespoon unsalted butter 6 chicken thighs, boneless and skinless, quartered (about 1 1/4 lbs) 1 teaspoon ground cumin 1 teaspoon paprika, preferably smoked 2 carrots, sliced 1/4 inch thick 1 small red onion, halved and sliced 1 2/3 cups chicken broth 1/4 cup apple cider vinegar 1 lemon, zest of, grated 1/3 cup tunisian pesto sauce (you can reserve the rest by freezing)"
532,"1/2 cup butter, melted (1 stick) 1/2 cup olive oil 2 tablespoons crushed red pepper flakes 2/3 cup lemon juice 4 large garlic cloves, crushed 2 teaspoons ground black pepper 5 -6 lbs split chicken wings"
533,1/2 cup milk 1/2 cup cocoa powder 2 cups sugar (i only use 1 cup) 1/2 cup margarine (i used light margarine) 3 cups oats 1 teaspoon vanilla flavoring 1 cup shredded coconut 1/2 cup chopped walnuts (optional)
534,"1/2 ounce kahlua 1/2 ounce amaretto 4 ounces coffee, chilled 1/2 cup chocolate ice cream"
535,6 teaspoons ground ginger 6 teaspoons dried garlic 4 tablespoons ground coriander 4 tablespoons ground cumin 4 tablespoons ground turmeric 2 teaspoons cayenne 2 teaspoons hot chili powder
536,"avocado banana guava mango melon papaya peach pear pineapple 1 lemon, juice of fresh grated coconut or chopped roasted peanuts, to garnish honey (optional) or sugar (optional)"
537,40 ml amarula cream liqueur 10 ml coconut milk 80 ml milk 2 dashes nutmeg 1 cup ice
538,"1/2 cup raw peanuts, skins on 3 garlic cloves 1 chili 1/2 cup fresh mint leaves 2 teaspoons coriander seeds 1 tablespoon vinegar 2 -4 tablespoons fresh lime juice, to taste 1 cup plain yogurt (optional) salt pepper"
539,"2 large oranges, peeled and cut into bite-size pieces (squeeze some of the juice into the salad) 1 cup radish, sliced 1/4 teaspoon cumin sea salt and pepper, to taste 3 -4 fresh dates, chopped (optional) 2 -3 tablespoons pomegranate seeds (optional) lettuce leaf (optional)"
540,"2 medium onions, chopped 6 garlic cloves, coarsely chopped 2 teaspoons olive oil 2 (400 g) cans chopped tomatoes 5 cups vegetable broth 1 (8 ounce) can tomato sauce 2 mint tea bags 1 teaspoon chili powder, hot or 1 tablespoon chili powder, mild 2 teaspoons ground cumin 1 3/4 teaspoons sea salt 1/8 teaspoon paprika 2 cups finely chopped spinach 3/4 cup smooth peanut butter 6 medium pita bread, toasted"
541,"1 lb dried red kidney beans, presoaked overnight 8 cups water 1 cup celery, chopped 4 bay leaves 3 tablespoons fresh garlic, minced 2 teaspoons dried thyme, crushed 1 teaspoon powdered kelp (sub sea salt, powered miso, spike or vegetarian bouillon powder) 1 cup green pepper, diced 1 tablespoon fresh parsley, finely chopped sea salt & pepper, to taste"
542,"1 cup dried pinto bean, picked over 1 1/4 cups onions, chopped, divided 1/4 cup peanut oil (or vegetable oil) 1 cup canned whole tomatoes, drained and chopped 1 tablespoon tomato paste 1 large garlic clove, minced 1/4 teaspoon cayenne pepper 1/4 teaspoon white pepper 1 teaspoon salt"
543,"1 1/2 cups basmati rice, rinsed 3 cups water"
544,"1/4 cup vegetable oil 1 onion, chopped 4 garlic cloves, chopped 3 tablespoons tomato paste 2 tablespoons paprika 3/4 teaspoon salt 3/4 teaspoon pepper 1/2 ground ginger 1 cup coconut milk 3 tablespoons smooth peanut butter 16 chicken thighs 2 tablespoons jalapeno peppers, minced 1/4 cup fresh parsley or 1/4 cup cilantro"
545,"1 large onion, chopped 1 green bell pepper, chopped 2 tablespoons peanut oil 1 lb fresh spinach, washed and trimmed 1 large tomatoes, chopped 1/2 teaspoon salt 1/4 teaspoon pepper 1/4 cup peanut butter, can use chunky, if desired"
546,"1 onion, chopped 1 chili pepper, chopped 1 tablespoon oil 1/2 cup peanut butter 1 cup light coconut milk 1 (10 ounce) package frozen chopped spinach, thawed and drained salt"
547,2 medium onions 2 large tomatoes or 410 g canned tomatoes 2 lbs spinach 4 tablespoons peanut butter salt pepper oil (for frying)
548,1 chicken (cut in serving pieces) 1/2 cup peanut butter 1/4 cup water (hot) 1 tablespoon mayonnaise 2 tablespoons lime juice 2 tablespoons sherry wine 1 tablespoon soy sauce 2 garlic cloves 1 tablespoon curry powder 1/2 teaspoon red pepper (dried-crushed) 1/4 cup cilantro (chopped fine) salt & freshly ground black pepper
549,"8 ounces plain yogurt 2 tablespoons lemon juice 1 teaspoon olive oil 1 large onion, minced 1/2 cup chopped mint leaf 2 tablespoons chopped fresh cilantro or 2 tablespoons fresh parsley salt and pepper 1/4 teaspoon cayenne pepper 2 lbs boneless leg of lamb or 2 lbs beef sirloin, cut into cubes 18 cherry tomatoes 2 green peppers, cut into chunks 18 small white onions, peeled (you can use pearl onions) 18 medium mushrooms"
550,"4 carrots 2 celery ribs 1/2 cup chopped onion (or 2t minced flakes, or more of either, if desired) 1/8 teaspoon pepper 1/8 teaspoon turmeric 1/8 teaspoon cinnamon 1 1/2 teaspoons curry powder 1/4 teaspoon clove 1 dash cardamom (or more, if desired) 1/8 teaspoon cayenne (optional) 2 garlic cloves 2 tomatoes, diced (about 8oz) 2 sweet potatoes 3 cups water (plus more, if needed) 1 cup milk (cow, goat, or coconut) 3/4 cup peanut butter 12 ounces okra (chopped, frozen)"
551,"1 quart water 6 medium sweet potatoes, peeled and cut into 1/2 inch cubes (about 2 pounds) 3 cups whole milk 1 cup heavy cream 1/2 cup sugar 1/2 teaspoon powdered saffron 1/2 teaspoon ground cardamom"
552,"3 teaspoons oil (for frying, palm oil is most authentic) 2 medium onions, finely chopped 1 (4 ounce) can tomato paste 3 tomatoes, chopped and mashed 1 bay leaf grated nutmeg (to taste) salt (to taste) cayenne pepper (to taste)"
553,"4 cups fresh pineapple or 4 cups canned pineapple, 1/2 inch cubed 2 medium oranges, peeled and divided into sections 2 medium mangoes, peeled and diced 2 bananas, cut in 1/2 inch slices 2 tablespoons lime juice 2 tablespoons dark brown sugar 1 cup unsweetened coconut, shredded, toasted"
554,"2 tablespoons olive oil 1 garlic clove, finely chopped 1 tablespoon ground cumin 1 teaspoon ground coriander 1 teaspoon paprika 350 ml chicken stock or 350 ml vegetable stock good pinch saffron strand 6 spring onions, trimmed and thinly sliced 225 g couscous 1 lemon, juice and zest of 2 red chili, seeded and finely chopped 50 g pine nuts, toasted"
556,"2 tablespoons olive oil 1 medium onion, chopped 8 ounces mushrooms, sliced 1 grated carrot 2 garlic cloves, minced 1/2 teaspoon cumin 1/2 teaspoon ground coriander 1 lemon, zest of 1 lemon, juice of 1/2 cup raisins 1 1/4 cups chicken stock 1 cup couscous"
557,"60 g pasta 1 tablespoon almond butter 1 teaspoon ras-el-hanout mixed spice salt, to taste"
558,24 ounces albacore tuna 2 teaspoons celery seeds 8 ounces water chestnuts 2 celery ribs 2 scallions 6 ounces green apples 4 ounces sugar 12 ounces mayonnaise
559,"1 cup vanilla wafer crumbs 1/4 cup margarine, melted 16 ounces cream cheese, softened 1/3 cup sugar 2 tablespoons milk 2 large eggs 1/2 cup macadamia nuts, toasted 8 1/2 ounces pineapple, crushed, drained 1 medium kiwi, peeled, sliced"
560,"3 lbs chicken wings 1 cup pineapple preserves 1/2 cup dry sherry 1/2 cup frozen orange juice concentrate 1/2 cup soy sauce 1/2 cup brown sugar, packed 1/4 cup vegetable oil 1 teaspoon garlic powder 1 teaspoon ground ginger"
561,"1 (8 ounce) package whipped cream cheese 1 cup crushed pineapple, drained 1 cup flaked coconut 1 1/4 teaspoons ground ginger 1 tablespoon lemon juice 1/2 cup pecans"
562,"1 lb ground turkey or 1 lb 96% lean ground beef 1 cup cooked brown rice 1 (8 ounce) can crushed pineapple with juice, drained 1/2 cup scallion 1 tablespoon reduced sodium soy sauce 1 teaspoon ginger 3/4 cup unsalted chicken stock 1/3 cup chili sauce 3 tablespoons rice vinegar 2 tablespoons brown sugar 2 teaspoons cornstarch 1/2 teaspoon ground ginger"
563,"1 lb pizza dough 1 tablespoon extra virgin olive oil salt & pepper 2 cups shredded mozzarella cheese 8 ounces chopped pineapple 1/4 cup chopped onion 4 slices prosciutto, torn 1 1/2 cups frisee, torn"
564,"1 lb 75% lean ground beef 12 ounces spam, grated 6 tablespoons cold water 1/4 cup grated sweet yellow onion 1 1/2 tablespoons cornstarch fine sea salt fresh ground white pepper 1/2 cup pineapple juice 3 tablespoons dry sake 3 tablespoons teriyaki sauce 2 1/2 tablespoons brown sugar 2 1/2 tablespoons ketchup 4 teaspoons cornstarch 2 teaspoons lemon juice 1 teaspoon sriracha sauce 1/8 teaspoon garlic powder 1/8 teaspoon ground ginger 1/8 teaspoon minced onion flakes 6 slices havarti cheese 6 slices cooked crisp bacon (optional) 6 slices fresh pineapple, cored, trimmed, and sliced 1/2-inch thick 6 slices sweet red onions, sliced 1/4-inch thick 6 leaves fresh green leaf lettuce 1 (4 ounce) can diced green chilies, drained 6 king's original sweet hawaiian rolls salted butter (lightly spread over bun halves)"
565,1/2 cup pineapple juice 3 tablespoons dry sake 3 tablespoons teriyaki sauce 2 1/2 tablespoons brown sugar 2 1/2 tablespoons ketchup 4 teaspoons cornstarch 2 teaspoons lemon juice 1 teaspoon sriracha sauce 1/8 teaspoon garlic powder 1/8 teaspoon ground ginger 1/8 teaspoon minced onion flakes
566,"1/4 cup soy sauce 1/4 cup crushed pineapple 1 tablespoon hoisin sauce 1/2 teaspoon crushed red pepper flakes 1 tablespoon apple cider vinegar 1 tablespoon honey 1 tablespoon light brown sugar 5 garlic cloves, minced 1/2 tablespoon fresh gingerroot, finely chopped 2 tablespoons dark rum 20 chicken wings, trimmed and split"
567,"1 zucchini, finely diced 1 tomatoes, finely diced 1 cup sweet peas or 1 cup snow peas 4 garlic cloves, finely chopped 2 tablespoons extra virgin olive oil 1 1/2 cups chicken stock 1 1/2 cups couscous 1 granny smith apple, finely diced 2 tablespoons of fresh mint, chopped 2 tablespoons butter salt and pepper"
568,"1 cup couscous 1 small red onion, small dice 1 1/2 cups low sodium chicken broth, warm 1/4 cup dried apricot, coarsely chopped 1/4 cup whole almond, toasted & coarsely chopped 2 scallions, green parts only 1/4 cup fresh mint leaves, roughly chopped 1/2 bunch fresh cilantro leaves, roughly chopped plus leaves for garnish 1 tablespoon fresh lemon juice 1 pinch lemon zest 1 tablespoon extra-virgin olive oil, plus extra for drizzle kosher salt & freshly ground black pepper"
569,2 1/4 cups chicken broth 1 (10 ounce) package couscous 1 (12 ounce) can apricot nectar 3 tablespoons dijon mustard 6 boneless skinless chicken breast halves 2 tablespoons minced fresh basil
570,"1/2 lb boneless chicken, cut into strips 1/8 teaspoon salt 1/4 teaspoon black pepper 2 tablespoons olive oil 2 tablespoons apricot preserves 1 teaspoon balsamic vinegar 1 cup chicken broth 1/3 cup finely chopped dried apricot 1/2 cup uncooked couscous"
571,"2 tablespoons extra virgin olive oil, plus more for drizzling 1 small red onion, 1/4-inch diced 1 japanese eggplant, 1/2-inch diced, skin on 1 red bell pepper, 1/2-inch, diced 1 large tomatoes, 1/2-inch diced 2 cups whole wheat instant couscous 2 tablespoons soy sauce 3 cups water, boiling 12 -15 basil leaves, ripped kosher salt, to taste fresh ground black pepper, to taste"
572,"3 cups milk, warm 1 cup semolina flour 1 1/2 cups flour 1 1/2 teaspoons yeast 1 pinch baking powder 1/2 teaspoon turmeric 1/2 cup honey 3 tablespoons butter 1/4 teaspoon orange flower water (optional)"
573,"1 cup couscous 2 fresh tomatoes, chopped 1 large onion, chopped 1 large bell pepper, chopped 2 green chilies, chopped 1 teaspoon cumin powder 1 teaspoon mustard powder 6 teaspoons yoghurt 1 1/2 cups boiling water 2 teaspoons olive oil 2 tablespoons dried oregano 1 1/2 teaspoons salt (adjust to taste)"
574,"10 roma tomatoes, halved 2 tablespoons thyme leaves 2 tablespoons olive oil salt and pepper 1 1/2 cups couscous 1 1/2 cups chicken stock 60 g baby spinach leaves, chopped 1/2 cup pine nuts, toasted 1/2 cup parmesan cheese, grated 1/2 cup olive oil 2 tablespoons lemon juice salt and pepper"
575,"1 1/2 lbs tofu, sliced into 6 thin slabs and pressed for at least an hour 12 spears fresh asparagus 1/2 cup balsamic vinegar 2 tablespoons soy sauce 1 tablespoon agave nectar 1 teaspoon fresh thyme, crushed between your fingers 5 garlic cloves, grated on a mircoplane grater 2 tablespoons olive oil salt and pepper 1 cup of fresh beet, skinned and cubed into 1/2 inch pieces 1/2 cup red onion, finely diced 3 tablespoons olive oil salt and pepper 1/2 cup large pearl couscous 1 cup water white pepper"
576,"4 chicken breasts 1/3 cup balsamic vinegar 1/2 cup chicken stock 2 tablespoons sugar 1 clove garlic, crushed 1 1/2 cups couscous 2 1/4 cups boiling chicken stock 2 ounces butter (i use a non dairy margarine) 4 cloves garlic, sliced 2 tablespoons fresh thyme"
577,"6 bananas, well ripened 1 cup flour 1/4 cup sugar 1/4 cup water 1 teaspoon nutmeg"
578,"2 medium onions, diced 8 tomatoes, romas preferred 1/2 cup vegetable oil 1 teaspoon cayenne pepper 1 teaspoon seasoning salt 1/2 teaspoon thyme 1 green pepper, diced (optional)"
579,"1 kg potatoes, peeled, cut into 2cm chunks or 1 1/4 lbs potatoes, cut into 3/4 inch chunks 2 red bell peppers, cut in 2cm pieces (3/4 inch) 12 garlic cloves, peeled 20 g coriander, chopped coarsely or 2/3 ounce coriander 2 teaspoons ras el hanout spice mix 3 tablespoons olive oil 2 teaspoons flaked sea salt 2 teaspoons crushed dried red chilies 1 lemon, juice and zest of"
580,"2 1/2 cups all-purpose flour (plus more if needed) 1 cup water salt, a pinch 4 tablespoons olive oil, -divided all-purpose flour, for dusting 1/2 cup white onion, diced 3 garlic cloves, peeled and minced 2 tablespoons olive oil 2 small red chilies, minced (can sub jalapenos. ribs and seeds removed) 1 lb ground beef salt and black pepper, to taste shredded lettuce chopped tomato shredded cheese sour cream"
581,"1 lb ground sirloin 1/4 cup fresh flat-leaf parsley (plus 2 tbsp., divided) 1/4 cup fresh cilantro, chopped 1 tablespoon fresh ginger, peeled and chopped 2 teaspoons ground coriander 1 teaspoon ground cumin 1/2 teaspoon salt 1/2 teaspoon ground cinnamon 2 cups english cucumbers, thinly sliced 2 tablespoons rice vinegar 1/2 cup plain fat-free greek yogurt 1 tablespoon fresh lemon juice 1/2 teaspoon fresh ground black pepper 1 pita bread, quartered (6 inch size)"
582,"3 lbs sirloin, cut into 1 inch cubes 2 teaspoons kosher salt, more as needed 1 tablespoon ras el hanout spice mix 4 cups beef stock, reduced sodium 1 cup kohlrabi, peeled and cut into 1/2-inch pieces 1 cup carrot, peeled and cut into 1/2-inch pieces 2 tablespoons olive oil, more as needed 3 tablespoons garlic, freshly grated 1 tablespoon tomato paste 1 tablespoon ginger, freshly grated 1/4 teaspoon saffron, crumbled threads 4 ounces fresh cilantro, chopped 4 ounces dates, finely chopped (or date paste if available) 24 dates, medjool 1/2 cup golden raisin"
583,"1 tablespoon ground cumin 1/2 tablespoon paprika 1/2 tablespoon ground coriander 1/2 teaspoon garlic powder 1/2 teaspoon salt 1/2 teaspoon fresh black pepper 1/2 teaspoon cinnamon 1/2 teaspoon allspice 1/8 teaspoon cayenne 1 lb beef stew meat 1/2 onion, chopped 1 tablespoon olive oil 2 1/2 cups water 1 beef bouillon cube 2 tablespoons tomato paste 1 tablespoon fresh parsley, finely chopped 1 tablespoon fresh cilantro, finely chopped 1 medium tomatoes, chopped 2 medium potatoes, peeled & cut into wedges"
584,"olive oil 1 red onion, finely chopped 1 teaspoon ground turmeric 1 teaspoon ground coriander 1 teaspoon ground paprika 10 tomatoes, peeled & diced 7 eggs, beaten 1/2 cup coriander, chopped salt & freshly ground black pepper, to taste"
585,1 teaspoon ground ginger 1/4 teaspoon cinnamon 1/2 teaspoon ground cardamom 1/4 teaspoon allspice 1/2 teaspoon ground coriander 2 tablespoons salt 1/2 teaspoon ground fenugreek 1 1/4 cups cayenne pepper 1/2 teaspoon grated nutmeg 1/2 cup paprika 1/4 teaspoon ground cloves 1 teaspoon fresh ground black pepper
586,1/2 cup chili powder 1/4 cup paprika 1/2 teaspoon ground ginger 1/2 teaspoon ground cardamom 1/2 teaspoon ground turmeric 1/2 teaspoon ground coriander 1/2 teaspoon ground fenugreek 1/4 teaspoon ground cinnamon 1/4 teaspoon ground nutmeg 1/4 teaspoon ground allspice 1/8 teaspoon ground cloves 1/8 teaspoon black pepper
587,8 teaspoons pure chile powder (ground dried red hot peppers) or 2 tablespoons cayenne pepper 5 teaspoons sweet paprika 1 tablespoon salt 1 teaspoon ground coriander 1/2 teaspoon ground ginger 3/8 teaspoon ground cardamom 3/8 teaspoon ground fenugreek 1/4 teaspoon ground nutmeg 1/4 teaspoon ground allspice 1/8 teaspoon ground cloves
588,"1 . set 3-4 sweet potato 2 . set 1/2 tsp coconut oil 3 . set 1/2 red onions, sliced 4 . set 1 tbsp ginger, finely grated 5 . set 1 tbsp rawspicebar's berbere 6 . set 1 cup cooked chickpeas 7 . set 1 cups baby spinach"
589,"1 cup uncooked couscous 1 1/4 cups chicken broth or 1 1/4 cups vegetable broth 2 -3 tablespoons extra virgin olive oil 2 tablespoons fresh lime juice 1 teaspoon red wine vinegar 1/2 teaspoon ground cumin 5 -8 green onions, chopped (white and green parts) 1 grated carrot 1 red bell pepper, seeded and chopped 1 fresh jalapeno pepper, seeded and chopped 1/4 cup chopped fresh cilantro 1 cup corn kernel (fresh is best, but use what you have on hand) 1 (15 -30 ounce) can black beans, drained salt and pepper, to taste 1 (1 1/4 ounce) envelope goya salad and veggie seasoning (optional)"
590,"8 ounces ground chicken breast 6 tablespoons minced fresh sweet basil (to taste) or 3 tablespoons minced fresh holy basil (to taste) 1 tablespoon black pepper sauce (lee kum kee brand) 6 ounces chopped leeks, white and light green portions 4 ounces chopped yellow onions 12 ounces chopped cabbage 2 ounces sliced red radishes 1 ounce chopped scallion (green onions) 1 teaspoon minced fresh garlic 1 cup hot water 1 teaspoon chicken bouillon powder (i use granulated) 1 teaspoon braggs liquid aminos (to taste, tamari or soy sauce can be substituted) 2 tablespoons coconut oil, divided, for sauteing 1 teaspoon black pepper sauce (lee kum kee brand, additional, to taste) 1 1/2 teaspoons arrowroot, powdered 2 tablespoons cold water 16 ounces fresh cauliflower florets, thick stem parts removed, for serving"
591,"1/2 cup orange juice 1/3 cup water 1/2 teaspoon salt, divided 3/4 cup wholewheat couscous 1 cup blueberries 1 cup mango, cut into cubes 1/3 cup red onion, chopped 2 tablespoons mint, chopped 2 tablespoons lemon juice 2 tablespoons olive oil 1/8 teaspoon pepper"
594,"2 onions, finely chopped 2 lbs lean ground beef 1 slice bread 1 cup milk, used 1/2 cup at a time 1 tablespoon curry powder 1 1/2 tablespoons sugar 1/2 cup raisins 3 tablespoons chutney 2 teaspoons salt 1/2 teaspoon pepper 1/2 teaspoon turmeric 2 tablespoons vinegar or 2 tablespoons lemon juice 6 almonds, quartered 4 bay leaves or 1 lemon, zest of 1 egg"
595,"2 -3 tablespoons oil 2 onions, thinly sliced 2 lbs ground beef 2 -3 slices white bread, crust removed and cut into cubes 1 cup milk 1/4 cup vinegar or 1/4 cup lemon juice 1/2 cup raisins 2 tablespoons sugar 1 -2 tablespoon curry powder, to your taste 1 teaspoon turmeric salt and pepper, to season 5 fresh bay leaves (if using dry, remove before adding egg topping) 2 eggs, beaten"
596,"1 cup unsweetened black tea, hot 1/2 cup raisins 1/2 cup dried apricot, chopped 2 tablespoons canola oil 2 garlic cloves, finely chopped 1 yellow onion, peeled & finely chopped 2 teaspoons ground turmeric 2 teaspoons ground coriander 1 teaspoon cayenne pepper 1/2 teaspoon ground cumin 1/2 teaspoon ground fenugreek 1/2 teaspoon ground black pepper 1/2 teaspoon ground fennel 1 teaspoon sea salt 2 tablespoons apple cider vinegar 1 lb lean ground beef 1/4 cup sliced almonds"
597,"4 cups bread, crusts removed and diced 1 cup peas, cooked (optional) 1/2 cup peanuts, roasted and peeled 2 tablespoons oil 1/8 teaspoon asafoetida powder 1 1/2 teaspoons mustard seeds 10 -15 curry leaves 2 -3 whole red chilies 1/2 teaspoon turmeric 2 teaspoons salt (or to taste) 1 teaspoon green chili, finely chopped 1/2 cup water 1 teaspoon sugar (to taste) (optional) 1 tablespoon lemon juice 1 tablespoon chopped coriander leaves 1 tablespoon fresh coconut, grated (optional) lemon wedge (to garnish)"
598,"2 cups vegetable oil 3 onions, chopped 1 tablespoon cumin seed 1 teaspoon minced garlic 1 teaspoon grated ginger 5 cardamom pods, cracked 5 whole cloves 4 cinnamon sticks 3 star anise 3 tablespoons curry powder chili powder (optional) 5 lbs chicken breasts, boneless, skinless, chopped into small pieces 1 cup chopped fresh cilantro 2 tablespoons salt 5 tomatoes, chopped and pureed 3 potatoes, chopped 1 stem fresh curry leaf, leaves picked 8 -10 loaves unsliced firm white bread, halved, for serving carrot, salad for serving"
599,"2 tablespoons vegetable oil 1 cinnamon stick 4 green cardamom pods, lightly crushed 1 medium onion, sliced thinly into rings 3 curry leaves 4 teaspoons durban masala (if unavailable, use red curry powder) 1 teaspoon ground turmeric 1 1/2 teaspoons grated ginger 1 1/2 teaspoons crushed garlic 2 large tomatoes, chopped or 2 large a 14-oz can chopped tomatoes 400 g chickpeas 4 potatoes, peeled and cubed 2 teaspoons garam masala salt, to taste 1 crusty square loaves bread (small farmhouse loaves are best) fresh coriander leaves (to garnish)"
600,2 cups couscous 1 cup evaporated milk 2 cups yogurt (plain or vanilla) 1 cup sour cream 1/2 cup sugar 1/2 teaspoon vanilla extract 1 dash nutmeg (optional) crushed pineapple or mint (to garnish)
601,"2 lbs shrimp, peeled and deveined 1/2 cup peri-peri, sauce 6 garlic cloves, minced"
602,"2 cups couscous 2 cups boiling chicken stock 2 tablespoons olive oil 2 large brown onions, thinly sliced 2 garlic cloves, chopped 1/3 cup brown sugar 1/3 cup red wine vinegar 2 tablespoons thyme, chopped 2/3 cup sultana (optional)"
603,"1 cup peanut butter 1 medium onion, peeled and quartered 4 cups chicken stock, preferably homemade (or vegetable stock) 1 cup milk (or cream) salt hot red pepper flakes or tabasco sauce"
604,"1 (5 2/3 ounce) box chicken and herb couscous mix 1/4 cup margarine 1 red sweet bell pepper, cut into tiny pieces 1 yellow squash, seeded, cut into tiny pieces 1 cup fresh broccoli florets, finely chopped 1 cup chopped celery 3/4 teaspoon seasoning salt 1/2 teaspoon white pepper"
605,"1 cup whole wheat couscous 1/2 cup carrot, shredded roughly 1/4 cup frozen peas 1 1/2 cups boiling water 1 tablespoon lemon juice 1 tablespoon olive oil 1/4 teaspoon salt 1/4 cup fresh cilantro, chopped 1/4 teaspoon ground coriander"
606,1 lb baby carrots 2 tablespoons lemon juice 1 teaspoon sugar 1/2 teaspoon paprika 1/4 teaspoon ground cumin 1/4 teaspoon cinnamon 1/4 teaspoon salt 1/8 teaspoon cayenne pepper 1 tablespoon olive oil 1/4 cup minced fresh parsley leaves 1 cup raisins 1 leaf lettuce (optional)
607,"3 -4 large carrots, julienne 2 dates, chopped 3 tablespoons walnuts, chopped 3/4 cup couscous 3/4 cup boiling water 1/4 teaspoon butter 1/2 teaspoon olive oil salt and pepper, to taste"
608,"3 cups cooked couscous 2 cups tomatoes, diced 2 cups cucumbers, diced 1 cup green onion, chopped 2 cups cooked garbanzo beans 1/2 teaspoon black pepper 1 cup kalamata olive, halved 1/2 cup olive oil 3/4 cup lemon juice 4 garlic cloves, mnced 1 teaspoon salt chopped of fresh mint, to taste"
609,"1 1/2 cups israeli couscous 3 cups cauliflower florets 1/4 teaspoon cinnamon 1 teaspoon coriander 1 shallot, sliced 2 tablespoons olive oil, divided 1/3 cup dried cranberries (or chopped dates) salt and pepper red wine vinegar, splash chopped parsley (optional)"
610,"2 tablespoons extra virgin olive oil 1 large sweet onion, halved and cut in strips 4 garlic cloves, thinly sliced 1 teaspoon ground cumin 1 teaspoon ground ginger 2 slices lemons 2 bay leaves 1/2 teaspoon kosher salt 1/2 teaspoon fresh ground pepper 14 1/2 ounces low sodium vegetable broth 2 lbs cauliflower, cored, cut into 2-inch-long florets 6 carrots, peeled, cut into 2-inch-lengths 29 ounces fire-roasted whole tomatoes, undrained (2 - 14.5 oz cans) 15 ounces chickpeas, drained (1 can) 1/2 cup raisins 1 cinnamon stick 2 medium zucchini, cut into 1-inch chunks 1/4 cup toasted slivered almonds 1/4 cup cilantro leaf freshly cooked couscous, accompaniment (or orzo or rice for the folks' at ponce plaza!)"
611,4 cups water 2 -4 teaspoons black tea leaves 1 teaspoon cardamom 3 -4 cinnamon sticks 1/4-1/2 cup sugar 3 cups milk (2% or whole)
612,"3 medium onions, diced 3 medium carrots, diced 2 medium green bell peppers, diced 3 medium tomatoes, diced curry powder, to your taste salt, to taste pepper, to taste green chili (optional) 1 vegetable bouillon cube 1 teaspoon chili powder 1 -2 tablespoon oil, for frying 1/4 cup water"
613,"1 1/2 cups whole wheat flour, plus extra for kneading and rolling out dough 1 teaspoon salt 1 cup water"
614,"1 bunch fresh cilantro or 1 bunch flat leaf parsley 3 garlic cloves, peeled and bruised 1 teaspoon cumin, ground 1 teaspoon coriander, ground 1 teaspoon paprika, ground 1 small red chili pepper, seeded (or 1 teaspoon of chili sauce) 1/2 teaspoon sea salt 1 lemon, juice of 1/4 cup olive oil"
615,"1/2 cup chopped cilantro 1/2 fresh mint leaves 1 tablespoon ginger 1 tablespoon ground cinnamon 1 tablespoon hot paprika (i sub harissa usually) 1 teaspoon fresh ground black pepper 1 teaspoon sea salt 1/2 teaspoon cumin 1/2 teaspoon cayenne pepper 1/2 teaspoon ground thyme 1/4 teaspoon saffron thread, crumbled 3 tablespoons olive oil"
616,"1/3 cup cilantro, finely chopped 1/3 cup parsley, finely chopped 4 garlic cloves, minced 1 1/2 teaspoons sweet paprika 1 teaspoon salt 1/2 teaspoon cumin 1/8 teaspoon cayenne pepper 1/4 cup extra virgin olive oil 2 large lemons, juice of 4 large firm tomatoes 3/4 cup breadcrumbs olive oil, for greasing dish"
617,"1/3 cup olive oil 2 garlic cloves, minced 4 -5 boneless skinless chicken breast halves (1-1.25 lbs.) 1 medium red bell pepper, diced (about 1 cup) 1 medium onion, chopped (about 1 cup) 1 (14 1/2 ounce) can chicken broth 1/2 cup water 3 tablespoons chopped fresh parsley 1/2 teaspoon ground cumin 1 teaspoon salt 1/4 teaspoon pepper 1 (10 ounce) package couscous"
618,"4 boneless skinless chicken breasts (tenderloins removed and breasts trimmed and pounded to a uniform 1/2-inch thickenss) 1/2 cup unbleached all-purpose flour salt & fresh ground pepper 1/2 cup olive oil (divided) 1 medium onion, sliced thin 1 fennel bulb, trimmed, cored and sliced thin 1 cup couscous 3 medium garlic cloves, minced cayenne pepper 1 cup orange juice (divided) 3/4 cup low sodium chicken broth 1/4 cup minced fresh cilantro leaves (divided)"
619,"1/4 cup olive oil 2 lbs chicken breasts, boneless, skinless cut into 1 inch cubes 1 (10 ounce) bag matchstick cut carrots 2 medium onions, diced (i just throw them in the food processor) 3 large garlic cloves, minced 1 cup of cubed zucchini 2 (13 3/4 ounce) cans chicken broth 1 (10 ounce) box of quick cooking couscous 2 teaspoons pepper sauce (i.e. tabasco) 1 1/2 teaspoons curry powder 1/2 teaspoon salt 1 cup slivered almonds, toasted 1/4 cup chopped fresh parsley (optional)"
620,1/4 cup harissa 1/2 cup orange juice 1 tablespoon grated orange peel 1/4 cup cider vinegar 2 tablespoons vegetable oil 2 teaspoons sugar 1 teaspoon ground cinnamon 3 lbs chicken
621,"2 tablespoons olive oil 2 cups chopped onions 2 garlic cloves, minced 2 teaspoons ground cumin 1 teaspoon paprika 1 teaspoon ground turmeric 1/4 teaspoon salt 1/4 teaspoon ground cinnamon 1/4 teaspoon ground ginger 1 lb boneless skinless chicken breast, cut into bite-sized pieces 8 ounces about 2 cups peeled and cubed butternut squash 1/3 cup halved potted black oil-cured olives 2/3 cup pitted prunes, chopped 1/2 cup fresh cilantro leaves (optional) 1/2 cup fresh flat leaf parsley (optional)"
622,"8 chicken thighs 2 teaspoons turmeric 1 tablespoon garam masala 2 tablespoons vegetable oil 2 onions, thinly sliced 3 garlic cloves, sliced 500 ml chicken stock 1/2 cup green olives 1 lemon 250 g couscous 1 bunch flat leaf parsley, chopped"
623,"1 whole chicken (3 1/2 pounds) 1 tablespoon olive oil 1 cup onion, chopped 1 teaspoon ground turmeric 1 teaspoon ground cumin 1/2 teaspoon ground ginger 1/2 teaspoon ground cinnamon 1/8 teaspoon ground red pepper 5 garlic cloves, minced 1 1/2 cups fat-free chicken broth 1/3 cup dates, pitted and sliced 1/3 cup dried apricot, sliced 2 teaspoons lemon rind, julienned (1 inch pieces) 1/2 teaspoon salt 1/3 cup fresh parsley, chopped 1/3 cup lemon, sections peeled and chopped 2 tablespoons fresh cilantro, chopped 3 cups couscous, cooked (hot)"
624,"4 chicken legs (de-skinned if you prefer) 2 small white onions 2 garlic cloves, minced 1 tablespoon olive oil 1 piece gingerroot 2 cups chicken broth 4 sprigs coriander pitted green olives 1 whole preserved lemon, sliced 2 teaspoons harissa or 2 teaspoons chili paste 2 teaspoons cumin 1 teaspoon ginger powder 1 teaspoon turmeric (for color) or 1 teaspoon saffron (for color) 3 dried chilies (to garnish)"
627,"1 teaspoon ground cinnamon 1 teaspoon ground ginger 1/2 teaspoon turmeric 1/2 teaspoon black pepper 1 1/4 teaspoons salt 3 tablespoons olive oil 1/4 cup olive oil 1 chicken, cut into 6 pieces, wings and backbone discarded (about 3 lbs) 1 tablespoon unsalted butter 1 medium red onion, halved, then sliced 1/4 inch thick 4 garlic cloves, finely chopped 5 sprigs fresh cilantro 5 sprigs fresh flat-leaf parsley 1 1/2 cups water 2 tablespoons mild honey 1 cinnamon stick (3-inch) 1/2 cup dried apricot, separated into halves 1/3 cup whole blanched almond kitchen string"
628,"1 teaspoon ground cumin 1/2 teaspoon paprika 1/4 teaspoon cayenne pepper 6 boneless skinless chicken thighs (1 1/2 pounds) 2 tablespoons olive oil, divided 2 medium fennel bulbs, stalks trimmed, bulbs halved vertically, then cut crosswise into 1/2-inch slices 2 cups low sodium chicken broth 2 tablespoons fresh lemon juice 3/4 cup pitted green olives in brine, quartered lengthwise 1 cup coarsely chopped fresh cilantro"
629,"2 tablespoons olive oil 2 teaspoons ground coriander 2 teaspoons ground cumin 1 1/2 teaspoons ground cinnamon 1 1/2 teaspoons turmeric 1 teaspoon grated lemon, zest of 1 1/2 tablespoons lemon juice 1 1/2 teaspoons harissa 8 chicken thighs, skin removed 2 tablespoons olive oil 2 onions, chopped 2 carrots, sliced into coins 2 cloves garlic, minced 2 teaspoons grated ginger 6 ounces button mushrooms, halved 8 large dried figs, coarsely chopped 2 tablespoons all-purpose flour 1 3/4 cups chicken stock 2 tablespoons tomato paste 1 tablespoon lemon juice 3/4 cup pitted black olives 1/3 cup shelled pistachio nuts or 1/3 cup pine nuts 2 -3 tablespoons chopped fresh parsley (to garnish)"
630,"6 chicken breasts 2 medium onions, thinly sliced 2 garlic cloves, minced 1/4 cup extra virgin olive oil 2 saffron threads 1/4 teaspoon ground cumin 1/2 teaspoon ground ginger 1/2 teaspoon ground black pepper 1 teaspoon paprika 1/4 teaspoon salt, to taste 1 cup flat leaf parsley, finely chopped 1 cup cilantro, finely chopped 4 cups potatoes, diced bite-size 2 cups green peas"
631,"4 chicken breasts, each cut in two 2 tablespoons olive oil 2 brown onions, cut into quarters juice lemon 2 garlic cloves, crushed 1 teaspoon saffron thread 1 teaspoon ground turmeric 3 pieces preserved lemon rind, rinsed, 2 diced, 1 cut into thin strips 1 bunch coriander, freshly chopped 1 cup chopped flat leaf parsley salt & freshly ground black pepper 4 potatoes 1 1/2 cups water crusty bread, to serve"
632,"2 tablespoons olive oil 1 red onion, grated 2 garlic cloves, crushed 1/2 teaspoon ras el hanout spice mix (<a href=""https://www.food.com/recipe/ras-el-hanout-moroccan-spice-mix-262189/"">ras el hanout - moroccan spice mix</a>) 1/2 teaspoon ground cinnamon 1/2 teaspoon ground ginger 1/2 teaspoon salt 1/4 teaspoon pepper 1 pinch saffron 1 tablespoon lemon juice 1 (14 ounce) can diced tomatoes (use a good quality brand) 1 (8 ounce) can tomato sauce 2 -3 lbs skinless chicken pieces, breasts & leg quarters 1 1/2-2 tablespoons fragrant honey 1/3 cup water 1 tablespoon blanched almond, to garnish 1/2 tablespoon sesame seeds, to garnish"
633,"2 tablespoons olive oil 8 boneless skinless chicken breasts 2 onions, chopped 1 lb butternut squash, peeled, seeded, cut into 3/4-inch pieces 1/2 teaspoon ground cinnamon 1/2 teaspoon ground cumin 1/4 teaspoon saffron thread 2 cups chicken stock or 2 cups canned low sodium chicken broth 4 ounces kumquats, quartered lengthwise, seeded 4 ounces pitted prunes 2 tablespoons honey freshly cooked couscous chopped fresh cilantro"
634,"3 1/2 lbs chicken breast halves, thighs, and drumsticks 1 tablespoon all-purpose flour 1 tablespoon extra-virgin olive oil 2 lbs shallots, peeled 3 cinnamon sticks 1 1/2 teaspoons ground ginger 1 teaspoon ground cumin 1/2 teaspoon turmeric 1/8 teaspoon cayenne pepper (can use more if you like) 3 cups low sodium chicken broth 5 tablespoons fresh lemon juice, divided 12 dates, pitted, halved 1/4 cup almonds, toasted, coarsely chopped 1/4 cup chopped fresh cilantro"
635,"1 tablespoon olive oil 1 large onions, diced or 2 cups diced onions 4 garlic cloves, minced or 4 teaspoons minced garlic 1 teaspoon ground cumin 1 teaspoon ground coriander 1 teaspoon ground ginger 1/2 teaspoon ground cinnamon 1 (15 ounce) can crushed tomatoes 3 cups cooked chickpeas or 2 (15 ounce) cans chickpeas, rinsed and drained 1 cup whole wheat couscous 1 cup pitted dates, halved 1/4 cup lemon juice 1/2 cup chopped fresh cilantro"
636,"3 tablespoons butter (or bacon drippings or schmaltz) 2 onions (chopped) 3/4 lb ground beef 4 garlic cloves (minced) 2 teaspoons tomato paste 2 tablespoons chili powder (or harissa or pilpelchuma) 5 cups very ripe tomatoes (about 5 large, or a 28 ounce can of whole peeled tomatoes, chopped) 1 (14 1/2 ounce) can kidney beans 4 eggs 1 cup cheddar cheese (grated) 1/2 cup sour cream (or labneh or greek yogurt) 1/2 cup parsley (chopped)"
637,"1 cup/ 250ml israeli couscous salt & freshly ground black pepper 3 tablespoons/ 45ml olive oil 4 ounces/ 225g chorizo sausage, diced 1 shallot, cut into very small dice 1 garlic clove, minced peel of 1 preserved lemon, recipe follows, finely chopped 1 handful fresh chives, finely chopped 1 handful fresh parsley, finely chopped 8 lemons 3 cups/ 750ml coarse salt 1 1/2 cups/ 375ml fresh lemon juice 1 tablespoon/ 15ml peppercorn 4 fresh kaffir lime leaves"
638,1/3 cup slivered almonds 2 cups water 1 cup diced dates 1 teaspoon ground cardamom 1/2 teaspoon ground cinnamon 1/4 teaspoon ground ginger 1 tablespoon olive oil 1 (10 ounce) package couscous
639,"2 tablespoons flour, divided 1 1/4 teaspoons cinnamon 1/2 teaspoon cumin 1/2 teaspoon ginger 1/4 teaspoon ground red pepper 1/4 teaspoon sea salt 4 small boneless skinless chicken thighs (1 1/4 pounds) 1 tablespoon olive oil 1 cup chicken broth 1/2 cup pitted dates, sliced 1/4 cup toasted sliced almonds"
640,1 1/2 teaspoons ground cinnamon 1 teaspoon ground ginger 1 teaspoon turmeric 1/2 teaspoon ground black pepper 1/2 teaspoon allspice 1 1/2 teaspoons ground cumin 1/2 teaspoon ground coriander
641,"3/4 cup couscous 3/4 cup coconut 1 tablespoon cornflour 3/4 cup soymilk 3/4 cup coconut milk, lite 1/4 cup golden syrup 1/2 teaspoon mixed spice yoghurt, to serve"
642,1 cup rice (feel free to substitute brown rice if needed) 1 (15 ounce) can coconut milk 1 (29 ounce) can diced tomatoes 4 medium habanero peppers 1 small green pepper (diced) 1 small yellow onion (diced) 1/4 cup vegetable oil 1 teaspoon sea salt 1 teaspoon black pepper
643,"16 ounces collard greens, tough stems removed, leaves chopped 1 tablespoon garlic, minced or 3 garlic cloves 1 1/2 cups diced onions or 1 large onion 2 cups sliced mushrooms or 6 -8 mushrooms 1 red bell pepper, seeded and chopped 1 (15 ounce) can fire-roasted tomatoes 1/4 cup raisins 1 (15 ounce) can low-sodium chickpeas, drained and rinsed 1/2 teaspoon ground coriander (or to taste) 1 teaspoon cinnamon (or to taste) 1/2 teaspoon ground cumin (or to taste) 1/8 teaspoon crushed red pepper flakes 1/2 teaspoon oil (to coat pan)"
644,"16 ounces quick couscous or 12 ounces israeli couscous 3 lbs frozen corn, thawed and cooked,let cool. 2 (12 ounce) cans black beans, drained and rinsed in cold water 8 ounces chopped red onions 3 ounces chopped green peppers 3 ounces chopped yellow peppers 3 ounces chopped orange bell peppers 3 ounces chopped red peppers 3 small zucchini, halved and thinly sliced- use a mandoline 1 cup kalamata olive, pitted and sliced 1 1/2 cups olive oil 1/4 cup white wine vinegar 1/4 cup white balsamic vinegar 2 1/2 teaspoons cumin 1 teaspoon chopped fresh basil 1 teaspoon chopped fresh thyme 1 tablespoon chopped fresh marjoram"
645,"6 cups cooked couscous, prepared with chicken broth 1 can garbanzo beans, drained and rinsed 1 can corn, drained and rinsed 1 can black-eyed peas, drained and rinsed 1 large tomatoes, chopped 3 green onions, chopped 1/2 bottle italian salad dressing"
646,"4 tablespoons olive oil 8 boneless chicken thighs, halved 4 garlic cloves, crushed 2 onions, chopped 1 teaspoon ground turmeric 1 teaspoon dried basil salt and black pepper water 1 tablespoon coriander (cilantro) 4 ounces black olives, pitted 1 lemon, sliced"
647,"250 g israeli couscous or 250 g normal couscous 50 g coriander, chopped 1 lemon, zest of 1/4 cup olive oil 100 g nuts, toasted salt and pepper"
648,"1 cup couscous 1/2 teaspoon chicken stock powder 1 cup boiling water 1 tablespoon butter 2 spring onions, chopped 420 g corn, drained 2 tablespoons chopped parsley"
649,"1 1/2 cups couscous 1 cup mung beans 2 1/4 ounces pine nuts 3 golden beets, sliced 3 stalks beet leaves, roughly chopped 1/2 onion, diced 6 garlic cloves 6 ounces portabella mushrooms, sliced 6 ounces plum tomatoes, halved 1 lemon, juiced and zested 1 tablespoon butter, vegan 1 tablespoon italian seasoning 2 tablespoons nutritional yeast salt and pepper"
650,"1 cup couscous boiling water 1 tablespoon olive oil 2 teaspoons sherry wine vinegar 1/2 teaspoon harissa 1 teaspoon lemon juice 1 cup dried apricot, diced 2 -3 cups pomegranate seeds (from 1 pomegranate) 1 green pepper, diced"
651,1 1/2 cups couscous 2 3/4 cups water 1 tablespoon olive oil or 1 tablespoon butter 1/4 teaspoon salt
652,"1 cup uncooked couscous 1 cup chopped green peppers or 1 cup red pepper 1/2 cup shredded carrot 2 cups cooked chicken, shredded 1 cup sliced celery 2 green onions, sliced 1/3 cup orange juice 1/3 cup oil 1/4 cup chopped fresh parsley 2 tablespoons lemon juice 2 tablespoons soy sauce 1/4 teaspoon ground ginger 1 dash salt 1/8 teaspoon pepper"
653,"2 cups good chicken stock or 2 cups vegetable stock 3/4 teaspoon cinnamon 1/2 teaspoon ground ginger 1/2 teaspoon ground cumin 1/4 teaspoon turmeric 1 cup couscous 1 medium carrot, cut into 1/4 inch dice 1 small red onion, cut into 1/4 inch dice 1 small red bell pepper, cut into 1/4 inch dice 1 small cucumbers or 1 small zucchini, cut into 1/4 inch dice 1 small sweet crisp apple, cut into 1/4 inch dice 1/3 cup currants (optional) or 1/3 cup raisins (optional) 1 -2 cup canned chick-peas, rinsed and drained 1/2 lemon, juice of, fresh 1/2 teaspoon salt 1/4 teaspoon fresh ground black pepper bottled vinaigrette dressing (i like a greek vinaigrette) or oil and vinegar, to taste"
654,2 cups water 1 small cucumber 1 1/2 cups couscous 1/2 cup raisins 1/2 teaspoon turmeric 1 medium tomatoes 1 small onion 1 tablespoon mint 1 (15 1/2 ounce) can chickpeas 1/3 cup lime juice 1 1/2 tablespoons olive oil 1 teaspoon ginger 3/4 teaspoon cumin 1/2 teaspoon sugar 1/2 teaspoon salt 1/4 teaspoon pepper 1/2 teaspoon minced garlic
655,"1 1/2 cups water 1 1/2 cups pitted and coarsely chopped medjool dates (about 16 dates) 1/4 cup melted unsalted butter, lukewarm 1/2 teaspoon baking soda 1 cup unbleached all-purpose flour, sifted 1/2 cup uncooked medium couscous 1 1/2 teaspoons baking powder 1/2 cup sugar 4 eggs 1 cup icing sugar 5 teaspoons milk"
656,"1 1/2 cups couscous 2 tablespoons olive oil 1 green chili pepper, seeded and minced 1 teaspoon ground cumin 1 teaspoon ground coriander 2 minced garlic cloves 1 1/2 cups frozen shelled edamame 3 cups cherry tomatoes, halved 1 cup of fresh mint or 1 cup basil leaves, chopped 1 bunch scallion, sliced (green onions) 1 tablespoon fresh lemon juice 2/3 cup crumbled feta cheese black olives, if desired (kalamata) salt and pepper, to taste"
657,"1 cup chicken or 1 cup vegetable broth 1 cup uncooked whole wheat couscous 2 cups chopped seeded tomatoes (about 2 medium) 1 cup diced cucumber (about 1) 1 cup thinly sliced green onion (about 6) 1/2 cup grated carrot (1 medium) 1/2 cup red bell pepper 1 (15 1/2 ounce) can chickpeas, drained (garbanzo beans) 2 tablespoons extra virgin olive oil 2 tablespoons red wine vinegar 1 tablespoon fresh lemon juice 2 teaspoons chopped fresh oregano or 1 teaspoon dried oregano 1 teaspoon minced garlic 1/2 teaspoon salt 1/4 teaspoon fresh ground black pepper 1/4 teaspoon crushed red pepper flakes"
658,"12 raw shrimp, peeled and chopped (about 3/4 pound) 1 small chicken breast, boned,skinned and chopped (generous 1/2 cup) 1 tablespoon emeril creole seasoning (recipe below) 1 tablespoon olive oil 4 ounces chopped andouille sausages (1/2 cup) 1/4 cup chopped onion 1/4 green bell pepper 1/4 cup chopped celery 2 tablespoons minced garlic 1/2 cup peeled seeded and chopped italian plum tomato (about 2) 3 bay leaves 1 teaspoon worcestershire sauce 1 teaspoon hot pepper sauce 1 cup chicken stock 1 teaspoon salt 1 teaspoon fresh ground black pepper 1 1/2 cups couscous 2 1/2 tablespoons paprika 2 tablespoons salt 2 tablespoons garlic powder 1 tablespoon black pepper 1 tablespoon onion powder 1 tablespoon cayenne pepper 1 tablespoon dried oregano leaves 1 tablespoon dried leaf thyme"
659,"1 tablespoon olive oil 1 medium size onion, chopped 3 garlic cloves, chopped 1 medium size sweet red pepper, cut into 1/2 inch pieces 1 medium size yellow sweet pepper, cut into 1/2 inch pieces 1/2 teaspoon salt 1/2 teaspoon pepper 1/2 teaspoon dried thyme 1/2 teaspoon red pepper flakes 1/2 teaspoon turmeric 1 (14 1/2 ounce) can chicken broth 1 cup water 1 (10 ounce) box frozen peas, thawed 1 1/2 lbs large shrimp, shelled and cleaned 1 (10 ounce) box couscous (about 1 3/4 cups) 1/2 cup pitted black olives, sliced"
660,"1 onion, chopped 2 carrots, sliced 2 chicken bouillon cubes salt pepper 1 cup couscous 1 tablespoon butter"
661,"2/3 cup raisins 2/3 cup boiling water 1 1/2 cups chicken broth 1/8 teaspoon powdered saffron 1 1/2 cups couscous, uncooked 1 1/2 cups celery, diced 1/3 cup green onion, sliced 1/3 cup pine nuts, toasted 1/4 cup fresh parsley, minced 1/4 cup fresh lemon juice 1/2 teaspoon salt 1/4 teaspoon pepper 1/4 teaspoon ground cinnamon 1/2 cup olive oil"
663,"1 cup couscous boiling water 1/2 cup parsley, chopped 1 green onion, diced 1 tomatoes, diced 1/2 red pepper, diced (or yellow or orange) 1/2 cup feta, crumbled 1/4 cup almonds, whole 3 tablespoons olive oil salt and pepper, to taste ground fresh chili paste, to taste"
664,"1 cup shelled pecans 1 1/2 cups couscous 1 cup dried cranberries 1/2 teaspoon turmeric 2 cups boiling water 1 cup thawed frozen peas 3 scallions, very thinly sliced 2 medium cucumbers, peeled,seeded,and diced 1/4 cup shredded fresh basil 1 lemon, zest of 1/3 cup lemon juice 3 cloves garlic, minced 1/2 teaspoon salt fresh ground black pepper 1/3 cup olive oil"
665,"1 cup diced raw onion 2 teaspoons olive oil 8 ounces your favorite seasoned sausage, crumbled (can use veggie sausage) 3 garlic cloves, minced 1 1/2 cups diced fresh tomatoes 2 teaspoons minced fresh french basil 2 cups chicken broth (or vegetable broth, for vegetarian) 2 cups couscous 1 tablespoon crumbled feta cheese (optional) salt & freshly ground black pepper, to taste fresh lemon juice or lime juice, to taste"
666,"1 cup no-salt-added chicken broth 1 teaspoon dried basil 1 garlic clove, minced 3/4 cup couscous, uncooked 1 tablespoon white wine vinegar 1 1/2 teaspoons olive oil 1/2 teaspoon black pepper 1/8 teaspoon salt 1 cup tomatoes, seeded and chopped"
667,2 teaspoons olive oil 1/2 onion 2 garlic cloves 1 zucchini 1 (4 ounce) can green peppers 2 stalks celery 1/2 teaspoon basil 1 (14 1/2 ounce) can stewed tomatoes 1 (16 ounce) can black beans (drained and rinsed) 1/2 cup couscous 10 olives 1/4 cup parmesan cheese 1/2 cup cheddar cheese 1/2 cup breadcrumbs 1 teaspoon salt
668,"2 tablespoons olive oil 2 cups israeli couscous (or barley or orzo) 4 cups low sodium chicken broth 1/4 cup fresh flat-leaf parsley, chopped 1 1/2 tablespoons fresh rosemary leaves, chopped 1 teaspoon fresh thyme leave, chopped 1 medium green apple, diced 1 cup dried cranberries 1/2 cup slivered almonds, toasted 1/4 cup apple cider vinegar 2 -3 tablespoons maple syrup 1/2-1 teaspoon kosher salt 1/2 teaspoon fresh ground black pepper 1/4 cup olive oil (i recommend about 2 tbs less)"
669,"1 tablespoon olive oil 2 cups red onions, diced 1 cup couscous 1 teaspoon garlic powder 1/2 teaspoon ground black pepper 1/2 teaspoon salt 1/4 cup crumbled goat cheese 1 cup chicken broth"
670,"4 1/2 cups water 1/4 cup extra-virgin olive oil 3 cinnamon sticks, halved 1 1/2 teaspoons ground cumin 2 1/2 teaspoons coarse salt 1 cup chopped dried apricot two 10-ounce boxes couscous (about 3 1/4 cups) 3/4 cup dried currant 1 cup shelled natural pistachios, toasted lightly, cooled, and chopped coarse 3 tablespoons chopped fresh mint leaves"
671,"2 tablespoons olive oil 2 garlic cloves, minced 1/2 teaspoon turmeric 1 2/3 cups water 1 teaspoon lemon zest, finely grated 1/2 teaspoon coarse salt 1 1/2 cups couscous 1/4 cup fresh cilantro, chopped 2 tablespoons fresh lemon juice salt and pepper, to taste"
672,"1 1/4 cups water 2 tablespoons butter 2 teaspoons chicken bouillon granules 1/4 teaspoon salt 1/4 teaspoon pepper 1 cup uncooked couscous 1 (7 ounce) can mushroom stems and pieces, drained"
673,"1 1/2 teaspoons garlic, minced 3 tablespoons olive oil 1 3/4 cups vegetable broth 1/4 teaspoon salt 1 1/2 cups couscous 16 black olives, pitted and coarsely chopped 1/2 cup flat leaf parsley, chopped 1 1/2 teaspoons lemon zest, finely grated"
674,"2 teaspoons earth balance vegan butter 1 small shallot, finely chopped (approx. 1/4 cup) 1 cup low sodium vegetable broth 1/2 cup whole wheat couscous 1/4 cup pine nuts, toasted 1/4 cup currants 1/4 teaspoon salt"
675,"4 tablespoons unsalted butter 3/4 cup chopped shallot (3 to 4 shallots) 3 cups chicken stock, preferably homemade 1/2 teaspoon kosher salt 1/2 teaspoon freshly ground black pepper 1 1/2 cups couscous 1/2 cup toasted pine nuts (pignolis) 1/4 cup dried currant 2 tablespoons chopped fresh flat-leaf parsley"
676,"1/2 large pumpkin, seeds and skin removed olive oil 1 teaspoon salt 1/2 teaspoon black pepper 1 onion, peeled and chopped 2 garlic cloves, crushed 1 1/2 cups chicken stock 1 1/2 cups couscous, instant 1/2 cup raisins 1/2 cup almonds, sliced and toasted 1/3 cup coriander, fresh and chopped"
677,"1 tablespoon olive oil 1 large sweet onion, thinly sliced (such as spanish, vidalia or bermuda) 1/2 cup raisins 1 tablespoon granulated sugar 3 whole cloves 3 inches cinnamon sticks 1/4 teaspoon black pepper 1/4 teaspoon ground ginger 1/4 teaspoon freshly grated nutmeg 2 cups couscous chicken stock (as needed) or mushroom stock (as needed) panir (optional)"
678,2 1/2 cups chicken stock or 2 1/2 cups vegetable stock 1/2 teaspoon ground cumin 1/4 teaspoon paprika 1/4 teaspoon ground black pepper 1/4 teaspoon cinnamon 1/2 teaspoon turmeric 1/2 cup chopped red onion 1/4 cup diced carrot 1/2 cup diced turnip 1/2 cup diced red pepper 1/2 cup diced zucchini 2 cups couscous 1/2 cup fresh peas or 1/2 cup frozen peas salt 3 tablespoons chopped fresh coriander
679,"2 tablespoons olive oil 1 onion, chopped 2 garlic cloves, finely chopped 2 teaspoons moroccan mixed spice (see below) 2 (15 ounce) cans chickpeas, rinsed, drained 1 (15 ounce) can chopped tomatoes 2 cups vegetable stock 2 zucchini, chopped 1 cup green beans, trimmed, halved 1/2 cup chopped dried fig 2 cups couscous 2 tablespoons chopped coriander leaves 1 tablespoon harissa (optional) or 1 tablespoon hot sauce, to taste (optional) 1 teaspoon ground cumin 1 teaspoon ground ginger 1 teaspoon salt 3/4 teaspoon black pepper 1/2 teaspoon ground cinnamon 1/2 teaspoon ground coriander 1/2 teaspoon cayenne 1/2 teaspoon ground allspice 1/4 teaspoon ground cloves"
680,"1 (12 ounce) can chicken broth or 1 (12 ounce) can vegetable broth 1/2 cup water 1 cup couscous 1 cup sun-dried tomato, diced 1 1/2 tablespoons dried basil salt and black pepper 3/4-1 cup toasted pine nuts"
681,"1 tablespoon butter 1 garlic clove, grated 1/2 cup couscous, uncooked 1 cup chicken stock 1 tomatoes, skinned, deseeded and cut into small dice salt and pepper 1/4 cup pine nuts, toasted"
682,"1 tablespoon butter 1 tablespoon olive oil 1/4 cup onion, chopped 2 garlic cloves, peeled and chopped 3/4 cup summer squash, diced salt and pepper, to taste 1 1/4 cups low sodium chicken broth (or vegetable broth) 1 cup couscous 1/4 cup cilantro, chopped (or italian parsley)"
683,"200 g baby red capsicums, chargrilled & chopped 200 g zucchini, quartered & sliced 100 g sun-dried tomatoes, chopped 1/4 cup fresh parsley, finely chopped 100 g walnuts, chopped 200 g couscous 4 tablespoons olive oil 2 tablespoons lemon juice"
684,"1/4 cup toasted pc unsalted raw california almonds, coarsely chopped 3 garlic cloves 2 cups fresh parsley, lightly packed 2 cups fresh cilantro, lightly packed 2 jalapeno peppers, seeded and chopped 1/2 cup extra virgin olive oil 1/4 cup fresh lemon juice 1/2 teaspoon ground cardamom 1/2 teaspoon ground cumin salt & freshly ground black pepper carrot harissa dip blended with flax seed 1/2 cup ricotta cheese 1/4 cup green onion, finely chopped 1/4 cup cilantro, finely chopped cornstarch, for dusting 42 square wonton wrappers (3 1/4 inch/8 cm) 1 large egg, beaten with 1 tbsp (15 ml) 3 2/3 cups vegetable oil (for frying) 1/4 teaspoon each salt & freshly ground black pepper"
685,"2 tablespoons butter 4 shallots, diced 1 medium sweet onion, diced 2 lbs goat meat or 2 lbs lamb stew meat, chunked 3 garlic cloves, minced 2 large heirloom tomatoes, chunked 1 cinnamon stick 2 ounces dried apricots, chopped 1 quart chicken soup (pho) 2 cups cooked brown rice 2 teaspoons ground cumin 2 teaspoons ground coriander 2 teaspoons ground ginger 3 teaspoons paprika 2 teaspoons turmeric 1 teaspoon chili powder 2 teaspoons sea salt black pepper (3 grinds) baby arugula, washed well 2 cups cubed roasted butternut squash"
686,"2 teaspoons cooking oil 2 cups thinly sliced onions 2 garlic cloves, minced 1/2 teaspoon finely grated gingerroot 1/2 teaspoon chili powder 1/2 teaspoon ground cumin 1 lb boneless skinless chicken thighs, halved 1/2 cup dry white wine or 1/2 cup chicken broth 2 tablespoons honey 4 inches cinnamon sticks 6 green cardamoms, bruised or 1/4 teaspoon ground cardamom 1 dash salt 1/4 cup orange juice 2 teaspoons cornstarch 3 tablespoons slivered almonds, toasted (optional)"
687,"6 chicken thighs (bone-in, skin off) 1 teaspoon cornstarch 1 small onion, sliced 4 garlic cloves, sliced (to taste, or depending on how strong the garlic is) 1/2 lb brown lentils 2 teaspoons paprika 1 teaspoon cinnamon 1 teaspoon turmeric 1 1/2 teaspoons cumin 1 teaspoon ground coriander 2 cups chicken broth or 2 cups stock salt pepper 1 teaspoon olive oil nonstick cooking spray"
688,"1 medium onion, finely chopped 1 tablespoon olive oil 4 shoulder lamb chops salt pepper 1 1/2 teaspoons gingerroot, freshly shaved 1/2 teaspoon ground cumin (i used 1 teaspoon because i love cumin!) 2 garlic cloves, minced 1 cinnamon stick 1 tablespoon cilantro, chopped 1 cup prune, pitted 2 tablespoons honey 1 1/2 tablespoons lime juice 2 tablespoons sesame seeds, toasted"
689,"3 cups cabbage, finely shredded 1 cup apple, diced 1 cup english cucumber, diced 1/4 cup raisins 2/3 cup mayonnaise 1 tablespoon fresh lemon juice 1/2 tablespoon vinegar 1/2 teaspoon salt 1/4 teaspoon sugar 1/2 cup roasted peanuts, chopped"
690,"1 1/2 cups chicken broth 1/2 cup golden raisin 1 teaspoon curry powder 1/4 teaspoon salt 1 cup uncooked couscous 1/3 cup oil 2 tablespoons lemon juice 1 teaspoon sugar 1/2 cup slivered almonds, toasted 2 fresh green onions, sliced"
691,"1 3/4 cups water 1 cup couscous, uncooked 1 1/2 cups broccoli florets 1/2 cup red onion 1/3 cup carrot 1/4 cup raisins 1/4 cup roasted cashews, chopped 2 tablespoons white wine vinegar 1 1/2 tablespoons olive oil 1 tablespoon sugar 1 1/2 teaspoons curry powder 1 teaspoon fresh ginger 3/4 teaspoon salt 1 (15 ounce) can chickpeas, drained and rinsed 3/4 cup feta cheese"
692,"5 cups sweet potatoes, peeled and diced 2 cups parsnips, peeled and diced 1 1/2 tablespoons olive oil 1 teaspoon ras el hanout spice mix 3 carrots, peeled and cut crosswise into 2 inch pieces 1 teaspoon kosher salt 1 1/4 cups vegetable broth 1 cup uncooked couscous 1 (15 ounce) can garbanzo beans, rinsed and drained 1 tablespoon olive oil 1 yellow onion, cut into 1/4-inch-thick slices then separated into rings 1/4 cup pine nuts 1/4 cup raisins 1 teaspoon ground cinnamon 1 tablespoon honey"
693,"1 tablespoon olive oil 2 cups onions, slivered 2 cups zucchini, finely diced 2 tablespoons fresh garlic, minced 1/8 teaspoon chili flakes 2 tfresh ginger, finely chopped 2 teaspoons ground cumin 3/4 cup dates, coarsely chopped 1/4 cup roasted black olives, pitted and coarsely chopped 1 -2 cup couscous, prepared 1/2 cup fresh cilantro, coarsely chopped 1/4 cup of fresh mint, finely chopped 1 lemon, juice and zest of salt, to taste 1 tablespoon olive oil 1 tablespoon fresh garlic, minced 1/8 teaspoon chili flakes 2 lbs medium black tiger shrimp, peeled and deveined salt, to taste"
694,"4 -5 hardboiled large eggs, peeled 2 -3 tablespoons mayonnaise (or combination of both) or 2 -3 tablespoons plain yogurt (or combination of both) 1 teaspoon harissa, to taste (homemade is best!) 1 teaspoon extra virgin olive oil 1/4 teaspoon spanish smoked paprika (i used a combination of 1/8 t. smoked paprika and 1/8 t. chipotle powder) salt, to taste (omit or use less salt if using the preserved lemon) 1/2 teaspoon preserved lemon (if you don't have preserved lemon add 1/2 tablespoon of fresh lemon juice) 1/2 tablespoon roasted almonds, finely chopped (pine nuts will work, too.) fresh cilantro, parsley, chives (your choice) or mint (your choice) caraway seed (optional)"
695,"8 lamb loin chops 1 tablespoon vegetable oil 1/4 cup vegetable oil salt pepper 1 medium onion, finely chopped 1/4 cup grainy french mustard 3 -4 tablespoons water 1/2 teaspoon sugar (optional)"
696,"4 lamb shanks olive oil, for browning salt, to taste 1/2 teaspoon black pepper 1 onion, chopped 1 tablespoon olive oil 3 tablespoons unsalted butter 1 stalk celery, finely sliced 1 carrot, finely sliced 1 red bell pepper, finely chopped 4 garlic cloves, minced 1 (16 ounce) can diced tomatoes, not drained 1 teaspoon ground turmeric 1 teaspoon ground paprika 1 teaspoon ground cumin 1 teaspoon ground ginger 1/2 teaspoon saffron salt, to taste 1 quarter preserved lemons or 1 quarter fresh lemon 1 tablespoon capers 1 1/2 teaspoons brown sugar 1 -2 cup water 3 medium zucchini, quartered lengthwise and then cut in 2 inch long pieces 1 tablespoon fresh parsley, finely chopped 1 tablespoon fresh cilantro, finely chopped"
697,"1 (8 ounce) can tomato sauce 1/4 cup paprika 1/4 cup dry red wine 1 tablespoon gingerroot, grated (may substitute 1 tsp ground ginger) 1 -2 teaspoon ground red pepper 1/8 teaspoon ground cardamom 1/8 teaspoon ground nutmeg 1/8 teaspoon ground cloves 1/8 teaspoon ground cinnamon 1/8 teaspoon ground allspice 2 medium onions, chopped 3 garlic cloves, minced 2 tablespoons cooking oil 1/2 teaspoon ground turmeric 1 teaspoon salt 1 broiler-fryer chicken, cut up (2 1/2 to 3 pounds) 1/4 cup dry red wine ethiopian flat bread"
698,"4 skinless chicken legs, separated into thigh and drumstick salt 3 tablespoons lemon juice 1/4 cup unsalted butter 2 large onions, finely chopped 3 garlic cloves, minced 2 tablespoons paprika 1 teaspoon ground black pepper 1/2 teaspoon ground fenugreek 1/2 teaspoon cumin 1/2 teaspoon cardamom 1/2 teaspoon cayenne pepper 1/4 teaspoon coriander powder 1 pinch ground cinnamon 1 pinch clove 1 pinch nutmeg 1 pinch allspice 1 cup water 4 hard-boiled eggs, peeled"
699,"2 lbs skinless chicken legs lemon juice 2 large red onions, finely chopped 1 1/2 cups berbere (ethiopian spice mixture) 1 cup <a href=""https://www.food.com/recipe/niter-kibbeh-ethiopian-spiced-butter-532825"">niter kibbeh: ethiopian spiced butter</a> recipe to make butter, for serving 1/2 cup fresh garlic, finely ground 1/2 cup fresh ginger, finely ground 6 peeled hard-boiled eggs salt use <a href=""https://www.food.com/recipe/injera-fermented-sourdough-bread-532832"">injera (fermented sourdough bread)</a> recipe to make bread, for serving"
700,"3 cups chicken broth or 3 cups water 2 cups couscous 2 cups dried tart cherries 2 cups carrots, coarsely chopped 1 1/2 cups cucumbers, chopped 1/2 cup balsamic vinegar 3 tablespoons olive oil 2 tablespoons dijon mustard salt and pepper, to taste toasted slivered almonds, for garnish (optional)"
701,"1 whole chicken, cut up into serving pieces 1/2 teaspoon salt 1/2 teaspoon pepper 1 tablespoon olive oil 3 cups vertically sliced onions 1 tablespoon peeled chopped fresh ginger 1 teaspoon curry powder 1/2 teaspoon ground cinnamon 1/2 teaspoon ground cardamom 1/4 teaspoon ground red pepper 2 garlic cloves, thinly sliced 1/2 cup reduced-sodium fat-free chicken broth 1/2 dry white wine 3 tablespoons chopped pitted dates 3 tablespoons golden raisins"
702,"cold water (three to six cups) 3 -4 teaspoons tea (earl grey, english breakfast, irish breakfast, etc.) 6 green cardamom pods, bruised honey or sugar, to taste milk (i use homemade almond milk to be dairy free)"
703,"2 ounces butter or 2 ounces oil 1 cup chopped onion 1 teaspoon garlic powder 1 tablespoon curry powder 1 teaspoon turmeric 1 tablespoon salt 1/2 teaspoon chili powder 1 cup coconut cream 2 lbs pork (shrimp or chicken) 2 cups potatoes, diced 1 cup water 2 ounces lemon juice 1 cup coconut cream 2 bananas (optional) 1/2 cup coconut flakes (optional) 4 tablespoons butter (optional)"
704,"2 cups chopped onions 1 teaspoon minced garlic 1 tablespoon vegetable oil 1/2 teaspoon grated fresh ginger 1 teaspoon salt 1/2 teaspoon ground black pepper 1 small habanero pepper, finely chopped 1 teaspoon ground coriander 1 teaspoon ground cumin 1/4 teaspoon ground cardamom 1 dash clove (no more than 1/8 tsp) 1/4 teaspoon turmeric 2 tomatoes, chopped 1 sweet potato, diced (about 2 cups) 3 1/2 cups water 1 lb frozen green pea, thawed"
705,"4 -4 1/2 lbs roasting chickens 2 tablespoons butter, softened plus extra butter, for basting 3 garlic cloves, crushed 1 teaspoon fresh ground black pepper 1 teaspoon ground turmeric 1/2 teaspoon ground cumin 1 teaspoon dried thyme 1 tablespoon fresh cilantro, minced 4 tablespoons thick coconut milk 4 tablespoons medium-dry sherry 1 teaspoon tomato puree salt, and chili powder, to taste"
706,"2 cups cherry tomatoes or 2 cups grape tomatoes, halved 1/2 small white onion, minced 1 green onion, white and little part of green,chopped 2 tablespoons chopped fresh cilantro 2 tablespoons chopped fresh flat-leaf parsley 1 jalapeno pepper, minced 2 teaspoons lemon juice 1/2-1 teaspoon salt, to taste"
707,"1 cup carrots, peeled and chopped or 1 cup baby carrots 2 tablespoons olive oil or 2 tablespoons clarified butter 1 teaspoon balsamic vinegar 1 pinch salt 1 pinch black pepper 1 teaspoon honey 1/4 lemon, juice of 1 pinch cinnamon"
708,"1 tablespoon olive oil 1 medium yellow onion, chopped 1 garlic clove, minced 3 cups vegetable stock 1 (28 ounce) can crushed tomatoes 1 tablespoon tomato paste 1 pinch sugar (or a natural sweetener) 2 bay leaves salt fresh ground black pepper 1 cup cooked israeli couscous 2 tablespoons chopped fresh basil leaves (to garnish)"
709,"1 eggplant, large 1 teaspoon sesame seeds, mashed (use tahini spread) 1/2 teaspoon salt 1 garlic clove, mashed 4 tablespoons lemon juice 2 tablespoons parsley, fresh and finely chopped"
710,"4 teaspoons green tea leaves or 4 teaspoons moroccan tea 24 fresh spearmint, plus more for garnish 4 -5 tablespoons sugar (to taste) 1 quart boiling water"
711,2 lbs top round beef (freshly cut) 6 teaspoons ground cayenne pepper (mitmita*) 4 tablespoons clarified butter (nitir kebe) 1 teaspoon cardamom powder (korerima) 1/4 teaspoon garlic powder (optional) salt and black pepper
713,"12 ounces lean lamb or 12 ounces beef sirloin 1 garlic clove, minced 1 tablespoon olive oil or 1 tablespoon vegetable oil 1 small sweet onion, thinly sliced 3 green hot peppers, quartered lengthwise 1 red bell pepper, thinly sliced 1 pinch salt 1 tablespoon butter 3 -4 teaspoons berbere mixed spice, recommend <a href=""https://www.food.com/recipe/berbere-spice-mix-ethiopian-454642"">berbere spice mix (ethiopian)</a>"
714,"1 lb unsalted butter 1 small onion, coarsely chopped 3 tablespoons garlic, finely chopped 1 teaspoon cardamom pod, crushed lightly with the side of a knife blade 1 teaspoon fenugreek seeds 1 teaspoon ground cumin 1 -2 tablespoon gingerroot, finely chopped 1/4 teaspoon grated nutmeg 1 teaspoon dried oregano 1/2 teaspoon ground turmeric 5 -6 basil leaves"
715,"1/2 teaspoon ground cumin 1 teaspoon ground fenugreek 1/4 teaspoon ground nutmeg 1/2 teaspoon black pepper 1/4 teaspoon turmeric 4 tablespoons hot pepper flakes, dried, red (60 ml) 2 tablespoons paprika (30 ml) 1 teaspoon dried ginger 2 teaspoons dried onion flakes 1/2 teaspoon garlic powder (or flakes) 1/4 teaspoon ground allspice 3/4 teaspoon cardamom seed 1/2 teaspoon ground cloves 1 teaspoon ground coriander powder 1/2 teaspoon ground cinnamon 1 1/2 lbs beef, cut into 1 inch cubes (750 g) 3 tablespoons oil 2 tablespoons ghee (or butter or niter kibbeh, which is the real thing) 1 onion, small, finely chopped 2 garlic cloves, chopped and crushed 2 teaspoons berbere, spice 2 tablespoons tomato paste 1/2 teaspoon sugar 2 cups beef stock (500 ml, can use water) 2 teaspoons sea salt (or to taste)"
716,1 cup split red lentils 1 1/2 tablespoons chili powder (berbere) 3 tablespoons extra virgin olive oil or 3 tablespoons vegetable oil 1 red onions (chopped) or 1 shallot (chopped) 5 1/2 cups water 4 garlic cloves (diced) or 1 teaspoon garlic powder 1/4 teaspoon cardamom powder (if available) salt and black pepper
717,"2 cups ripe tomatoes, seeded & diced or 2 cups cherry tomatoes, diced 1 1/2 cups cucumbers, diced 1/4 cup sweet onion, diced 1 green hot pepper, seeded and finely diced 4 teaspoons lemon juice 2 teaspoons balsamic vinegar or 2 teaspoons red wine vinegar 1/4 teaspoon salt 1/4 teaspoon pepper 2 teaspoons extra virgin olive oil"
718,"2 (15 ounce) cans chickpeas, rinsed and drained 6 garlic cloves, chopped 1/2 onion, chopped 1 extra large egg 1 lemon, juice of 1/3 cup chopped parsley 1/3 cup chopped cilantro 2 teaspoons ground cumin 2 teaspoons ground coriander 1 teaspoon cayenne pepper 1/3 cup self rising flour, plus 2 1/2 tbs 1/4 cup all-purpose flour, for shaping patties salt canola oil (for frying) 1 cup plain greek yogurt 1/4 cup tahini paste 1 lemon, juice of 2 garlic cloves, chopped 1 pinch salt 1 pinch paprika 1/4 cup water diced tomatoes and cucumber pita bread, for sandwich 1 (10 ounce) box couscous (plain) 1 large onion, chopped 5 garlic cloves 1/4 cup olive oil, plus 1 tbs. olive oil 1 teaspoon salt 1/2 chicken bouillon cube 2 tablespoons chopped parsley"
719,"1 lb cucumber (or feggous) 1 lb tomatoes, fresh, ripe 2 tablespoons parsley, chopped fresh (or mint) 2 -3 teaspoons onions, finely chopped 2 tablespoons lemon juice (or vinegar) 3 tablespoons olive oil (or vegetable oil) salt, to taste pepper, to taste"
720,"1 cup fresh cilantro 4 garlic cloves, peeled 2 tablespoons white vinegar 1 lemon, juice of 1 lime, juice of 1 tablespoon paprika 1 tablespoon ground cumin 1/2 teaspoon crushed red pepper flakes 2 tablespoons olive oil (more if needed) salt, to taste cayenne pepper, to taste"
721,"3/4 teaspoon ground cumin 1/4 cup olive oil, extra virgin 1 (15 ounce) can stewed tomatoes, chopped 1 1/2 tablespoons capers, drained 1/2 teaspoon cinnamon 24 ounces fish fillets, about 1-inch thick (halibut is a good choice)"
722,"1/4 cup peanut oil 1/4 teaspoon turmeric 1/4 teaspoon ground cinnamon 1/4 teaspoon ground ginger 1/4 teaspoon ground cumin 1/4 teaspoon cayenne pepper 1 1/2 cups instant couscous 2 1/2 cups vegetable stock (or water) 2 tablespoons orange juice 1 teaspoon brown sugar salt (to taste) 415 g can chickpeas 1 small red onion, finely chopped 1/2 large red capsicum, seeded and cut into 1/4 inch pieces 1/3 cup dates, pitted and chopped 1/4 cup raisins 2 tablespoons minced fresh coriander 2 tablespoons unsalted peanuts, for garnish (chopped)"
723,3 cups chicken broth 1/4 teaspoon salt 2 tablespoons olive oil or 2 tablespoons unsalted butter 2 1/4 cups couscous 1/2 cup currants (optional) or 1/2 cup golden raisin (optional) 1/2 cup slivered almonds (optional)
724,"2 slices brown bread, thickly sliced 1 1/2 cups milk 2 tablespoons olive oil 2 teaspoons butter 2 onions, medium, finely chopped 3 garlic cloves, chopped 2 tablespoons curry powder (fresh, not too strong) 1 tablespoon apricot jam 2 tablespoons chutney (this would be a fruity chutney like mrs balls or wellingtons) 5 teaspoons vinegar, brown (we use a brown grape or wine vinegar) 1 teaspoon lemon juice 1 tablespoon worcestershire sauce 1 tablespoon turmeric 2 lbs ground beef (and add 2 oz extra, as he uses 1 kg lean mince, just over 2 lbs) 1/3 cup raisins (more than 1/3rd, he uses 100 ml) 1/3 cup almonds, split (more than 1/3rd, he uses 100 ml) 2 teaspoons salt 3 eggs 8 bay leaves (or use lemon leaves)"
725,"7 lbs lean lamb, trimmed and cubed 3 lbs pork fatback, cubed 3 ounces salt 5 teaspoons granulated sugar 1/2 teaspoon white pepper 1/2 teaspoon ground cloves 1/2 teaspoon ground ginger 1 1/2 teaspoons crushed red pepper flakes 1/4 cup minced garlic, sauteed and cooled 1 1/2 lbs roasted red peppers, peeled, seeded, and small diced 1 cup very cold dry red wine or 1 cup ice cold water sheep casing, rinsed, 38 feet (may substitute hog casing if necessary)"
726,1 green pepper 2 tomatoes 1 cucumber 1 small onion salt & freshly ground black pepper 1 tablespoon oil 1 teaspoon vinegar 4 -6 black olives
727,1 lb fresh strawberries 1/2 cup vanilla yogurt 3 tablespoons sugar (to taste) 1 dash vanilla extract (optional) or 1 dash flavoring (optional)
728,"2 tablespoons olive oil 2 garlic cloves, minced salt, to taste 1/4 teaspoon ground cinnamon 2 teaspoons tomato paste 1 lb calf liver, cut into 1/2-inch cubes 2 tablespoons water"
729,"1/4 cup coarsely chopped fresh cilantro 1/4 cup coarsely chopped fresh parsley leaves 1 clove garlic, minced 2 tablespoons fresh lemon juice 1/2 teaspoon paprika 1/2 teaspoon ground cumin 1/8 teaspoon cayenne, to taste 3 tablespoons vegetable oil, plus additional oil, for frying the fish 1 lb halibut or 1 lb grouper, cut into four equal pieces all-purpose flour, seasoned with salt and pepper, for dredging the fish"
730,"2 teaspoons butter 1 cup onion, finely chopped 1/2 cup dried currant 1/2 cup dried apricot, diced 1/2 teaspoon salt 3 (14 ounce) cans reduced-sodium fat-free chicken broth 3 (3 inch) cinnamon sticks 2 1/2 cups uncooked israeli couscous 1/4 cup chopped fresh cilantro"
731,"1 lb white potato, skinned 1 lb orange sweet potatoes, skinned 1/4 lb butter 1 teaspoon cinnamon 1/2 teaspoon cardamom 1/4 cup sugar"
732,3 lbs yams (or malanga or cocoyam or green plantains) 2 tablespoons butter or 2 tablespoons margarine salt pepper
733,2 -3 red bell peppers 10 habaneros 1 teaspoon cumin 1 teaspoon ground coriander 2 tablespoons olive oil salt and pepper
734,"4 cups water or 4 cups stock 2 1/2 cups long-grain rice 1 teaspoon turmeric 1 cinnamon stick 1/2 teaspoon ground cinnamon 1 -2 tablespoon sugar, white or brown salt and pepper, to taste 1/2 cup raisins (sultanas are best) butter (optional)"
735,"7 ounces dried kidney beans, red beans (beans) or 7 1/8 ounces black-eyed peas, rinsed 7 ounces long grain rice salt 4 -5 cups water"
736,"1 large yellow bell pepper, diced 1 medium sweet onion, finely chopped 3 tablespoons extra virgin olive oil, divided 2 1/4 cups fresh corn, cut whole kernel 1/2 teaspoon salt 1/4 teaspoon pepper 1 1/2 cups chicken broth 1 cup couscous, uncooked 2 teaspoons ground turmeric 1 teaspoon ground cumin"
737,"2 pieces sun-dried tomatoes, finely chopped 1/4 cup onion, finely chopped (divided) 1 cup water 1 cup couscous (dry) 1/4 teaspoon salt 5 jumbo black olives 1/2 cup feta cheese, crumbled 1 tablespoon fresh basil, chopped 2 tablespoons greek salad dressing with feta 1 small garlic clove, minced"
738,"1 (5 5/8 ounce) box garlic and herb couscous mix 3/4 cup chickpeas, rinsed 1 cucumber, diced & seeded 1 medium tomatoes, diced 1/2 cup feta cheese 1/2 cup sliced ripe olives 3 green onions, sliced 1/2 teaspoon garlic powder 1/2 teaspoon dried mint 1/2 teaspoon all purpose greek seasoning 1 tablespoon lemon juice 1/2 cup greek salad dressing"
739,"4 beets, raw and unpeeled olive oil, for brushing 3 garlic cloves, minced 1 onion, finely chopped 1 tomatoes, chopped 2 tablespoons fresh cilantro, chopped 1/4 teaspoon ground cumin 1/4 teaspoon curry powder 1 tablespoon vinegar or 1 tablespoon lemon juice 3 tablespoons olive oil 1 pinch sugar salt, to taste ground cayenne pepper, to taste"
740,"4 (6 ounce) cod fish fillets 3 tablespoons olive oil salt fresh ground black pepper 1/2 teaspoon ground cumin 1/2 teaspoon ground coriander 1/8 teaspoon ground red pepper 1 clove garlic, minced 3 medium tomatoes, seeded and diced 2 tablespoons orange juice 1/2 teaspoon salt"
741,"1 lb carrot, peeled, ends trimmed 1/4 cup harissa, divided, plus more 6 garlic cloves, finely grated, divided 2/3 cup plus 2 tablespoons extra virgin olive oil, plus more 2 tablespoons fresh thyme leaves, plus more 1 teaspoon ground cumin kosher salt 2 (15 ounce) cans chickpeas, drained and 2 tablespoons of liquid reserved 1/3 cup tahini 2 tablespoons fresh lemon juice aleppo pepper (for serving) vegetable oil (for brushing)"
742,"1 tablespoon corinader seeds 1 tablespoon cumin seed 3 tablespoons harissa (purchased or homemade) 1 lemon, juice of 2 tablespoons extra-virgin olive oil (moroccan preferred) 4 garlic cloves, minced 1 -3 lb lamb shoulder, boned and butterflied kosher salt & freshly ground black pepper 1 cup yogurt 1 cup cucumber, peeled, seeded and coarsley grated 1/4 cup mint, minced 3 tablespoons preserved lemons, minced kosher salt & freshly ground black pepper"
743,"2 cups low sodium chicken broth 2 tablespoons extra virgin olive oil, divided 1 tablespoon ground ginger 2 garlic cloves, pressed 2 teaspoons salt, divided 1 teaspoon ground turmeric 1/2 teaspoon ground cinnamon 1/4 teaspoon ground cumin 1 (10 ounce) box couscous 1/2 cup raisins 1 cucumber, peeled, seeded, cut into 1/2-inch cubes (about 1 1/2 cups) 1 large red bell pepper, cut into 1/2-inch cubes (about 2 cups) 1 large carrot, peeled, quartered lengthwise, thinly sliced crosswise 1 cup thinly sliced green beans or 1 cup trimmed sugar snap pea 2 teaspoons finely grated lemon peel 1/4 cup fresh lemon juice 2 1/2 tablespoons extra virgin olive oil 2 tablespoons fresh lemon juice 1/2 teaspoon salt 1/2 teaspoon ground black pepper 6 large boneless skinless chicken breast halves, pounded to 1/3-inch thickness 3/4 cup plus 1/3 cup chopped fresh cilantro (loosely packed) 1/2 cup chopped toasted almond (optional) 1 lemon, cut into 6 wedges"
744,"2 tablespoons butter 2 tablespoons pine nuts 1 cup couscous, uncooked 2 tablespoons dry white wine 1 (14 1/2 ounce) low sodium chicken broth 1 tablespoon lemon rind, grated 1 tablespoon lemon juice 1/2 teaspoon kosher salt, divided 1/4 teaspoon black pepper 1/2 teaspoon white pepper 1/2 teaspoon ground fennel 1/2 teaspoon ground coriander 1/4 teaspoon sugar 4 (6 ounce) salmon fillets, skinless cooking spray"
745,"1/4 cup nonfat plain yogurt 1/4 cup chopped fresh parsley 1/4 cup chopped fresh cilantro 2 tablespoons lemon juice 1 tablespoon extra virgin olive oil 3 garlic cloves, minced 1 1/2 teaspoons paprika 1 teaspoon ground cumin 1/4 teaspoon salt 1/8 teaspoon ground pepper 1 lb center-cut salmon fillet, cut into 4 portions 1 lemon, cut into wedges"
746,"4 ounces hot red chilies, deseeded 4 garlic cloves 2 tablespoons water 2 tablespoons extra virgin olive oil 1/2 teaspoon ground caraway seed 1/2 teaspoon ground coriander 1 teaspoon ground cumin 1/2 teaspoon salt extra olive oil"
747,"1 lb ground lamb 2 tablespoons harissa 2 teaspoons fennel seeds 2 large garlic cloves, minced 2 teaspoons ground coriander 2 teaspoons ground cumin 1/4 teaspoon ground cinnamon kosher salt black pepper hamburger bun"
748,"1 head cauliflower, leaves removed 1/2 teaspoon kosher salt 4 teaspoons president's choice virgin cold-pressed coconut oil 1/2 teaspoon president's choice black label harissa spice blend moroccan seasoning 4 teaspoons pine nuts 2 lemon wedges 8 mint leaves"
749,"14 ounces couscous 6 -8 scallions, finely sliced 3 tablespoons mint, roughly chopped 9 ounces cherry tomatoes, halved 1 3/4 cups vegetable stock, hot 1 teaspoon harissa 3 tablespoons olive oil 1 lemon, juice"
750,"2 lbs top sirloin steaks, trimmed of fat (about 1 1/2 inches thick) 4 tablespoons olive oil 4 garlic cloves 2 tablespoons brown sugar 2 tablespoons soy sauce 1 tablespoon fresh thyme leave 5 teaspoons harissa salt"
751,"2 dried chilies 1 teaspoon cumin seed 1 teaspoon coriander seed 1 teaspoon caraway seed 1 pinch dried mint, crumbled 1/2 teaspoon sea salt 2 garlic cloves, peeled and smashed 10 fluid ounces olive oil"
752,"1 lb good quality sausage meat 1 -2 tablespoon harissa, more if you want it spicier 1 small red onion, very finely chopped 1 clove garlic, crushed 2 tablespoons finely chopped flat leaf parsley (or a mix of coriander and parsley) 1 tablespoon chopped chives 2 tablespoons olive oil lemon slice, to serve"
753,"1 tablespoon olive oil 2 garlic cloves, crushed 1 red onion 1 yellow bell pepper 1 zucchini 1/2 teaspoon cavenders all purpose greek seasoning (more or less to your taste) 3/4 cup chicken broth (i use 1 stock cube and boiling water) 1 cup couscous aluminum foil"
754,4 tomatoes (large vin ripened) 1/3 cup couscous 1 tablespoon currants 1/4 cup chicken stock (salt reduced) 1 tablespoon lemon juice 1 tablespoon almonds (slivered toasted) 1 tablespoon basil leaves (fresh chopped) 1 tablespoon parsley (fresh flat-leaf parsley leaves) 1 tablespoon chives (fresh finely chopped) 1 teaspoon extra virgin olive oil salt and pepper (to taste)
756,"1 cup couscous 1 tablespoon olive oil 1 cup boiling chicken stock 1 tablespoon preserved lemon, finely chopped 1/2 cup parsley, finely chopped 1/2 cup mint, finely chopped 1/2 cup sultana 1/2 cup almonds, roughly chopped, toasted salt and pepper"
757,"2 tablespoons olive oil 2 cups israeli couscous 4 cups chicken broth or 4 cups vegetable broth 1/4 cup fresh parsley, chopped 1 tablespoon tarragon, chopped 1 tablespoon rosemary, chopped 1/4 cup lemon juice 1 teaspoon salt 1/2 teaspoon pepper"
758,2 cups chicken broth 2 grated carrots 1 cup couscous 1 lb beef sirloin steak 1 sweet red pepper 12 green onions 1 tablespoon of minced garlic 1 tablespoon ginger 6 tablespoons hoisin sauce 3 tablespoons honey 1 tablespoon toasted sesame oil 1/4 cup fresh cilantro
759,2 kg hot red chili peppers 3 bulbs of garlic 2 cups olive oil 1 1/2 cups coarse salt
760,350 g marzipan 50 g chopped almonds 1/2 teaspoon almond extract 4 tablespoons orange flower water 8 -10 phyllo pastry sheets (depending on size of sheets) 125 g melted butter 260 g honey
761,"1/2 cup fisher chef's naturals sliced almonds, toasted 1 1/2 cups water 1 cup uncooked israeli couscous 2 tablespoons olive oil 1/2 cup diced red onion 1/4 cup diced red bell pepper 1/4 cup diced carrot 1/4 cup raisins 1 teaspoon ground turmeric 1/2 teaspoon ground cinnamon salt & fresh ground pepper (optional) 3 tablespoons honey 1 tablespoon dijon mustard 1/2 teaspoon lemon zest"
762,"1 cup florida orange juice 1 1/2 lbs whole wild salmon fillets 2 tablespoons honey 3 slices fresh gingerroot 1 1/3 cups whole wheat couscous 3 tablespoons extra virgin olive oil, divided 2 cups arugula 1/4 cup sliced green onion (2-3 onions) 1/2 cup toasted sliced almonds 2 cups water salt and pepper 1/2 cup florida orange juice 1/4 cup extra virgin olive oil 1 garlic clove, crushed 1 tablespoon honey 1 teaspoon dijon mustard 2 teaspoons red wine vinegar salt and pepper"
763,"1 3/4 cups water 1 (10 ounce) box couscous 1 teaspoon salt, divided 1 tablespoon olive oil 4 boneless skinless chicken breast halves 2 teaspoons chopped garlic 3 tablespoons fresh lemon juice 2 tablespoons chopped fresh cilantro 1 tablespoon white wine vinegar 1 teaspoon cumin 1/2 teaspoon paprika 1/4 teaspoon ground red pepper 1/3 cup olive oil 1/2 cup thinly sliced red onion 1 medium yellow pepper, cut into thin strips 1 pint cherry tomatoes, halved 1/2 cup olive"
764,5 kg rump steak 300 g rock salt 50 g of mix color whole pepper 25 g whole coriander seeds 4 g sugar 1/2 liter of brow vinegar 25 ml worcestershire sauce 50 g all-purpose seasoning 250 ml warm water
765,"1/2 cup whole wheat flour 1/3 cup all-purpose flour 1 tablespoon brown sugar 1/2 teaspoon salt 1/4 teaspoon baking powder 1/8 teaspoon baking soda 2 eggs, beaten 2 cups buttermilk 1 tablespoon cooking oil"
766,"2 cups teff flour or 2 cups whole wheat flour, not stone ground 1 cup all-purpose flour, not self-rising 1 teaspoon salt 1 1/2 teaspoons baking soda 1/2 cup cups plain yogurt 3 cups club soda"
767,1 1/2 lbs teff flour 1/2 lb barley flour 1/4 cup wheat flour
768,"1 cup israeli couscous 2 cups vegetable stock 4 tablespoons olive oil, divided 2 cups dried cranberries 1 cup pine nuts 1/2 cup spring onion, white parts only, chopped 1/2 red onion, medium sized and finely chopped 1/2 cup cilantro, chopped 1 teaspoon lemon zest 1 shallot, minced 1/2 lemon salt"
769,"2 cups water (or vegetable broth) 1 cup israeli couscous 1 teaspoon olive oil 1/2 teaspoon kosher salt 1 1/2 cups kidney beans, rinsed and drained (or black beans) 3/4 cup chopped red bell pepper 3/4 cup chopped green bell pepper 1/4 cup chopped red onion 3 green onions, chopped 1/2 cup chopped fresh cilantro 1/4 cup chopped fresh flat leaf parsley 1/4-1/2 teaspoon red pepper flakes (optional) 1 tablespoon honey 1 large lime, juice of 3 tablespoons extra virgin olive oil salt and pepper"
770,"salt 1 lb israeli couscous 1/4 cup extra virgin olive oil 2 tablespoons sherry wine vinegar (or freshly squeezed lemon juice) 1/2 teaspoon ground cumin 1/8 teaspoon ground cinnamon 1 preserved lemon, skin only, sliced as thinly as possible (or 1 t. lemon zest) 1/2 small red onion, thinly sliced 1/4 cup currants or 1/4 cup golden raisin 1/2 cup cooked chickpeas (can be drained canned) 2 tablespoons capers 1/2 cup pine nuts, toasted 1 pint cherry tomatoes or 1 pint grape tomatoes, halved if large 1/2 cup chopped fresh parsley leaves"
771,"1 cup israeli couscous 1 pint cherry tomatoes 3 garlic cloves 10 olives, kalamata, cut into slivers 1/4 cup parsley, italian flat leaf, chopped 5 basil leaves, slivered 1/4 cup olive oil 2 tablespoons white balsamic vinegar 1/2 cup edamame (soy beans) (optional)"
772,"2 cups fresh cherry tomatoes 1 (8 ounce) container fresh perline mozzarella cheese 2 tablespoons extra virgin olive oil 1 teaspoon balsamic vinegar 1/2 teaspoon salt 1/4 teaspoon fresh ground black pepper 1 garlic clove, crushed and minced 1 (8 ounce) box israeli couscous 1/4 cup chopped fresh basil basil leaves, for garnish"
773,"2 cups water 1 3/4 cups asparagus, diagonally cut into 1 inch slices 1 teaspoon olive oil 1/2 cup onion, chopped 2 garlic cloves, minced 1 1/4 cups chicken broth, fat and salt-free 1/2 teaspoon salt 1 cup couscous, such as israeli couscous 1/2 teaspoon fresh ground black pepper 1/4 cup red bell pepper, chopped 2 tablespoons cashew nuts, chopped and lightly salted"
774,"3 tablespoons butter, divided 1/2 cup pecans, chopped 1/2 onion, chopped 1 1/2 cups israeli couscous 1/2 large cinnamon stick 1 dried bay leaf 1 3/4 cups chicken broth 1/2 teaspoon salt 1/4 cup fresh parsley, minced 1/2 lemon, zest of black pepper"
775,"3 tablespoons butter, divided 1/2 cup pine nuts 1/2 cup shallot, finely chopped 1 1/2 cups israeli couscous 1/2 large cinnamon stick 1 bay leaf (fresh if you have it!) 1 3/4 cups vegetable broth (or chicken broth) 1/2 teaspoon salt 1/4 cup fresh parsley, minced 1/2 lemon, zest of 1/4 cup raisins fresh cracked black pepper, to taste"
776,"1 cup israeli couscous 1 1/4 cups water 1 tablespoon canola oil 1 teaspoon curry powder 1/2 teaspoon salt 1/2 teaspoon pepper 1/4 cup almonds, toasted (slices or slivers) 1/4 cup dried cranberries 1/4 cup red pepper, diced 1/4 cup dried apricot, cut into quarters basil (whichever you prefer) or cilantro leaf (whichever you prefer)"
777,"1 small cabbage, cut vertically into 6 wedges (do not remove core) 4 large carrots (cut each into 3 chunks) 2 medium zucchini, unpeeled (cut each in half crosswise, then in half lengthwise) 2 medium onions, quartered vertically 2 medium potatoes, unpeeled, cut into eighths 1 (19 ounce) can chickpeas (garbanzo beans) 5 cups vegetable broth 1/2 teaspoon garlic powder salt and pepper, to taste 1 1/2 cups water 1 cup couscous, uncooked 1/4 teaspoon cinnamon 1/4 teaspoon cumin"
778,1 liter milk 1 liter buttermilk (jben) 1/4 teaspoon salt 1/4 teaspoon dried thyme (or other herbs)
779,"1 tablespoon butter 1/2 red onion, chopped 1 (8 ounce) package mushrooms, sliced 1 (14 ounce) can vegetable broth 1/4 cup water 1 (15 ounce) can garbanzo beans 1/2 cup dried cranberries 1/2 cup golden raisin 1/4 cup dry sherry 1 teaspoon salt 1/2 teaspoon ground cinnamon 1/4 teaspoon black pepper 1 (10 ounce) package couscous"
780,"3 cups vegetable stock 12 ounces uncooked couscous 1 lemon, grated rind only 4 tablespoons extra virgin olive oil 2 ounces toasted sliced almonds 3 ounces dried apricots, chopped 2 ounces sultanas or 2 ounces golden raisins 3 tablespoons chopped fresh parsley salt & freshly ground black pepper"
781,"4 pieces chicken (4 to 6) 1/2 teaspoon salt 1/4 teaspoon black pepper 1/4 cup vegetable oil 1 medium onion, peeled and finely chopped 1/4 lb cubed salt pork or 1/4 lb ham 2 beef bouillon cubes 1/4 teaspoon ground red pepper 1/2 teaspoon dried thyme or 1 sprig fresh thyme, crushed 1/2 cup water 1 (6 ounce) can tomato paste 1/4 cup uncooked rice 2 cups tomatoes (or any combination of vegetables) or 2 cups string beans (or any combination of vegetables)"
782,"2 cardamom pods, lightly bruised 60 g ground coffee 1 lt water"
783,"2 -3 lbs chicken pieces 1 cup yogurt 1 cup tomatoes, chopped 1 cinnamon sticks or 1/2 teaspoon ground cinnamon 3 cardamom pods, slightly crushed or 1 teaspoon ground cardamom 2 -4 whole cloves 3 whole black peppercorns 1/2 teaspoon cumin seeds or 1/4 teaspoon ground cumin 3 -4 whole green chilies 1/2 teaspoon saffron (optional) 1/4 teaspoon turmeric 1 teaspoon cayenne pepper or 1 teaspoon paprika 1 teaspoon fresh ginger, grated 1 teaspoon garlic, grated 1 teaspoon salt 2 medium onions, finely sliced 1 -4 tablespoon clarified butter (original is 1/4 cup) or 1 -4 tablespoon butter (original is 1/4 cup) 1 -4 tablespoon canola oil (original is 1/4 cup) or 1 -4 tablespoon olive oil (original is 1/4 cup) prune, added the last 15 minutes of cooking (optional) 1 sprig fresh cilantro, to garnish 1 sprig of fresh mint, to garnish"
784,"1 1/2 cups short-grain rice 1/2 cup ground chicken (all work well) or 1/2 cup diced chicken 2 tablespoons corn oil (if you're using meat) or 2 tablespoons grapeseed oil (if you're using meat) salt, to taste pepper, to taste 1/4 lb shiitake mushroom, stems removed and caps sliced 1 small carrot, finely diced 1/4 cup water chestnuts or 1/4 cup celery, chopped 1/4 lb fried tofu (abruage) or 1/4 lb firm tofu, well pressed and cut into chunks 3 tablespoons soy sauce 3 tablespoons mirin or 3 tablespoons honey 2 1/2 cups chicken stock or 2 1/2 cups water"
785,"2 pepper 2 onions 12 ounces , sardine two tomatoes 1 tablespoon salt 2 tilapia fillets sardine oil 2 green peppers"
786,2 cups rice 4 cups thin coconut milk 1 pinch salt 2 tablespoons thick coconut milk
787,"3 tablespoons oil 1 onions, chopped or 1 minced onion 2 lbs kale or 2 lbs collard greens, destemmed and finely chopped 2 cups tomatoes, chopped 1 cup water or 1 cup stock salt and pepper"
788,"3 large tomatoes, sliced 1 onion, finely chopped 1 garlic clove, crushed 2 tablespoons fresh lime juice sea salt, to taste fresh ground pepper, to taste"
789,"2 1/4 teaspoons active dry yeast 1/4 cup warm water (105 - 115 f) 2 cups warm water 1 teaspoon sugar 4 cups all-purpose flour 1/3 cup cornmeal 1 tablespoon cornmeal, for dusting 2 teaspoons salt 2 tablespoons unsalted butter, melted 2 teaspoons sesame seeds"
790,"1 set 1 tbsp rawspicebar's freshly ground berbere 2 set 1 tbsp rawspicebar's freshly ground berbere 3 set 1 lb stewing beef, cut into 1 inch cubes 4 set 2 tbsp canola oil, separated 5 set 1 onions, diced 6 set 2 garlic cloves, minced 7 set 1 tbsp rawspicebar's freshly ground berbere 8 set 1 cup chopped canned tomatoes 9 set 1/2 tsp sugar 10 set 2 cups beef stock (or 2 cups water and a beef bullion) 11 . set salt & pepper, to season beef"
791,2 (1/4 ounce) packages dry yeast 2 1/2 cups warm water (100f to 110f) 7 cups all-purpose flour 2 teaspoons all-purpose flour 2 teaspoons kosher salt 1 tablespoon olive oil
792,"1 medium onion, chopped 2 stalks celery, chopped 1/4 cup butter 3 tablespoons all-purpose flour 2 quarts chicken broth or 2 quarts chicken stock 2 cups smooth peanut butter 1 3/4 cups light cream peanuts, chopped"
793,"1 1/2 cups chicken broth (i use a garlic flavored broth for this) or 1 1/2 cups water (i use a garlic flavored broth for this) 1 cup uncooked couscous 1/2-1 teaspoon dried oregano 2 plum tomatoes, chopped 1 -2 cup diced peeled cucumber 1/2 cup crumbled feta cheese 1/2 cup small ripe olives, halved 1 small red onion, finely chopped 1 (15 ounce) can chickpeas, well drained (garbonzo beans) 1/4 cup water 3 tablespoons lemon juice 2 -3 tablespoons olive oil 1 teaspoon fresh ground black pepper (or to taste) salt (to taste)"
794,"500 g cake flour 2 ml salt 20 ml baking powder 125 g butter 2 eggs, beaten milk oil (for deep frying) 750 g sugar 375 ml water 2 cinnamon sticks 4 whole cloves 2 inches ginger, peeled"
795,"3 lbs chicken, cut into pieces 1 onion, chopped 2 -3 hot chili peppers, minced 2 tablespoons fresh ginger, peeled and minced 2 tablespoons garlic, chopped 1/4 cup oil or 1/4 cup ghee 1 tablespoon curry powder 2 teaspoons cumin seeds or 3/4 teaspoon ground cumin 2 cups chopped tomatoes or 2 cups tomato sauce 2 cups coconut milk (15-ounce can) salt and pepper 1/2 cup cilantro, chopped"
796,"2 tablespoons olive oil 1 medium yellow onion, halved and sliced into 1/2 moons 3 tablespoons madras curry powder 2 tablespoons ground coriander 1 tablespoon honey 1 cup tamarind juice juice of half a lemon 2 1/2 lbs leg of lamb, sinew removed and cut into 1 1/2-inch cubes 1 cup dried apricot 3 fresh peaches, cut into 8 slices each -inch rosemary sprig, plus 1/2 cup sprigs for garnish kosher salt ground black pepper long grain basmati rice with pistachio pesto sauce"
797,"2 large lamb chops, big ones or 6 small lamb cutlets 1 lemon, juice and zest of 1 teaspoon ground cumin 2 teaspoons sweet paprika 4 tablespoons olive oil 3 tablespoons parsley, chopped salt and pepper"
798,"1/2 cup chopped of fresh mint chopped of fresh mint, to garnish (optional) 1 tablespoon ground coriander 2 teaspoons minced garlic 1 teaspoon sweet paprika 1 teaspoon ground cumin 1 teaspoon fresh ground black pepper 1/4 teaspoon cayenne pepper salt, to taste 1 lemon, juice of 2 tablespoons olive oil 8 lamb loin chops or 16 small lamb rib chops"
799,"1 tablespoon coriander seed, dry toasted 1 tablespoon cumin seed, dry toasted 1 tablespoon anise seed, dry toasted (or fennel seed, in a pinch) 1 tablespoon cinnamon, preferably ceylon 1/2-1 teaspoon cayenne, depending on the heat level of the harissa used in the sausage 2 teaspoons turmeric 1 lb fresh ground lamb shoulder 2 garlic cloves, minced fine 1 teaspoon grated fresh ginger 1 tablespoon mixed spice 2 tablespoons harissa 1 tablespoon tomato paste 1/2 teaspoon salt, to taste ice water, as needed"
800,"1/2 cup golden raisin (sultanas) 1/2 cup dry sherry 2 tablespoons olive oil 6 lamb shanks 2 large onions, peeled and finely chopped 4 garlic cloves, peeled and crushed 5 cm gingerroot, grated 2 teaspoons ground coriander 2 cups chicken stock 1 pinch saffron 1/2 teaspoon ground cinnamon 1 preserved lemon, rinsed and flesh discarded, sliced (or 1 lemon and 2 teaspoons salt) fresh ground black pepper 1/4 cup slivered almonds, toasted in a dry pan until golden 1/4 cup parsley"
803,"1/4 cup diced seeded anaheim chili 1 teaspoon cumin seed, toasted (see note) 1 teaspoon coriander seed, toasted 1 teaspoon grated peeled fresh ginger 1/2 teaspoon salt 1/2 teaspoon paprika 1/4 teaspoon freshly ground black peppercorns 2 cloves garlic, minced cooking spray 1 1/2 lbs boneless leg of lamb, trimmed and cubed 3 cups chopped onions 1/2 cup tomato puree 2 1/2 cups water 2 3/4 cups green bell peppers, cut into 1 inch thick strips 2 cups cubed butternut squash 1 cup cubed carrot 1/4 teaspoon saffron thread 3 inches cinnamon sticks 2/3 cup dried apricot, cut into 1/4 inch strips 4 1/2 cups cooked couscous 1/4 cup minced fresh cilantro"
804,"2 lbs lamb, trimmed of fat, cut into 2 inch cubes 2 tablespoons olive oil salt and pepper 1 teaspoon ground ginger 1/2 teaspoon hot paprika 3 red onions, one grated, 2 finely chopped 18 garlic cloves, peeled and minced 2 tablespoons cilantro, chopped 2 tablespoons flat leaf parsley, chopped 1 pinch saffron thread 1 (14 1/2 ounce) can tomatoes 1 jalapeno pepper, seeded and minced 1 tablespoon cumin seed 3 large quinces 2 tablespoons butter 2 tablespoons sugar 1/4 teaspoon ground cinnamon 1 1/4 lbs okra, tops pared 1 cup couscous"
805,"2 lbs lamb, cut into 1 inch cubes 2 tablespoons flour 2 -3 tablespoons olive oil or 2 -3 tablespoons walnut oil 3 red onions, very thinly and vertically sliced (2 onions are used in the tagine, and 1 is used in the onion-pomegranate relish) 1 carrot, thinly sliced 4 stalks celery, thinly sliced 4 garlic cloves, finely minced 2 tablespoons fresh ginger, finely minced 1 cinnamon stick 2 teaspoons ground cumin 2 teaspoons turmeric 2 teaspoons ground allspice 1 cup walnuts, toasted then chopped 2 bay leaves 2 1/2 cups pomegranate juice 1 cup chicken broth 2 pomegranates, juiced and seeded 1/4 cup honey 2 limes, juice of 2 cups fresh cilantro, roughly chopped"
806,"1/2 brown onion, grated 1/4 cup seasoned breadcrumbs 3 garlic cloves, minced 2 tablespoons finely chopped fresh parsley 1 tablespoon finely chopped of fresh mint 1/2 teaspoon salt 1/2 teaspoon seven-spice mix (recipe follows) 1 egg, beaten 1 lb ground lamb"
807,"100 g roast lamb (leftover from a lamb roast) 200 g grams carrots (chunky chopped) 100 g onions, sliced (1 onion) 100 g spring onions (chunky sliced) 300 g stewing beef 100 g celery 300 g plum tomatoes 2 tablespoons of african dry rub seasonings (see recipe) 1 beef stock cube 200 ml water 50 g raisins 50 g dried apricots (chopped) 1 cup red wine 100 g couscous"
808,"1 cup water 1 teaspoon maggi vegetable stock powder 1 cup couscous 2 tablespoons butter 2 tablespoons parsley, chopped 1 teaspoon lemon rind, finely grated"
809,1 1/4 cups water 3/4 cup uncooked couscous 1/4 cup sliced green onion 2 tablespoons finely chopped fresh parsley 2 tablespoons orange juice 1 teaspoon grated lemon rind 1 tablespoon fresh lemon juice 1/4 teaspoon salt 1/8 teaspoon black pepper
810,"1 1/2 cups low sodium chicken broth 1/4 cup water 2 carrots, minced 1 cup shelled fresh peas or 1 cup frozen green pea 1 1/4 cups couscous 3 tablespoons fresh lemon juice 1 1/2 tablespoons grated lemon peel 1 1/2 tablespoons butter salt and pepper, to taste"
811,"1 -1 1/2 lb boneless skinless chicken breast, cut into 1-inch cubes 1 tablespoon olive oil 1/2 teaspoon ras el hanout spice mix (<a href=""https://www.food.com/recipe/ras-el-hanout-moroccan-spice-mix-262189/"">ras el hanout - moroccan spice mix</a>) 1/4 teaspoon garlic powder 1 tablespoon olive oil 1/2 large onion, finely chopped 2 garlic cloves, crushed 1 tablespoon fresh cilantro 1 teaspoon ground ginger 1 teaspoon ras el hanout spice mix (<a href=""https://www.food.com/recipe/ras-el-hanout-moroccan-spice-mix-262189/"">ras el hanout - moroccan spice mix</a>) 1/2 teaspoon ground cumin 2 cinnamon sticks 1 chicken bouillon cube 2 cups water 1/4 cup golden raisins or 1/4 cup currants 1 -2 tablespoon sliced almonds 1/2 preserved lemon, flesh removed & cut into thin strips 2 -3 tablespoons honey, good quality 1 1/2 cups uncooked instant couscous salt & pepper, to taste"
812,"1 large garlic clove, minced fine 1 1/2 teaspoons dried oregano 2 tablespoons fresh lemon juice 1/2 teaspoon salt 1/2 teaspoon black pepper 12 large shrimp, shelled and deveined 1/2 red bell pepper, cut into fine dice 1 1/4 cups chicken broth (may sub veggie broth) 1 pinch red pepper flakes 1/4 teaspoon salt 2 teaspoons olive oil 3/4 cup couscous 2 tablespoons extra virgin olive oil 1/2 cup dry white wine 2 tablespoons unsalted butter, cold and cut into small pieces"
813,"500 g couscous 4 tablespoons fresh lemon thyme 1 tablespoon instant bouillon granules 1 lemon, zest of 1 lemon, juice of 4 tablespoons fresh parsley, finely chopped 4 tablespoons olive oil"
814,"2 tablespoons oil 1 red onion, finely sliced 1/2 cup finely sliced green bell pepper 1/4 cup currants 1/2 preserved lemon, rinsed,finely sliced 1/2 cup jarred marinated roasted red pepper 250 g couscous 1 teaspoon vegetable stock powder 450 ml boiling water 1 tablespoon butter 3 tablespoons chopped lemon thyme"
815,"2 cups uncooked couscous 1 teaspoon salt 3 cups boiling water 6 green onions, chopped 1 cucumber, peeled and diced 2 large ripe tomatoes, peeled and diced 1 1/2 cups cooked garbanzo beans 1/2 cup crumbled feta cheese 1 cup chopped fresh parsley 1/4 cup chopped of fresh mint or 1 tablespoon dried mint 3 tablespoons extra virgin olive oil 2 lemons, juice of salt & fresh ground pepper"
816,"2 -4 zucchini 1 bell pepper, red 1 bell pepper, green 1 onion 1 eggplant (optional) 8 ounces chickpeas 2 tomatoes, diced 1 -2 cup mint cumin 2 tablespoons butter 2 tablespoons olive oil salt pepper 10 ounces original couscous 2 cups vegetable broth"
817,"1 cup dried black-eyed peas 2 garlic cloves (peeled ) 6 cups water, divided 2 cups chopped onions 1 cup diced celery 2 tablespoons water 1 pinch cayenne (more to taste ) 2 teaspoons ground allspice 1 pinch dried thyme 1 green bell pepper (or red, seeded and chopped ) 1 cup fresh corn kernels (or frozen) (optional) 1 cup sliced okra (fresh or frozen ) 2 cups chopped fresh collard greens (or kale or chard or spinach) (optional) 3 cups diced tomatoes with juice (28-ounce can) 1 tablespoon chopped fresh cilantro (optional, up to 2 ) salt & fresh ground pepper (to taste)"
818,2 lbs fresh gingerroot 1 cup sugar (or more to taste) 1 fresh pineapple (ripe) 14 cups water
819,"14 ounces cauliflower florets (400 g, cauli broken in florets) 1 onion, small, finely chopped (150 ml) 1/3 cup finely chopped flat leaf parsley (100 ml) 1 teaspoon fennel seed 1/2 teaspoon black pepper (or more, to taste) 1/3 cup cornflour (slightly more, as it comes to 100 ml) 1 teaspoon ground cumin 2 teaspoons flaky sea salt 3 eggs, largest size water (see directions) oil (for frying, i use a mixture of canola and olive) 3/4 cup yoghurt, greek style 3 tablespoons chermoula, paste (or try harissa, but slightly less) 1 teaspoon salt"
820,"2 limes, zest of 2 tablespoons coriander 1 cup couscous 3/4 cup chicken stock 1/4 cup lime juice"
821,"1 cup black olives 1 cup green olives 1/2 teaspoon ground cumin 1/4 teaspoon ground coriander 3 garlic cloves, thinly sliced 1 teaspoon red pepper flakes 1/4 cup olive oil 2 lemon wedges"
822,"1 teaspoon whole cumin seed 1 tablespoon cracked coriander seed 1 tablespoon red pepper flakes 2 tablespoons mint, freshly chopped 1 lemon, zest of 1 lemon, juice of 1/2 teaspoon black peppercorns 1 lb east african variety olive"
823,"2 cups vegetable broth (broth recommended) or 2 cups water (broth recommended) 2 cups quick cooking couscous 1/2 cup dried currants or 1/2 cup raisins 2 tablespoons olive oil 2 shallots, minced 1 large red bell pepper, cut into 1/4 inch dice 2 zucchini, chopped 1 carrot, shredded 1 hot chili pepper, minced 4 scallions, minced 1 teaspoon ground coriander 1/2 teaspoon ground cumin 1/4 teaspoon cayenne 1/4 teaspoon turmeric salt fresh ground black pepper 1 tablespoon fresh lemon juice 1 tablespoon minced fresh parsley"
824,"8 large red bell peppers, halved and seeded 2 1/4 cups olive oil, divided 12 garlic cloves, peeled and sliced 1 cup toasted pecans 2 cups fresh white breadcrumbs 4 lemons, juice of 4 teaspoons ground cumin 4 teaspoons sugar 1 -2 teaspoon finely chopped chile (or to taste) salt pepper"
825,"2 lbs fresh spinach, washed and trimmed 1 teaspoon salt (or to taste) 2 tablespoons butter 1 cup finely chopped onion 1 tablespoon finely chopped fresh chili pepper 1 cup coconut milk 1/2 cup unsalted dry roasted peanuts, ground"
826,"2 lbs spinach 1 1/2 ounces peanut butter 1 tomatoes 1 onion 2 teaspoons curry powder (or paste, your favourite blend!) 1 cup coconut milk 3 tablespoons ghee or 3 tablespoons butter 1 teaspoon salt"
827,"4 tablespoons butter 1 cup onion, finely chopped 2 medium tomatoes, chopped 2 cups frozen corn, thawed 2 (14 ounce) cans creamed corn 1 (12 ounce) can fat-free evaporated milk 3 cups chicken broth 1/2-1 teaspoon salt 1 teaspoon black pepper"
828,4 cups bread flour 1/2 teaspoon cream of tartar 1/2 cup shortening 1 cup turbinado sugar 1 1/4 teaspoons salt 1 egg 1/3 cup evaporated milk 2 teaspoons baking soda 1 teaspoon vanilla extract
829,"1 large onion, chopped 1 cup chopped parsley 1 stalk celery & leaves, chopped 1 can chickpeas 1 teaspoon black pepper 2 teaspoons garam masala 1 teaspoon ginger 1 teaspoon turmeric 2 tablespoons butter 1/2 teaspoon cinnamon 1/2 cup dried brown lentils 2 tablespoons coriander leaves 1 (28 ounce) can crushed tomatoes 3 tablespoons semolina or 3 tablespoons flour, mixed with 1/2 cup water 1 bouillon cube, preferably beef salt lemon wedge (to serve)"
830,"1 (5 5/8 ounce) package near east roasted garlic & olive oil couscous 2 tablespoons olive oil (i used the oil from the sun-dried tomatoes) 1/2-1 lb raw boneless skinless chicken breast (about 2) 1 garlic clove, minced 2 cups baby spinach 1 1/3 cups water 1/3 cup chopped sun-dried tomato packed in oil, drained 1/2 teaspoon red pepper flakes (i only use 1/4 tsp.) 1/4 cup feta cheese, crumbled 2 tablespoons toasted pine nuts (optional)"
831,"4 chicken breast fillets, butterflied 200 g aubergines or 200 g eggplants, sliced 4 tomatoes, ripe, cut into halves 1 white onion, quartered 1 courgettes or 1 zucchini, cut in half lengthwise 30 ml olive oil 2 sprigs rosemary 3 tarragon leaves 2 garlic cloves, chopped 400 g couscous 500 ml chicken stock 1 lemon, juice and zest 1 pinch salt, to taste 1 pinch pepper, to taste"
832,"1 3/4 cups chicken broth 3/4 cup whole wheat couscous 1 cup grape tomatoes, halved 1/2 cup cucumber, peeled seeded and chopped 1/2 cup red pepper, chopped 1/4 cup green onion, thinly sliced 1 tablespoon fresh sage, chopped 1/4 teaspoon lemon zest (i add more) 2 tablespoons lemon juice 4 teaspoons olive oil 1/4 teaspoon salt 1/4 teaspoon pepper"
833,"4 green bell peppers (2 pound total or combination) or 4 yellow bell peppers, rinsed (2 pound total or combination) 1 1/2 cups chopped onions 1 tablespoon minced garlic 1 1/2 teaspoons fresh thyme leaves 1 1/2 teaspoons minced fresh mint leaves 1 1/2 teaspoons minced fresh rosemary leaves 1 teaspoon olive oil 8 ounces ground lamb 5 tablespoons lemon juice 1 2/3 cups chicken broth (fat-skimmed) 1 1/4 cups couscous 1 cup chopped parsley salt 2 tablespoons crumbled feta cheese"
834,"1 (13 ounce) box israeli couscous (can be found in the jewish food section) 1/2 red bell pepper, chopped 1/2 orange bell pepper, chopped 1/2 lb grape tomatoes, halved (or other heirloom) 1/2 cucumber, seeded and chopped 1/3 cup pimento stuffed olive, chopped 0.5 (8 ounce) can artichoke hearts, halved 2 ounces prosciutto, chopped 1/2 red onion, chopped 1/2 cup fresh basil, chopped 8 ounces feta cheese 1/8 cup olive oil 1/8 cup red wine vinegar salt and pepper"
835,"1 kg fine couscous, cooked (preferably steamed) 300 g walnuts (or other nuts) 200 g dates 80 -100 g butter, softened 80 -100 g ghee 1/2 teaspoon salt sugar"
836,"2 onions, chopped 2 garlic cloves, crushed 2 teaspoons gingerroot, peeled, minced 1/4 cup olive oil 1 teaspoon turmeric 2 tablespoons paprika 1/2 teaspoon cayenne pepper (can go up to 2 t.) 1 lb red lentil 4 cups water (or stock) salt & pepper"
837,2 cups sugar 6 eggs 2 cups corn oil 1 1/2 cups milk 2 tablespoons baking powder 1 dash vanilla 1 teaspoon lemon juice 2 cups flour 4 cups of shredded unsweetened coconut (usually found in middle eastern stores) 2 cups water 2 cups sugar 1 dash vanilla
838,"1 tablespoon olive oil 1/4 cup chopped almonds 2 cloves garlic, minced 8 chicken thighs, skinned and boned 1 cup bottled salsa 1/4 cup water 2 tablespoons dried currants 1 tablespoon honey 3/4 teaspoon ground cumin 1/2 teaspoon cinnamon 3 cups hot cooked couscous or 3 cups cooked rice"
839,"1 (10 ounce) box couscous 1 lb ground turkey breast 2 teaspoons cumin 2 teaspoons dried oregano 1/2 teaspoon cinnamon 6 scallions, trimmed, washed, and sliced 4 roma tomatoes, chopped into bite sized pieces, unseeded 1 english cucumber, unpeeled, cut in half lengthwise, and sliced into 1/4 inch half moon shapes 3 tablespoons lemon juice, fresh squeezed 1 teaspoon lemon zest 1 cup garbanzo beans, drained and rinsed 1/4 cup parsley, freshly chopped"
840,"2 1/2 cups water, boiling 8 mint herbal tea bags 2 teaspoons olive oil 1 teaspoon salt 1 cup couscous 1/2 cup raisins 1/4 cup slivered almonds, toasted 2 tablespoons fresh mint leaves, chopped"
841,"1 cup red lentil 4 tablespoons olive oil 1 small yellow onion, finely chopped 4 garlic cloves 1 tablespoon berbere, divided 1 tomatoes, chopped 4 cups water 2 teaspoons salt 6 tablespoons plain yogurt (optional)"
842,"1 set 1 1/2 tbsp rawspicebar's freshly ground berbere 2 . set 1 cup red lentils 3 . set 1 yellow onions, diced 4 . set 4 garlic cloves, minced 5 set 2 tbsp canola oil 6 set 1 inch fresh ginger, minced 7 set 1 cup canned chopped tomatoes 8 set kosher salt & pepper, to taste 9 set 2 cups vegetable broth (we love saffron road's vegetable broth) 10 set yogurt & cilantro (to garnish) (optional)"
843,"3 tablespoons olive oil 2 tablespoons lemon juice 1 tablespoon fresh cilantro 1 tablespoon fresh parsley 1 teaspoon cumin 1/2 teaspoon paprika 1/2 teaspoon turmeric 1/2 teaspoon salt 1/2 teaspoon black pepper 1 lb mixed seafood (such as mussels, squid, shrimp, crab) 1 (14 ounce) can petite diced tomatoes 1 (8 ounce) can tomato sauce 1/2 green bell pepper, seeded & sliced 1/2 onion, chopped 1 -2 carrot, peeled & chopped 1/2 cup green olives, cracked & pitted (optional) 3 garlic cloves, chopped 1 vegetable bouillon 1 teaspoon ginger 1/2 teaspoon turmeric 1/2 teaspoon salt 1/4 teaspoon cayenne"
844,"1 cup blanched finely ground almonds 1/2 cup confectioners sugar 1 teaspoon honey 1 teaspoon almond extract 1 egg, lightly beaten 1 teaspoon ground cinnamon 1 pinch nutmeg 1/2 cup butter (at room temperature) 1 -1 1/4 cup all purpose flour 1/2 cup sesame seeds"
845,"1 tablespoon active dry yeast 1 1/3 cups warm water 1 teaspoon honey or 1 teaspoon granulated sugar 1 tablespoon vegetable oil 2 1/2 teaspoons anise seeds 2 teaspoons salt 4 cups all-purpose flour, unbleached 1 egg white 3 tablespoons sesame seeds"
846,"1/2 cup butter, softened 1 cup sugar 2 eggs 1 teaspoon vanilla 1 cup applesauce 1 1/2 teaspoons baking soda 1 1/2 cups all-purpose flour 1 teaspoon cinnamon 1/2 teaspoon salt 1 cup chocolate chips 3/4 cup dates, chopped or 3/4 cup raisins 3/4 cup walnuts, chopped"
847,"1 kg stewing beef, cubed 2 tablespoons olive oil 2 medium onions, peeled and quartered 3 garlic cloves, crushed 3 medium carrots, peeled & cut into chunks 1 (400 g) can tomatoes, diced 120 g dates, pitted and whole 120 g prunes, pitted and whole 1 tablespoon honey 2 cups beef stock 1 cinnamon stick 1 1/2 tablespoons ras el hanout spice mix salt and pepper 40 g toasted sliced almonds 1 tablespoon fresh coriander, chopped (optional)"
848,"1 cup chopped parsley 1 cup chopped cilantro 1/4 cup grated onion 3 tablespoons lemon juice 2 tablespoons olive oil 1 tablespoon ground cumin 1 tablespoon ground coriander 1 tablespoon paprika 1 tablespoon cider vinegar 1 tablespoon ketchup 2 garlic cloves, minced 1 teaspoon minced gingerroot 1 teaspoon thai red chili paste salt and pepper 2 lbs beef top sirloin steaks, cut into 1-inch pieces"
849,"3 tablespoons olive oil, divided 1 3/4 lbs beef tenderloin, cut into 1-inch cubes 1 large onion, chopped 1 large carrot, chopped 2 garlic cloves, chopped 1 tablespoon paprika 2 teaspoons ground cumin 1 1/2 teaspoons ground cinnamon 2 cups beef broth 1/2 cup kalamata olive, halved pitted 1/2 cup golden raisin 1 (15 ounce) can garbanzo beans, drained (chickpeas) 1/2 cup cilantro, chopped fresh 1 teaspoon lemon peel"
850,"1 1/2-2 lbs beef stew meat, cubed 1 tablespoon smen or 1 tablespoon ghee 2 tablespoons olive oil 2 medium onions, chopped 2 cups water 1 teaspoon ground cumin 1 teaspoon salt 1/2 teaspoon black pepper 1/4 teaspoon garlic powder 1 (9 ounce) package frozen artichoke hearts 2 tablespoons lemon juice 1/2 teaspoon sugar 1 tablespoon flour"
851,"1 1/2 lbs beef flank steak 2 tablespoons red wine vinegar 2 teaspoons garlic salt 1 teaspoon ground cumin 1 teaspoon ground coriander 1/2 teaspoon ground cinnamon 1/2 teaspoon ground ginger 1/2 teaspoon black pepper 1/2 cup honey 1/2 cup olive oil 2 cups water 1/3 cup steak marinade 8 3/4 ounces garbanzo beans 1 cup fresh tomato, chopped 1/3 cup fresh flat-leaf parsley, chopped 10 -12 ounces couscous"
852,"2 lbs beets salt 1/2 medium spanish onion, diced 4 tomatoes, skinned, seeded and diced 2 garlic cloves, minced 4 tablespoons italian parsley, chopped 4 tablespoons cilantro, chopped 4 medium potatoes, boiled 2 tablespoons vinegar 8 tablespoons olive oil salt fresh ground black pepper cayenne pepper 20 black olives, for garnish"
854,"400 g trimmed topside steak, cut into 4 cm strips 2 tablespoons olive oil 1 onion, chopped 1 carrot, diced 2 garlic cloves, finely chopped 2 tablespoons dried cranberries 1 small dried red chili, finely sliced 1 teaspoon coriander seed 1 teaspoon cumin 1/2 teaspoon turmeric 1/4 teaspoon ground cinnamon 1 teaspoon flour 1 teaspoon ground black pepper 150 ml beef broth 200 g pumpkin, cleaned, cut into cubes 400 g chopped tomatoes, from a can 2 tablespoons fresh parsley and coriander, chopped"
855,"4 medium bone-in skin-on, chicken thighs, trimmed of excess skin and fat 4 medium skin-on chicken drumsticks, trimmed of excess skin and fat kosker salt freshly ground pepper 2 tablespoons vegetable oil 1 large red onion, thinly sliced 1 teaspoon ground ginger 1 teaspoon ground cinnamon 1/2 teaspoon ground cumin 1 1/4 cups carrot juice 3/4 cup chicken broth, homemade or 3/4 cup canned low salt 10 -12 medjool dates, pitted and halved 2 tablespoons fresh lemon juice 2 tablespoons chopped cilantro"
856,"10 ounces canned chicken broth, undiluted 1 tablespoon ground cumin 2 teaspoons paprika 1/2 teaspoon cinnamon 1/2 teaspoon chili flakes (option, replace chili flakes and garlic clove with harissa) 1 garlic clove, minced (option, replace chili flakes and garlic clove with harissa) 1 onion, sliced into wedges 6 slim carrots, cut into bite-sized lengths 3 chicken breasts (cut into thirds) or 6 chicken thighs, boneless, skinless (cut in half) 2 slim zucchini, but into thick rounds 1 tablespoon brown sugar or 1 tablespoon honey 1/4 cup golden raisin 1/4 cup dried apricot, thinly sliced"
857,1 cup water 1 tablespoon sugar 3 cups flour 1 teaspoon salt 1 tablespoon dry yeast
858,3 cups flour 1 teaspoon salt 10 g dry yeast 2 cups warm water 1/2 teaspoon white sugar 1 tablespoon vegetable oil (optional)
859,"1 1/2 cups long grain brown rice 2 3/4 cups water or 2 3/4 cups vegetable stock 3/4 teaspoon salt 1/2 teaspoon pepper 1 teaspoon ground coriander 1/2 teaspoon ground cardamom 3 tablespoons butter, cut into pieces 1/4 cup preserved lemon, minced, garnish"
860,"2 ounces extra virgin olive oil 1 onion, finely chopped 4 -6 chicken breasts, small chopped pieces (the moroccans use squab) 1/4 cup parsley (finely chopped) 1/8 cup cilantro (finely chopped) 1/2 teaspoon black pepper 1 pinch saffron (optional spice) 1/2 teaspoon ginger 1 pinch nutmeg 1 pinch clove 1/4 teaspoon salt 2 cups water 6 eggs, beaten with a pinch of salt 1 (16 ounce) package phyllo dough 1/4 lb butter, melted 1/2 teaspoon cinnamon 1/2 teaspoon sugar 1 cup almonds (roasted and crushed ) 1 tablespoon cinnamon 1 1/2 teaspoons granulated sugar 1/2 cup powdered sugar"
861,"1 lb carrot, cut into 1/4 inch strips 1/4 teaspoon salt 2 tablespoons lemon juice 2 tablespoons sugar 2 teaspoons oil 1 garlic clove, crushed 1 teaspoon paprika 1 teaspoon ground cumin 1 teaspoon parsley, dried 1/4 teaspoon ground cinnamon"
862,"1 lb carrot 1/2 cup parsley, chopped 2 garlic cloves, crushed 1/4 cup lemon juice 1/4 cup vegetable oil 1/2 teaspoon cumin 1 teaspoon paprika 1 dash red pepper flakes"
864,"6 -8 carrots, grated (i used standard orange, indigo and yellow carrots) 1/4 cup sliced almonds, toasted (walnuts, pistachios, pine nuts, hazelnuts are good substitutes) 3 large dates, chopped small (i used a combo of medjool and deglet noor dates) lettuce leaf 1 lemon, juice and zest of 1 -2 tablespoon honey (local honey is best! i had to warm the honey a little to make it easier to whisk.) 2 tablespoons extra virgin olive oil 1 -2 teaspoon orange flower water, to taste 1 teaspoon ras el hanout spice mix 1/4 cup greek style plain yogurt 3 -4 tablespoons of fresh mint, minced (save a few leaves for garnish)"
865,"1 large lemon, washed, sliced into thin rounds, and then quartered 1/4 cup extra-virgin olive oil, plus extra for lemons 1 1/2 teaspoons ground cumin 1/4 teaspoon ground cinnamon 1/4 teaspoon ground ginger 2 pinches cayenne pepper 1/2 teaspoon orange zest, plus 1/4 cup orange juice kosher salt & freshly ground black pepper 8 medium carrots, peeled and grated (about 4 cups) 1/4 cup parsley, fresh chopped 2 tablespoons pine nuts, toasted"
866,"2 tablespoons butter 1 cup white onion, chopped 1 lb carrot (large) 2 1/2 cups low sodium chicken broth 1 1/2 teaspoons cumin seeds 1 tablespoon honey 1 teaspoon lemon juice 1/8 teaspoon ground allspice 1/2 cup plain yogurt, stirred to loosen"
868,"1/2 cup currants 1 1/2 lbs carrots (about 18 medium) 6 tablespoons unsalted butter 3 tablespoons brown sugar 1 teaspoon cinnamon 1/2 teaspoon ground cumin 1/4 teaspoon cayenne (or to taste) 1 cup fresh orange juice salt, pepper 2 -3 tablespoons chopped of fresh mint or 2 -3 tablespoons parsley (to garnish)"
869,"1 (14 ounce) bag cauliflower, cauliettes (mann's) 1 tablespoon coconut oil 1 garlic clove, minced 1 teaspoon ground cumin and paprika ground coriander and salt ground cinnamon and pepper 1/4 cup water 1/4 cup lemon juice 1 (19 ounce) can chickpeas, drained and rinsed 1 red pepper, chopped 1/3 cup red onion, chopped 1/4 cup orange juice 1/4 cup dried apricot, chopped 1/4 cup toasted almond, slivered 3 tablespoons fresh cilantro, finely chopped and divided 1/3 cup pomegranate seeds 1 tablespoon of fresh mint, finely chopped"
870,"1 tablespoon extra virgin olive oil 3/4 teaspoon ground coriander 2 tablespoons coriander leaves, finely chopped 200 g onions, sliced 1 1/4 kg cauliflower, broken into florets 150 ml water (or as necessary) 2 teaspoons plain flour (preferably unbleached organic) 1 teaspoon ginger, freshly grated 1/4 teaspoon ground cumin 2 -3 tablespoons lemon juice"
871,2 cups pitted dates 1/2 cup golden raisin 1/2 cup dark raisin 1/2 cup walnuts 1 -2 tablespoon sweet red passover wine
872,"1 tablespoon cumin seed 1 tablespoon coriander seed 2 teaspoons ground cinnamon (or a 10cm stick cinnamon) 3 garlic cloves, chopped 6 parsley sprigs, finely chopped (thick sprigs) 6 coriander sprigs, finely chopped (cilantro, thick sprigs) 2 teaspoons ground sumac (or zest of 1 large lemon) 1 tablespoon mild paprika 2 tablespoons honey 3 tablespoons light olive oil 1 teaspoon fresh ground black pepper"
874,"2 tablespoons cooking oil 1 onion, chopped 1 lb boneless skinless chicken thighs (about 4) 1/4 teaspoon cayenne 1 teaspoon ground cumin 1 3/4 teaspoons salt 1/4 teaspoon fresh ground black pepper 1 sweet potato, peeled and cut into 3/4-inch cubes (about 1/2 pound) 1 zucchini, quartered lengthwise and cut crosswise into 1-inch pieces 3/4 cup tomato puree 1 quart water 2 cups canned low sodium chicken broth or 2 cups homemade stock 1/2 cup couscous 1/3 cup chopped fresh parsley"
875,"1 large red onion, thinly sliced 1 unwaxed lemon, zested 4 fresh dates or 4 soft dried dates 2 large boneless skinless chicken breasts 3 tablespoons olive oil 50 g pine nuts salt and pepper 1 teaspoon harissa 350 ml chicken stock 200 g couscous 1 tablespoon butter 1 tablespoon chopped coriander"
876,"1 tablespoon oil 1/4 cup onion, chopped 1 garlic clove, minced salt and pepper 1/2 teaspoon ground ginger 1/2 teaspoon coriander 1/2 teaspoon cumin 1/2 teaspoon cinnamon 1 dash nutmeg 1 pinch cayenne 1/2 teaspoon vanilla extract 1/2 cup tomatoes, diced 1/2 cup raisins 1/4 cup almonds 1 cup chickpeas, cooked 1 boneless skinless chicken breast, chopped into bites size pieces"
877,"1 teaspoon fennel seed (optional) 1 teaspoon ground cumin 1/4 teaspoon ground cinnamon 1/4 teaspoon cayenne pepper 2 teaspoons vegetable oil (becel) 2 boneless skinless chicken breasts, cut in 1 inch cubes 1 medium onion, chopped 2 garlic cloves, smashed 3/4 cup reduced-sodium chicken broth 1 medium zucchini, sliced 2 -3 medium carrots, julienned 1/4 cup raisins 1/4 teaspoon salt 2 teaspoons cornstarch chopped fresh coriander (to garnish)"
878,"1 tablespoon olive oil 4 boneless skinless chicken breasts 1 onion, chopped 1/2 lb butternut squash, peeled, seeded, cut into 3/4-inch pieces 1/4 teaspoon ground cinnamon 1/4 teaspoon ground cumin 1/8 teaspoon saffron thread 1 cup low sodium chicken broth 2 ounces kumquats, quartered lengthwise, seeded 2 ounces prunes, pitted 1 tablespoon honey 4 cups cooked rice or 4 cups couscous 2 tablespoons fresh cilantro, chopped"
879,"1 tablespoon olive oil 1/2 medium onion, chopped 2 tablespoons fresh cilantro 2 tablespoons fresh parsley 2 boneless skinless chicken breasts, cut into quarters 1/3 preserved lemon, rinsed & sliced 1 (15 ounce) can chickpeas, drained & rinsed 1 1/2 cups chicken broth 2 -3 teaspoons ras el hanout spice mix 1/8 teaspoon cayenne salt, to taste"
880,"2 tablespoons olive oil 1 garlic clove, chopped 1/2 medium onion, chopped 1 1/2 lbs boneless skinless chicken breasts, cut into 1 inch pieces 3/4 cup low sodium chicken broth 1 lemon, juice of 1 bunch parsley, finely chopped 1 bunch cilantro, finely chopped 1 1/2 tablespoons la kama (<a href=""https://www.food.com/recipe/la-kama-moroccan-spice-blend-404629/"">la kama moroccan spice blend</a>) 1/4-1/2 teaspoon salt 1/4 teaspoon ginger 2 eggs 3 egg whites"
881,"1 spanish onion, grated 1 1/2 teaspoons black pepper 1 teaspoon salt 1/2 teaspoon ground ginger 1/2 teaspoon powdered saffron 2 tablespoons fresh italian parsley, finely chopped 1 tablespoon fresh cilantro, finely chopped 3 tablespoons olive oil 2 tablespoons lemon juice 2 tablespoons water 2 -3 lbs skinless chicken pieces chicken giblets (optional) 1 1/2 cups water 1/2 teaspoon turmeric 1 teaspoon sugar 1 teaspoon cinnamon 10 phyllo pastry sheets"
882,"1 lb chicken breast fillet 3 tablespoons spanish olive oil (plus extra for oiling) 1 lemon, juice of 2 garlic cloves, crushed 1 1/2 teaspoons ground cumin 1 teaspoon ground coriander 1 teaspoon hot smoked paprika (or sweet) 1/4 teaspoon ground cinnamon 1/2 teaspoon dried oregano salt fresh parsley, chopped (for garnish)"
883,"5 boneless skinless chicken breasts, chopped into bite size pieces 1 tablespoon ground coriander 1 tablespoon smoked paprika 1 tablespoon ground cumin 1 tablespoon mccormick's montreal steak grill seasoning 1 teaspoon ground turmeric 1/8 teaspoon ground cinnamon olive oil 1/2 of an onion (white, yellow or red, your choice) 1 cup chicken stock, from a box 1/2 cup raisins (if you want, you can use more) 1/2 cup prune (if you want you can use more) couscous (optional, any flavor you want)"
884,"2 tablespoons oil, divided 1 large onion, chopped 1 teaspoon ground turmeric 1 lb boneless skinless chicken thighs, cut into 1/2-inch pieces 1/2 cup almonds, coarsely chopped, use the salted and roasted kind 1/3 cup golden raisin 3 tablespoons fresh parsley, chopped 1 teaspoon ground cinnamon 6 eggs 1/2 cup light sour cream 12 sheets phyllo dough, thawed"
885,"3 cups cooked chicken, chopped 1 (15 ounce) can garbanzo beans, drained 1 small red onion, halved and sliced 1/2 cup red bell pepper, cut in strips 1/2 cup yellow bell pepper, cut in strips 1/2 cup ripe olives, sliced 1/4 cup chopped fresh parsley 1 (8 ounce) container plain yogurt (nonfat is ok) 2 tablespoons lemon juice 1/2 teaspoon cumin 1/2 teaspoon coriander 1 teaspoon caraway seed, crushed 1/4 teaspoon salt 1/4 teaspoon pepper 1/4 teaspoon crushed red pepper flakes"
886,"1/2 cup butternut squash, diced 1 (8 ounce) can beets, diced 1/4 cup dried cranberries 1 hard-boiled egg, diced 1 avocado, diced 2 carrots, diced 1 red bell pepper, diced 1/4 cup dates or 1/4 cup dried apricot, chopped 1 head romaine lettuce, sliced 1/4 cup girard's champagne dressing 1/4 cup roasted almonds 3 boneless chicken breasts 1 teaspoon ground coriander 1 teaspoon cinnamon 1 teaspoon olive oil"
887,"2 whole chicken breasts 1 large red bell pepper, thinly sliced (may also use orange or yellow peppers) 1 red onion, thinly sliced 1 tablespoon toasted cumin seed, ground 1/4-1/2 teaspoon cayenne 1 teaspoon paprika 2 tablespoons garlic, finely minced 1/4 cup fresh lemon juice 1/4 cup red wine vinegar 1 cup chicken broth 2 tablespoons olive oil 1/2 cup cilantro, finely minced 1/2 cup fresh italian parsley, finely minced salt and pepper 1/4 cup kalamata olive (or nicoise olives)"
888,"1 tablespoon vegetable oil 1 onion, choppped fine 1 teaspoon garam masala 5 cups low sodium chicken broth 14 1/2 ounces diced tomatoes 2 (16 ounce) cans chickpeas, drained and rinsed 2 zucchini, cut in 1/2-inch pieces 1/2 cup couscous 3 cups cooked chicken (1 rotisserie chicken) chopped cilantro lemon wedge"
889,"2 cups chicken broth 1/4 cup tomato paste 1 teaspoon ground cumin 1 teaspoon salt 1/4 teaspoon ground red pepper (cayenne) 1/8 teaspoon ground cinnamon 1/2 cup raisins 1 medium onion, sliced thin 1 tablespoon minced fresh garlic 2 lbs butternut squash, peeled, seeded, and cut into 1 1/2 inch chunks (5 cups) 2 cups frozen green peas 1 (16 ounce) can chickpeas, drained and rinsed 4 skinless chicken thighs, skin and visible fat removed (about 1 1/3 pounds)"
890,"5 teaspoons cumin seeds 5 teaspoons coriander seeds 2 1/2 teaspoons whole allspice 5 teaspoons ground nutmeg 2 1/2 teaspoons ground ginger 1 1/4 teaspoons ground red pepper 1 1/4 teaspoons ground cinnamon 1 teaspoon olive oil 2 lbs vertically sliced onions 1/2 teaspoon salt 1 1/2 teaspoons sugar 1/2 teaspoon black pepper 1 (10 1/2 ounce) can low sodium chicken broth 1/4 cup raisins 2 lbs skinless chicken thighs (4) 1 (15 1/2 ounce) can chickpeas, drained (garbanzo beans) 4 cups hot cooked couscous"
891,"2 teaspoons ground cumin 1 teaspoon ground ginger 1 teaspoon salt 1 teaspoon black pepper, coarse ground 1/2 teaspoon ground cinnamon 1/2 teaspoon ground coriander 1/2 teaspoon paprika 1/2 teaspoon ground turmeric 1/4 teaspoon ground cloves 1/4 teaspoon cayenne pepper 2 small brown onions 1 tablespoon olive oil or 1 tablespoon vegetable oil 400 g chicken thigh fillets, diced 800 g diced tomatoes 800 g chickpeas, drained and rinsed 200 ml chicken stock 1/2 lemon 1 cup water"
892,"1 1/4 teaspoons sweet paprika 1/2 teaspoon ground cumin 1/4 teaspoon cayenne pepper 1/2 teaspoon ground ginger 1/4 teaspoon ground coriander 1/4 teaspoon ground cinnamon 3 slices lemon zest (2x3/4 inches) 3 tablespoons fresh lemon juice 5 garlic cloves, minced 3 1/2-4 lbs chicken, 8 pieces bone in kosher salt fresh ground black pepper 1 tablespoon olive oil 1 onion, thinly sliced into half moons (3 cups) 1 3/4 cups chicken broth 1 tablespoon honey 2 carrots, peeled and cut into 1/2 inch rounds 1 cup green olives (if you can get moroccan or use greek) 2 tablespoons fresh cilantro leaves, chopped"
894,"1 tablespoon ground cinnamon 2 teaspoons cracked black pepper 3/4 teaspoon ground coriander 1/2 teaspoon ground cumin 1/2 teaspoon ground cloves 1/2 teaspoon ground cardamom 2 tablespoons paprika 4 garlic cloves, pressed (or mashed ) 2 tablespoons dark brown sugar 1 teaspoon salt 1 teaspoon red pepper flakes 2 tablespoons olive oil 2 tablespoons fresh lemon juice 4 lbs chicken wings"
895,"4 boneless skinless chicken breast halves salt and pepper 2 tablespoons olive oil 1 1/4 cups green onions, sliced 3 large garlic cloves, chopped 1 tablespoon all-purpose flour 1 teaspoon ground ginger 1 1/2 teaspoons ground cinnamon 1 teaspoon ground cumin 2 cups chicken broth 1 cup apricot, chopped 3 tablespoons fresh lemon juice 3 tablespoons honey 1/3 cup slivered almonds, toasted"
896,"1 tablespoon butter 1 tablespoon sunflower oil 4 chicken breasts (i used skinless breasts to reduce fat content) 2 onions, finely chopped 2 garlic cloves, crushed 1/2 teaspoon ground cinnamon 1/4 teaspoon ground ginger 1/4 teaspoon ground turmeric 2 tablespoons orange juice 2 teaspoons clear honey 1 pinch salt of fresh mint (to garnish) 350 g couscous 1 teaspoon salt 2 teaspoons caster sugar 1 tablespoon sunflower oil 1/2 teaspoon ground cinnamon 1 pinch of grated nutmeg 1 tablespoon orange blossom water (i used orange juice) 2 tablespoons sultanas 2 tablespoons chopped walnuts 1/4 cup of chopped dried apricot"
897,"1 teaspoon garlic powder 1 teaspoon ground cumin 1 teaspoon paprika 1/2 teaspoon ground turmeric 1/4 teaspoon cayenne pepper 2 teaspoons lemon rind, finely grated 4 chicken breasts 1 red capsicum, sliced thinly 2 (100 g) sachet's quick-cooking couscous (i buy my couscous in a box of 4 quick cooking sachets each one serves 2, so make according to your b) 1 -2 teaspoon vegetable bouillon granules 2 tablespoons lemon juice 1 tablespoon olive oil 1/2 cup roasted pistachios, chopped coarsely 2 tablespoons sultanas, chopped roughly 1/2 cup fresh coriander, chopped coarsely"
898,"2 tablespoons olive oil 3 lbs chicken thighs, skinned and rinsed 1 large chopped onion 2 teaspoons paprika 1 teaspoon ground ginger 1/2 teaspoon ground turmeric 1/2 teaspoon ground black pepper 1/2 cup kalamata olive (optional) 2 1/2 moroccan preserved lemons, cut in quarters 1/4 cup finely chopped cilantro (optional)"
899,"1 1/2 cups dry instant couscous 1 1/2 lbs skinless chicken leg quarters, cut in half 1/2 teaspoon salt 1/2 teaspoon black pepper 1/2 teaspoon ginger 1/4 teaspoon turmeric 1 pinch saffron 1/2 onion, grated 3 cinnamon sticks (about 2 inches long) 3 cups chicken stock 4 tablespoons sweet unsalted butter, divided 1/4 cup icing sugar (confectioners sugar) 2 -3 teaspoons ground cinnamon"
900,"1 tablespoon olive oil 2 cups zucchini, cubed 1 cup onion, chopped 1/2 cup carrot, chopped 1 tablespoon garlic, minced 1 cup chicken broth 2 tablespoons raisins 1 1/4 teaspoons ground ginger 1 1/4 teaspoons ground cumin 3/4 teaspoon ground coriander 1/2 teaspoon salt 1/4 teaspoon cinnamon 1/4 teaspoon black pepper 2 (15 1/2 ounce) cans chickpeas, drained 1 (14 1/2 ounce) can no-salt-added diced tomatoes, undrained 1 1/2 cups water 1 cup uncooked couscous"
901,"2 teaspoons olive oil 1 cup onion, chopped 3/4 cup celery, chopped 1/2 cup carrot, chopped 2 garlic cloves, minced 2 teaspoons ground cumin 2 teaspoons paprika 1 teaspoon ground ginger 1/2 teaspoon ground turmeric 1/4 teaspoon ground black pepper 1/4 teaspoon salt 1/4 teaspoon ground cinnamon 1/4 teaspoon ground red pepper 1 1/2 cups water 2 tablespoons no-added-salt tomato paste 2 (15 1/2 ounce) cans chickpeas, rinsed and drained 1 (14 1/2 ounce) can no-salt-added diced tomatoes, undrained 2 tablespoons fresh cilantro, chopped 1 tablespoon lemon juice, fresh"
902,"400 g chickpeas (13oz rinsed and drained) 2 tablespoons tahini 1/4 cup lemon juice (60ml/2floz) 4 garlic cloves 1/2 teaspoon ground cumin 1 cup coriander (fresh leaves, cilantro 15g/1/2oz) 1/4 cup extra virgin olive oil (60ml/2floz) 1 green capsicum (medium bell pepper) 2 tomatoes (medium ripe) sea salt pepper celery rib (sticks to serve)"
903,"1 1/3 cups dried garbanzo beans, soaked overnight 4 scallions, finely chopped 1 large ripe tomatoes, peeled,seeded and finely chopped 1/2 cup cilantro or 1/2 cup parsley, minced 8 kalamata olives, pitted and finely chopped 1 clove garlic, minced 2 tablespoons olive oil 1 1/2 tablespoons fresh lemon juice 1/2 teaspoon ground cumin 1/4 teaspoon black pepper 1 pinch cayenne"
907,"2 tablespoons safflower oil 2 carrots, grated 2 garlic cloves, minced 1 medium onion, chop fine (1/2 c) 1 (15 ounce) can chickpeas, rinse, drain 3 cups vegetable stock 1/3 cup tahini 2 tablespoons lemon juice 1 tablespoon fresh parsley, chopped 3/4 teaspoon cumin, ground 1/2 teaspoon black pepper 1/2 teaspoon thyme leaves 1/4 teaspoon powdered turmeric 1/8 teaspoon cayenne pepper toasted sesame seeds, minced scallions, finely chopped tomatoes (optional) or herbed garlic-flavored croutons (optional)"
908,"240 g chickpeas (canned. if uncooked, soak overnight then boil until soft) 240 g zucchini (courgettes) 1 teaspoon garlic, minced 10 ml lemon juice 1 teaspoon vinegar, white wine 2 teaspoons olive oil 2 teaspoons honey salt and pepper, to taste 1 teaspoon mixed spice, paste (actually calls for spice paste take note of recipe below) 1 teaspoon cayenne pepper 1 teaspoon paprika 1 teaspoon garlic powder 1 teaspoon peppercorn, ground 1 teaspoon cinnamon 1 teaspoon ground cumin 1 teaspoon fresh lemon juice 5 teaspoons olive oil"
909,"1 large onion, thinly sliced 3 garlic cloves, minced 1 tablespoon fresh ginger, minced 2 tablespoons red wine or 2 tablespoons cooking sherry 1 teaspoon cumin 1 teaspoon cinnamon 1 teaspoon paprika 1/2 teaspoon crushed red pepper flakes, to taste 1 cup water (or chickpea cooking liquid) 1/2 teaspoon salt 2 medium sweet potatoes, peeled and cut into bite-size pieces (1 1/2 pounds) 1/4 cup diced dried apricot 2 cups cooked chickpeas 1/4 cup raisins 2 tablespoons lemon juice 1/4 cup sliced almonds, toasted in a dry skillet"
910,"1/2 cup sliced almonds 3 teaspoons olive oil 2 brown onions, halved, thinly sliced 2 garlic cloves, thinly sliced 2 large carrots, cut into short sticks 3 teaspoons ground cumin 3 teaspoons ground ginger 1 1/2 teaspoons ground turmeric 1 cup chicken stock 2 (400 g) cans diced tomatoes 2 (400 g) cans chickpeas 1/2 cup dried pitted dates 50 g baby spinach leaves 1 tablespoon honey 3 teaspoons lemon juice or 1/2 teaspoon citric acid fresh coriander sprig, to serve ground cinnamon, to serve couscous, to serve"
911,"10 egg whites 1/2 cup superfine sugar 2 tablesppons self rising flour 1 cup dark chocolate 1 cup fresh dates, chopped 1 cup roasted almonds, chopped confectioners' sugar, to dust chocolate syrup, to serve strawberry, to garnish ice cream, to serve"
912,"1/2 cup ground coffee or 1/2 cup espresso beans 1 teaspoon ground cinnamon 3 cups water 2 teaspoons orange flower water (to taste) sugar (optional) or vanilla sugar, to taste (optional) hot milk (optional) or steamed milk, to taste (optional)"
913,"2 cups coconut, grated 3/4 cup sweetened condensed milk 2 cups sugar 2 tablespoons butter 1 -2 tablespoon lemon rind, grated"
914,2 teaspoons orange blossom water (to taste) 1/4 teaspoon cinnamon (ground) 1/8 teaspoon nutmeg (ground) 1 pinch cardamom (ground) 16 ounces coffee (freshly brewed arabic) 4 teaspoons warm milk (optional)
915,"1/4 teaspoon freshly ground cinnamon 1/4 teaspoon freshly ground black peppercorns 1/4 teaspoon freshly ground ginger 1/4 teaspoon freshly grated nutmeg 1/8 teaspoon freshly ground green cardamom seeds 1/8 teaspoon freshly ground clove scant 1 cup freshly roasted coffee beans 4 cups boiling water hot milk, to taste sugar, if desired"
916,1 lb carrot (cut on the diagonal in 1/2' pieces) 2 tablespoons extra virgin olive oil 2 tablespoons honey 1/2 teaspoon cinnamon 1/2 teaspoon sweet smokey paprika 1 (4 ounce) package feta cheese (crumbled) or 1 (4 ounce) package goat cheese (crumbled) 8 -10 large medjool dates (seeds removed and quartered on the long axis) 1 (14 ounce) can garbanzo beans (drained) 1 cup couscous 1 1/4 cups vegetable stock 1 lemon (reserved for juice) 1 tablespoon white sesame seeds 1 tablespoon black sesame seed 3/4 cup fresh cilantro leaves (chopped) sea salt black pepper
917,"1/3 cup couscous 1/2 cup chicken stock 1 teaspoon olive oil 1 tablespoon orange juice 1 teaspoon dijon mustard 1 teaspoon chopped fresh thyme 2 green onions, thinly sliced 1/4 cup parsley 1/2 orange, peeled and cut into chunks 1 tablespoon fresh lemon juice salt and freshly ground black pepper, to taste"
918,"1 (3 lb) package stew beef chunks or 8 skinless chicken thighs, bone-in 4 garlic cloves 2 onions 1 teaspoon ground cumin 1 teaspoon paprika 1/2 teaspoon ground ginger 1/2 teaspoon cinnamon 1/2 teaspoon allspice 1/2 teaspoon salt 1/2 teaspoon hot red chili pepper flakes or 1/4 teaspoon cayenne pepper 2 cups small chunks carrots 3 cups large chunks of peeled squash or 3 cups potatoes 1 (10 ounce) can condensed chicken broth or 1 cup chicken bouillon 1/2 cup pitted green olives (optional) 1 (19 ounce) can chickpeas, drained and rinsed (optional)"
919,"1 tablespoon ground coffee (or any amount you prefer for a single cup) 1/2 teaspoon ras el hanout spice mix (or to your own spice level liking) sugar (as and if you like, can use honey, splenda, anything or nothing)"
920,"2 teaspoons black pepper 1 teaspoon onion powder 2 teaspoons garlic cloves, minced 1 teaspoon salt 1/2 teaspoon cayenne pepper 1 teaspoon ground cinnamon 1 teaspoon ground coriander 1/2 teaspoon dried thyme 1 teaspoon ground ginger 1 tablespoon lemon zest 1 tablespoon sugar"
921,"1 lb ground chuck 2 tablespoons olive oil 1 small onion, finely chopped 1/2 teaspoon paprika salt and pepper 1 tablespoon finely chopped garlic 1 large onion, finely chopped 1 tablespoon extra-virgin olive oil 2 tablespoons chopped fresh cilantro 3 teaspoons paprika 1 teaspoon ground cumin salt and pepper 2 lbs tomatoes, skins removed, peeled and finely chopped* 4 large eggs pita bread, for serving"
922,"1 large onion, cut in half and sliced thin 5 medium garlic cloves, pressed 1 medium red bell pepper, cut in 1 inch squares 1 medium eggplant, cut into 1 inch pieces 1 pinch red pepper flakes 2 teaspoons turmeric 1/2 teaspoon garam masala 1 (15 ounce) can garbanzo beans 1 (15 ounce) can lentils, drained 1/2 cup tomato sauce 1 1/4 cups tbsps vegetable broth 1 tablespoon vegetable broth 1/2 cup raisins 1 tablespoon chopped fresh cilantro salt and black pepper"
923,"1 large eggplant, peeled, cut into 2 inch pieces 2 large eggs 2 cups dry breadcrumbs 1 cup coarsely chopped cilantro 1/2 cup sultana raisin 1/2 cup greek yogurt 3 garlic cloves, minced 1/2 jalapeno chile, minced 2 teaspoons tomato paste 1 teaspoon hot paprika 1 teaspoon ground cumin 1/2 teaspoon curry 1/2 teaspoon ground coriander 1/2 teaspoon salt 1/4 teaspoon ground ginger 1 pinch ground cardamom 1 cup all-purpose flour 2 eggs, beaten to blend tzatziki (included in my recipes)"
924,"1 lb eggplant, peeled and diced 1 red bell pepper, coarsely chopped 1/2 cup chopped red onion 4 tablespoons olive oil 8 sun-dried tomatoes 1 cup boiling water 1 teaspoon sea salt 1/2 teaspoon black pepper 1 teaspoon ground cumin 1/2 teaspoon paprika 2 garlic cloves, minced 1/2 cup pitted kalamata olives or 1/2 cup pitted green olives, chopped 1/2 cup chopped italian parsley 1/8 cup toasted slivered almonds (may substitute pine nuts) 1 -2 lemon (juice of, no seeds, amount depending on size) 1 tablespoon chopped of fresh mint (optional) 4 pita bread rounds (optional)"
925,"600 g ripe tomatoes 4 tablespoons olive oil 6 green onions 4 garlic cloves, sliced 1 teaspoon cumin seed, roughly ground 1 pinch cayenne pepper 1 teaspoon sugar 4 eggs"
926,6 eggs 1 cup sugar 1 cup cooking oil 2 cups finely chopped walnuts 1 cup raisins 1 tablespoon anise 1 tablespoon baking powder 1 teaspoon baking powder 3/4 teaspoon baking soda 1 teaspoon vanilla extract 6 cups flour
927,"3 tablespoons cilantro, finely chopped 3 tablespoons fresh parsley, finely chopped 2 medium garlic cloves, minced 1/2 onion, grated 3 tablespoons olive oil 3 -4 tablespoons lemon juice 1 tablespoon vinegar 1 teaspoon salt 1 teaspoon paprika 1/2 teaspoon cumin 1/2 teaspoon black pepper 1/2 teaspoon turmeric 1 pinch cayenne pepper"
928,"1 1/2 lbs firm white fish fillets (porgy, monkfish, cod, etc) 1/2 onion, grated 1 garlic clove, peeled & finely chopped 3 -4 tablespoons olive oil 2 tablespoons lemon juice 2 tablespoons fresh cilantro, finely chopped 3 tablespoons fresh italian parsley, finely chopped 1/2 teaspoon paprika 1/4 teaspoon turmeric 1/4 teaspoon powdered saffron 1/4 teaspoon cayenne pepper 1/4 teaspoon salt"
929,3 whole trout (about 10 inches long) 2 bunches parsley 2 russet potatoes 4 roma tomatoes 10 -15 white mushrooms 1 bunch asparagus 2 bell peppers (any color) 1 yellow onion 6 garlic cloves 1 tablespoon sea salt 1 teaspoon black pepper 1 teaspoon chili powder 1 teaspoon ginger powder 1 tablespoon ras el hanout spice mix (available at mustaphas.com) 4 tablespoons extra virgin olive oil
930,"1/2 teaspoon dry yeast 3/4 cup warm water 2 cups all-purpose flour 3/4 teaspoon kosher salt 2 cups onions, chopped 1/2 cup parsley, frest, finely chopped 2 tablespoons olive oil 2 teaspoons paprika 1 teaspoon ground cumin 1/2 teaspoon kosher salt 1/4 teaspoon crushed red pepper flakes 1 teaspoon canola oil, divided"
931,"1 red onion 1 tablespoon fresh parsley leaves 1 lb fresh ground beef or 1 lb fresh ground lamb 2 teaspoons ground cumin 2 tablespoons pine nuts 1 1/2 teaspoons paprika 1 tablespoon fresh lemon juice 1/2 cup plain natural yoghurt (can use greek) 4 naan bread (garlic and coriander, should not be plain naan breads)"
932,"2 medium narrow eggplants 2 eggs, lightly beaten 1 teaspoon cumin 1/2 teaspoon salt 1/4 teaspoon pepper vegetable oil (for frying)"
933,2 eggs 1 teaspoon olive oil salt (to taste) cumin (to taste)
934,"fresh whiting fish fillets, cleaned 2 teaspoons cumin 1 1/2 teaspoons turmeric 1 1/2 teaspoons hot paprika 1 teaspoon sweet paprika 1/2 teaspoon pepper salt pepper 1/2 cup flour for coating the fish vegetable oil (for frying) lemon wedge (optional)"
935,"1/2 cup olive oil 1/3 cup white wine vinegar 1 tablespoon ground cumin 1/2 teaspoon ground coriander 1/2 teaspoon ground cinnamon 1/4 teaspoon cayenne pepper 1 (15 ounce) can garbanzo beans, drained (chickpeas) 1 1/2 cups coarsely chopped seeded tomatoes 1 1/2 cups coarsely chopped seeded peeled cucumbers 1 cup coarsely crumbled feta cheese 1/2 cup chopped red onion 1/3 cup chopped fresh italian parsley 4 whole pita bread rounds, halved crosswise plain yogurt"
936,"1 quart concord grape juice (or white grape juice) 2 tablespoons sugar (i used honey) or 2 tablespoons honey, to taste (i used honey) 2 tablespoons orange blossom water (do not omit) 1/4 teaspoon cinnamon, to taste (original recipe specified 1 teaspoon) or 1/2 small whole cinnamon stick ice cube of fresh mint, for garnish"
937,"1 lb kalamata olives or 1 lb greek olive 1/4 cup olives or 1/4 cup vegetable oil 2 tablespoons snipped parsley 2 tablespoons snipped fresh cilantro 1 tablespoon lemon juice 1/2 teaspoon crushed red pepper flakes 2 garlic cloves, finely chopped"
938,"1 teaspoon vegetable oil 1 small onion, chopped 2 garlic cloves, chopped 1 teaspoon ground cumin 1/2 teaspoon ground coriander 1/4 teaspoon cinnamon 1/8 teaspoon cayenne 2 tablespoons tomato paste 540 ml chickpeas, rinsed and drained 1/2 cup plain yogurt 1 1/2 teaspoons lemon juice colourful vegetables such as carrot, peppers, cucumbers and asparagus, cut into strips"
939,"1 1/2 lbs potatoes 2 tablespoons extra virgin olive oil 1/4 teaspoon ground cilantro 1/8 teaspoon turmeric 1/8 teaspoon cinnamon 1/4 teaspoon chili pepper flakes 1 garlic clove 1/2 lemon, juice and zest of"
940,"3 -4 lbs flank steaks 1 small onion, minced 1/2 cup olive oil 1/4 cup lemon juice 4 tablespoons minced ginger 2 tablespoons soy sauce 2 tablespoons flat leaf parsley, chopped 3 garlic cloves, minced 1 tablespoon cumin 1 tablespoon chili powder 1 tablespoon sherry wine 1 teaspoon dried oregano 1 teaspoon turmeric 1 teaspoon ground black pepper 1/4 teaspoon grated nutmeg (optional)"
941,"2 lbs ground beef 1 onion, finely chopped 1/3 cup chopped fresh parsley 1/2 teaspoon mint 1/4 teaspoon marjoram 3/4 teaspoon salt 1/4 teaspoon pepper 1/2 teaspoon ground cumin 24 bamboo skewers or 24 metal skewers"
942,"1 large lemon, juice of 1 large lemon, zest of 3 tablespoons olive oil 3 garlic cloves, sliced 2 teaspoons ras el hanout spice mix 4 lamb fillets, trimmed (about 500g total weight) 1 cup flat leaf parsley 20 mint leaves, roughly chopped 20 leaves fresh oregano 2 vine-ripened tomatoes, roughly chopped"
943,"5 racks of lamb 4 tablespoons ras el hanout spice mix 1 bunch fresh cilantro, minced 2 1/3 tablespoons minced garlic 1/4 cup extra virgin olive oil 1 tablespoon lemon juice 2 preserved lemons 1 bunch fresh parsley leaves"
944,"2 -3 lamb fillets (backstrap) 1 teaspoon ground cumin 1 teaspoon paprika 3 garlic cloves, crushed 1 teaspoon ground coriander 1 teaspoon dried parsley flakes 1/2 teaspoon cinnamon 1/2 teaspoon ground ginger 1 teaspoon sugar 1/2 teaspoon harissa 2 tablespoons lemon juice 2 tablespoons olive oil"
945,"2 lamb shanks 2 large tomatoes, chopped to small pieces 2 teaspoons ground cumin 1 teaspoon ground coriander 2 teaspoons paprika 1 teaspoon fennel seed 5 cm knob ginger, chop into chunky pieces 2 thai bird's eye chili, chopped (i don't de-seed my chili, as i like them hot) 1 cinnamon stick 1 tablespoon olive oil 500 ml chicken stock 50 g dried apricots, chopped 50 g dried figs, chopped 1 tablespoon almond halve 2 tablespoons honey 1 bunch of chopped fresh coriander 200 g couscous salt grounded black pepper"
946,1 teaspoon cayenne pepper 2 teaspoons ground black pepper 1 1/2 tablespoons paprika 1 1/2 teaspoons ground ginger 1 tablespoon turmeric 2 tablespoons cinnamon 2 1/2 lbs stewing lamb 1 cup onion 2 tablespoons olive oil 2 tablespoons argan oil 3 garlic cloves 1 pint tomato juice 2 (28 ounce) cans chopped tomatoes 4 ounces dried apricots 2 ounces dates 2 ounces raisins 3 ounces sliced almonds 1 teaspoon saffron 1 pint lamb or 1 pint chicken stock 1 tablespoon clear honey 2 tablespoons coriander 2 tablespoons parsley
947,"2 (200 g) lamb fillets (the marinade would be enough for 4 fillets) 2 teaspoons ground cumin 2 teaspoons ground coriander 1 teaspoon cinnamon 1 teaspoon paprika 1/2 teaspoon ground ginger 1/4 teaspoon harissa 100 ml yogurt 2 cups water 2 teaspoons vegetable stock powder 2 tablespoons hot mango chutney 1 (100 g) sachet quick-cooking couscous 1/2 red pepper, diced 1/2 yellow pepper, diced 1 tablespoon lemon juice 3 tablespoons red currants 2 tablespoons fresh coriander, finely chopped 100 ml yogurt 1 tablespoon fresh coriander, finely chopped (this is extra so a total of 3 tablespoons altogether.)"
948,"2 tablespoons olive oil 4 chicken breast halves (bone in, skin on) 1 small onion, sliced thin 3/4 teaspoon cumin 1/4 teaspoon paprika 1/4 teaspoon cinnamon 2 teaspoon lemons, zest of, finely grated 1 1/2 teaspoons all-purpose flour 1 1/2 cups chicken broth (i use college brand) 1/3 cup pimento stuffed olive, sliced thin 1 tablespoon honey 1/2 cup canned chick-peas, drained & rinsed"
949,"1 onion, medium, peeled, quartered 1 medium garlic clove, peeled, minced 2 large chicken breasts 1 tablespoon all-purpose flour 1/2 tablespoon olive oil 1 1/4 cups water, divided 1 pinch saffron 1/4 teaspoon ground ginger 1/4 teaspoon ground cumin 1/4 teaspoon paprika 1/8 teaspoon salt 2 tablespoons lemon juice 1 lemon, zest of, minced 1/4 cup green olives, pitted, chopped 1 tablespoon cilantro, minced 1/2 cup couscous 1 dash black pepper"
950,"1 onion, chopped 2 garlic cloves, mashed 1 green pepper, minced 1 teaspoon ginger, crushed 1 tablespoon oil 1 teaspoon turmeric 1/2 teaspoon cumin 1 pinch saffron 2 cups lentils 1 teaspoon paprika 1/4 teaspoon chili powder 2 cups pumpkin, cubed 3 tablespoons tomato paste 1 carrot, sliced 6 cups stock 1/4 cup cilantro, chopped"
951,"8 spinach, leaves (use large ones) 1 medium onion, chopped 2 tablespoons olive oil 1 carrot, scraped and sliced 2 garlic cloves, minced 6 cups chicken broth 1 cup red lentil 1 cup tomatoes, peeled, seeded, and chopped 4 green onions, sliced 1/4 cup fresh parsley, chopped 1/4 cup fresh cilantro, chopped 1 bay leaf 2 teaspoons ground ginger 2 teaspoons ground turmeric 2 teaspoons paprika 1 teaspoon ground cumin 1 teaspoon ground cinnamon 1/2 teaspoon pepper 1/4 teaspoon salt 1/2 cup fine egg noodles, uncooked 1/2 cup plain yogurt"
952,"2 tablespoons olive oil 1 large onion, diced 1 large carrot, diced 2 garlic cloves, crushed 1 tablespoon ground coriander 2 teaspoons ground cumin 1 teaspoon paprika 175 g red lentils, well rinsed 1 1/2 liters vegetable stock 4 tablespoons olive oil 25 g fresh coriander, roughly chopped 1/2 garlic clove, crushed with 1 pinch sea salt 1 teaspoon lemon juice 1/4 teaspoon hot chili oil"
953,"1 tablespoon olive oil 1 cup onion, chopped 3 garlic cloves, minced (1 tbsp) 1 (28 ounce) can crushed tomatoes 2 (18 1/4 ounce) cartons lentil soup, such as dr. mcdougalls 1 (15 ounce) can chickpeas, rinsed and drained 1/2 cup raisins or 1/2 cup dried currant 2 teaspoons ground cinnamon (to taste) 1 1/2 teaspoons ground cumin 1/4 teaspoon red pepper flakes (to taste) 6 tablespoons plain nonfat greek yogurt or 6 tablespoons plain nonfat soy yogurt"
954,"1 cup lentils, uncooked 4 garlic cloves, crushed 1 teaspoon cumin, ground 1/2 teaspoon salt 1/8 teaspoon pepper 1/16 teaspoon ground cinnamon 1 bay leaf 3 cups water 2 teaspoons vegetable oil 2 cups onions, cut in thin slices 1/2 cup couscous, uncooked"
955,"1 1/2-2 lbs calf liver, cut in 1x2 inch slices 1/2 cup plain flour 1 teaspoon cumin 1 teaspoon paprika 1 -2 pinch salt 2 tablespoons olive oil 1 red onion, thinly sliced 3 garlic cloves, minced 1 bunch parsley, chopped"
956,"32 ounces kefir or 32 ounces whole milk plain yogurt 1/3 cup ras el hanout spice mix, plus more (about 1.6 ounce jar, for serving) 8 smashed garlic cloves 3 tablespoons kosher salt 8 1/2 inches thick lamb blade chops cilantro leaves and thinly sliced scallion (for serving) vegetable oil (for brushing)"
957,"1 1/2 lbs ground beef 1 onion, chopped 1/3 cup panko breadcrumbs 1/4 cup cilantro, chopped 1 egg, beaten 2 garlic cloves, minced 1 teaspoon turmeric 1/2 teaspoon cayenne pepper 1/2 teaspoon ground cinnamon 1/2 teaspoon ground nutmeg 1/2 teaspoon pepper 1/2 teaspoon kosher salt 1/4 teaspoon ground ginger 1 tablespoon olive oil 2 onions, chopped 4 garlic cloves, minced 2 cinnamon sticks 1 teaspoon turmeric 1/8 teaspoon saffron thread, crumbled (i skipped the saffron) 1 (14 1/2 ounce) can beef broth 1 (14 1/2 ounce) can tomatoes, diced 1/4 cup golden raisin 2 cups carrots, sliced into 1/2-inch pieces cut on the diagonal 1/4 cup cilantro, chopped 1 (5 ounce) package spinach leaves"
958,"1 tablespoon extra-virgin olive oil 1 cup diced yellow onion 2 garlic cloves, minced 1 tablespoon harissa 1 (28 ounce) can crushed san marzano tomatoes 1 cup beef broth or 1 cup beef stock kosher salt & freshly ground black pepper 1 tablespoon chopped fresh parsley 1 1/2 lbs ground beef 1/2 cup dry breadcrumbs 1/2 small onion, finely diced 1 large egg 1/2 teaspoon ground coriander 1/2 teaspoon ground cumin 1/4 teaspoon ground cinnamon 1/4 teaspoon curry powder 1/4 teaspoon dried oregano 4 tablespoons olive oil"
960,"1 lb ground lamb 1/2 onion, finely chopped 2 tablespoons harissa 1 tablespoon dried breadcrumbs salt and pepper 2 tablespoons parsley, chopped 1 1/2 onions, finely chopped 4 garlic cloves, crushed 1 tablespoon fresh ginger, finely chopped 2 ounces dried apricots, chopped 1 teaspoon paprika 1 teaspoon ground cinnamon 1 teaspoon coriander seed, crushed 1 (14 ounce) can chopped tomatoes 3/4 cup chicken stock 1 tablespoon honey 9 ounces couscous 1 3/4 cups chicken stock, hot flat leaf parsley fresh cilantro 1 lemon, juice 2 tablespoons extra virgin olive oil 1 1/2 ounces toasted sliced almonds"
961,"1 1/4 lbs ground lamb 3 teaspoons paprika, divided 2 teaspoons cumin, divided 12 sprigs fresh parsley, leaves chopped and divided salt 1 large garlic clove, peeled 1 (15 ounce) can diced tomatoes with juice, drained 1/4 cup olive oil 3 tablespoons tomato paste 1 small onion, peeled and roughly chopped into 8 pieces"
962,"6 -8 medium tomatoes, cored and roughly chopped 1 tablespoon paprika 1 teaspoon cumin 1/2 teaspoon cayenne pepper 3 -4 tablespoons chopped fresh flat-leaf parsley 2 garlic cloves, minced salt & freshly ground black pepper, to taste 1/4 cup vegetable oil 400 g ground beef 1 tablespoon paprika 1 teaspoon cumin 1/2 teaspoon cayenne pepper 3 -4 tablespoons chopped fresh flat-leaf parsley 2 garlic cloves, minced salt & freshly ground black pepper, to taste"
963,"1/3 cup burghul wheat 2 teaspoons rice bran or 2 teaspoons olive oil 1 brown onion, finely chopped 1 tablespoon moroccan mixed spice 1 garlic clove, crushed 200 g kumara, peeled and finely grated 200 g ground lamb, lean 1/3 cup parsley, flat leaf, finely chopped 2 tablespoons mint, chopped 2 tablespoons sesame seeds, toasted 2 tablespoons tomato sauce 1 tomatoes, medium, sliced"
964,"gunpowder tea (or any green tea) boiling water of fresh mint (prefer short leaf bunch, with less stem) sugar, to taste"
966,"2 tablespoons green tea 5 cups boiling water 1 bunch of fresh mint 1/2-1 cup sugar, to taste"
967,"1/4 cup olive oil 1 lb fresh mushrooms, sliced 1 small onion, thinly sliced 1 clove garlic 1 teaspoon cumin 1 teaspoon coriander seed, crushed 1/4 teaspoon cinnamon 1/4 teaspoon nutmeg 1/4 teaspoon turmeric 1/4 teaspoon saffron thread 1 1/2 cups orange juice 1 teaspoon lemons, zest of or 1 teaspoon orange zest 1 cup uncooked couscous 1/4 cup raisins salt & pepper"
968,"1 tablespoon olive oil 1 brown onion, finely chopped 1 tablespoon ras el hanout spice mix (moroccan spice blend) 1/2 small butternut squash, peeled, chopped (1 2/3 pounds) 1 lb small portabella mushroom (or white) 1 (15 ounce) can diced tomatoes 1 cup vegetable stock (or can use chicken stock) 1 (15 ounce) can chickpeas, drained, rinsed 2 ounces pitted dates, chopped (1/4 cup) plain yogurt coriander leaves cooked couscous, to serve"
969,"6 eggs 1 (4 1/4 ounce) can black olives, drained (the chopped kind) 2 tablespoons fresh parsley, chopped 1/2 teaspoon caraway seed, crushed in a mortar and pestle 1/2 teaspoon ground cumin salt & freshly ground black pepper, to taste 1 tablespoon olive oil 1 pinch sweet paprika 1 teaspoon fresh tarragon, minced"
970,"1 orange 4 ounces softened butter butter, for greasing 4 ounces superfine sugar 2 eggs, beaten 1 cup semolina 1 cup ground almonds 1 1/2 teaspoons baking powder confectioners' sugar, for dusting strained plain yogurt, to serve 1 1/4 cups orange juice 2/3 cup superfine sugar 8 cardamom pods, crushed"
971,"1/2 garlic clove, mashed into paste 1/2 teaspoon ground cinnamon 1 teaspoon ground cumin 1 pinch cayenne pepper fresh ground black pepper, to taste 1 teaspoon sugar 2 teaspoons lemon juice (or 1 packet of true lemon) 3 tablespoons extra virgin olive oil 1 tablespoon orange blossom water, divided 1 lb carrot, scraped and cut diagonally into 1/8-inch thick slices (approx. 4 cups sliced carrots) 1 tablespoon finely chopped fresh parsley"
972,"4 eggs 1 1/2 cups sugar 1/2 cup vegetable oil 2 cups flour 4 teaspoons baking powder 1/2 teaspoon salt 1/2 cup fresh orange juice 2 tablespoons orange zest, from 1- 2 oranges 1 teaspoon vanilla"
973,"2 lbs potatoes, scrubbed (i used russets) 1 tablespoon harissa 2 tablespoons olive oil 1 1/2 teaspoons coarse sea salt (i used the coarse type) 1 tablespoon sesame seeds 1/4-1/2 lemon"
974,"1 tablespoon olive oil 2 -3 tablespoons mayonnaise 1/2-1 teaspoon cumin 1/4-1/2 teaspoon salt 1/4 teaspoon onion powder 8 ounces tri-colored rotini pasta, cooked 1 cooked boneless skinless chicken breast, shredded 2 hard-boiled eggs, yolk discarded, & white diced 1 (8 ounce) can peas, drained 2 -3 tablespoons sliced black olives (optional)"
975,"2 tablespoons mayonnaise 1 tablespoon olive oil 1/2-1 teaspoon cumin 1/4-1/2 teaspoon salt 1/4 teaspoon onion powder 8 ounces tri-colored rotini pasta, cooked 1 (3 ounce) can tuna in olive oil, flaked apart 1 (8 ounce) can corn, drained 2 -3 tablespoons sliced black olives"
976,"2 tablespoons crisco pure canola oil 1/2 cup onion, chopped 1/4 cup green bell pepper, diced garlic clove, minced (use 2 - 3 garlic cloves) 1 1/2 cups chicken broth (or vegetable broth) 1/2 cup jif crunchy peanut butter 1/2 teaspoon ground cumin salt and pepper 1 (10 ounce) package frozen peas (tiny deluxe, if possible) 1 cup couscous"
977,"1 (8 1/2 ounce) can sweet peas, drained or 9 ounces frozen peas 1 tablespoon olive oil 1 teaspoon paprika 1 teaspoon cumin 1/4-1/2 teaspoon black pepper 1/4 teaspoon salt 1/4 teaspoon ginger 2 -3 eggs"
978,"2 cups diced bell peppers (combination yellow, red, and orange) 2 1/2-3 cups diced zucchini or 2 1/2-3 cups yellow squash 1 -1 1/4 cup diced onion 1 1/2-2 cups diced fennel bulbs (about 1 medium bulb) 1/2 cup dried diced apricots (preferably unsulfured) or 1 cup fresh fig 5 -6 large garlic cloves, minced 1 1/2-2 tablespoons extra-virgin olive oil 3/4 teaspoon ground ginger 3/4 teaspoon cinnamon 1 1/2 teaspoons cumin 1/2 teaspoon paprika 1/2 teaspoon sea salt fresh ground black pepper 1 cup cooked chickpeas or 1 cup white beans 1/2 cup fresh basil or 1/2 cup parsley, minced 8 -12 sheets phyllo pastry sheets (see ****) 2 1/2-3 tablespoons extra-virgin olive oil (to brush phyllo) 1/4 cup chopped or slivered almonds, lightly toasted (for garnish)"
979,"2 tablespoons olive oil 1/3 cup whole almond, blanched 1 small onion, chopped 1 carrot, peeled and cut into 1/4-inch dice 1/2 teaspoon ground cinnamon 1 cup long-grain rice 3 cups chicken stock 1/3 cup dried currant 1 orange, zest of, minced 1/4 teaspoon cayenne pepper 1 1/2 tablespoons fresh chives, snipped"
980,"500 g pork mince, trim pork 1 teaspoon paprika 1 teaspoon ground ginger 1 teaspoon cumin 1 teaspoon cinnamon 1 onion, chopped 1 carrot, sliced into thin strips 1 green pepper, deseeded and sliced 1 (410 g) can tomatoes, crushed, keep juice"
981,"6 garlic cloves salt, to taste 2 teaspoons paprika 1/2 teaspoon ground cumin 1/4 teaspoon ground cayenne pepper 3/4 cup chopped fresh cilantro 3/4 cup chopped parsley 1 lemon, juiced 3 tablespoons red wine vinegar 3 tablespoons olive oil 1 1/2 lbs red potatoes, sliced 1/2 inch thick 1 yellow bell pepper, cut into 1 1/2 inch squares 1 large green bell pepper, cut into 1 1/2 inch pieces 4 stalks celery, cut into 2 inch pieces 1 lb tomatoes, each cut into 8 wedges 2 tablespoons olive oil"
982,"2/3 cup oleo 1/2 cup vegetable shortening 2 cups sugar 4 eggs 3 cups all-purpose flour 3 teaspoons baking powder 1/4 teaspoon salt 1 cup milk 1 teaspoon vanilla 1/2 cup raisins 3/4 cup nuts, chopped, unsalted, mixed 1 tablespoon cocoa 1 tablespoon cinnamon"
983,6 -8 meyer lemons (as many as will fit in your jar) kosher salt
984,"1 sweet potato, peeled and chopped 1/2 cup almond breeze unsweetened vanilla 1/4 cup olive oil 2 tablespoons lemon juice 1 tablespoon dijon mustard 1 garlic clove, minced 1/4 teaspoon each salt & freshly ground black pepper 2 tablespoons olive oil 1/4 teaspoon each salt & freshly ground black pepper 2 cups cooked quinoa 2 cups fresh baby spinach 1/4 cup diced red onion 1/4 cup sliced dried apricot 1/4 cup sliced natural almonds 1/4 cup pomegranate seeds (arils) 2 tablespoons chopped fresh cilantro"
985,"1/2 cup dried garbanzo beans, rinsed, picked over (4-ounces) 2 tablespoons unsalted butter 1 1/4 teaspoons cinnamon 1 teaspoon ground ginger 1 teaspoon ground turmeric 3/4 teaspoon sweet paprika 1/2 teaspoon fresh ground black pepper 1 pinch saffron thread 3/4 lb boneless lamb, cut in 1/2-inch cubes 1 cup chopped onion 3 tablespoons chopped parsley 3 tablespoons chopped fresh cilantro 1 1/2 cups crushed canned tomatoes 5 1/3 cups water 1/2 cup lentils, rinsed, picked over (4-ounces) 2 tablespoons lemon juice 1 1/2 teaspoons salt"
986,1/2 teaspoon ground mustard 1 teaspoon turmeric 1 teaspoon salt (ideally sea salt) 1 teaspoon ground ginger 1 teaspoon fresh coarse ground black pepper 1/2 teaspoon cinnamon 1/2 teaspoon cayenne pepper 1/2 teaspoon white pepper 3/4 teaspoon ground coriander 1/2 teaspoon nutmeg 1/2 teaspoon star anise 1/4 teaspoon clove (well ground) 1 teaspoon ground cumin 1/2 teaspoon allspice
987,"500 g hamburger 200 g short-grain rice 2 medium onions, finely chopped 2 tablespoons lemon juice (40 ml) 1 teaspoon ground coriander 1 teaspoon ground paprika 1 teaspoon ground cinnamon 1/4 teaspoon powdered saffron pepper flat leaf parsley, finely chopped 2 cups chicken stock (500 ml) 150 g butter"
988,"2 cups white rice 4 tablespoons butter, divided 1 medium onion 2 tablespoons minced garlic 1 thai chile, chopped 3 cups chicken broth 1/2 cup white wine 1 handful italian parsley 4 sprigs mint 10 ounces mixed dried figs, dates and apricots 2 pinches saffron salt and pepper 4 pieces crystallized ginger, finely chopped 1 tablespoon olive oil 1/3 cup sliced almonds"
989,"2 cups long grain rice 2 tablespoons butter 2 tablespoons olive oil 1 onion, chopped 2 garlic cloves, finely chopped 1 -2 cinnamon stick 1/2 teaspoon salt (to taste) 1/2 teaspoon ginger 1/2 teaspoon white pepper 1/2 teaspoon cumin 1/2 teaspoon turmeric 1/4 cup fresh cilantro, chopped 1/4 cup peas (fresh or frozen) 1 red bell pepper, finely chopped (or yellow bell pepper) 1 carrot, finely chopped 4 1/2 cups chicken stock or 4 1/2 cups vegetable stock 1/4 teaspoon saffron thread, crushed"
990,"1 1/2 cups long grain brown rice 6 green onions, finely chopped (shallots) 1 tablespoon lemon rind, finely grated 1/3 cup toasted almond, coarsely chopped 1/3 cup lemon juice 1/3 cup fresh dates, chopped 2 tablespoons mint, torn 2 teaspoons orange rind, finely grated 2 teaspoons ground coriander 2 teaspoons ground cumin 1/4 cup olive oil"
991,"2 tablespoons unsalted butter, softened 1 teaspoon ground cumin 1 teaspoon ground coriander 1 teaspoon sweet paprika 1/4 teaspoon cayenne pepper 1/4 teaspoon ground cinnamon salt & freshly ground black pepper 4 lbs chicken, whole, at room temperature 1 onion, quartered 4 garlic cloves 12 pitted dates 12 dried apricots 1/2 cup chicken stock or 1/2 cup broth, low-sodium"
992,"1 (3 lb) whole chickens 1 teaspoon kosher salt, divided 1 pomegranate, quartered 3 tablespoons dry white wine 2 teaspoons sugar 1/4 teaspoon ground cinnamon 1/4 teaspoon black pepper 1 garlic clove, minced 2 tablespoons fresh lemon juice"
993,"1 1/2 cups chopped peeled mangoes (about 1 large) 2 tablespoons finely chopped red onions 2 tablespoons chopped of fresh mint 2 tablespoons orange juice 1 1/2 teaspoons harissa (a hot red pepper sauce) 4 salmon fillets, skinned (about 1 1/2 pounds total) 1/4 teaspoon salt"
994,"1 teaspoon ground allspice 1 teaspoon ground cumin 1 teaspoon ground ginger 1 teaspoon kosher salt 1/2 teaspoon ground cinnamon 1/2 teaspoon ground coriander 1/2 teaspoon cayenne pepper 1 lb strips steak, trimmed of visible fat and cut into 4 portions 2 medium sweet potatoes (about 1 pound total) 1 medium red onion, halved and very thinly sliced 4 teaspoons canola oil 1 teaspoon freshly grated orange zest"
995,"1 whole chicken, cut into pieces and skin removed 2 large sweet onions, chopped medium 1 tablespoon ground ginger 1 teaspoon white pepper 1/2 teaspoon black pepper 2 sticks cinnamon 1 teaspoon saffron thread, crumbled 1 teaspoon turmeric 1 1/2-2 teaspoons salt 1/4 cup butter 1/4 cup olive oil 1/4 cup fresh cilantro, chopped"
996,"2 1/2 cups rice, uncooked 3 3/4 cups water 1/2 teaspoon saffron thread, crushed 2 tablespoons olive oil 1/2 teaspoon salt 1 1/2 tablespoons butter 2 ounces pistachios, shelled and coarsely chopped"
997,"4 large carrots, grated 1/2 cup olive oil 3 tablespoons orange juice 2 tablespoons lemon juice 1 teaspoon grated lemon zest 1 tablespoon confectioners' sugar 1/2 teaspoon sea salt 1/2 teaspoon ground cinnamon chopped walnuts (optional) or almonds (optional) golden raisin (optional) pine nuts, toasted (optional)"
998,"1 tablespoon sweet paprika 2 teaspoons turmeric 2 teaspoons ground coriander 2 teaspoons ground cumin 1/2 teaspoon ground cinnamon 2 lbs chicken, cut into 2 inch pieces 2 tablespoons olive oil 1 large onion, thinly sliced 4 garlic cloves, crushed 2 lemons (1 thinly sliced, the other juiced) salt & freshly ground black pepper 2 1/2 cups chicken stock 1 cup large green olives 1 tablespoon butter 1 1/2 cups couscous 1/4 cup pine nuts, toasted 1 cup fresh parsley"
999,"5 large potatoes, cut into wedges, skin on 2 tablespoons morrocan seasoning 1/4 cup oil"
1000,"1 lb jumbo shrimp, peeled and deveined 2 tablespoons olive oil 2 -3 tablespoons butter 2 garlic cloves, crushed 1 teaspoon ground cumin 1/2 teaspoon ground ginger 2 teaspoons paprika 1/2 teaspoon cayenne pepper lemon wedge, for garnish chopped fresh cilantro, for garnish"
1001,"2 medium bell peppers 1 teaspoon cumin 1 teaspoon coriander 3/4 teaspoon salt 1/2 teaspoon turmeric 1/2 teaspoon cinnamon 1/2 teaspoon black pepper (freshly ground) 1 lemon (plus more lemon wedges for garnish) 1 teaspoon olive oil (for couscous) 1 tablespoon olive oil (for steak) 2/3 cup whole wheat couscous 1 lb skirt steak (or sirloin steak, 3/4 to 1-in thick & trimmed) 2 tablespoons green olives (chopped)"
1002,"2 teaspoons ground cumin 1 teaspoon ground ginger 1 teaspoon salt 1 teaspoon black pepper, coarse ground 1/2 teaspoon ground cinnamon 1/2 teaspoon ground coriander 1/2 teaspoon paprika 1/2 teaspoon ground turmeric 1/4 teaspoon ground cloves 1/4 teaspoon cayenne pepper"
1003,4 medium ears fresh cooked corn 2 teaspoons ground cumin 2 teaspoons ground coriander 1 teaspoon dried oregano 1/2 teaspoon ground ginger 1/4 teaspoon kosher salt 2 teaspoons extra-virgin olive oil
1004,"1 grated orange, zest of (1 tablespoon) 2 teaspoons ground cumin 2 teaspoons ground coriander 2 teaspoons ground ginger 1 teaspoon hot chili powder 1 teaspoon fresh coarse ground black pepper 1/2 teaspoon turmeric 1/2 teaspoon ground cinnamon 1/2 teaspoon salt, preferably kosher 1/2 teaspoon sugar 1/4 teaspoon ground cloves"
1005,4 fresh garlic cloves 1 teaspoon ground cumin 1/2 teaspoon salt 1/2 teaspoon cracked black pepper (not ground) 2 teaspoons lemon juice 2 teaspoons olive oil
1006,"2 tablespoons ground cumin 1 tablespoon paprika 1 tablespoon ground coriander 1 teaspoon salt 1 teaspoon fresh ground black pepper 1 teaspoon cinnamon 1 teaspoon allspice 1/4 teaspoon clove 1/8 teaspoon cayenne, to taste 2 tablespoons minced fresh garlic, to taste"
1007,"2 garlic cloves, minced 1 teaspoon olive oil 1/2 teaspoon ground cinnamon 1/2 teaspoon ground coriander 1/2 teaspoon ground cumin 1/2 teaspoon paprika 4 pork chops, 1/2 inch thick 1/4 teaspoon salt black pepper"
1008,"2 tablespoons olive oil, extra-virgin 12 ounces baby carrots, peeled 1 lemon, cut into 8 wedges 1 teaspoon cumin, ground 1/2 teaspoon cinnamon, ground 1/4 teaspoon kosher salt 1/4 teaspoon red pepper, ground 1 tablespoon cilantro, fresh, chopped"
1009,"2 medium carrots, peeled and coarsely grated 1/2 orange, juiced 1/2 teaspoon ground cumin 1 pinch sugar salt and pepper 1 -2 teaspoon olive oil fresh coriander (optional) fresh parsley (optional)"
1010,"3 tablespoons moroccan mixed spice (<a href=""https://www.food.com/recipe/moroccan-spice-mix-422399"">moroccan spice mix</a>, #422399) 2 teaspoons extra-virgin olive oil 1 lb boneless skinless chicken breast (about 4 breasts) 2 teaspoons extra-virgin olive oil or 2 teaspoons canola oil (for cooking)"
1011,"1 teaspoon ground cumin 1 teaspoon paprika 1 teaspoon turmeric 1/2 teaspoon ground cinnamon 1/4 teaspoon garlic powder 1/8 teaspoon cayenne pepper salt 1 1/4 lbs boneless skinless chicken breasts, cut into 1 1/2 inch cubes 2 tablespoons olive oil 1 large red pepper, cut into pieces 2 tablespoons fresh cilantro, chopped"
1012,"3 -4 carrots, scrubbed and cut into 1-1/2 inch lengths 2 boneless skinless chicken breasts, cut into large chunks 1 garlic clove, thinly sliced 1 cinnamon stick 1/4 teaspoon cumin 1/4 teaspoon ginger 1/4 teaspoon allspice 1/4 teaspoon clove salt and pepper 1 cup chicken broth 2 tablespoons golden raisins 1/4 cup cilantro leaf (optional) gluten-free curry gravy mix (optional)"
1013,"1 tablespoon olive oil 1 large onion, chopped 3 large garlic cloves, minced 1 tablespoon ginger, fresh, minced fine 1 teaspoon turmeric 1 1/2 teaspoons cumin 1 1/2 teaspoons garam masala 1/4 teaspoon cinnamon 1 1/2 teaspoons ground coriander 1 teaspoon salt 4 cups vegetable broth pepper 1 lb potato, cleaned and chopped into smallish pieces 2 (15 ounce) cans chickpeas, drained 4 large tomatoes, sliced thick and cut in half or 1 (14 ounce) can stewed tomatoes 1 tablespoon lemon juice 1 cup yogurt, tempered (see description) or 1 cup sour cream 1/2 cup cilantro, minced"
1014,"1/2 cup mixed dried fruit 1/4 cup raisins or 1/4 cup dried currant 1 tablespoon olive oil 1 large yellow sweet onion, chopped 1 large carrot, diced 1 large garlic clove, minced 1 teaspoon ground cumin 1 teaspoon ground cinnamon 1 (14 1/2 ounce) can diced tomatoes, drained and chopped 8 ounces green beans, ends trimmed and cut into 1-inch pieces 2 cups vegetable stock 1 1/2 cups cooked fresh fava beans (or one 15-oz can fava beans, drained and rinsed) 1/2 cup frozen green pea, thawed salt & freshly ground black pepper 1 tablespoon minced fresh cilantro or 1 tablespoon fresh parsley leaves"
1015,"2 teaspoons cumin seeds 2 teaspoons fennel seeds 2 teaspoons coriander seeds 1/2 teaspoon cardamom, ground 1/8 teaspoon red pepper flakes, crushed 1/8 teaspoon ground nutmeg 1/8 teaspoon cinnamon 2 tablespoons olive oil 3 cups green olives, drained (pitted, unstuffed and room temperature) 2 tablespoons lemon juice 2 tablespoons orange juice 5 garlic cloves, peeled and minced"
1016,"1 1/2 lbs ground lean lamb 1 yellow onion, finely chopped 3/4 cup fresh breadcrumb (fine) 1/4 cup chopped of fresh mint 2 garlic cloves, finely chopped 1 teaspoon ground cumin 3/4 teaspoon ground coriander 3/4 teaspoon salt (plus more to taste) 1/4 teaspoon ground cayenne pepper 1 large tomatoes, diced 3 tablespoons chopped fresh cilantro 4 whole wheat pita bread 1 cup plain yogurt (whole milk or low fat) 1 cup alfalfa sprout"
1017,1/4 teaspoon grated nutmeg 1 pinch clove 1 teaspoon ground black pepper 1 teaspoon white pepper (or use 2 tsp of ground mixed pepper) 1 1/2 teaspoons cinnamon 2 teaspoons ground cardamom 1 pinch cayenne 1 pinch cumin 1 pinch turmeric 1 pinch sea salt 8 lamb rib chops 2 tablespoons olive oil or 2 tablespoons grapeseed oil
1018,"1 cup cashews, unsalted 1 cup peanuts, unsalted 1 cup pistachios, unsalted 3 tablespoons ras el hanout spice mix 1 tablespoon salt juice of one lime"
1019,"one 15 . 5-ounce can low-sodium chickpeas, drained and rinsed 1 tablespoon olive oil 1/2 teaspoon ground cumin 1/2 teaspoon light brown sugar 1/4 teaspoon cayenne 1/4 teaspoon ground cinnamon 1/4 teaspoon garlic powder 1/4 teaspoon ground ginger 1/4 teaspoon paprika 1/4 teaspoon kosher salt"
1020,"2 lbs potatoes, suitable for roasting 4 fresh garlic cloves 1 teaspoon ground cumin 1/2 teaspoon salt 1/2 teaspoon cracked black pepper (not ground) 2 teaspoons lemon juice 4 teaspoons olive oil"
1021,"2 lbs shallots, quartered 4 tablespoons olive oil 4 lbs butternut squash, peeled, seeded, and cut into 3/4-inch cubes 4 large red bell peppers, cut into 1/2-inch-thick strips 2 lbs sweet potatoes, peeled and cut into cubes 1 tablespoon coarse salt 4 teaspoons ground cumin 2 teaspoons ground coriander 1 teaspoon ground cinnamon 1/4 cup unsalted butter, cut into bits"
1022,"2 tablespoons ground coriander 2 tablespoons ground fennel 2 teaspoons ground cumin 1/2 teaspoon ground cardamom 1/2 teaspoon ground cloves 1 cup dry lentils salt and black pepper 2 tablespoons olive oil 4 -5 garlic cloves, minced 1/2 medium onion, grated 1 tablespoon harissa 1 1/2 lbs italian plum tomatoes, chopped (save the juice) or 1 (28 ounce) can diced tomatoes 1 1/2 tablespoons canola oil 1 tablespoon unsalted butter 4 (6 ounce) salmon fillets, with skin"
1023,"4 lbs spaghetti squash (whole) 4 tablespoons unsalted butter, cut into pieces 2 garlic cloves, minced 1 teaspoon ground cumin 1/2 teaspoon ground coriander 1/8 teaspoon cayenne 3/4 teaspoon salt 2 tablespoons fresh cilantro, chopped"
1024,"1 butternut squash, about 1 1/2 to 2 pounds 3 tablespoons olive oil 1 large yellow onion, chopped 1 1/2 teaspoons paprika 1 1/2 teaspoons cumin 1 teaspoon turmeric 1 1/2 teaspoons ground coriander 4 large carrots, coarsely chopped 1 teaspoon sugar 3 cups chicken stock 3 cups water salt & freshly ground black pepper 3 tablespoons chopped fresh cilantro 1/2 cup plain yogurt"
1025,"2 lbs pork belly 2 medium yellow onions, diced 4 small yellow onions, peeled and quartered 4 garlic cloves, minced 1 1/2 inches fresh ginger, minced 1/2 cup dried mushroom (optional) 2 cups chicken stock 1 1/2 tablespoons ras el hanout spice mix 1 pinch saffron 1 teaspoon honey salt 1 tablespoon argan oil (this is very expensive and hard to find, you can use any other oil you like but if you can get your ) 200 ml strained yoghurt (i use fage 2 %) 1/2 cup strained tomatoes 1 cup white wine (or light red if you have that on hand) (optional)"
1026,2 cups diced tomatoes 2 1/2 cups chickpeas 8 veal fillets 2 small onions 1 sweet potato 3 cups mushrooms 1/2 cup chicken broth 1 cup white wine 3 tablespoons lemon juice 1 tablespoon turmeric 1 tablespoon cinnamon 1 teaspoon ginger 1 tablespoon coriander leaves 1/2 teaspoon chili pepper 1 tablespoon cumin 1 teaspoon garlic 2 tablespoons olive oil
1027,"3 lbs butternut squash (aka buttercup squash...bright orange inside) 1 cup raisins 1/4 cup fresh lemon juice 1/4 cup olive oil 2 garlic cloves, minced 2 teaspoons brown sugar (or use a sugar alternative such as agave) 1 teaspoon sea salt 1 teaspoon ground cumin 3/4 teaspoon ground cinnamon 1/8 teaspoon cayenne (or to taste) 1/4 cup fresh parsley, finely chopped 1/2 cup slivered almonds, toasted 2 cups cucumbers, diced 3 green onions, sliced 1/4 red onion, minced 1 cup radish, diced"
1028,"2 cups lentils 2 quarts water or 2 quarts vegetable stock 3 tomatoes, finely chopped 1 medium onion, chopped 3 garlic cloves, finely chopped 4 tablespoons fresh parsley or 4 tablespoons cilantro, chopped 2 1/2 teaspoons cumin 2 1/2 teaspoons paprika (some hot, if desired) 1 1/2 teaspoons ginger 1/2 teaspoon pepper"
1029,"1 lb dates 1 cup almonds 1/4 cup sugar 1 1/2 tablespoons orange flower water 1 tablespoon butter, melted 1/4 teaspoon cinnamon"
1030,"8 bell peppers (recipe called for green, but i like to mix mine up for visual appeal....they need to be fairly large) 2 medium onions, chopped 2 garlic cloves, minced 3 tablespoons olive oil 2 lbs ground beef 2 cooking apples, peeled and chopped 1 (16 ounce) can tomatoes, undrained and chopped (i used diced tomatoes) 1 (3 ounce) jar pimento-stuffed olives, drained and chopped 1/2 cup raisins 1/4 cup pine nuts (or substitute slivered toasted almonds) 1/2 teaspoon salt 1/8 teaspoon ground cumin 1/8 teaspoon ground cinnamon"
1031,185 -200 g barramundi fillets 1 punnet cherry tomatoes 2 cups sliced rainbow olives 1 cup chopped fresh parsley 1 lemon 3 tablespoons virgin olive oil 1 teaspoon nutmeg 1 teaspoon ground cloves 1 teaspoon sweet paprika 1 teaspoon garlic salt 2 pinches pepper 1 1/2-2 cups black quinoa
1032,"2 garlic cloves, minced 2 green onions, thinly sliced 1/4 cup minced fresh cilantro 1 lemon, grated rind and juice 2 tablespoons mild curry paste 4 teaspoons olive oil 1 tablespoon minced gingerroot 1 pinch salt 1 lb top sirloin beef grilling steak 1 cup whole wheat couscous 1 cup red pepper 1/2 cup low-fat plain yogurt 1 cup green pepper"
1033,"2 tablespoons olive oil 8 boneless skinless chicken thighs 2 garlic cloves, crushed 1 tablespoon ground cumin 1 tablespoon ground coriander 1 tablespoon smoked paprika salt and pepper 1 large onion, finely sliced 2 ounces split red lentils 14 ounces chopped tomatoes 1 tablespoon tomato ketchup 3 cups chicken stock 1 cinnamon stick 5 ounces dried apricots 1 ounce mint leaf, to serve (optional)"
1034,"2 eggplants (approximately 800g total) 1 tablespoon salt 2 red capsicums 1 teaspoon cumin seed 3 tablespoons olive oil 2 garlic cloves, finely chopped 1 teaspoon salt 1/2 teaspoon red pepper flakes 1 cup tomato sauce or 1 cup chopped diced tomato juice 1 lemon 3 tablespoons chopped flatleaf parsley"
1035,"1/2 cup lemon juice 2 tablespoons oil 1 tablespoon honey 2 garlic cloves, crushed 2 teaspoons ground cumin 2 teaspoons salt 1 teaspoon ground turmeric 1/2 teaspoon cayenne pepper 1/4 teaspoon ground cinnamon"
1036,"1 lb tri-colored rotini pasta (spiral) 1 cup salami, cut into very thin sticks (or saucisson) 1 cup edam cheese, cut into tiny cubes (or other variety) 1 bell pepper, finely chopped (or cut into thin sticks) 1/2 cup green olives, sliced 1/2 cup corn 2/3 cup vinegar 2/3 cup olive oil 1 small onion, finely chopped 3 garlic cloves, partially crushed but not pressed 2 teaspoons dried za'atar spice mix (or oregano) 1 1/2 teaspoons sugar 1 teaspoon salt 1/4 teaspoon cayenne pepper (optional)"
1037,"4 large eggs 1 tablespoon cumin seed 1/2 lb colored bell pepper, cut into 2- by 1/4-inch strips 1 large onion, halved lengthwise, then cut lengthwise into 1/4-inch-thick slices 3/4 lb boiling potato, peeled and thinly sliced crosswise 1/2 teaspoon salt 1/4 teaspoon black pepper 3 tablespoons extra virgin olive oil 4 portuguese rolls (about 4 inches in diameter) or 4 kaiser rolls (about 4 inches in diameter) extra virgin olive oil harissa (spicy north african condiment) (optional) or cayenne (optional)"
1038,"750 g pumpkin, peeled, deseeded, cut into 2cm pieces (suggests kent pumpkin) 1 teaspoon olive oil 1 teaspoon cumin seed 1 teaspoon ground coriander 1/2 teaspoon ground ginger 1 (500 g) packet frozen broad beans 1 1/2 cups vegetable stock 1 1/2 cups couscous 1 (400 g) can chickpeas, rinsed, drained 30 g pine nuts, toasted 1/4 cup fresh lemon juice 1 cup fresh coriander, chopped plain yogurt, to serve"
1039,"1/4 cup unsalted butter, melted 1/4 cup honey 1 teaspoon ground cinnamon 1/4 teaspoon turmeric 1 whole chicken, rinsed, patted dry"
1040,"4 skinless chicken breasts, diced 1 tablespoon ras el hanout spice mix 1 onion, finely sliced 50 g butter 300 g long grain rice 12 dried apricots, quartered chicken stock cube (maggi or knorr) 410 g chickpeas, drained and rinsed 15 g flat leaf parsley, chopped 1 tablespoon chopped pistachio nut"
1041,"2 cups white vinegar 2 cups water 1 teaspoon coriander seed 1 teaspoon cumin seed 1 teaspoon black peppercorns 1 teaspoon fennel seed 1/2 teaspoon brown mustard seeds 1/2 teaspoon yellow mustard seeds 1 lemon zest, cut into ribbons and julienned 2 cinnamon sticks, broken into pieces about 1-inch long 3 small bay leaves 1/2 teaspoon dried thyme 1/4-1/2 teaspoon crushed red pepper flakes (or to taste) 1/4 cup splenda sugar substitute 2 cups sliced carrots or 2 cups baby carrots 1/2 cup onion, sliced 3/4 cup green bell pepper, cut into 1-inch pieces 1 cup tomatoes, cut into large chunks 2 large garlic cloves, thinly sliced 1/4 cup pimento stuffed green olive"
1042,"2 tablespoons brown sugar 1 tablespoon butter, melted 2 large acorn squash, halved and seeded 2 tablespoons olive oil 2 garlic cloves, chopped 2 stalks celery, chopped 2 carrots, chopped 1 cup garbanzo beans, drained 1/2 cup raisins 1 1/2 tablespoons ground cumin salt and pepper 1 (14 ounce) can chicken broth 1 cup couscous, uncooked"
1043,"4 (5 ounce) tilapia fillets salt & fresh ground pepper 2 teaspoons ground cumin 2 teaspoons ground coriander 1 tablespoon olive oil 1 mango, ripe and diced 1/4 cup cilantro leaf, fresh and chopped"
1044,"1/2 lb couscous 1 1/4 cups hot water 2 tablespoons butter or 2 tablespoons margarine, melted 12 dates, stoned and chopped 12 almonds, whole 1 1/2 cups mixed nuts, finely chopped 2 tablespoons raisins, currants or 2 tablespoons sultanas 1/2 cup sugar (to taste) 1 orange, juice of 1 tablespoon powdered sugar 1 teaspoon ground cinnamon"
1045,"2 tablespoons olive oil 1 large onion, roughly chopped 2 garlic cloves, crushed 1 teaspoon ground coriander 2 teaspoons ground cumin 1/4 teaspoon chili powder 600 g sweet potatoes, peeled and diced 500 g carrots, peeled and sliced 6 cups chicken stock or 6 cups vegetable stock 300 g chickpeas 1/2 lemon, juice of"
1046,"1 large sweet potato, peeled and cut into 1 inch cubes 1/4 teaspoon salt 1 tablespoon fresh ginger, minced 1/2 teaspoon ground cinnamon 1/2 lemon, juice only 1 teaspoon honey 1/4 teaspoon chile 1/4 cup raisins (to taste) 1/2 teaspoon olive oil lemon zest 3/4 cup couscous 3/4 cup boiling water"
1047,"2 teaspoons vegetable oil 2 cups chopped onions 2 garlic cloves, crushed 2 boneless skinless chicken breasts, diced 1/2 cm cubes 1 cup carrot, sliced 1/2 cm thick 1 large red capsicums (also known as a bell pepper) or 1 large green capsicum, cut into strips (also known as a bell pepper) 1 teaspoon ground cumin 1/2 teaspoon ground allspice 1/2 teaspoon ground ginger 1/2 teaspoon turmeric 1/4 teaspoon cinnamon 1/4 teaspoon salt 1/4 teaspoon cayenne 1 cup water 1 medium eggplant, cut into 1 cm cubes 1/2 cup raisins (i have substituted sultanas) 1 (400 g) can chickpeas, drained and rinsed (i understand these are called garbanzo beans in other places) 1/2 cup dried apricot (optional)"
1048,"2 1/2 lbs boneless skinless chicken thighs 3 large garlic cloves, crushed (for marinade) 1/4 cup orange juice 1/4 cup extra virgin olive oil 1/4 cup chopped fresh cilantro 1 tablespoon chopped of fresh mint 1 teaspoon ground cumin 1/8 teaspoon ground nutmeg 3 tablespoons extra virgin olive oil 1 medium yellow onion 1 large garlic clove, minced 3/4 cup dried apricot, soaked overnight just covered by water 1/4 cup prune (that have been quartered) 2 cups chicken stock 1/2 teaspoon kosher salt"
1049,"3 lbs stew beef chunks or 8 skinless bone-in chicken thighs 4 garlic cloves, minced 2 onions, thinly sliced 1 teaspoon ground cumin 1 teaspoon paprika 1/2 teaspoon ground ginger 1/2 teaspoon cinnamon 1/2 teaspoon allspice 1/2 teaspoon salt 1/2 teaspoon red chili pepper flakes or 1/4 teaspoon cayenne pepper 2 cups carrots, cut into small chunks 3 cups squash or 3 cups potatoes, peeled cut into large chunks 1 cup chicken broth 1/2 cup green olives, pitted (optional) 19 ounces chickpeas, drained and rinsed (optional)"
1050,"2 medium potatoes, boiled, mashed and slightly cooled 425 g tuna in water, drained 1/2 cup fresh breadcrumb 1 egg, lightly beaten 1/2 cup fresh coriander leaves, finely chopped 1 teaspoon ground cumin 1 teaspoon ground coriander 1/4 teaspoon ground cinnamon 1 tablespoon olive oil 1/2 cup natural yoghurt 1 teaspoon finely grated lemon rind"
1051,"1 tablespoon olive oil 1 small onion, halved and sliced thinly 6 garlic cloves, minced 1 hungarian wax pepper, halved, seeded and diced 1 1/2 cups shredded carrots 1/2 medium zucchini, shredded 10 ounces cooked chopped turkey meat 1/2 tablespoon ground cinnamon 1/4 teaspoon ground allspice 1 teaspoon ground cumin 1 teaspoon paprika 1 teaspoon dried thyme 1 (29 ounce) can diced tomatoes 1/2 cup turkey stock or 1/2 cup chicken stock 1 tablespoon honey 7 ounces chopped green beans"
1052,"generous pinch saffron thread 1/4 teaspoon ground turmeric 1 cinnamon stick (3 inch long) 1 fresh hot red chili pepper, cored seeded quartered 3 cups turkey stock 1 medium red onion, cut into wedges about 3/4 inch thick 2 medium carrots, peeled cut into sticks 2 medium parsnips, peeled cut into sticks 1 cup butternut squash, peeled diced (1 ­inch dice) 2 medium zucchini, cut into sticks 2 large tomatoes, peeled seeded diced 1 (15 ounce) can chickpeas, rinsed drained kosher salt, to taste 1 1/2 cups cooked turkey, diced 1/4 cup golden seedless raisins 1/2 cup lightly packed fresh cilantro leaves 2 tablespoons unsalted butter 1 1/4 cups couscous sambal oelek (optional) or tabasco sauce (optional)"
1053,"1 lb turkey breast tenderloin 1 tablespoon lemon juice 1 pinch black pepper 1 pinch turmeric 1 pinch ginger 1 pinch nutmeg 1/2 teaspoon cumin 1 teaspoon salt 1 onion, sliced 1 pinch saffron 1 cup chicken broth 1 garlic clove, minced 1 teaspoon cornstarch"
1054,"9 ounces greek yogurt 2 tablespoons sunflower oil 1/2 large onion, peeled and thinly sliced 2 large garlic cloves, peeled and finely chopped 1 teaspoon paprika 1 teaspoon ground cumin 1 teaspoon cinnamon 1 teaspoon turmeric 1/4 teaspoon cayenne pepper (or to taste) 14 ounces chickpeas, tinned (or soaked, dried chickpeas) 14 ounces chopped tomatoes 1 1/4 cups vegetable stock 3 1/2 ounces eggplants, diced 3 1/2 ounces zucchini, diced 2 ounces baby corn 2 ounces snow peas 2 ounces baby carrots 2 teaspoons parsley, chopped 2 teaspoons cilantro, chopped salt and pepper, to taste"
1055,"2 tablespoons extra virgin olive oil 1 medium onion, finely diced 2 teaspoons ground turmeric 1 lb beef stew meat (such as chuck) or 1 lb lamb stew meat, trimmed and cut into 1/2 thick cubes (shoulder or leg) 6 cups reduced-sodium beef broth or 6 cups water 1 (14 ounce) can diced tomatoes 2 small turnips, peeled and diced 2 carrots, diced 2 stalks celery, leaves included, thinly sliced 1 pinch saffron thread 12 sprigs flat leaf parsley, plus more leaves for garnish 8 sprigs fresh cilantro, plus more leaves for garnish 1 large zucchini, peeled and cut into 1/4-inch dice 2 ounces angel hair pasta (capellini, broken into small pieces, about 1/2 cup) or 2 ounces orzo pasta, preferably whole-wheat 1 -2 teaspoon kosher sea salt 1/2 teaspoon fresh ground pepper"
1056,"2 tablespoons olive oil 1 onion, chopped 2 cloves of crushed garlic 1 large carrot, diced 1 large red pepper, chopped 2 stalks celery, chopped 1 teaspoon ground ginger 1/2 teaspoon ground cinnamon 1 teaspoon ground cumin 1/2 teaspoon dried oregano 1/2 teaspoon ground cayenne pepper, to taste 1/2 teaspoon ground turmeric 1 -1 1/2 cup vegetable stock 1 cup chopped tomato, canned or fresh 2 cups cooked chickpeas 1 medium chopped zucchini 1/2 cup stoned black olives lemon juice, approx 1 tablespoon salt 1 ounce sliced almonds (optional)"
1057,"1 onion, chopped 2 tablespoons olive oil 1 tomatoes, chopped 1 teaspoon garlic, minced 2 teaspoons turmeric 1/2 teaspoon ground cumin 1 teaspoon salt 1 teaspoon pepper 1 tablespoon parsley, minced 1 tablespoon cilantro, minced 1/2 tablespoon tomato paste 1 cup water 15 ounces navy beans, drained"
1058,"1 teaspoon saffron thread 1 tablespoon warm water 1 tablespoon kosher salt 1/2 teaspoon fresh ground black pepper 1/2 teaspoon ground cumin 1/4 teaspoon ground cardamom 1 (3 1/2-4 lb) roasting chickens, cut into 8 pieces 2 tablespoons olive oil 2 sticks cinnamon 2 bay leaves 1 yellow onion, thinly sliced 1 tablespoon garlic, minced 2 cups chicken stock 1/2 cup golden raisin 1/3 cup rough chopped preserved lemon 1/4 cup rough chopped green olives 1/4 cup toasted slivered almonds 1/4 cup chopped of fresh mint"
1059,"1/2 cup flour 3 tablespoons sweet paprika 2 teaspoons salt (optional) 1/2 teaspoon black pepper 3 -3 1/2 lbs chicken, cut into 8 serving pieces 2 -3 tablespoons olive oil 1 yams or 1 sweet potato, peeled and cut into 1-inch pieces 1 onion, thinly sliced 2 garlic cloves, minced 1 bay leaf 1 tablespoon ground cumin 1 tablespoon ground cardamom 1 teaspoon ground cinnamon generous pinch saffron thread 1/2 cup raisins 1/2 cup chopped dried apricot 3 cups chicken broth 1 cup couscous 1/4 cup minced of fresh mint"
1060,1/4 cup butter 1 cup chicken broth 3/4 cup couscous 1/2 cup pine nuts 1 tablespoon olive oil 10 ounces green beans (preferably the flat or wide italian beans)
1061,2 cups flour 1 cup semolina 3/4 cup oil 3 tablespoons butter 1 tablespoon salt 1 tablespoon sugar 1 teaspoon dry yeast 1 -2 cup warm water (depending on the quality of absorption of your flour)
1062,"2 tablespoons olive oil 1 lb fresh mushrooms, sliced 1 small onion, thinly sliced 1 garlic clove, minced 1 cup beef broth 1/2-3/4 teaspoon cumin 1/4 teaspoon ground coriander 1/4 teaspoon turmeric 1/8 teaspoon saffron thread salt & pepper, to taste 3/4 cup instant couscous, uncooked"
1063,"3/4 cup chicken broth 1 cup couscous, uncooked 2 tablespoons olive oil 15 ounces artichoke hearts, chopped coarsely 10 ounces canned diced tomatoes 3 green chilies, chopped 1/2 cup feta cheese, crumbled (or another) 1/4 cup pine nuts, toasted (or other nuts) 1/4 cup olive (kalamata nice) 2 green onions, chopped 1 teaspoon garlic, chopped 2 tablespoons basil, fresh chopped 2 tablespoons mint, fresh chopped 2 tablespoons parsley, fresh chopped romaine lettuce or baby spinach leaves"
1064,1 (2 lb) new york strip steaks 3 tablespoons olive oil salt ground black pepper 6 chicken bouillon cubes 6 tomatoes 2 red peppers 2 onions 2 garlic cloves
1065,1 bulb onion 2 cups beans 3 tomatoes 5 habanero peppers 1/2 cup peanut oil 1 teaspoon seasoning 1 teaspoon salt 1/2 cup palm oil
1066,"4 ripe papayas or 4 mangoes, peeled, seeded and cut into bite-size pieces 2 red apples, cored and chopped 2 ripe bananas, peeled and sliced 1 (16 ounce) can pineapple tidbits, well-drained 1 cup fresh orange juice 1 tablespoon granulated sugar 1/2 teaspoon ground cinnamon 1/3 cup sweetened flaked coconut"
1067,"1 lb pea beans, soaked in water to cover overnight (any white beans will do) 1 tablespoon salt 1/2 lb fresh tomato, cut in 1/4 inch cubes 1/2 lb yellow onion, finely chopped 1 lb cooked shrimp, in 1/2 inch pieces 1 tablespoon salt 1/4 teaspoon black pepper 1/4 teaspoon cayenne pepper 6 large eggs, beaten lightly 1/2 cup peanut oil"
1068,"4 cups chicken broth 1 jalapeno pepper, seeded and minced 1/2 cup green bell pepper, chopped 1/2 cup onion, chopped 1/2 cup crunchy peanut butter"
1070,"1/4 teaspoon pepper, ground 1/4 teaspoon clove, ground 1/4 teaspoon cinnamon, ground 1/2 teaspoon coriander seed, ground 1/2 teaspoon cumin, ground 1/4 teaspoon nutmeg, ground 1/2 teaspoon ginger, ground 3/4 teaspoon fennel seed, ground"
1071,"1 tablespoon white rice 2 cups whole milk (i'll try 1%) 1 teaspoon sugar, more to taste (i'll try splenda) 1/8 teaspoon ground cinnamon 1/8 teaspoon ground nutmeg 1/8 teaspoon orange zest or 1/8 teaspoon lemon zest"
1073,"1 lb unsalted butter 1/2 onion, chopped 2 -3 garlic cloves, crushed 1 inch gingerroot, cut into 1/4-inch slices 3 -4 cardamom pods 1 cinnamon stick 3 -4 whole cloves 1 teaspoon fenugreek seeds 1/2 teaspoon turmeric"
1074,"1 1/2 cups bulgur wheat 1 1/4 cups boiling water 4 tablespoons olive oil 3 tablespoons lemon juice 1/2 teaspoon garlic powder salt & pepper 2 tablespoons of fresh mint, chopped 3 tablespoons fresh cilantro, chopped 1 red bell pepper 1 bunch scallion, chopped 1/2 cucumber, chopped 1/3 cup black olives, pitted & sliced 2 cups feta cheese, crumbled lime wedge, to serve"
1075,"6 finger eggplants (about 4 in long) 1/2 cup coarse bulgar wheat 1 1/2 cups boiling water, salted 3 tablespoons olive oil, divided 1 small yellow onion 6 garlic cloves 1 (16 ounce) can diced tomatoes (400g) 2 teaspoons honey 1/2 teaspoon cumin 1/2 teaspoon cinnamon 1/4 teaspoon ground allspice 1/4 teaspoon red pepper flakes 1/2 cup pine nuts 1 small bunch of fresh mint (1/2 cup chopped) handful fresh parsley (1/2 cup chopped) 1/2 lemon, juice only salt and pepper"
1076,"2 tablespoons seasoning, mix north african (see my posted recipe) 1/4 cup lemon juice 1/4 cup olive oil 2 garlic cloves, chopped 1 lb chicken, your choice"
1077,"2 cups water 1 1/2 cups uncooked couscous 1/2 cup golden raisin 1/2 cup thawed orange juice concentrate, undiluted 1/3 cup lemon juice 2 tablespoons water 2 tablespoons olive oil 2 teaspoons ground cumin 1/2 teaspoon salt 1/4 teaspoon black pepper 3 cups chopped chopped ready-to-eat roasted boneless skinless chicken breasts (about 3 breasts) 2 cups chopped peeled cucumbers 1 cup chopped red bell pepper 1/4 cup thinly sliced green onion 1/2 cup chopped fresh cilantro sliced green onion (optional)"
1078,"1/2 teaspoon salt 1/2 teaspoon sweet paprika 1 teaspoon ground cumin 3/4 teaspoon black pepper 3/4 teaspoon ground coriander 1/2 teaspoon cayenne 1/2 teaspoon ground ginger 1/4 teaspoon turmeric 1 teaspoon ground cinnamon 1 teaspoon garlic clove, finely minced 1/2 lemon, zest of, minced"
1079,"2 teaspoons ground cumin 2 teaspoons ground coriander 1 teaspoon dried oregano 1/2 teaspoon ground ginger 1/2 teaspoon salt 1/4 teaspoon ground cinnamon 1/4 teaspoon black pepper 1 dash clove 4 ears corn, with husks 2 teaspoons butter, melted"
1080,"1 cup onion, finely chopped 1 1/2 tablespoons fresh ginger, finely chopped 1 tablespoon minced garlic 1/2 cup olive oil 6 tablespoons fresh lemon juice 2 tablespoons soy sauce 1 tablespoon dry sherry 1/4 cup chopped fresh cilantro 1 tablespoon chili powder 1 tablespoon ground cumin 1 teaspoon turmeric 1 teaspoon dried marjoram 1/4 teaspoon saffron (optional) 2 teaspoons harissa (optional) or 2 teaspoons hot sauce (optional) 2 teaspoons salt 1 teaspoon fresh ground black pepper 2 flank steaks (1 - 1 1/4 lbs each)"
1081,"2 tablespoons olive oil 1 1/2 cups finely diced onions 3 garlic cloves, minced 2 tablespoons tomato paste 1 inch piece cinnamon stick 1 large pinch saffron, crumbled salt and pepper 3 cups vegetable broth or 3 cups water 1 1/2 cups cubed day-old firm white bread 1 cup milk 1 lb ground beef or 1 lb ground lamb 1 large egg, beaten 1 teaspoon salt 1/4 teaspoon black pepper 4 garlic cloves, minced 1/8 teaspoon grated nutmeg 1 teaspoon ground ginger 1 teaspoon turmeric 2 teaspoons paprika 1/4 teaspoon cayenne 1/4 teaspoon ground cloves 1/4 teaspoon ground coriander 1/2 teaspoon ground cumin 3 tablespoons chopped parsley 3 tablespoons chopped cilantro 3 tablespoons finely chopped scallions all-purpose flour, for dusting olive oil or vegetable oil 1 cup giant couscous or 1 cup medium couscous 2 tablespoons butter 1/2 cup golden raisin, soaked in hot water to soften, then drained salt 1/4 teaspoon ground cinnamon"
1082,"4 oranges (peeled, deseeded, cut into bite sized pieces) 1/2 cup pomegranate seeds 1 tablespoon orange zest 1/2 cup almonds (chopped) 1/4 cup pistachios (chopped) 3 tablespoons honey 1 tablespoon water cinnamon (to taste)"
1083,"2 tablespoons olive oil 1 large onion, chopped 2 tablespoons paprika water 2 carrots, peeled and diced 2 garlic cloves, minced 2 tablespoons tomato paste 1 (14 ounce) can diced tomatoes, undrained 1/4 cup fresh cilantro, chopped (or use italian parsley) 1 teaspoon turmeric 1 teaspoon ground cinnamon 1 large potato, peeled and diced 1 (15 3/4 ounce) can garbanzo beans, drained 2 tablespoons lemon juice salt, to taste black pepper, to taste cilantro leaf, to garnish (or parsley)"
1084,1 tablespoon ground cumin 1 tablespoon kosher salt 1 1/2 teaspoons ground cinnamon 1 1/2 teaspoons ground allspice 1 teaspoon fresh ground black pepper 1 teaspoon ground turmeric 1 pinch cayenne powder 4 boneless skinless chicken breasts canola oil
1085,"2 cups cooked chicken breasts, cut into bite size pieces 1/16 teaspoon ground cinnamon 1 pinch ground cloves 1/16 teaspoon cayenne pepper or 1/16 teaspoon berbere 1 tablespoon olive oil 1/4 cup orange juice 1/4 cup raisins 1 teaspoon red wine vinegar couscous or rice, for serving"
1087,"1 lb okra, stem ends trimmed, cut into 1/2-inch pieces (fresh or frozen) 10 sprigs fresh cilantro, plus more leaves for garnish 2 tablespoons extra virgin olive oil 1 red bell pepper, finely diced 1 medium onion, finely diced 3 garlic cloves, minced 1/2 teaspoon ground ginger 1/2 teaspoon fresh ground pepper 3 plum tomatoes, diced or 1 cup drained canned diced tomato 1/2 cup vegetable broth or 1/2 cup reduced-sodium chicken broth 3/4 teaspoon ground cumin 1 (15 ounce) can chickpeas, rinsed 3/4 teaspoon salt 1 teaspoon chili-garlic sauce or 1 teaspoon hot sauce (or to taste)"
1088,3/4 cup water 1/4 cup orange juice 1/2 cup dry couscous 1 teaspoon orange zest 1 tablespoon honey 1 tablespoon frozen apple juice concentrate 1 dash cinnamon
1089,"3/4 cup israeli couscous 1 3/4 cups chicken or 1 3/4 cups vegetable broth 1 cup snow peas, trimmed 6 small green onions, thinly sliced 2 tablespoons slivered almonds 1 orange, peel and white pith removed, sliced into 1/2 inch pieces salt and pepper 1 orange, juice and zest of 1 tablespoon seasoned rice wine vinegar (or white wine vinegar) 3 tablespoons olive oil salt and pepper"
1090,"1 tablespoon oil 1 cup almonds, coarsely chopped 1 onion, chopped 1/2 green pepper, chopped 2 cups orange juice 2 cinnamon sticks 5 cloves, whole 1/4 teaspoon turmeric 1/4 teaspoon ground red pepper 1/4 teaspoon salt 1/4 teaspoon pepper 2 cups couscous 1/4 cup raisins 1/2 cup green onion, chopped"
1091,"1 (11 ounce) can mandarin oranges, liquid reserved 2 1/4 cups orange juice 1 1/2 teaspoons ground cumin 1 (10 ounce) box couscous 3 tablespoons olive oil 1 tablespoon reduced sodium soy sauce 3 tablespoons lime juice, fresh 1/4 cup cilantro, freshly chopped 2 tablespoons basil, freshly chopped 3 tablespoons green onions, freshly chopped 1 1/2 teaspoons ginger, freshly chopped 1 (15 1/4 ounce) can pineapple tidbits, drained 1/3 cup pine nuts, toasted"
1092,"2 cups water 5 -6 tablespoons orange juice 1 tablespoon olive oil 1 teaspoon orange zest, grated 1 (10 ounce) box couscous"
1093,"2 cups orange juice 1 orange, peeled and broken into wedges (seedless) 1 cup plain yogurt (or vanilla flavored) 2 tablespoons powdered milk (optional) sugar (optional) 7 -8 ice cubes"
1094,"2 carrots, medium, finely chopped 2 celery ribs, finely chopped 1 brown onion, large, finely chopped cooking spray 2 garlic cloves, crushed 8 veal bones, osso buco 1/2 cup plain flour 1/3 cup tomato paste 800 g canned tomatoes, diced 2 cups beef stock 2 bay leaves 3 cups couscous, prepared, strips of lemon zest and oregano leaves to serve"
1095,"4 organic carrots, peeled and shredded 1/4 cup dried dates 2 tablespoons olive oil 1 large lemon, juice of 2 tablespoons chopped fresh cilantro 1 teaspoon paprika coriander (to garnish)"
1096,"3 cups semolina 3/4 cup sugar 3/4 cup melted butter, unsalted 1 1/2 tea spoon baking powder 1 cup yoghurt 1/2 cup almonds 1 table spoon tahini 3 cups sugar 2 cups water 1/2 lemon, juice of"
1097,"1 red chile, seeds removed, finely chopped 1 teaspoon dried chili pepper flakes 2 garlic cloves, crushed 1 lemon, juice of 2 teaspoons ground cinnamon 3 teaspoons ground cumin 4 tablespoons sultanas 4 tablespoons pine nuts 40 ml olive oil 800 g chicken fillets, cut into thin strips 1 orange, halved, sliced 4 tablespoons freshly chopped mint"
1098,"2 (150 g) sea bass fillets, de-scaled and cleaned, skin on 50 g ripped cherry tomatoes, chopped into small pieces 1 tablespoon capers, chopped 2 tablespoons chopped olives 1 bunch fresh basil leaf, chopped 1 tablespoon olive oil 1 teaspoon balsamic vinegar 1/2 lime, freshly squeeze lime juice 1/2 lime, for garnish sea salt grounded black pepper 200 g couscous 400 ml chicken stock"
1099,"5 skinless chicken thigh fillets 25 g butter or 25 g margarine 1 tablespoon honey sea salt ground pepper 1 teaspoon paprika 1 lime, juices only freshly squeezed 1/2 lime wedge, to serve 150 g couscous 100 ml hot vegetable stock 1 tablespoon almond halve 1 handful chopped fresh coriander (large handful) 1 red chili, de-seeded and cut into strips, to serve"
1100,"1/2 cup chopped shallot 2 garlic cloves, minced 1 tablespoon oil 1/2 teaspoon ground cumin 1 cup vegetable stock 1 cup frozen baby sweet peas 1/2 cup diced tomato, seeds removed 3/4 cup couscous, uncooked salt and pepper, to taste"
1101,1/2 lb peanut butter 1 1/2 pints vegetable stock 1/2 pint milk 2 teaspoons nutmeg (preferably freshly ground) 2 teaspoons of hot curry powder 1 teaspoon fresh ground black pepper
1102,"2 tablespoons peanut oil or 2 tablespoons vegetable oil 2 large onions, diced 2 large bell peppers, 1 red and 1 green, diced into 1/2-inch chunks 2 teaspoons ginger, chopped 2 sweet potatoes, peeled and cut into 1-inch chunks 3 large garlic cloves, finely chopped salt & freshly ground black pepper 1/4 teaspoon cayenne pepper or 1/4 teaspoon red pepper flakes, approx 2 cups crushed tomatoes 5 cups chicken stock or 5 cups vegetable stock 3/4 cup peanut butter 6 ounces soft tofu 2 cups cooked rice 1 cup scallion, sliced, including the firm greens"
1103,"1 tablespoon vegetable oil 1 lb boneless beef roast, in 3/4 inch chunks 1/2 teaspoon salt 1/8 teaspoon pepper 2 1/4 cups beef stock 1 1/2 teaspoons cinnamon 8 ounces white pearl onions, peeled 8 ounces butternut squash or 8 ounces sweet potatoes, in 1/2 inch cubes 3 tablespoons vinegar 1 tablespoon honey 1 cup pitted prune 3/4 cup couscous (or quick cooking brown rice)"
1104,"4 large boneless skinless chicken breasts or 4 large chicken thighs, would be best for flavour 1 red pepper, thinly sliced 1 yellow pepper, thinly sliced red onion, finely chopped 4 garlic cloves 1 -2 fresh red chili pepper (if not available, can replace with 1 tbsp red chilli flakes) 1 tablespoon sweet paprika 1 lemon, juice and zest of 1/2 cup white wine 1 tablespoon worcestershire sauce fresh basil salt fresh ground black pepper extra virgin olive oil"
1105,"6 small red chilies, chopped 2 garlic cloves, chopped 1 lemon, juice of 1 pinch salt 3 1/2 ounces extra virgin olive oil"
1107,"14 red chilies, chopped, i used a mix of finger chilies and habaneros and left the seeds in (fresh or dried, soak dried ones in water for 2 hours, then drain) 10 garlic cloves, chopped 1/2 cup chopped cilantro 1/4 cup lemon balm 1/4 cup minced fish mint (optional) 1 lemon, zest of 2 tablespoons lemon juice 3 tablespoons white vinegar 1/3 cup olive oil (nothing too flavourful) 1 teaspoon sea salt"
1108,"1/4 cup pistachios, shelled 2 1/2 cups low sodium chicken broth (or use vegetable broth) 1/2 teaspoon salt 1 (10 ounce) box couscous 1/8-1/4 cup fresh mint leaves, chopped 2 tablespoons olive oil 1 teaspoon fresh lemon juice ground pepper, to taste"
1109,"1 rack of lamb 2 teaspoons ras el hanout spice mix 2 teaspoons spanish smoked paprika (pimenton) 1 tablespoon extra virgin olive oil 1 tablespoon pomegranate molasses 1/2 cup pistachio nut 1/4 cup breadcrumbs 1/2 onion, chopped 1 tablespoon butter 1/2 cup israeli couscous 1 cup chicken stock 1/3 cup mint leaf 1/3 cup cilantro leaf 1/3 cup flat leaf parsley 1/4 cup pomegranate seeds 1/2 preserved lemons or 1 lemon, zest of 10 dried apricots"
1110,2 eggs 2 teaspoons vinegar 2 teaspoons harissa 1 tablespoon olive oil sea salt (to taste)
1111,"1 cup aloha shoyu soy sauce 1/2 cup sugar 1 ounce kahlua 1/2 cup pineapple juice 1 tablespoon gingerroot, freshly grated 3 garlic cloves, grated 8 lbs pork ribs"
1112,"4 lbs chicken, pieces 3/4 teaspoon salt 3/4 teaspoon pepper 1/4 cup vegetable oil 1 onion, chopped 4 garlic cloves, chopped 2 tablespoons hot red pepper, seeded and minced 3 tablespoons tomato paste 2 tablespoons paprika 1/2 teaspoon ground ginger 1 cup coconut milk 3 tablespoons peanut butter 1/4 cup fresh coriander (or parsley)"
1113,"3 tablespoons olive oil 4 -6 chicken breast halves, skinless if desired salt & freshly ground black pepper 1 onion, thinly sliced 2 carrots, cut into thin strips 2 parsnips, cut into thin strips 1 red bell pepper, cored, seeded, and cut into thin strips 1 green bell pepper, cored, seeded, and cut into thin strips 4 cups chicken or 4 cups vegetable stock 3 -4 tomatoes, cored and quartered 1 tablespoon tomato paste 1 cinnamon stick 2 bay leaves 1 sprig fresh thyme piri-piri, sauce (or other hot sauce) 1 1/2 cups long-grain rice 1 tablespoon lime (or lemon juice)"
1114,"100 g couscous olive oil, for frying 200 ml chicken stock, fresh 1 small onion, sliced 2 garlic cloves, crushed 1 teaspoon ground cumin 400 g chopped tomatoes 1 -2 teaspoon harissa 150 g raw peeled prawns 1 small bunch coriander leaves"
1115,"18 -24 large prawns (large shrimp) 3/4 cup butter 2 teaspoons crushed garlic 2 tablespoons lemon juice 2 tablespoons peri-peri, sauce (recipe below) salt fresh ground black pepper fresh parsley (optional for garnish) 1 1/2 ounces red chilies, very finely chopped 5 garlic cloves, crushed 2 cups olive oil 1 pared small lemon, rind of (use a vegetable peeler to remove the skin in thin strips)"
1116,"24 prawns (twelve count shrimp substitute) 1/4 cup extra virgin olive oil 4 cups of cooked savory rice 2 tablespoons peri peri oil (palm oil infused with hot red peppers for at least 1 week) 2 medium onions, chopped 6 garlic cloves, chopped 4 large ripe tomatoes, diced salt and pepper 2 cups frozen sweet peas"
1118,"1 set 1/2 tbsp rawspicebar's freshly ground pumpkin spice 2 set 1/2 pound ricotta cheese 3 set 2 eggs 4 set 1/3 cup unbleached all-purpose flour 5 set 1/4 teaspoon fine sea salt 6 set 1 1/2 tablespoons butter, softened 7 set 1/2 cup honey 8 set vegetable oil, for frying"
1119,"4 tablespoons unsalted butter 2 cups couscous 1 medium onion, chopped fine 2 medium carrots, chopped fine salt 4 garlic, cloves"" minced "" (about 4 teaspoons) 1/2 teaspoon ground coriander 1/2 teaspoon ground ginger 1 (15 ounce) can chickpeas, drained and rinsed 1 3/4 cups canned low sodium chicken broth 1 1/2 cups frozen peas 1/2 cup fresh parsley, cilantro and or mint leaf, chopped ground black pepper 1 lemon, cut into wedges"
1120,4 whole nutmegs 10 rosebuds (dried) 12 cinnamon sticks (ceylon) 12 pieces mace (blades) 1 teaspoon anise seed 2 dried chipotle peppers 1/2 teaspoon lavender (dried) 1 tablespoon white peppercorns 1 tablespoon cumin seed 1 tablespoon coriander 2 pieces galangal (dried) 2 tablespoons whole gingerroot (dried) 8 pieces turmeric (dried) 6 cloves 24 allspice berries 20 green cardamom pods 4 black cardamom pods 2 teaspoons saffron threads
1122,1 tablespoon ground cumin 1 tablespoon ground coriander 1 tablespoon turmeric 1 tablespoon paprika 1 1/2 teaspoons freshly grated nutmeg 1 teaspoon ground cinnamon 1 teaspoon ground cardamom 1 teaspoon ground allspice 1 teaspoon cayenne pepper 1/2 teaspoon ground cloves
1123,"500 g couscous 1 red onion (finely diced) 3/4 cup dates (chopped) 1/2 cup dried apricot (chopped) 1/2 cup raisins 1/4 cup fresh coriander (chopped) 1 tablespoon sesame seed oil 1 tablespoon ras el hanout spice mix (moroccan spice mix) 1 tablespoon sumac home-made chicken stock, sufficient for cooking the couscous (optional)"
1124,2 teaspoons smoked paprika 1 1/2 teaspoons ground coriander 1 1/2 teaspoons ground cumin 1 teaspoon ground ginger 1 teaspoon ground turmeric 1 teaspoon ground black pepper 1/2 teaspoon garlic powder 1/4 teaspoon ground allspice 1/4 teaspoon ground cinnamon 1/4 teaspoon ground nutmeg
1125,"1/4 cup ground cinnamon 1 tablespoon turmeric 1 1/2 teaspoons fresh ground black pepper 3/4 teaspoon nutmeg, fresh ground 3/4 teaspoon ground cardamom 3/4 teaspoon ground cloves 4 chicken drumsticks 4 chicken thighs 1 tablespoon fresh thyme 5 garlic cloves, thinly sliced 1/2 cup olive oil, plus 1 tablespoon olive oil 1 onion, thinly sliced 1 lemon, quartered 3 cups chicken broth salt"
1126,"500 g white potatoes 1 lemon 2 garlic cloves, crushed 2 tablespoons ras el hanout spice mix olive oil"
1127,1 teaspoon ground cumin 1 teaspoon ground ginger 1 teaspoon turmeric 1 teaspoon salt 3/4 teaspoon sugar 3/4 teaspoon fresh ground black pepper 1/2 teaspoon cinnamon 1/2 teaspoon ground coriander 1/2 teaspoon cayenne 1/2 teaspoon ground allspice 1/2 teaspoon ground fennel 1/4 teaspoon ground cloves
1128,"1 tablespoon olive oil 1 small onion, finely chopped 1/2 red bell peppers or 1/2 green bell pepper, diced 1/4 teaspoon dried thyme 1/4 teaspoon salt 1/4 teaspoon fresh black pepper 1 1/2 cups vegetable broth 1 cup couscous"
1129,1 large red bell pepper (finely chopped ) 4 garlic cloves (finely chopped ) 1 teaspoon salt 4 tablespoons olive oil 3 teaspoons piri-piri (or hot sauce ) 3 lbs pork loin (tied for roasting)
1130,"1 head cauliflower, broken into uniform sized florets 2 tablespoons olive oil 1/2 teaspoon salt 1 teaspoon cumin seed chopped cilantro or flat leaf parsley 1 cup mayonnaise (or sour cream, or greek yogurt, or any combination of these.) 1 teaspoon harissa (or more, to taste)"
1131,"3 tablespoons olive oil 3 tablespoons tahini 2 -3 tablespoons ras el hanout spice mix (use <a href=""https://www.food.com/recipe/ras-el-hanout-moroccan-spice-mix-from-vegetarian-times-479884"">ras el hanout - moroccan spice mix from vegetarian times</a> #479884 or <a href=""https://www.food.com/recipe/clean-eating-ras-el-hanout-moroccan-spice-mix-374781"">clean eating ras el hanout moroccan spice mix</a> #374781) 8 cups cauliflower florets (2 small or 1 large head of cauliflower cut into 2-inch florets) 2 lemons, cut into wedges 2 tablespoons tahini 1 tablespoon lemon juice 2 teaspoons ras el hanout spice mix 1/2 cup water salt and pepper, to taste (optional) 8 lemon wedges, for garnish (optional)"
1132,"1 1/4 cups water or 1 1/4 cups broth 1 cup couscous 1 teaspoon butter or 1 teaspoon margarine (optional) 1/2 teaspoon salt (optional) 2 cloves garlic, minced 1 tablespoon olive oil 1/2 teaspoon dried thyme leaves 1/2 teaspoon paprika 1/4 teaspoon black pepper, freshly ground"
1133,"1 (6 ounce) box wheat garlic couscous 2 small tomatoes, coarse chop 1/4 cup chopped red onion 1/2 cup chopped fresh basil 1 lime, juice of salt & fresh ground pepper"
1134,3 1/2 lbs roasting chickens 1/2 teaspoon pepper (fresh grind) 4 garlic cloves 1/4 teaspoon cinnamon 1 lemon (halved) 1/4 teaspoon cayenne pepper 1/2 teaspoon cumin (ground) 1/2 teaspoon salt 1/2 teaspoon coriander (ground) 3 tablespoons olive oil 1/2 teaspoon paprika
1135,"1 zucchini, quartered lengthwise 1 yellow squash, quartered lengthwise 3 portabella mushrooms 2 sweet peppers, halved 8 asparagus spears 2 tablespoons olive oil salt & pepper 1 (10 ounce) box couscous (1 1/2 cups) 2 1/2 cups boiling water or 2 1/2 cups vegetable stock 1 lemon, juice of 4 tablespoons fresh herbs (basil, chives, mint) 2 tablespoons olive oil 1 cup kalamata olive, pitted 8 ounces feta cheese, cubed (optional)"
1136,"1 red bell pepper 1 yellow bell pepper 2 garlic cloves, sliced thinly 1 small zucchini 1 small eggplant 6 small mushrooms, quartered 1 sprig fresh rosemary 1 red onion 1 tablespoon olive oil 2 cups whole wheat couscous 2 1/2 cups vegetable stock (or water) 1 cup garbanzo beans 1/2 lemon, juice of 4 green olives, pitted 1 garlic clove salt & freshly ground black pepper"
1137,"1 tablespoon olive oil sea salt fresh ground pepper 1 1/2 lbs chicken thighs, bone and skin removed 1 large sweet onion, sliced into half-rounds 2 medium zucchini, sliced into 1/4 inch thick half-rounds 1 (16 ounce) can garbanzo beans, rinsed and drained 1 (14 1/2 ounce) can tomatoes, diced 2 cups chicken broth, reduced sodium 1/4-1/2 teaspoon cayenne pepper (optional) 1 1/2 teaspoons mild chili powder 2 teaspoons ground cumin 1 teaspoon ground cinnamon 2 teaspoons ground ginger 2 teaspoons ground coriander 1 lemon fresh cilantro, chopped (for garnish) couscous, whole wheat (or your favorite type)"
1138,"1 chicken, cut into pieces 3 tablespoons oil 1 onion, thinly sliced 3 large tomatoes, mashed 2 stalks celery, cut into thin rounds 1 teaspoon salt 1 hot chili pepper"
1139,"2 tablespoons sesame seeds 2 tablespoons pine nuts 1 tablespoon butter 1 small onion, finely diced 2 1/2 cups chicken stock or 2 1/2 cups vegetable stock 1 pinch saffron, crumbled 2 cups couscous (whole wheat or regular) 1/4 cup olive oil, extra virgin 1 lemon, juice of 1/2 teaspoon red pepper flakes (to taste) 1/4 cup sultana raisin 1 1/2 cups mixed herbs, finely chopped (including mint, cilantro, flat-leaf parsley) kosher salt ground pepper fresh ground pepper"
1140,1 1/2 cups water 3/8 teaspoon saffron thread 3/4 teaspoon extra virgin olive oil 3/8 teaspoon salt 1 1/2 cups couscous 1/4 cup raisins 2 1/4 tablespoons chopped of fresh mint
1141,"3 cups low sodium chicken broth 3 tablespoons unsalted butter, divided 1/2 teaspoon saffron thread, crushed 1/4 teaspoon coarse kosher salt 2 cups couscous (about 12 ounces) 3/4 cup green onion, thinly sliced and divided (about 5) 1/2 cup pine nuts, toasted and divided"
1142,"3/4 teaspoon salt 1 cup couscous 2 1/4 tablespoons panko breadcrumbs 2 tablespoons dill, chopped 4 salmon fillets (4 ounces each) 1/4 teaspoon pepper 2 teaspoons dijon mustard 3 cups baby spinach, chopped 1/4 cup chicken broth"
1143,"3 tablespoons olive oil 1 red onion, chopped 1/2 lb kale, stemmed and chopped (about 1 bunch) 1/2 teaspoon crushed red pepper flakes salt & freshly ground black pepper nutmeg, freshly grated 2 1/4 cups chicken stock 4 radishes, sliced thin 1 lemon, juiced 2 lbs salmon fillets, cut into 4 equal pieces 1 tablespoon old bay seasoning 1 tablespoon butter 1 1/4 cups couscous 1/4 cup fresh dill, chopped 1/4 english cucumber, cut into 1/4 inch dice"
1144,"2 (4 ounce) salmon fillets, 1-inch thick 1/4 teaspoon lemon pepper or 1/4 teaspoon black pepper 1 teaspoon low sodium soy sauce 4 orange slices, thin 1 cup broccoli floret (very small pieces) 1/2 cup low sodium chicken broth 1/3 cup water 1 garlic clove, minced 1/8 teaspoon salt 1/2 cup regular couscous or 1/2 cup whole wheat couscous"
1145,"48 wonton wrappers 1/2 cup red onion, finely chopped 1 lb lean ground lamb or 1 lb beef 1/2 teaspoon ginger, minced 1/2 teaspoon turmeric 1/2 teaspoon garlic, minced 1/2 teaspoon cayenne salt 1/2 teaspoon cinnamon 4 sprigs fresh coriander, chopped 3 sprigs mint, chopped 2 cups water"
1146,"1 (6 ounce) jar marinated artichoke hearts 1 (14 ounce) package extra firm tofu, drained and cubed 1 teaspoon ground cumin 1 teaspoon black pepper, divided 2 tablespoons olive oil 4 medium carrots, thinly sliced (1 1/2 cups) 2 medium leeks, white and light green parts thinly sliced (1 1/2 cups) 1 (14 1/2 ounce) can diced tomatoes 1 cup whole wheat couscous 2 garlic cloves, minced (2 tsp) salt, to taste"
1147,"1 cup whole milk 1/2 cup blanched almond, very finely chopped (or ground) 4 tablespoons butter 1 1/2 cups couscous salt 1/4 cup raisins 1/4 cup dried apricot, chopped 1/4 cup dates, chopped 1/4 cup sugar (to taste) 1/2 teaspoon ground cinnamon (to taste)"
1148,"1 1/2 cups flour, sifted 3/4 cup sesame seeds canola oil, for frying 1 1/4 cups blanched skinless almonds, sliced 1/3 cup powdered sugar 1/2-1 teaspoon ground cinnamon 1/4-1/2 tablespoon ground aniseed (ground anise) salt, to taste 1/3-1/2 cup ghee (clarified butter)"
1149,"3 lbs boneless skinless chicken breasts, cut in large pieces 1 cup balsamic vinegar 3 large onions, sliced 6 large limes, juice of 2 teaspoons pepper 1 teaspoon cayenne 1 tablespoon vinegar salt, to taste 2 tablespoons peanut oil"
1150,"1 (15 ounce) can chickpeas, drained and rinsed 3 cups chicken broth 3 tablespoons peanut butter 1 teaspoon peanut oil 2 onions, chopped 1 inch minced gingerroot 1 1/2 teaspoons curry powder 1/2 teaspoon ground cumin 14 1/2 ounces diced tomatoes (can) 1/4 teaspoon cayenne pepper chopped cilantro"
1151,"1/4 cup vegetable oil 2 1/2 large onions, chopped 5 garlic cloves, chopped 0.5 (6 ounce) can tomato paste 1 cup black-eyed peas (pre-soaked) 2 carrots, well-chopped 1 yam, well-chopped 2 1/2 cups rice 1 vegetable bouillon cube 2 1/2 teaspoons salt pepper 1/4 teaspoon hot pepper"
1152,4 tablespoons warm water 2 tablespoons sugar 1/2 teaspoon salt 1 tablespoon dry active yeast 3 cups flour 2 tablespoons flour 1 cup warm water oil (for frying) coarse sugar (optional) powdered sugar (optional) honey (optional)
1153,3 cloves 1 cinnamon stick 3 peppercorns 2 tea bags or 2 loose tea 4 cups water 2 -3 teaspoons sugar
1154,"1 tea bag, regular black tea 4 cardamom seeds, crushed 1/2 teaspoon clove, crushed 2 tablespoons sugar 1 1/2 cups water, boiling 1 tablespoon milk (or nido which is a powdered milk)"
1155,"3 roasted red peppers 1 tablespoon chopped dill 1 tablespoon chopped parsley 1 tablespoon chopped scallion 1 tablespoon mint kosher salt, to taste 1 cup full fat greek yogurt 1/2 lemon, juiced 2 tablespoons chopped mint, plus more to garnish 2 tablespoons chopped dill, plus more to garnish 1 garlic clove, minced 2 teaspoons apple cider vinegar kosher salt, to taste ground black pepper, to taste extra virgin olive oil, to garnish paprika, to garnish 1 pint cherry tomatoes (about 10 ounces) 1/4 cup plus 2 tablespoons extra virgin olive oil 2 teaspoons kosher salt 1 large eggplant, cut into 1/4 inch slices 1 yellow onion, sliced into half rounds (about 2 cups) 3 garlic cloves, thinly sliced 1 teaspoon paprika 1 teaspoon cayenne pepper 1/2 teaspoon cumin seed 1 small sweet potato, peeled and cut into1/4 inch dices (about 1 cup) 1 zucchini, cut into 1/4 inch dice (about 1 1/4 cups) 1 red bell pepper, cut into 1/4 inch dices (about 1 cup) 6 cups baby spinach 8 (10 inch) whole wheat tortillas 8 eggs 2 small avocados, sliced"
1156,"2 tablespoons coconut oil 2 onions, diced 1 cup bell pepper, fried 1 (14 ounce) can tomatoes, diced 1 tablespoon garlic 1 teaspoon salt 1 teaspoon sugar 1 teaspoon paprika 1 teaspoon cinnamon 1/2 teaspoon black pepper 1/2 teaspoon turmeric 1/2 teaspoon cumin 2 tablespoons balsamic vinegar 6 eggs"
1157,"3 tablespoons extra virgin olive oil 4 ounces meaty bacon, minced (optional) 1 medium onion, minced 4 garlic cloves 1 bunch swiss chard, stems minced and leaves torn and reserved 32 ounces prepared tomato sauce (i used arrabiata) 1 teaspoon dried basil 1 pinch crushed red pepper flakes 1 pinch kosher salt 1 pinch fresh ground pepper 8 large eggs 3 tablespoons grated parmesan cheese 1/4 cup thinly sliced basil leaves (optional)"
1158,"2 tablespoons olive oil 1 onion, chopped 1/2 red bell pepper, chopped 1/2 green bell pepper, chopped 4 tomatoes, chopped 4 eggs"
1159,"3 small zucchini, sliced 3 tablespoons olive oil 1 teaspoon salt 1 teaspoon black pepper 1/2 teaspoon garlic powder 1/2 teaspoon onion powder 1/4 teaspoon dried oregano 1/4 teaspoon crushed red pepper flakes 1 medium eggplant, chopped 1/2 teaspoon za atar seasoning (optional) 1 lb peeled shrimp 2 tablespoons harissa 1/4 cup crumbled feta 1 tablespoon fresh parsley"
1160,"1 tablespoon olive oil 1 1/2 lbs boneless skinless chicken breasts, cut into bite-sized pieces (raw) 1 1/2 teaspoons salt 1 large yellow onion, chopped 4 garlic cloves, mined 1 tablespoon fresh ginger, chopped 1/2 teaspoon paprika 3/4 teaspoon ground cumin 1/2 teaspoon dried oregano 1/2 teaspoon cayenne pepper 1/4 teaspoon ground turmeric 1 1/2 cups canned chicken broth 1 cup crushed tomatoes, canned 1 cup canned chick-peas, drained 1 small zucchini, sliced 3 tablespoons fresh parsley, chopped (optional) 1 tablespoon fresh lemon juice 4 cups cooked couscous"
1161,"1/4 cup olive oil, plus additional for serving 1 large onion, chopped 6 garlic cloves, thinly sliced kosher salt & freshly ground black pepper 3 tablespoons harissa 1 (28 ounce) can crushed tomatoes 6 eggs 1/3 cup crumbled feta 1/4 cup chopped cilantro toasted rustic bread, for serving"
1162,"1/2 inch gingerroot, peeled 1 garlic clove 1 cup couscous 1 tablespoon sesame oil or 1 tablespoon coconut oil 1 tablespoon red pepper flakes 2 tablespoons soy sauce (reduced sodium) 2 cups mixed frozen vegetables (ie ( asian medley) 1/2 cup frozen edamame 1/2 lb uncooked shrimp (peeled and deveined) 2 tablespoons lime juice 1/2 teaspoon sea salt 1 teaspoon black pepper"
1163,"500 g chicken fillets, cut into 2 cm dice 3 tablespoons flour salt and pepper 1/4 cup olive oil 2 onions, sliced 2 teaspoons ground cinnamon 1/4 teaspoon ground cloves 2 teaspoons sumaq 1/4 cup sultana 250 ml chicken stock 50 g pine nuts 1/4 cup fresh coriander, chopped 1 lemon, juice of"
1164,"4 lamb shanks 2 tablespoons olive oil, divided use 1 onion, chopped finely 5 garlic cloves, crushed 1 tablespoon cumin 2 teaspoons ground coriander 2 teaspoons cinnamon 3/4 teaspoon cayenne pepper 1 teaspoon grated fresh ginger 1/2 cup white wine 4 cups water 4 teaspoons instant chicken bouillon granules 1 tablespoon tomato paste 4 tablespoons honey 2 tablespoons hot mango chutney 10 dried apricots, chopped finely 1 1/2 tablespoons cornflour"
1165,"1 1/2 lbs lamb shoulder, trimmed and cut into 1-inch pieces 4 carrots, cut into 1-inch pieces 1 medium onion, chopped 1/2 cup dried apricot, halved 1/2 cup pitted green olives 2 garlic cloves, chopped 2 tablespoons all-purpose flour 1 teaspoon paprika 1 teaspoon ground cumin 1/2 teaspoon ground cinnamon 1/2 teaspoon ground ginger kosher salt and black pepper 1 cup couscous chopped pistachios, fresh cilantro leaves, and lemon wedges, for serving"
1166,"1 large red onion, sliced into thin wedges 2 parsnips, chopped 2 lbs boneless beef brisket salt & freshly ground black pepper 2 teaspoons ground coriander 2 teaspoons ground cumin 1/2 teaspoon ground cinnamon 1/2 teaspoon garlic powder 1/8 teaspoon nutmeg 1 cup whole dried apricot 1 cup dry red wine 1/2 cup reduced-sodium beef broth 2 tablespoons honey 1/4 cup chopped fresh cilantro leaves"
1167,"2 1/2 lbs bone-in skinless chicken thighs 1 teaspoon ground cumin 1/2 teaspoon ground coriander 1/2 teaspoon pumpkin pie spice 1/2 teaspoon salt 1/2 teaspoon pepper 1 1/2 cups chicken broth 1 (15 ounce) can diced fire-roasted tomatoes, drained 1 (15 ounce) can white kidney beans or 1 (15 ounce) can cannellini beans, rinsed and drained 1 large sweet potato, peeled and chopped 1 medium onion, chopped 1/2 cup dried apricot, sliced"
1168,"1 tablespoon vegetable oil 2 teaspoons finely chopped garlic 1 (24 ounce) package chicken drumsticks 1 (20 ounce) package simply potatoes diced potatoes with onion 1 1/2 cups baby carrots 2 teaspoons ground cumin 2 teaspoons ground ginger 1/2-1 teaspoon ground red pepper 1/2-1 teaspoon crushed red pepper flakes 1 (14 ounce) can chicken broth 1 (14 ounce) can stewed tomatoes, un-drained 1/2 cup raisins 1 teaspoon lemon juice"
1169,"4 tablespoons butter, softened 2 -2 1/4 cups all-purpose flour cooking spray 1 teaspoon baking soda 1 teaspoon ground cinnamon 1/2 teaspoon ground ginger 1/4 teaspoon ground cloves 1/4 teaspoon salt 1 1/4 cups dark brown sugar 1 egg, lightly beaten 1/4 cup port wine (or madeira or a sweet sherry) 1/2 cup blanched almond, finely chopped 15 whole blanched almonds, split lengthwise into halves 1 egg white, combined with 2 teaspoons of water and beaten to a froth"
1170,"1 onion, chopped 1 -2 tablespoon oil 1 lb stewing beef, cubed 2 large tomatoes, chopped 1 cup squash, cubed 2 -3 okra, sliced 3 carrots, sliced 6 ounces tomato paste 2 cups water, divided (or enough for stew consistency) 1 large potato, cubed 1 large green pepper, chopped 1 tablespoon salt 1 tablespoon ground cumin 2 -3 cloves garlic, minced 1/3-1/2 cup cilantro, finely chopped"
1171,"1/2 teaspoon freshly grated nutmeg 2 crushed cardamom pods 5 cloves, crushed 1 inch cinnamon stick, crushed"
1172,"2 medium onions, finely chopped 2 garlic cloves, minced 2 tablespoons cooking oil 1 tablespoon curry powder 1 teaspoon sugar 1/2 teaspoon ground turmeric 1/3 cup lemon juice 2 ounces canned green chili peppers, rinsed, seeded and finely chopped 1 bay leaf 1/2 cup water 1 lb boneless lamb (sirloin or filet) or 1 lb boneless beef roast, cut into 1-inch pieces (sirloin or filet) 1 cup long grain rice 2 cups cold water 1/2 teaspoon ground turmeric 1/8 teaspoon saffron thread, crushed 1/2 teaspoon salt"
1173,"8 ounces flour (250 g) 1/2 teaspoon salt 3 eggs 3/4 pint milk (about 375 ml) 2 tablespoons melted butter (30 ml) 2 tablespoons cognac (or brandy or rum) 1 cup sugar 1 tablespoon cinnamon, ground"
1174,"1 lb small fresh beet, all but 1-inch of stems removed boiling salt water (for cooking) 1/4 cup red wine vinegar 1 teaspoon salt 1/2 teaspoon sugar 2 small onions, peeled, sliced and separated into rings"
1175,"2 kg filet of beef 150 ml red wine vinegar 50 ml worcestershire sauce 2 tablespoons coriander seeds, coarsely ground 1 tablespoon black pepper, coarsely ground 50 g fine sea salt 150 g brown sugar 1 teaspoon bicarbonate of soda"
1177,"1 teaspoon olive oil 2 onions, sliced 2 garlic cloves, crushed 1 lb ground beef 5 teaspoons curry powder 1 teaspoon salt 2 tablespoons chutney 1 tablespoon apricot jam 1 tablespoon worcestershire sauce 1 teaspoon turmeric 2 tablespoons vinegar 4 tablespoons oat bran 1 (14 ounce) can lentils, drained 1/2 cup sultanas or 1/2 cup raisins 2 eggs 1 cup nonfat milk 3 bay leaves"
1178,"2 large butternut squash, sliced into rings and unpeeled (long thin ones) 1/3 cup vegetable oil 1 teaspoon minced garlic 1 teaspoon salt 1 teaspoon curry powder 1 tablespoon brown sugar 2 teaspoons cinnamon"
1179,"1 1/2 kg butternut squash 2 large brown onions, finely chopped 3 small garlic cloves, finely chopped or 1 elephant garlic clove 500 ml chicken stock 1 teaspoon lemon juice 250 ml water 3 small strong green chilies or 1 large jalapeno, no pips, finely chopped 1 tablespoon melted butter 250 ml fresh pouring cream"
1180,"3 tablespoons olive oil 2 lbs chicken thighs, cut into bite size pieces 2 -3 small potatoes, peeled and cubed 1 large onion, chopped 1 tablespoon ginger paste 1 -2 tablespoon chili paste (depending on how hot you like it) 1 tablespoon garlic, minced 1 tablespoon good quality curry powder 2 teaspoons garam masala 1 (14 1/2 ounce) can diced tomatoes 1/2 cup chicken stock (you may also use water) 2 bay leaves 2 curry leaves 1 cinnamon stick 4 ounces plain yogurt"
1181,1 fluid ounce vodka 2 ounces amarula cream liqueur 2 ounces irish cream (bailey's) 2 ounces amaretto (disaronno) 1 fluid ounce kahlua
1182,"3/4 cup self-raising flour 2 cups milk 2 eggs 3/4 cup sugar 1 teaspoon vanilla essence 1 ounce butter, melted 1 pinch salt 1/2 teaspoon cinnamon"
1183,"1 kg carrot 1/2 kg onion 2 cups white vinegar 2 cups sugar 1/2 cup raisins, seedless 1/2 tablespoon salt 1/2 teaspoon clove, whole 1/2 teaspoon peppercorn, black 1/2 cup water 1 1/2 tablespoons cornflour 1 1/2 tablespoons curry powder"
1184,"2 tablespoons butter 2 onions, finely chopped 2 1/2 teaspoons hot curry powder 2 tablespoons cake flour 1 teaspoon salt fresh ground black pepper 1 tablespoon sugar 1 tablespoon apple cider vinegar 1 1/2 cups water 6 hard-boiled eggs, shelled and halved"
1185,"1 medium onion, chopped 2 teaspoons curry powder 1/2 teaspoon turmeric 3 ripe tomatoes, chopped 6 pieces chicken 1 1/2 teaspoons garlic 1/2 teaspoon ginger potato, cubed (personal preference) 2 teaspoons salt"
1186,"3 tablespoons red wine vinegar 1/2 teaspoon salt 1/4 teaspoon sugar 8 ounces pitted dates, cut into quarters 1 medium onion, peeled, cut lengthwise into quarters and then crosswise into 1/8-inch slivers"
1187,375 ml sweetened condensed milk 500 ml custard 200 g tennis biscuits 40 ml lemon juice
1188,"1 cup sugar, reduce to 3/4 cup if you'd prefer it less sweet 1 cup water 1 cup lemon juice, freshly squeezed 1 handful raisins cold water and ice, so that you can dilute to taste"
1189,"4 cups potatoes, diced and cooked 1/2 cup carrot, fresh grated 1/4 cup chives, fresh chopped 1/4 cup tofu sour cream or 1/4 cup sour cream 1/4 cup vegan mayonnaise or 1/4 cup miracle whip 1/2 teaspoon sea salt 1/2 teaspoon onion powder 1/2 teaspoon seasoning salt 1/8 teaspoon turmeric 3 tomatoes, grape for garnish 1/8 cup fresh parsley, fresh chopped for garnish"
1190,"250 ml water (1 cup) 625 ml white sugar (2 1/2 cups) 12 1/2 ml lemon juice (2 1/2 tsp.) 5 ml vanilla essence (1 tsp.) 375 ml cake flour (1 1/2 cups) 22 ml baking powder (4 1/2 tsp.) 1 ml salt (1/4 tsp.) 20 g butter or 20 g margarine 150 ml milk (the vanilla soy milk gives added flavor, 5/8 cup) or 150 ml vanilla-flavored soymilk (the vanilla soy milk gives added flavor, 5/8 cup) 750 ml canola oil (3 cups)"
1191,"2 prepared graham cracker crusts 1 liter milk 1 1/4 cups cake flour 1 cup white sugar 1 teaspoon vanilla extract 1 teaspoon almond extract 1 pinch salt 4 eggs, separated 1 tablespoon margarine 2 teaspoons cinnamon"
1192,"125 g butter 100 g caster sugar 1 egg 275 g flour 10 ml baking powder 2 ml salt 1 liter milk, plus 125 ml milk 3 eggs 30 g flour 25 g butter 150 g sugar 30 g cornflour 5 ml vanilla essence 2 ml salt 10 ml ground cinnamon"
1193,1 (397 g) can condensed milk 400 g sugar or 500 ml sugar 25 ml golden syrup 75 ml water 60 g butter 5 ml vanilla
1194,"1 1/2 lbs eggplants 1 bell pepper, red 1/3 cucumber, english 1/4 red onion, small 1/2 garlic, clove, small 3 tablespoons olive oil, extra virgin 2 tablespoons lemon juice, fresh 1/2 teaspoon salt 1 teaspoon black pepper, freshly ground"
1195,"2 cups samp (cracked hominy) 3 cups sugar beans or 3 cups pinto beans 1 onion 2 -3 potatoes 1 large tomatoes 2 -3 tablespoons canola oil salt, to taste 1 -2 vegetable bouillon cube 2 -3 teaspoons curry powder"
1196,"2 kg well matured beef 1 kg fatty pork (neck, shoulder, belly) 45 ml whole coriander seeds 5 ml whole cloves 30 ml salt 15 ml fresh ground black pepper 2 ml grated nutmeg 10 ml ground allspice 10 ml brown sugar 125 ml dry red wine or 125 ml dark vinegar 90 g thick sausage casings, soaked in water"
1197,"1 tablespoon granulated sugar 2 1/2 cups warm water, divided 1 tablespoon dry yeast (1 package) 1/3 cup molasses 1 tablespoon vegetable oil 2 cups whole wheat flour 1 cup rolled oats 1/2 cup rye flour 1/2 cup wheat bran 1/4 cup wheat germ 1/4 cup sunflower seeds 1/4 cup sesame seeds 1/4 cup poppy seed 1/4 cup linseeds, crushed, ground or 1/4 cup seeds, mixed 4 teaspoons kosher salt 3 tablespoons seeds, any combination for topping"
1198,"1/4 cup extra virgin olive oil 1 1/2 tablespoons fresh lemon juice 1/2 teaspoon harissa (or other hot sauce) 1/2 teaspoon serrano chili (seeded, chopped fine) 1/2 teaspoon cumin (kamoun) 1/2 teaspoon paprika (tahmira) salt & freshly ground black pepper 3 -4 cups watermelon (rine removed, chunked,chilled) 1/2 red onion (sliced thin) 2 tablespoons parsley (fresh-chopped) 2 tablespoons mint (fresh- chopped) 1/4 cup black olives (moroccan olives, pitted-or other oil cured black olives, coarsely chopped) 2 ounces feta cheese (crumbled about 1/2 c.) 3 tablespoons almonds (slivered-optional)"
1199,"1 cup superfine sugar or 1 cup caster sugar 4 ounces butter 2 tablespoons apricot jam, smooth 1 large egg, largest size, beaten lightly 1 teaspoon baking soda or 5 ml bicarbonate of soda 1 cup milk 1 1/2 cups flour 1 teaspoon ginger 1 teaspoon salt 1 cup sugar 2 cups water, boiling 1 teaspoon vanilla"
1200,2 tablespoons canola oil 1 teaspoon fresh grated ginger 1/2 teaspoon ground ginger 2 tablespoons brown sugar 1/2 tablespoon turmeric 1/4 teaspoon cinnamon 1/4 teaspoon curry powder 2 cups white basmati rice 3 1/2 cups low sodium vegetable broth or 3 1/2 cups water 1 teaspoon salt 1/2 cup raisins
1201,3 teaspoons salt-free lemon pepper (masterfood recommended) 2 teaspoons coriander (dried leaves) 1 teaspoon paprika (ground) 2 (150 g) salmon fillets (boneless skinless) cooking spray (olive oil spray stipulated) 70 g couscous (1/2 cup) 125 ml orange juice (1/2 cup freshly squeezed) 1/4 cup coriander leaves (fresh roughly chopped) 1 lebanese cucumber (finely chopped) 1 tomatoes (large finely chopped) 4 radishes (finely chopped) 1 teaspoon lemon zest (finely grated) 1 tablespoon lemon juice (freshly squeezed) 1/2 teaspoon extra virgin olive oil 1/2 teaspoon paprika (ground)
1202,"1/2 teaspoon ground allspice 1/2 teaspoon ground cumin 1/2 teaspoon fresh ground black pepper, plus more 1/2 teaspoon caraway seed, lightly crushed 1/4 teaspoon paprika 1/4 teaspoon sea salt, plus more 12 ounces kansas city steaks (or other lean, thin steaks, 12 oz total) 1 1/2 tablespoons olive oil, divided, plus more for drizzling 1 cup peeled baby carrots, cut into 1/4-inch rounds 3/4 cup chicken broth or 3/4 cup vegetable broth 1/3 cup dry couscous 1 tablespoon fresh lemon juice 1 teaspoon finely grated lemon peel 2 tablespoons chopped cilantro leaves"
1203,2 cups chicken stock 1/3 cup currants 1/2 teaspoon salt 1/8 teaspoon allspice 1 cup quick-cooking couscous
1204,"2 cups hot water 3/4 cup raisins 4 tablespoons butter, divided 3 tablespoons dry white wine 1/2 teaspoon saffron thread 1 cup couscous 1 medium onions or 1 1/2 cups onions, chopped 3/4 cup sliced almonds, toasted 2 teaspoons ground cinnamon"
1205,"15 ounces garbanzo beans, drained, rinsed and patted dry 1 tablespoon extra virgin olive oil 1 3/4 teaspoons fine sea salt, divided use 5 cups water 1 cup fine cornmeal 1 1/2 teaspoons fine sea salt 3 ounces goat cheese 2 tablespoons butter 45 ounces ragú® pasta sauce, old world style traditional sauce 1/2 teaspoon smoked paprika 1/2 teaspoon red pepper flakes 6 eggs 2 tablespoons fresh cilantro or 2 tablespoons fresh parsley leaves"
1206,"1/2 cup canned chick-peas, rinsed 1/2 cup finely chopped carrot 1/2 cup finely chopped zucchini 1/2 cup chopped green onion 2 tablespoons olive oil 1 1/2 cups vegetable stock or 1 1/2 cups water 2 tablespoons chopped parsley 1 teaspoon paprika 1/4 teaspoon chili flakes salt 1 cup couscous 1/2 cup raisins"
1207,"1 tablespoon vegetable oil 1 onion, chopped 1 sweet potato, peeled and diced 2 garlic cloves, crushed 8 cups vegetable broth 1 cup long grain rice, uncooked 1 teaspoon ground thyme 1/2 teaspoon ground cumin 1 (24 ounce) jar tomato-based salsa 1 (15 1/2 ounce) can garbanzo beans, rinsed and drained 1 cup zucchini, diced 2/3 cup crunchy peanut butter crushed peanuts (to garnish)"
1208,"1 teaspoon canola oil 1 red bell peppers or 1 orange bell pepper, chopped 1 big tomatoes, chopped 1 teaspoon salt 1 teaspoon ground pepper 1 teaspoon turmeric 6 pieces salmon, fresh or 6 pieces salmon, thawed 1/2 cup water 1 green chili pepper, cut into strips (for especially spicy peppers, take out the seeds for a lighter spice) 1/4 cup fresh parsley, finely chopped 7 garlic cloves, pealed and whole (or to your taste)"
1209,"12 ounces salmon fillets (2 fillets, 6 ozs each, fresh or thawed) 1/2 teaspoon cardamom 1/4 teaspoon coriander 1/2 teaspoon dried cilantro 1/4 teaspoon cumin 1/8 teaspoon cayenne 1/2 teaspoon celery seed 1/4 teaspoon sea salt 1 1/2 teaspoons lemon zest 1 garlic clove, minced 1 teaspoon olive oil 4 tablespoons cilantro, fresh (optional)"
1210,"1 tablespoon canola oil 1 large onion, thinly sliced 6 cups thinly sliced carrots 1 stalk celery, thinly sliced 1 teaspoon salt 1 teaspoon chinese chili paste 6 cups water 2 tablespoons peanut butter 3 tablespoons soy sauce 2 tablespoons fresh lime juice"
1211,"1/2 lb skinless chicken breast, diced 1 cup dry couscous 4 zucchini, diced 1 onion, diced 1 (14 1/2 ounce) can chopped tomatoes 1 teaspoon ground coriander 1 teaspoon ground cumin 2 teaspoons curry powder 1 tablespoon olive oil 2 teaspoons sugar"
1212,"2 tablespoons olive oil 1/2 onion, chopped 1 (15 ounce) can chickpeas, drained & rinsed 1 (15 ounce) can diced tomatoes 1 tablespoon fresh italian parsley, finely chopped 1 tablespoon fresh cilantro, finely chopped 1/4 teaspoon salt 1/4 teaspoon black pepper 1/4 teaspoon harissa (cayenne pepper can be substituted) 1/4 teaspoon cinnamon 1/4 teaspoon turmeric 1/4 teaspoon ginger 1/4 teaspoon cumin"
1213,"2 (400 g) loin lamb, back straps about (eye of lamb loin) 2 -3 teaspoons chopped chili (fresh or bottled) 2 teaspoons ground cumin 1 garlic clove, crushed 1/4 cup fresh coriander, chopped (cilantro) 1 cup peas (frozen or fresh) 1 1/2 cups couscous 2 cups chicken stock 3 garlic cloves, thinly sliced 2 teaspoons olive oil 1/2 cup low-fat yogurt"
1214,"8 plantains (green or only slightly ripe) 2 tablespoons lemon juice 1 tablespoon ghee 2 onions, sliced thinly 1 teaspoon cilantro, fresh, minced 1/4 teaspoon bird chile, minced 2 cups stock (beef or vegetable)"
1215,"1/2 bunch scallion, white parts only 2 garlic cloves, coarsely chopped 1 tablespoon sweet paprika 2 teaspoons ground cumin 1/2 teaspoon ground coriander cayenne 2 tablespoons chopped parsley 2 tlbs. chopped cilantro 1/8 teaspoon salt 1/4 lb butter 1 lime, juice of"
1216,"1 tablespoon olive oil 1 medium onion, thinly sliced 3 garlic cloves, thinly sliced 1 lb carrot, thinly sliced 3/4 teaspoon ground cinnamon 3/4 teaspoon ground ginger 3/4 teaspoon ground turmeric 1/2 teaspoon ground paprika 1 cup carrot juice 2 tablespoons tomato paste 3 tablespoons rice 3/4 teaspoon salt 1/2 teaspoon fresh ground black pepper 1/2 cup fresh cilantro, chopped"
1217,"1 1/2 tablespoons fresh garlic, minced 1 1/2 tablespoons chili paste (such as sambal oelek) 2 tablespoons olive oil 1 teaspoon ground cumin 1/2 teaspoon ground coriander 5/8 teaspoon kosher salt, divided 4 chicken thighs, skinless, boneless (cut into 36 pieces) 1/2 yellow bell pepper, cut into 12 pieces 12 cherry tomatoes cooking spray 1/4 cup greek yogurt"
1218,"1 cup plain yogurt 1/4 cup olive oil 1/4 cup cilantro leaf, chopped 2 teaspoons cumin powder 2 teaspoons fresh lime juice 2 garlic cloves, minced 1 teaspoon paprika 1 pinch cayenne pepper 1 pinch sugar 3 grinds black pepper salt"
1219,"3 large oranges, seedless 1/8 teaspoon cayenne 1 teaspoon paprika 1/2 teaspoon garlic 1 tablespoon olive oil 1 tablespoon red wine or 1 tablespoon sherry wine vinegar salt fresh ground black pepper 1/3 cup parsley, chopped 12 black olives, pitted (preferably imported greek or italian)"
1220,"1 tablespoon vegetable oil 1 large onion, chopped 1 medium sweet potato, diced 2 garlic cloves, minced 8 cups chicken broth or 8 cups vegetable broth 1 teaspoon dried thyme leaves 1/2 teaspoon ground cumin 1 cup rice 3 cups thick & chunky salsa 3 (16 ounce) cans garbanzo beans, drained and rinsed 1 cup diced unpeeled zucchini 2/3 cup creamy peanut butter"
1221,"2 tablespoons olive oil 1 spanish onion, chopped 5 garlic cloves, minced 1 tablespoon crushed red pepper flakes 1/4 teaspoon salt 1 (12 ounce) package frozen chopped spinach 1 (10 ounce) package couscous 2 cups chicken broth 1 tablespoon lemon zest 1/4 cup fresh lemon juice"
1222,"1 tablespoon pine nuts 1 onion, sliced 1 tablespoon sweet chili sauce 1 teaspoon ground cumin 1 teaspoon fresh ginger or 1/2 teaspoon ground ginger 300 g chickpeas, drained (canned or freshly cooked dried chickpeas) 1 red capsicum, chopped 1/2-1 bunch spinach, leaves shredded 1 large zucchini, sliced 1 carrot, sliced 1 (440 g) can peeled tomatoes 1 tablespoon tomato paste 1/2 cup wine (optional) cracked pepper 2 cups couscous 2 cups water"
1223,"2 1/4 cups low sodium vegetable broth 1/2 cup onion, chopped 2 garlic cloves, minced 2 teaspoons curry powder 6 cups fresh spinach, chopped 2 cups canned chick-peas, rinsed and drained 1/4 teaspoon ground black pepper 2 cups boiling water 1 cup couscous, uncooked"
1224,"1 medium onion, chopped 2 garlic cloves, minced 2 tablespoons olive oil 1 (14 1/2 ounce) can chicken broth 1 (10 ounce) package frozen chopped spinach 1 (10 ounce) package couscous 3/4 cup fresh grated parmesan cheese 2 tablespoons lemon juice salt (to taste) fresh ground pepper (to taste) 1/2 cup chopped pecans, toasted"
1225,"1/2 cup onion, finely chopped 2 ounces butter (or margarine) 1 cup peanuts, finely chopped (or ground) 2 (8 ounce) packages frozen spinach, chopped, thawed 1/2 teaspoon salt 2 -3 drops tabasco sauce 2 tablespoons coconut, grated (optional)"
1226,"6 bell peppers, halved and seeded 2 tablespoons olive oil, divided 1 onion, chopped 1 lb ground round 1 teaspoon garlic salt 1/2 teaspoon black pepper 1 teaspoon oregano 2 teaspoons of fresh mint, chopped 1 ripe tomatoes, seeded and diced 1/4 cup sun-dried tomato, diced 3 cups couscous, cooked 2 cups feta cheese, crumbled of fresh mint (to garnish) or basil (to garnish)"
1227,"1 tablespoon unsalted butter 1 tablespoon olive oil 1 medium yellow onion, small dice 4 medium garlic cloves, thinly sliced 2 teaspoons ground cumin 1 (3 inch) cinnamon sticks salt & freshly ground black pepper 1 lb butternut squash, large dice 3/4 lb red potatoes, large dice 2 cups low sodium chicken broth or 2 cups vegetable broth 2 cups cooked chickpeas, drained 1 (14 ounce) can diced tomatoes, with juices 1 pinch saffron thread (optional) 1/2 preserved lemon, finely chopped 1 cup green olives in brine (recommend ( cerignola) steamed couscous, for serving fresh cilantro leaves, roughly chopped, for garnish toasted slivered almonds, for garnish plain yogurt, for garnish"
1228,"3 large bell peppers (i use red, orange, and yellow for the colors) 1 (28 ounce) can crushed tomatoes 1 1/4 cups couscous (use morrocan, the larger the better) 2 1/2 cups low sodium chicken broth 1 lb pork sausage, cooked, crumbled, and drained (i use fresh) 1 (14 1/2 ounce) can diced tomatoes 1/2 sweet onion, chopped fine 1 celery rib, chopped fine 2 garlic cloves, minced 1 teaspoon dried oregano 1 teaspoon dried basil 1/2 teaspoon dried mint salt and pepper 1 bay leaf 2 tablespoons olive oil"
1229,"4 cups boiling water 4 tea english tea bags or 4 teaspoons of loose english tea 4 cinnamon sticks (approx 1/2-inch) 4 lumps of sugar, plus extra sugar"
1230,"5 tomatoes, diced, seeds removed 4 green onions, finely diced 1 small green chili pepper, seeds and stem removed 1/4 cup italian parsley, finely diced 1/3 cup oil 1/4 cup peanut butter, smooth 2 limes, juice of 1/2 teaspoon salt, adjust to taste"
1231,"2/3 cup tahini (sesame seed paste) 2/3 cup plain nonfat yogurt 3 cloves garlic, minced 2 lemons, juice of 2 tablespoons chopped fresh parsley salt (to taste) black pepper (to taste)"
1232,"cooking spray 1 small red onion, chopped finely 1 garlic clove, crushed 180 g zucchini, sliced diagonally 125 g cherry tomatoes 1/4 cup of fresh mint, coarsley chopped 1/2 cup vegetable stock 1/2 cup couscous 320 g firm white fish fillets 2 teaspoons sumac 1 lemon"
1233,"1 cup couscous 1 1/2 cups boiling water 1/4 cup finely chopped carrot 1/4 cup finely chopped celery 1/4 cup finely chopped green pepper 2 tablespoons finely chopped scallions 2 tablespoons finely chopped parsley 6 tablespoons olive oil 2 tablespoons lemon juice 1 garlic clove, crushed 1/2 teaspoon salt black pepper"
1234,"olive oil 2 chicken breasts 2 tablespoons sun-dried tomato pesto 2 (100 g) sachets quick-cooking couscous (this makes enough for 4 but i make this amount as i like to take the couscous to work the next day f) 700 ml water 1 teaspoon instant chicken bouillon granules 2 teaspoons lemon rind, finely grated 2 tablespoons lemon juice 4 sun-dried tomatoes, chopped finely 2 tablespoons sun-dried tomato pesto (extra) 60 g rocket"
1235,"1 (26 ounce) jar ragú® pasta sauce, chunky sundried tomato and sweet basil flavor 1 (15 ounce) can chickpeas 8 large eggs 1 teaspoon extra virgin olive oil 2 tablespoons pine nuts 3 tablespoons crumbled feta cheese 1 loaf crusty bread (optional)"
1236,"1 lb lean beef, boneless (sirloin for example) 1 1/2 tablespoons natural-style peanut butter (ground roasted peanuts) 1 1/2 tablespoons vegetable oil 1 tablespoon ginger powder 1/2 tablespoon red cayenne pepper 1/2 teaspoon ground cloves 2 bouillon cubes (such as maggi)"
1237,"1 tablespoon garlic powder 1 tablespoon ground ginger 1 tablespoon paprika 2 tablespoons cayenne powder 1 tablespoon dried onion flakes 2 tablespoons peanuts, finely minced 1 lb boneless skinless chicken breast 2 tablespoons peanut oil"
1239,"1 1/2 cups water 1/4 teaspoon salt 3/4 cup quick-cooking couscous 3/4 cup apple, chopped 1/2 cup celery, sliced 1/3 cup walnut pieces 1/4 cup raisins 1/4 cup plain yogurt 1 1/2 teaspoons lemon juice 1 1/2 teaspoons cider vinegar 1 1/2 teaspoons salad oil (or olive oil) 1 1/2 teaspoons honey 1/4 teaspoon celery seed 1 dash pepper"
1240,"1 cup chicken broth 1 cup quick-cooking couscous 1 cup red seedless grapes, halved 1/2 cup pine nuts, toasted 1/2 cup dried apricot, sliced 1/2 cup sliced green onion 2 tablespoons chopped fresh parsley 2 tablespoons chopped of fresh mint 1/4 cup olive oil 1/4 cup lemon juice 1/4 cup chicken broth 1/4 teaspoon ground cinnamon salt and pepper 1/8 teaspoon cayenne pepper"
1241,"1 cup couscous (real couscous, not instant) 1 tablespoon tahini 1/2 teaspoon cinnamon 1/4 teaspoon ground cardamom (or 2 pods) 6 large pitted dates, chopped into pieces 1/3 cup slivered almonds 4 tablespoons creamed honey"
1242,"1 tablespoon vegetable oil 2 lbs sweet potatoes, peeled and chopped into 1 ich pieces (the orange-fleshed variety) 2 large onions, peeled and chopped 2 cloves garlic, crushed 1 tablespoon ground cumin 8 cups chicken stock 1 1/4 cups crunchy peanut butter 1 tablespoon chili sauce 1/4 cup chopped peanuts 1/4 cup chopped chives (or chopped cilantro)"
1243,"2 tablespoons coconut oil (or olive oil) 1 onion, chopped salt (to taste) pepper (to taste) 4 garlic cloves, finely chopped 2 tablespoons ginger, freshly grated 2 teaspoons cumin 1/4 teaspoon cayenne 1 teaspoon cinnamon 1 tablespoon cilantro 2 tablespoons peanuts, crushed 3 large sweet potatoes, cut into 1/2 inch pieces (1.5 pounds) 1/2 cup creamy peanut butter 14 ounces crushed tomatoes 4 cups water"
1244,"1 medium white onion, diced 5 tablespoons olive oil 1 lb sweet potato, cubed 1/2 teaspoon ground ginger 1/2 teaspoon ground cumin 1/2 teaspoon paprika salt 6 -8 green olives 1/2 preserved lemon, rind of, chopped (optional) half a lemon, juice of 2 tablespoons flat leaf parsley, chopped"
1245,"1 (10 ounce) box couscous 1/2 cup pine nuts 3 tablespoons olive oil 2 garlic cloves, thinly sliced 1 (15 1/2 ounce) can chickpeas, rinsed 1/2 cup raisins (dark or golden) 2 bunches swiss chard, stems trimmed 1 dash salt 1 teaspoon onion powder"
1246,"1 1/2 cups couscous 1 1/2 cups boiling water 1/3 cup extra virgin olive oil 1 tablespoon ground cumin 300 g chickpeas, rinsed & drained 3 cups flat leaf parsley, chopped 1 cup mint leaf, chopped 6 green onions, finely chopped 3 tomatoes, deseed & chopped 2 lemons, juiced salt & pepper"
1247,"4 ounces dried apricots 1 chicken, cut into 8 pieces (2 legs, 2 things, and each breast cut in half crosswise, leaving wings attached) 1 teaspoon ground ginger 1 teaspoon ground turmeric 2 teaspoons paprika 1/4 teaspoon saffron thread 1 teaspoon ground cinnamon 1 teaspoon coarse salt fresh ground black pepper 1 tablespoon butter (salted or unsalted) 1 large onion, finely chopped 2 cups chicken stock 1/3 cup chopped fresh cilantro, plus a bit extra for garnish 1 tablespoon honey 1/2 lemon, juice of 3/4 cup blanched almond, toasted"
1248,"2 -4 cloves garlic, minced olive oil, for pan-frying chicken and mixing marinade (or any oil) 1 -2 chicken, cut into serving sized pieces (or similar amount of chicken breasts) 1/4 teaspoon black pepper 1/4 teaspoon ground ginger 1 pinch saffron 1 teaspoon cumin (optional) 1 teaspoon turmeric (optional) 1 cinnamon sticks or 3 -5 pinches ground cinnamon (optional) 1 teaspoon coriander (optional) 2 onions, finely chopped 2 cups chicken broth or 2 cups chicken stock (or water) 1 cup green olives 2 preserved lemons, cut into slices (see recipe i have posted) salt, to taste"
1249,"1 chicken, skinned and cut in eight pieces (alternative 1 kg turkey meat) 3 onions, medium size, cut in rings 6 tablespoons butter or 6 tablespoons margarine 8 quinces, peeled, cored and sliced 200 ml chicken soup base 1 teaspoon red pepper, ground 1 teaspoon coriander, ground 1 teaspoon ginger, ground 1 teaspoon turmeric powder 1 teaspoon cinnamon, ground (or one cinnamon stick) salt pepper"
1250,"2 preserved lemons, in water (can be made ahead of time or purchased) 1 teaspoon olive oil 2 1/3 cups yellow onions, finely chopped 2 cups vegetable broth, boiling 1 cup hot water 1/4 cup lemon juice 1 teaspoon ras el hanout spice mix 1/4 teaspoon kosher salt 1 lb carrot, peeled and chopped into 1 inch pieces 1/2 lb turnip, peeled and chopped into 1 inch pieces 1/2 lb yukon gold potato, peeled and cut into 1 1/2 inch chunks 1/2 lb sweet potato, peeled and cut into 1 1/2 inch chunks 1 teaspoon ground cinnamon 1 (9 ounce) package frozen artichoke hearts, thawed"
1251,"1 1/2 cups couscous 1 1/2 cups chicken broth 2 tablespoons butter 1 tablespoon oil 4 boneless skinless chicken breast halves, flattened slightly 1 bunch green onion, trimmed (green & white parts sliced separately) 3/4 cup orange juice 1/2 cup heavy cream 1/4 teaspoon salt 1 orange, thinly sliced"
1252,"3 large pineapple 2/3 cup cashew nuts 1/2 cup coconut, slivers 1 cup cream 4 tablespoons honey 1 1/2-3 ounces white rum (to taste, 1-2 shots)"
1253,"1 1/2 cups basmati rice 3 tablespoons vegetable oil 1 onion, chopped 2 garlic cloves, crushed 3 cups vegetable stock or 3 cups water 4 ounces sweet corn (2/3 cup) 1/2 red bell peppers or 1/2 green bell pepper, chopped 1 large carrot, grated"
1254,"2 cups water 1/3 cup honey 1 (3 cup) bottle white wine (light, mildly sweet wine such as a riesling, soave or pinot grigio)"
1255,"4 cups cooked chicken (pre-cooked & shredded) 1 small sweet onion, chopped 1/2 cup fresh parsley, chopped 1/2 cup of fresh mint, chopped 1/2 cup black olives, halved 1/2 cup raisins, chopped 1/2 cup orange juice 1/4 cup olive oil 1/2 teaspoon garlic, minced 1 tablespoon cumin 2 teaspoons cinnamon 1 teaspoon coriander 1/2 teaspoon cayenne pepper salt & pepper (to taste) 3 whole wheat pita bread 3 tablespoons mayonnaise or 3 tablespoons avocados, may be used 3 cups romaine lettuce (chopped & may use mixed greens)"
1256,1 head green cabbage 1 onion 5 potatoes 3 carrots 1 tablespoon turmeric 1 tablespoon curry powder 1 teaspoon cumin 1/3 cup olive oil salt and pepper 1/2 cup water
1257,"1 (10 ounce) box couscous 3/4 cup slivered almonds 1/2 cup sun-dried tomato, finely chopped 1 tablespoon ground cumin salt and pepper 1/4 cup extra-virgin olive oil, plus 2 tablespoons extra-virgin olive oil 1 tablespoon fresh lemon juice plus 1 lemon, thinly sliced 4 (8 ounce) tilapia fillets 4 tablespoons chopped flat leaf parsley 1/2 red onion, chopped"
1258,"1 1/2 cups couscous 1/4 cup slivered almonds 2 cups vegetable stock or 2 cups chicken stock 2 stalks celery, diced 1/8 teaspoon salt 1/8 teaspoon pepper 1 pinch ground cumin 1 pinch cayenne pepper 1/2 cup raisins"
1259,"2 cups cooked couscous 1/2 cup crushed home grown tomatoes 1 clove garlic, minced 1/4 salt 3 ounces gorgonzola 1 teaspoon dijon mustard 1/4 cup virgin olive oil 1/8 cup white balsamic vinegar pepper 1 tablespoon fresh basil, chopped fresh herbs, mixed with fresh greens 1 small red onion, sliced very thinly"
1260,"1 -2 tablespoon olive oil 1 large onion, finely diced 1 teaspoon cumin, ground 3 garlic cloves, crushed 2 (400 g) cans diced tomatoes 70 g tomato paste 4 cups vegetable stock or 4 cups chicken stock 1/3 cup instant couscous 1/2 bunch fresh coriander, chopped 1/2 teaspoon sea salt (or to taste) 1/2 teaspoon fresh ground pepper (or to taste)"
1261,"1 1/4 cups water 1/4 teaspoon salt 2 tablespoons lemon juice 1 cup couscous 2 cups cherry tomatoes, quartered 1 cup feta cheese 1/2 cup red onion, thinly sliced 2/3 cup kalamata olive, halved 2 -170 ml marinated artichoke hearts, drained and halved 4 tablespoons parsley, chopped 1/3 cup olive oil 1/4 cup lemon juice 2 garlic, minced 3 tablespoons basil, chopped 1/2 teaspoon oregano, dried 1 teaspoon salt 1 teaspoon pepper 1/2 teaspoon sugar, honey (optional)"
1262,"3/4 cup cooked couscous 1 tomatoes, chopped 1/3 cup chickpeas, drained & rinsed (canned) 2 scallions, chopped 1 teaspoon extra virgin olive oil 1 tablespoon lemon juice 1 tablespoon fresh basil, chopped lettuce"
1263,"1 tablespoon butter 2 garlic cloves 3 green onions, chopped 8 ounces dried couscous 1 1/2 cups broth (chicken or veggie) 1/2 cup wine 1 (15 ounce) can garbanzo beans 1/8 teaspoon ground pepper 1/4 teaspoon cinnamon 1/2 lemon, squeezed 1 1/2 cups halved cherry tomatoes salt"
1264,"1 whole chicken 1 tablespoon olive oil 1/2 teaspoon smen, softened 2 large garlic cloves, peeled & grated 1 tablespoon fresh parsley, finely chopped 1/2 teaspoon turmeric 1/4 teaspoon salt 1/4 teaspoon black pepper 2 -3 onions, chopped 2 tablespoons olive oil 1 tablespoon canola oil 2 teaspoons ginger 1 teaspoon turmeric 1/2 teaspoon salt 1/2 teaspoon black pepper 1/4 teaspoon powdered saffron 1/2 teaspoon smen 1 tablespoon fresh parsley, finely chopped 1/2 preserved lemon, rinsed (rind only, sliced) 1/2 cup green olives, cracked & pitted 1/2 preserved lemon, fleshly insides (remove seeds) 1/2 teaspoon smen 1 teaspoon butter 1 pinch saffron"
1265,"4 tablespoons lemon juice 5 tablespoons olive oil 1/4 cup vinegar (balsamic gives an excellent flavour) 1 tablespoon cayenne pepper 1 tablespoon garlic, minced 1 tablespoon paprika 1 teaspoon salt 1 tablespoon chili flakes"
1266,"3 tart apples (such as granny smith) 2 tablespoons unsalted butter 2 carrots, chopped 1 large white onion, chopped 1/4 cup raisins 1 garlic clove, chopped 3 tablespoons curry powder 2 tablespoons all-purpose flour (preferably unbleached) 8 cups chicken broth 1 tablespoon canned tomato puree 1/2 cup heavy cream 2 1/2 tablespoons mango chutney (garnish)"
1267,"2 tablespoons olive oil 2 tablespoons butter 2 1/2 lbs beef, rump roast, cut into 1-inch cubes 2 cups spanish onions, coarsely chopped 1 -2 tablespoon hot pepper paste (may sub chopped, stemmed chili peppers, or hot sauce) 4 garlic cloves, smashed 1 bay leaf 2 cups red wine (or 1 cup wine and 1 cup water or beef stock) 24 black olives 1/4 cup flour (mixed with 1/4 cup water) 1 teaspoon salt, coarse sea salt 1/2 teaspoon black pepper, freshly ground"
1268,"3 ounces couscous 1 ounce dried mango, chopped up 5 fluid ounces boiling water 4 ounces cooked boneless skinless chicken breasts, shredded 2 green onions, chopped up 2 teaspoons slivered almonds, toasted 1 1/2 tablespoons extra virgin olive oil 2 1/2 tablespoons pineapple juice 1 1/2 teaspoons dark rum 1 teaspoon lime juice 1/4 teaspoon dried chili pepper flakes 1/2 teaspoon brown sugar"
1269,"500 g lean ground beef 1 teaspoon ground dried chile 1 onion, finely chopped 1 egg, beaten 2 tablespoons fresh coriander, chopped 1 teaspoon nutmeg, ground salt oil, for brushing"
1270,"1 1/2 lbs tuna steaks, cut into 1 1/4 inch cubes 2 tablespoons olive oil 1/2 teaspoon ground cumin 2 teaspoons lemon zest, finely grated 1/2 teaspoon ground coriander 3 teaspoons ground cumin 2 teaspoons paprika 1 pinch cayenne pepper 4 garlic cloves, crushed and minced 1/2 cup flat leaf parsley, minced 1/2 cup cilantro, minced 1/3 cup lemon juice 1/2 cup olive oil"
1271,"1 lb ground beef 1 small onion, finely chopped 6 sprigs parsley, finely chopped 2 tablespoons gruyere cheese, grated 2 teaspoons ground coriander 2 teaspoons harissa (tunisia) 1/2 teaspoon salt 2 medium egg yolks 1/4 cup breadcrumbs 1/2 cup mashed potatoes 1/4 cup olive oil"
1272,"1 kg potato, peeled & parboiled 1 medium onion, peeled & finely chopped 2 garlic cloves, minced 1/2 teaspoon turmeric 1/2 teaspoon piri piri chili sauce 1/2 teaspoon ground cinnamon 1/2 teaspoon ground coriander 1 teaspoon tomato puree 1 tablespoon lemon juice 1 tablespoon fresh parsley, chopped salt 2 tablespoons cooking oil"
1273,"2 tablespoons vegetable oil 1 small onion, sliced and separated into rings 1 medium eggplant, unpeeled, cut into bite-sized pieces 1 small sweet red pepper, cored and thinly sliced 1 -2 garlic clove, peeled and crushed 1 lb fresh spinach, cleaned and chopped or 1 (10 ounce) package frozen chopped spinach, thawed 1 small zucchini, peeled and sliced 2 medium tomatoes, cut in wedges 1/2 teaspoon salt 1/4 teaspoon black pepper"
1274,"1 cup vegetable broth or 1 cup chicken broth 3/4 cup couscous 3 ripe plum tomatoes, seeded and diced 2 green onions, finely minced 1/2 cucumber, seeded and diced (i like to leave them unpeeled) 1/2 cup fresh parsley, minced 4 ounces grated parmesan cheese 4 tablespoons fresh lemon juice 2 1/2 tablespoons olive oil 2 teaspoons dried oregano, crushed 1/4 teaspoon salt (taste first, parmesan is pretty salty) 1/2 teaspoon black pepper 1/4 teaspoon cayenne pepper"
1275,"2 tablespoons butter or 2 tablespoons extra virgin olive oil 2 medium onions, diced 2 small fresh chili peppers, thinly sliced 1 tablespoon paprika 1/2 teaspoon cayenne pepper 1 teaspoon ground cumin 1 cup dried lentils 4 tomatoes, peeled,seeded and chopped 1/4 cup tomato puree 1 cup chickpeas, cooked or canned (if canned, drain and rinse) 1 cup carrot, cut into 1/2 inch dice 1 1/2 cups green beans, cut into 1 inch pieces 1 zucchini, cut into 1 inch dice 3/4 cup frozen green pea 1/2 cup flat leaf parsley, chopped 1 tablespoon za'atar spice mix salt and pepper, to taste."
1276,"4 tablespoons peanut oil (or canola) 2 large onions, peeled and chopped 1 small butternut squash, peeled and cubed into 1/2 inch pieces 4 small turnips, peeled and chopped 4 medium potatoes, peeled and quartered 2 large carrots, peeled and chopped 1/2 head cabbage, chopped 2 large tomatoes, seeded and chopped 1 bunch swiss chard, chopped 2 small jalapenos, seeded and chopped 2 cups tomato sauce water, as needed 3/4 cup peanut butter (creamy or chunky)"
1277,"1 medium onion, chopped 1 garlic clove, peeled and minced 2 tablespoons water 1 tablespoon canola oil 2 medium potatoes, peeled and cut into 1-inch dice 2 cups carrots, peeled and chopped 1 (15 ounce) can reduced-sodium diced tomatoes, undrained 1 teaspoon ground cumin 1 cup low-sodium tomato juice 2 cups green beans, sliced in 2-inch pieces 1/4 teaspoon pepper"
1278,"2 tablespoons olive oil or 2 tablespoons peanut oil 1 large white onion, chopped 2 carrots, peeled and grated 1 -2 jalapeno, minced 3 garlic cloves, minced 1 tablespoon ginger, fresh grated or 1 tablespoon ginger paste 1 lime, zest of 3 tablespoons curry powder (i think this would work with almost any type but i used madras) 1 tablespoon ground coriander 1/2 teaspoon crushed red pepper flakes 2 (14 ounce) cans vegetable broth 1 (8 ounce) can tomato sauce 1 (14 1/2 ounce) can diced tomatoes, with juice 2/3 cup creamy peanut butter 1 (13 1/2 ounce) can coconut milk 2 (15 ounce) cans garbanzo beans, drained and rinsed (chickpeas) 1/2 cup dried apricot, chopped (optional) 1/2 cup golden raisin (optional) sea salt, to taste (i used 2 tsp) cooked brown rice, to serve nonfat yogurt, to serve cilantro, chopped, to serve"
1279,"2 cups rice, washed and drained 2 teaspoons salt 500 ml coconut milk 500 ml water 2 tablespoons coconut milk, extra"
1280,"1 1/2 cups seedless grapes 1 ripe mango, peeled and cut in pieces 1 navel orange, peel removed and cut in sections 1 small ripe papaya, peeled and cut in pieces 1 banana, sliced"
1282,"2 eggs, lightly beaten 1/2 cup cold milk 3 tablespoons light brown sugar 1 cup flour 1 pinch baking soda 4 ripe bananas, sliced diagonally into 1/4-inch pieces 2 tablespoons confectioners' sugar peanut oil, for frying"
1283,"2 tablespoons olive oil 1 medium spanish onion, diced 5 tomatoes, seeded and chopped (or 2 1/2 cups chopped canned tomatoes) 2 inches ginger, peeled and grated 3 garlic cloves, minced 1 serrano chili, seeds and ribs removed and finely chopped 2 cups water 1/4 cup brewed coffee 1 tablespoon tamarind paste 2 teaspoons berbere or 2 teaspoons chili powder 1/4 teaspoon ground cumin 1/4 teaspoon coriander seed, roughly crushed 1/4 cup honey"
1284,"1 cup diced cooked chicken 2/3 cup diced onion 1 1/2 teaspoons minced garlic 2 tablespoons sesame oil 1 1/2 teaspoons curry powder 1/2 teaspoon salt 1/2 teaspoon black pepper 1/2 teaspoon dried red pepper flakes 3 cups chicken broth 1/4 cup tomato paste 1 cup chopped stewed tomatoes, drained 3 tablespoons chunky peanut butter (more to taste) 2 cups cooked rice, for a thick stew"
1285,"4 chicken breasts, skin on 2 garlic cloves, finely chopped 1 fresh chili pepper, mild, chopped 2 tablespoons vegetable oil 2 large vidalia onions 1/2 teaspoon thyme, chopped 3 lemons 12 1/2 fluid ounces chicken stock salt & freshly ground black pepper"
1286,"1 smoked ham hock 4 bay leaves 4 whole molido chilies (dried, smoked) 1 whole habanero pepper (dried) 4 whole dundicut chilies (dried) 4 garlic cloves, whole 1 tablespoon cumin seed 1 teaspoon salt water 2 tablespoons olive oil 2 yellow onions 4 tomatoes 2 tablespoons curry powder 1 1/2 tablespoons cumin powder 2 tablespoons hot paprika 3 tablespoons mild smoked chili powder 1 teaspoon salt 1 head cauliflower (broken into bite-sized florets) 6 carrots, bisected lengthwise and then chopped into bite-sized pieces 1/2 lb green chard leaves (chopped into 1 cm squares) 6 garlic cloves (squished)"
1287,"2 cups chopped onions 2 tablespoons peanut oil or 2 tablespoons vegetable oil 1/2 teaspoon cayenne pepper 1 teaspoon garlic, pressed 2 cups chopped cabbage 3 cups cubed sweet potatoes (1-inch cubes) 3 cups tomato juice 1 cup apple juice or 1 cup apricot juice 1 teaspoon salt 1 teaspoon grated peeled gingerroot, fresh 1 tablespoon chopped cilantro, fresh (optional) 2 chopped tomatoes 1 1/2-2 cups chopped okra 1/2 cup natural-style peanut butter"
1288,"2 cups rice (long grained or medium variety) 1/4 cup groundnut oil or 1/4 cup olive oil 1/2 tablespoon butter 1 teaspoon dried thyme, if using fresh 2 tbsp would be perfect 1/4 teaspoon curry powder (optional) 1 onion, sliced 1 celery, diced 1 green pepper, diced (remove the seeds & white stuff) 2 -3 garlic cloves (as per taste) 1 cup chicken breast, diced not cooked preferably, omit if vegan 1/2 inch piece ginger, peeled and grated 1 tablespoon ground paprika (smoked would be ideal) 2 tablespoons cayenne, add more if you want it hotter 3 tablespoons tomato paste, i love using hunts 2 large tomatoes, chopped finely (or 1 small can pureed tomatoes) 1 carrot, cubed 1 chicken bouillon cube (i love knorr chicken or maggi) 1 bay leaf 2 cups chicken stock 2 cups water 1/2 cup portebello mushroom (optional) peas (you can use frozen mixed veggeis) salt 1/4 cup cilantro (to garnish) or 1/4 cup parsley (to garnish)"
1289,"2 lbs cubed meat (beef, goat, lamb etc) 2 beef bouillon cubes 1 teaspoon ground black pepper 1/2 teaspoon salt 2 cups peanut butter 1 tablespoon peanut oil 1 onion, cubed red wine vinegar"
1290,"1 tablespoon olive oil 1 cup chopped yellow onion 3/4 cup chopped peeled carrot 1 -2 teaspoon minced peeled fresh ginger 1 dash cayenne pepper 1 cup chopped peeled sweet potato 2 1/2 cups water, divided 1/2 cup tomato juice 1/4 teaspoon salt 1/4 teaspoon black pepper 1/2 cup creamy peanut butter 5 green onions, chopped"
1291,"1 teaspoon canola oil or 1 teaspoon peanut oil 1 onion, finely chopped 1 -2 garlic clove, minced 1 1/2 tablespoons fresh ginger, grated 1 jalapeno pepper, diced (or serrano if you like it more spicy) 2 chicken breasts, finely chopped 2 -3 medium tomatoes, chopped 1 carrot, peeled and grated 1/2-1 teaspoon turmeric 1 teaspoon berbere, spice powder (or cayenne) 1/2 teaspoon ground cloves black pepper, to taste 1 -2 teaspoon sugar 3 -4 cups water or 3 -4 cups broth 1/2-1 cup crunchy peanut butter (adjust to taste) peanuts, for garnish (optional) 1 dash lemons (optional) or 1 dash lime juice (optional)"
1292,"3 -4 hot peppers, cleaned and cut into small pieces or 60 g pickled jalapeno peppers, drained and washed 1 tomatoes, cut into small pieces 2 small onions, chopped 5 garlic cloves, peeled 1 -2 cm gingerroot, peeled 1/2 tablespoon ground cayenne pepper 2 teaspoons maggi liquid seasoning 1 pinch sea salt 1/4 cup olive oil (or more, if necessary)"
1293,"1/2 cup peanut oil 4 carrots, cut in 1/2-finger size 4 garlic cloves, chopped 2 large potatoes, cubed 2 large sweet potatoes, cubed 1 large onion, diced 2 tablespoons tomato paste 1 tablespoon paprika 1/2 tablespoon cayenne pepper 1/2 tablespoon cumin 2 fresh thyme sprigs 1 (16 ounce) can chickpeas, drained and rinsed fine salt & freshly ground black pepper 4 cups stock, of your choice or 4 cups water 3/4 cup creamy peanut butter basmati rice, quinoa or couscous"
1294,"1 1/4 cups water or 1 1/4 cups broth 1 cup couscous 1 teaspoon butter or 1 teaspoon margarine (optional) 1/2 teaspoon salt (optional) 2 tablespoons white wine (use decent quality!) 1/2 cup shiitake mushroom 1/2 cup porcini mushroom 1 small onion, finely chopped 1 clove garlic, minced 1 teaspoon basil"
1295,"3 tablespoons olive oil 3 3/4 lbs beef short ribs, bone in 6-8 pieces kosher salt fresh ground pepper 1 cup all-purpose flour 1 celery rib, cut into 1/4-inch dice 3/4 cup shallot, finely diced 1 tablespoon garlic, minced 3 tablespoons tomato paste 3/4 teaspoon chili, aleppo crushed 1 teaspoon fresh thyme, chopped 1/2 cup beef broth 3/4 cup red wine"
1296,3/4 cup broth (a garlic and herb stock cube is perfect but chicken broth also works nicely) 1 cup couscous 10 cherry tomatoes 1/2 cucumber 1 yellow bell pepper 3 spring onions (also known as scallions) 1 tablespoon olive oil 1 tablespoon red wine vinegar salt and pepper
1297,4 potatoes 3 carrots 3 garlic cloves 1 tablespoon fresh ginger 2 serrano peppers 2 small onions 2 tablespoons oil 2 cups water 1/2 teaspoon ground cardamom 1 teaspoon black pepper 1 tablespoon salt
1298,"35 gyoza skins (pot sticker wrappers) or 35 wonton wrappers 1/2 lb ground pork 1/2 lb shrimp, finely minced (medium sized) 1/4 lb bay scallops or 1/4 lb sea scallops, finely minced 2 teaspoons gingerroot, minced 2 garlic cloves, minced 3 ounces bamboo shoots, minced 4 shiitake mushrooms, minced (can use dry shitake mushrooms, reconstituted, minced) 4 green onions, minced 2 tablespoons soy sauce 2 tablespoons sake 2 teaspoons sugar 2 teaspoons sesame oil 1 teaspoon salt 1/2 teaspoon pepper 3 tablespoons chicken stock or 3 tablespoons clam broth 2 1/2 tablespoons cornstarch 30 -40 green peas (frozen or fresh)"
1299,1 cup oil 13 -15 ounces tomato sauce 1/2 onion 2 -3 red peppers 1/2 cup water 2 teaspoons thyme 1 tablespoon curry powder 2 chicken bouillon cubes 3 1/2 cups long-grain rice 1 pinch salt (optional)
1300,1 1/2 lbs zucchini (about 3 large) 1 tablespoon olive oil 1/2 teaspoon ground cumin 1 cup boiling water 2/3 cup couscous
