recipe_id,recipe_name,cuisine,servings_raw,recipe_url,instructions
1,KOSHARI,,MAKES 4 TO 6 SERVINGS,,
2,PARTY JOLLOF RICE,,MAKES 6 TO 8 SERVINGS,,
3,NIGERIAN RED STEW,Nigeria,MAKES 8 TO 10 SERVINGS,,
4,MAAFE,,MAKES 6 TO 8 SERVINGS,,
5,EGUSI SOUP,,MAKES 6 TO 8 SERVINGS,,
6,YASSA,,MAKES 6 SERVINGS,,
7,SUYA,,MAKES 5 TO 6 SERVINGS,,
8,EWA OLOYIN,,MAKES 6 SERVINGS,,
9,PLANTAIN FRITTATA,,MAKES 4 TO 5 SERVINGS,,
10,MUM’S CORNED BEEF AND SPINACH STEW,,MAKES 4 TO 6 SERVINGS,,
11,GRILLED TILAPIA WITH GINGER-PEPPER MARINADE,,MAKES 4 TO 6 SERVINGS,,
12,GOOD-FOR-THE-SOUL NIGERIAN PEPPER SOUP,Nigeria,MAKES 4 TO 6 SERVINGS,,
13,BUCHI’S OKRA SOUP,,MAKES 6 SERVINGS,,
14,SPICY NIGERIAN OMELET,Nigeria,MAKES 2 TO 4 SERVINGS,,
15,PILI PILI,,MAKES 4 TO 5 CUPS (960 ML TO 1.5 L),,
16,PLANTAIN CHIPS,,MAKES 6 TO 8 SERVINGS,,
17,BOULETTES DE POISSON,,MAKES 4 TO 6 SERVINGS,,
18,TATALE,,MAKES 4 TO 6 SERVINGS,,
19,CHIN CHIN,,MAKES 8 TO 10 SERVINGS,,
20,ERAN PAII,,MAKES 6 SERVINGS,,
21,"SCOTCH EGG, NIGERIAN-STYLE",Nigeria,MAKES 4 SERVINGS,,
22,NIGERIAN SALAD,Nigeria,MAKES 4 TO 6 SERVINGS,,
23,AKARA,,MAKES 4 TO 6 SERVINGS,,
24,MUM’S MOIN MOIN,,MAKES 4 TO 6 SERVINGS,,
25,KOKI,,MAKES 4 TO 6 SERVINGS,,
26,AFRICAN YAM FRIES,,MAKES 4 SERVINGS,,
27,PUFF PUFF,,MAKES 4 TO 6 SERVINGS,,
28,KUNNU AYA,,MAKES 4 CUPS (960 ML),,
29,DORO WOT,,MAKES 4 TO 6 SERVINGS,,
30,TSEBHI BIRSEN,,MAKES 4 TO 6 SERVINGS,,
31,BEEF SAMOSAS,,MAKES 4 TO 6 SERVINGS,,
32,MUAMBA DE GALINHA,,MAKES 4 TO 6 SERVINGS,,
33,PILAU,,MAKES 4 TO 6 SERVINGS,,
34,MTUZI WA SAMAKI,,MAKES 4 TO 6 SERVINGS,,
35,SUPU VIAZI,,MAKES 4 TO 6 SERVINGS,,
37,BHAJIAS,,MAKES 4 SERVINGS,,
38,AUNTY BERNIE’S CHAPATI,,MAKES 4 TO 6 SERVINGS,,
40,SUMMERTIME MANGO LEMONADE,,MAKES 4 CUPS (960 ML),,
41,VITUMBUA,,MAKES 4 TO 6 SERVINGS,,
42,MANDAZI,,MAKES 4 TO 6 SERVINGS,,
43,HARISSA GRILLED CHICKEN,,MAKES 6 TO 8 SERVINGS,,
44,SHAKSHUKA,,MAKES 4 TO 6 SERVINGS,,
45,NORTH AFRICAN MEATBALLS,,MAKES 4 TO 6 SERVINGS,,
46,MOROCCAN-SPICED LAMB CHOPS,Morocco,MAKES 4 TO 6 SERVINGS,,
47,LEBLEBI,,MAKES 4 TO 6 SERVINGS,,
49,ONE-POT NORTH AFRICAN CHICKEN AND RICE,,MAKES 4 TO 6 SERVINGS,,
50,MOROCCAN-SPICED VEGGIE COUSCOUS,Morocco,MAKES 4 TO 6 SERVINGS,,
51,MAAQUODA,,MAKES 6 TO 8 SERVINGS,,
52,NORTH AFRICAN POTATO SALAD WITH RAS EL HANOUT,,MAKES 4 TO 6 SERVINGS,,
53,AISH BALADI,,MAKES 4 TO 6 SERVINGS,,
54,CHARMOULA EGGPLANT,,MAKES 4 SERVINGS,,
55,CHICKEN WITH FIERY PERI PERI SAUCE,,MAKES 6 TO 8 SERVINGS,,
56,PRAWN NACIONAL,,MAKES 6 TO 8 SERVINGS,,
58,THE GATSBY,,MAKES 2 SERVINGS,,
59,KOTA,,MAKES 4 TO 6 SERVINGS,,
60,CALULU DE PEIXE,,MAKES 4 TO 6 SERVINGS,,
61,DOVI,,MAKES 4 TO 6 SERVINGS,,
64,BRAAIBROODJIE,,MAKES 4 TO 6 SERVINGS,,
65,ZANZIBAR PIZZA,,MAKES 2 TO 4 SERVINGS,,
66,SWEET POTATO FRITTERS,,MAKES 6 TO 8 SERVINGS,,
127,Moroccan-style roasted veg,Morocco,Serves 2,https://www.bbc.co.uk/food/recipes/5-ingredient_33925,
128,Akara black bean fritters with ata dindin,,Serves 4,https://www.bbc.co.uk/food/recipes/akara_black_bean_08114,
129,"Beef, black-eyed bean and plantain hotpot",,,https://www.bbc.co.uk/food/recipes/beef_black-eyed-bean_and_85011,
131,Cape Malay-style braised chicken curry,,Serves 4,https://www.bbc.co.uk/food/recipes/cape_malay-style_braised_02015,
132,Chicken bastilla with orange salad,,Serves 6,https://www.bbc.co.uk/food/recipes/chicken_bastilla_with_27181,
133,Chicken yassa,,,https://www.bbc.co.uk/food/recipes/chicken_yassa_20973,
134,"Ekuru, stewed greens and crispy cod cheeks",,Serves 4,https://www.bbc.co.uk/food/recipes/ekuru_stewed_greens_and_67084,
135,Grilled pork chops with blatjang and radishes,,Serves 4,https://www.bbc.co.uk/food/recipes/grilled_pork_chops_with_74983,
136,Jollof Quorn pilau with salted cucumber,,Serves 4,https://www.bbc.co.uk/food/recipes/jollof_quorn_pilau_with_33526,
137,Jollof rice balls with Scotch bonnet sauce,,,https://www.bbc.co.uk/food/recipes/jollof_rice_balls_with_03838,
138,Lamb and apricot Cape Malay curry,,Serves 4,https://www.bbc.co.uk/food/recipes/lamb_and_apricot_cape_72967,
140,Nigerian stew and cauliflower fried âriceâ,Nigeria,Serves 4,https://www.bbc.co.uk/food/recipes/nigerian_stew_and_13543,
141,Piri-piri chicken and slaw,,Serves 4,https://www.bbc.co.uk/food/recipes/piri-piri_chicken_and_21433,
142,Pork with monkey gland sauce,,Serves 4,https://www.bbc.co.uk/food/recipes/pork_monkey_gland_sauce_52929,
143,Quraac,,,https://www.bbc.co.uk/food/recipes/quraac_78934,
144,Red-red stew with spiced plantain,,Serves 4,https://www.bbc.co.uk/food/recipes/red-red_stew_with_spiced_28798,
145,South African-inspired sausage rolls,South Africa,Serves 4,https://www.bbc.co.uk/food/recipes/sausage_rolls_97331,
146,Suya beef fillet burger,,Serves 2,https://www.bbc.co.uk/food/recipes/suya_fillet_burger_with_59824,
147,Sweet potato shakshuka with sriracha butter,,Serves 4,https://www.bbc.co.uk/food/recipes/sweet_potato_shakshuka_33464,
148,Ugandan rolex,Uganda,Serves 2,https://www.bbc.co.uk/food/recipes/ugandan_rolex_11861,
149,Zoeâs jollof,,Serves 6,https://www.bbc.co.uk/food/recipes/zoes_jollof_43216,
150,Kicha,ERITREA,,,"Place the whole wheat and all-purpose flours and salt in a large bow] and whisk well to combine. Using your Line a plate with paper towels and set aside. Set a 12-inch of the pan. Once the oil is hot, add half the dough to the skillet and use wet fingertips to gently and carefully press the dough into a wide circle that covers the surface of the skillet. Cover the skillet and cook until the top of the dough is glossy and the underside is golden brown, about 3 min- utes. Carefully flip the bread over, cover, and cook until the second side is browned, another 2 to 3 minutes. Transfer the flatbread to the prepared plate, adding the remaining the remaining dough. Serve immediately while the breads are warm, or let cool to room temperature to use for Kicha Fit Fit. Leftover breads can be stored in a plastic bag at room temperature for a day and rewarmed ina skillet over"
151,Zebhi Hamli,ERITREA,4,,
152,Shiro,ERITREA,4,,"Mix (page 50) or store-bought Place the tomatoes in the food processor and pulse until they’re finely ground. Add them to the onion mixture, increase the heat to high, and bring the mixture to a boil. 3 medium vine-ripened Reduce the heat to low and stir in the chickpea flour. tomatoes, coarsely chopped The mixture will be quite thick, like peanut butter. While ¼ cup chickpea flour stirring, slowly pour in the water to loosen the mixture. The mixture will be quite thick at first and not quite integrated, but keep stirring and adding the water in one slow steam 2 jalapenos, stemmed and thinly sliced (use less or leave until it becomes quite smooth. Bring the shiro to a boil, out if you don’t want things reduce the heat to low, and simmer for about 5 minutes to cook off the raw taste of the chickpea flour and integrate all the flavors. Stir in the jalapefios and season to taste with salt. Serve immediately. Leftovers can be stored in an airtight container in the refrigerator for up to a "
153,Shahan Ful,ERITREA,4,,"Mix (page 50) or store-bought salt and serve immediately, while hot, topped with the sliced jalapenos. Leftovers can be stored in an airtight container in the refrigerator for up to a few days and rewarmed in a heavy pot set over low heat (stir while you heat). One 10-ounce package frozen 1 small tomato, finely diced"
154,Doro Wat,ERITREA,,,"Stir in the berbere and salt and cook, stirring, until very aro- 2 large red onions, finely diced matic, about 1 minute. Add the tomatoes and cook, stirring 6 garlic cloves, minced until they've reduced down and the mixture is almost dry, about 10 minutes. Add the water, increase the heat to high, and bring to a boil. Lower the heat to maintain a simmer. Season the chicken pieces all over with salt and then nestle Mix (page 50) or store-bought berbere them into the pot. Cover and cook, uncovering the pot every so often to stir, until the chicken is very tender, about 1 hour. more as needed Add the eggs and cook, stirring every so often, until the eggs are heated through and nicely coated with the sauce, about 2 medium vine-ripened tomatoes, finely diced 10 minutes. Use a slotted spoon to transfer the chicken legs and eggs toa 8 chicken drumsticks serving dish. Increase the heat to high, return the sauce to 6 large eggs, hard-boiled a boil, and cook until slightly reduced and thickened,"
155,Buna,ERITREA,4,,"Cook the beans, shaking and swirling the pot continuously, ‘A cup green coffee beans (see until the beans become very dark and begin to smoke, about Ege IU UG! Heit) 5 minutes. Be sure to waft the smoke around the room for Three 1-inch pieces dried ginger everyone to smell—this is part of the ceremony. Once the beans are black all over, pour them onto a woven Granulated sugar, for serving straw mat (or a sheet pan lined with parchment paper) to cool slightly and then bend the mat and funnel the beans into an electric coffee grinder. Add the ginger and grind the coffee and ginger together until finely ground. Pour the ground coffee back onto the mat, fold it, and use it to funnel the grounds into a jebena. Fill the jebena with the water and set over high heat. When the water begins to boil and you can see steam coming from the top of the jebena, pour the coffee into a small pot with a spout or a pitcher and then pour it back into the jebena (this will help to cool it"
156,Sabaayad,SOMALIA,8 FLATBREADS Place the al,,
157,Canjeero,SOMALIA,12 PANCAKES Place the cor,,"Add the remaining 3 cups water, the sugar, baking powder, and salt to the bowl and stir well to combine. Whisk in the least 4 hours and up to 24 hours; the longer it sits, the more flavor it will develop. The mixture will have some bubbles When you’re ready to cook the pancakes, place the butter in a large nonstick skillet over medium heat. Once the butter has melted and the skillet is hot, stir the batter well and ladle enough into the skillet to form a thin, even layer across the bottom, tilting the pan to coat the surface (the exact amount will depend on the size of your skillet but figure about ½ cup). Use the rounded base of your ladle to swirl batter to make some circular grooves on the surface. Cover the skillet with a lid and cook until no liquid remains on the surface and the underside is barely golden brown, about 2 minutes. Transfer the pancake to a plate and repeat with the remaining batter (no need to add more butter after the first pancake). Stack the pancakes as you make"
158,Suugo Suqaar,SOMALIA,,,"Place the oil ina large skillet set over medium-high heat. Once the oil is hot, add the garlic, bell pepper, and onion. soften, about 8 minutes. Add the beef, Xawaash, and salt and 2 garlic cloves, minced cook, stirring occasionally to break up the beef, until the 1 small green bell pepper, meat is browned, about 15 minutes. stemmed, seeded, and finely chopped Add the tomato paste and diced tomatoes (and their juices). Fill the tomato can halfway with water and add it to the 1 small red onion, finely chopped pot. Stir well to combine, being sure to scrape up any bits stuck to the bottom of the skillet. Increase the heat to high and bring the sauce to a boil, then decrease the heat to low and simmer, stirring occasionally as the sauce cooks, for 30 minutes. Season the sauce to taste with salt. Serve hot over cooked spaghetti, with the cilantro sprinkled on top. Leftovers can be stored in an airtight container in the One 28-ounce can diced refrigerator for up to a few days and rewarmed i"
159,Shaah Cadays,ERITREA,,,
161,Mukimo,KENYA,6,,
163,Basboosa,KENYA,12,,"Place the water, *4 cup of the sugar, and ½ teaspoon of the cardamom in a small pot set over high heat. Bring to a boil and stir until the sugar is dissolved, about 1 minute, then :t easpoon freshly squeezed boil the syrup until slightly thickened and reduced to about “4 cup, about 5 minutes. Turn off the heat, stir in the lime 4 large eggs juice, and set the syrup aside. Place the eggs in a large bowl and whisk together. Add the ee eapeanela.e| remaining 1 cup sugar and the baking powder and, using a yogurt and ½ cup water whisked about 3 minutes. Add the oil and all-purpose flour and beat eau until smooth and thick, about 1 minute. Beat in the but- ½ teaspoon pure vanilla extract termilk, vanilla, and remaining ½ teaspoon cardamom. Stir (preferably from Madagascar or Comore in the semolina flour and coconut flakes. almonds on top of the batter. Bake the basboosa until it is ¼. cup blanched slivered almonds firm to the touch, a toothpick tests clean, and the top is a light golden brow"
164,Ndizi Kaanga,TANZANIA,4,,
165,Matoke with Steamed Spinach,TANZANIA,,,
166,Harees with Chicken,TANZANIA,,,"Place the chicken thighs, onion, cinnamon, cardamom, salt, and water in a large Dutch oven or other heavy pot set over and simmer until the broth is fragrant and the chicken is 1 small yellow onion, halved tender, about 30 minutes. One 1-inch piece cinnamon stick Use tongs to transfer the chicken thighs to a plate and let 3 green cardamom pods them rest until they’re cool enough to handle. Continue they’re cool, shred the meat and discard the skin and bones. namon, and cardamom from the broth (or strain the broth ½ cup cracked wheat (sometimes labeled coarse bulgur wheat) into a bowl, discard the solids, and then return the broth to the pot). Return the shredded chicken to the broth, add the butter, melted cracked wheat, and simmer, stirring occasionally, until the wheat is tender and the porridge is thick and creamy, about 45 minutes. Season the porridge to taste with salt and stir in the ghee just before serving. Serve immediately, while hot. Leftovers can be stored in an airtight co"
167,Coril de Peix com Coco,MOZAMBIQUE,,,
168,Xima,MOZAMBIQUE,4,,
169,Prego Rolls,MOZAMBIQUE,,,"Place the steak and ½ cup of the Piri Piri Sauce in a large resealable plastic bag. Using your hands, rub the sauce all trimmed of excess fat nate for as little as 15 minutes at room temperature or put it When you’re ready to grill the steak, prepare an outdoor grill (charcoal or gas, whatever you’ve got) for medium 4 garlic cloves, minced heat. Remove the steak from the marinade (let any excess drip back in the bag and then discard the bag) and place it 4 Portuguese rolls, halved on the grill. Grill the steak, turning it every so often, until charred in spots and cooked to your liking (about 3 minutes per side for medium-rare). Transfer the steak to a cutting board and allow it to rest for 10 minutes. Keep your grill on While the steak is resting, mix the melted butter, garlic, and salt together in a small bowl. Spoon the garlic butter over the cut sides of the rolls and grill them on their cut sides until golden brown, about 1 minute. Transfer the rolls to a serving platter, cut-side"
170,Bolo Polana,MOZAMBIQUE,,,"Place the cashews in the bowl of a food processor and pulse Finely grated zest and juice of 1 orange until finely ground. Set the cashews aside. Meanwhile, in the bowl of a stand mixer fitted with the (preferably from Madagascar or Comoros) whisk attachment or in a large bowl using a handheld mixer (or a whisk and a lot of elbow grease), combine the butter ¼ teaspoon kosher salt and granulated sugar and beat until fluffy. Add the egg yolks, ½ cup heavy cream, half-and-half, one at a time, whisking until each is incorporated before adding the next. Whisk in the cashews, orange zest, orange juice, vanilla, salt, and cream. Using a rubber spatula, stir Confectioners’ sugar, for serving the mixture to make sure everything is well combined and then gently fold in the flour and mashed potato."
171,Denningvleis,SOUTH AFRICA,,,"Cook until the meat is wonderfully tender, about 1½ hours. ½ teaspoon ground allspice Be sure to uncover the pot and give the mixture a stir ½ teaspoon ground nutmeg halfway through the cooking time. Season the lamb to taste"
172,Chakalaka and Cheddar Braaibroodjies,SOUTH AFRICA,use of still-hot coals if,,
173,Imifino,SOUTH AFRICA,4,,
174,Lasary Legioma,MADAGASCAR,,,"Place the tomatoes, scallions, lime juice, ginger, salt, and cilantro in a medium bowl, stir to combine, and let sit at 3 large tomatoes, finely diced room temperature for at least 20 minutes and up to 2 hours 6 scallions, ends trimmed, before serving so all the flavors have a chance to mari- thinly sliced nate together. Leftovers can be stored in a container in the lime juice and season to taste again before serving). ¼ teaspoon kosher salt Small handful of cilantro or parsley leaves, minced"
175,Akoho Misy Sakamalao,MADAGASCAR,a noticeable difference.,,
176,Katilesy,MADAGASCAR,,,"Place the potatoes ina medium saucepan, cover with cold water, and set over high heat. Bring to a boil, reduce the 2 large baking potatoes, heat to low, and simmer until the potatoes are tender, about 15 minutes. Drain the potatoes and place them in (see recipe introduction) more as needed pepper. Use a potato masher or a fork to crush the potatoes ½ teaspoon freshly ground and the meat together. Stir in the scallions and parsley. black pepper Break off small handfuls of the mixture and roll into golf ball—sized balls with your hands (you should end up with 2 scallions, ends trimmed, thinly sliced about eighteen balls). Large handful of Italian parsley leaves (about ½ cup), finely Place the flour on a large plate. Place the eggs in a shallow chopped bowl and beat them well with a fork or a whisk. Coat each meat-potato ball in the flour, then the beaten egg, then return them to the flour for one last coating. Canola oil, for frying Meanwhile, line a plate with paper towels and set aside"
177,Kadaka Akondro,MOZAMBIQUE,,,"Add the plantains to the pot with the meat and sprinkle with the sugar. Stir well to combine, turn the heat on high, and bring the mixture to a boil. Reduce the heat to low, cover the pot, and simmer until the plantains are tender, about 20 minutes. Season to taste with salt and serve immediately. Leftovers can be stored in an airtight con- tainer in the refrigerator for up to a few days and rewarmed in a pot set over low heat (stir while you heat)."
178,Mofo Akondro,MADAGASCAR,her coffee just like Ma G,,
179,Ambrevades au Curry,COMOROS,6,,"Warm the oil in a medium saucepan set over medium heat. Add the cumin, turmeric, and cardamom and cook just the tomatoes are nearly dry, about 5 minutes. Add the peas and coconut milk, bring the mixture to a boil, then ½ teaspoon ground cardamom reduce the heat to low, cover, and cook just long enough to 2 medium vine-ripened infuse the peas with all the flavor, about 5 minutes. Season tomatoes, coarsely chopped the peas to taste with salt and serve hot. Leftovers can be Kosher salt stored in an airtight container in the refrigerator for up toa Two 15-ounce cans green pigeon few days and rewarmed in a pot set over low heat (stir while peas, drained and rinsed you heat)."
180,Roti ya Houma Pampa,COMOROS,4,,"Place the oil in a large heavy pot or Dutch oven set over medium heat. Add the garlic and turmeric and cook, stirring 4 large tomatoes, coarsely occasionally, until very fragrant, about 1 minute. Add the onion and cook, stirring occasionally, until beginning to ½ teaspoon freshly ground soften, about 5 minutes. Stir in the tomatoes and pepper and increase the heat to high. When the tomatoes start to bubble, immediately reduce the heat to low, set the cod on top of the tomato mixture, and cover. Cook until the cod flakes easily when poked with a spoon or fork, about 10 minutes. Break the fish into large pieces with a serving spoon and serve immediately while hot. Leftovers can be stored in an airtight container in the refrigerator for up to a few days and rewarmed in a pot set over low heat (stir while you heat)."
181,Roho,COMOROS,,,
182,African Fish Rolls,,12,https://cheflolaskitchen.com/african-fish-pastry/,
183,African Masa Recipe,,40,https://cheflolaskitchen.com/african-masa-recipe-hausa-masa/,
184,Nigerian Pancakes,Nigeria,6,https://cheflolaskitchen.com/african-pancakes/,
185,African Spaghetti Sauce with Meatballs,,15,https://cheflolaskitchen.com/african-spaghetti-sauce-with-meatballs/,
186,Nigerian Beef Stew (African Stew Recipe),Nigeria,8,https://cheflolaskitchen.com/african-stew/,
187,Authentic Nigerian Coconut Rice,Nigeria,9,https://cheflolaskitchen.com/african-style-coconut-rice/,
188,Amala - Nigerian Food,Nigeria,4,https://cheflolaskitchen.com/amala-recipe/,
189,Basmati Jollof Rice recipe (The Party style with Beef),,10,https://cheflolaskitchen.com/basmati-jollof-rice-recipe/,
190,Ethiopian Berbere Spice,Ethiopia,1,https://cheflolaskitchen.com/berbere-spice/,
191,One Pot Black Eyed Peas And Beef,,9,https://cheflolaskitchen.com/black-eyed-peas-and-beef/,
192,Chakalaka | South African Food,South Africa,6,https://cheflolaskitchen.com/chakalaka/,
193,Chicken Samosas Recipe,,15,https://cheflolaskitchen.com/chicken-samosa/,
194,Coconut Fried Rice With Extra veggies,,8,https://cheflolaskitchen.com/coconut-fried-rice/,
195,Creamy Fonio Breakfast Porridge (Acha Porridge),,2,https://cheflolaskitchen.com/creamy-fonio-porridge/,
196,Simple and Creamy Polenta Recipe,,4,https://cheflolaskitchen.com/creamy-polenta-recipe/,
197,Crispy Yuca Fries - Oven-baked or Deep fried,,4,https://cheflolaskitchen.com/crispy-yuca-fries/,
198,Delicious Homemade Sweet Potato Pie,,8,https://cheflolaskitchen.com/delicious-homemade-sweet-potato-pie/,
199,Easy African Chicken Peanut Soup,,6,https://cheflolaskitchen.com/easy-chicken-peanut-soup/,
200,Eggless Nigerian Buns,Nigeria,0,https://cheflolaskitchen.com/eggless-nigerian-buns/,
201,Fried Plantains - Sweet and Savory Delicacy,,6,https://cheflolaskitchen.com/fried-plantains/,
202,Gbegiri Soup - Delicious West African Bean Soup,,6,https://cheflolaskitchen.com/gbegiri-soup/,
203,Easy Grilled Corn on the Cob Recipe,,4,https://cheflolaskitchen.com/grilled-corn-on-the-cob/,
205,Harissa Chicken Wings,,24,https://cheflolaskitchen.com/harissa-chicken/,
206,How To Cook a Super Juicy Turkey - Dry Brined,,4,https://cheflolaskitchen.com/how-to-cook-a-super-juicy-turkey/,
207,Eba - Nigerian Food,Nigeria,2,https://cheflolaskitchen.com/how-to-make-eba/,
208,Ikokore - Water Yam Pottage,,8,https://cheflolaskitchen.com/ikokore/,
209,Indulgent Homemade Pumpkin Pie,,8,https://cheflolaskitchen.com/indulgent-homemade-pumpkin-pie/,
210,Jollof Spaghetti,,6,https://cheflolaskitchen.com/jollof-spaghetti-recipe/,
211,Ewedu - Jute Leaves Soup,,5,https://cheflolaskitchen.com/jute-leaves-soup-ewedu-mulukhiyah-or-molokhia/,
212,How to make Moin Moin/Moi Moi,,5,https://cheflolaskitchen.com/make-moin-moin-moi-moi/,
213,Meat Floss (Beef Floss) - Dambu Nama,,10,https://cheflolaskitchen.com/meat-floss/,
214,60+ Nigerian Recipes You Need To Try,Nigeria,0,https://cheflolaskitchen.com/nigerian-recipes-you-need-to-try/,
215,Niter Kibbeh Ethiopian Spiced Clarified Butter,Ethiopia,24,https://cheflolaskitchen.com/niter-kibbeh-ethiopian-clarified-butter/,
216,Nyama Choma,,4,https://cheflolaskitchen.com/nyama-choma/,
217,Perfect Juicy Oven-Roasted Turkey Breast,,10,https://cheflolaskitchen.com/oven-roasted-turkey-breast/,
218,Peri-Peri Chicken (Piri-Piri Chicken),,4,https://cheflolaskitchen.com/peri-peri-chicken/,
219,Easy Spicy Peri Peri Sauce,,1,https://cheflolaskitchen.com/peri-peri-sauce/,
220,Semolina Flour Masa,,0,https://cheflolaskitchen.com/semolina-flour-masa/,
221,Spicy Nigerian Stick Meat,Nigeria,6,https://cheflolaskitchen.com/stick-meat/,
222,Suya - The Nigerian Kebab,Nigeria,22,https://cheflolaskitchen.com/suya/,
223,My To Go Sweet Potato Kale Salad,,4,https://cheflolaskitchen.com/sweet-potato-kale-salad/,
224,Tropical Mango Pineapple Smoothie Recipe,,2,https://cheflolaskitchen.com/tropical-mango-pineapple-smoothie/,
225,Yam pottage/Yam Porridge (Asaro) Recipe,,4,https://cheflolaskitchen.com/yam-porridge-pottage/,
226,Tammy’s Sesame Oil Chicken,Zimbabwe,4 – 5 servings,https://www.zimbokitchen.com/tammys-sesame-oil-chicken/,
227,Homemade Sweet Chilli Fish Fingers,Zimbabwe,4 – 5,https://www.zimbokitchen.com/homemade-sweet-chilli-fish-fingers/,
228,Scrumptious Chicken Gizzards,Zimbabwe,,https://www.zimbokitchen.com/scrumptious-chicken-gizzards-2/,
229,Miri Piri Roasted Potato Wedges,Zimbabwe,4 – 5 servings,https://www.zimbokitchen.com/miri-piri-roasted-potato-wedges/,
230,DELICIOUS CHICKEN CURRY II,Zimbabwe,4 – 5 servings,https://www.zimbokitchen.com/delicious-chicken-curry-ii/,
231,Cheesy Mince & Mushroom Parcels,Zimbabwe,5 – 6 servings,https://www.zimbokitchen.com/cheesy-mince-mushroom-parcels/,
232,"Good old Mupotohayi (Chimodho, Cornmeal bread)",Zimbabwe,9 – 10 servings,https://www.zimbokitchen.com/good-old-mupotohayi-chimodho-cornmeal-bread/,
233,Sesame Fried Pork & Penne Pasta,Zimbabwe,4- 5 servings,https://www.zimbokitchen.com/sesame-fried-pork-penne-pasta/,
234,Chisa Nyama Pork Chops,Zimbabwe,4 – 5 servings,https://www.zimbokitchen.com/chisa-nyama-pork-chops/,
235,Smokey BBQ Mince & Sausage Stew,Zimbabwe,5 – 6 servings,https://www.zimbokitchen.com/smokey-bbq-mince-sausage-stew/,
236,"Baked Lemon, Garlic ‘n Herb Kariba Bream",Zimbabwe,5 – 6,https://www.zimbokitchen.com/baked-lemon-garlic-n-herb-kariba-bream/,
237,Baked BBQ Sauce Chicken Thighs,Zimbabwe,7 – 8 servings,https://www.zimbokitchen.com/baked-bbq-sauce-chicken-thighs/,
238,Vanilla Sorghum Muffins,Zimbabwe,12 servings,https://www.zimbokitchen.com/vanilla-sorghum-muffins/,
239,Tasty Mild Spiced Rice,Zimbabwe,5 – 6 servings,https://www.zimbokitchen.com/tasty-mild-spiced-rice/,
240,Egg-free Banana Cinnamon Loaf,Zimbabwe,7 – 8 servings,https://www.zimbokitchen.com/egg-free-banana-cinnamon-loaf/,
241,How to cook Sadza ReMhunga,Zimbabwe,4 – 5 servings,https://www.zimbokitchen.com/how-to-cook-sadza-remhunga/,
242,Easy Mince & Vegetable Stew,Zimbabwe,5 – 6 servings,https://www.zimbokitchen.com/easy-mince-vegetable-stew/,
243,Sour Cream ‘n Chives Mashed Potatoes,Zimbabwe,4 – 5 servings,https://www.zimbokitchen.com/sour-cream-n-chives-mashed-potatoes/,
244,Delicious Porridge reMapfunde (Sorghum),Zimbabwe,4 servings,https://www.zimbokitchen.com/delicious-porridge-remapfunde-sorghum/,
245,Mild Curry Egg Fried Rice,Zimbabwe,4 – 5 servings,https://www.zimbokitchen.com/mild-curry-egg-fried-rice/,
246,Delish Roasted Potatoes,Zimbabwe,4 – 5,https://www.zimbokitchen.com/delish-roasted-potatoes/,
247,Delicious Whole Wheat Mhunga Bread,Zimbabwe,Makes a 900 g loaf,https://www.zimbokitchen.com/delicious-whole-wheat-mhunga-bread/,
248,Tasty Curried Rice,Zimbabwe,4 – 5 servings,https://www.zimbokitchen.com/tasty-curried-rice/,
249,How to Cook Mupunga (Traditional Brown Rice),Zimbabwe,4 – 5 servings,https://www.zimbokitchen.com/how-to-cook-mupunga-traditional-brown-rice/,
250,Mutakunanzva Kariba Bream Fish Stew,Zimbabwe,4 servings,https://www.zimbokitchen.com/mutakunanzva-kariba-bream-fish-stew/,
251,Zviyo and Custard Rock Buns,Zimbabwe,Makes 20,https://www.zimbokitchen.com/zviyo-and-custard-rock-buns/,
252,Sticky BBQ T-Bone Steak,Zimbabwe,8 servings,https://www.zimbokitchen.com/sticky-bbq-t-bone-steak/,
253,Delicious Mupunga (Brown Rice) Sadza,Zimbabwe,4 – 5 servings,https://www.zimbokitchen.com/delicious-mupunga-brown-rice-sadza/,
254,Simply Delicious Baked Pork Fillet,Zimbabwe,4 – 5 servings,https://www.zimbokitchen.com/simply-delicious-baked-pork-fillet/,
255,Roasted Portuguese Chicken Masala Thighs,Zimbabwe,4 – 5 servings,https://www.zimbokitchen.com/roasted-portuguese-chicken-masala-thighs/,
256,Sadza reMhunga & BBQ Beef Short Ribs,Zimbabwe,4 servings,https://www.zimbokitchen.com/sadza-remhunga-bbq-beef-short-ribs/,
257,Delectable Lemon ‘n Herb Roasts,Zimbabwe,8,https://www.zimbokitchen.com/delectable-lemon-n-herb-roasts/,
258,Delicious Oyster Mushroom Stew,Zimbabwe,4 servings,https://www.zimbokitchen.com/delicious-oyster-mushroom-stew/,
259,Mufushwa weMunyemba unedovi,Zimbabwe,4 servings,https://www.zimbokitchen.com/mufushwa-wemunyemba-unedovi/,
260,Delicious Fish Curry,Zimbabwe,5 servings,https://www.zimbokitchen.com/delicious-fish-curry/,
261,Sticky BBQ Rack of Ribs,Zimbabwe,4 servings,https://www.zimbokitchen.com/sticky-bbq-rack-of-ribs/,
262,Lemon Poppy Seed Loaf,Zimbabwe,8 servings,https://www.zimbokitchen.com/lemon-poppy-seed-loaf/,
263,Beef Kidneys,Zambia,6 servings,https://www.lubzonline.com/beef-kidneys/,
264,Beef Offal,Zambia,5 servings,https://www.lubzonline.com/beef-offals-a-k-a-entrails/,
265,Beef Trotters,Zambia,6 servings,https://www.lubzonline.com/beef-trotters/,
266,Bondwe with Okra,Zambia,6 servings,https://www.lubzonline.com/bondwe-with-okra/,
267,Bondwe,Zambia,4 servings,https://www.lubzonline.com/bondwe/,
268,Fried Kapenta,Zambia,4 servings,https://www.lubzonline.com/fried-kapenta/,
269,Impwa (Garden Eggs),Zambia,4 servings,https://www.lubzonline.com/impwa-garden-eggs/,
270,Kabulangeti Beans,Zambia,,https://www.lubzonline.com/kabulangeti-beans/,
271,Kalembula (Sweet Potato leaves),Zambia,5 servings,https://www.lubzonline.com/kalembula/,
272,Lumanda with pounded Groundnuts,Zambia,6 servings,https://www.lubzonline.com/lumanda-with-pounded-groundnuts/,
273,Lusaka Bean Curry,Zambia,8 servings,https://www.lubzonline.com/lusaka-bean-curry/,
274,Nshima,Zambia,4 servings,https://www.lubzonline.com/nshima/,
276,Samp in Groundnut sauce,Zambia,6 servings,https://www.lubzonline.com/samp-in-groundnut-sauce/,
277,Sweet Potatoes in Groundnut Sauce,Zambia,6 servings,https://www.lubzonline.com/sweet-potatoes-in-groundnut-sauce/,
278,Wild Mushroom : Tente,Zambia,6 servings,https://www.lubzonline.com/wild-mushroom-tente/,
279,CAPE MALAY PICKLED FISH,,12,https://www.allrecipes.com/recipe/104444/cape-malay-pickled-fish/,
280,LAMB TAGINE,,4,https://www.allrecipes.com/recipe/105044/lamb-tagine/,
281,MOROCCAN COUSCOUS,,8,https://www.allrecipes.com/recipe/105045/moroccan-couscous/,
282,MOROCCAN LENTIL SOUP,,6,https://www.allrecipes.com/recipe/12960/moroccan-lentil-soup/,
284,AFRICAN-STYLE OXTAIL STEW,,6,https://www.allrecipes.com/recipe/137967/african-style-oxtail-stew/,
285,MARRAKESH VEGETABLE CURRY,,6,https://www.allrecipes.com/recipe/13988/marrakesh-vegetable-curry/,
287,ETHIOPIAN CABBAGE DISH,,5,https://www.allrecipes.com/recipe/152937/ethiopian-cabbage-dish/,
288,BEST BOBOTIE,,8,https://www.allrecipes.com/recipe/157881/best-bobotie/,
290,EGYPTIAN KOSHARY,,8,https://www.allrecipes.com/recipe/173422/egyptian-koshary/,
291,MOROCCAN CHICKEN,,4,https://www.allrecipes.com/recipe/18182/moroccan-chicken/,
292,OM ALI,,8,https://www.allrecipes.com/recipe/19898/om-ali/,
293,BEGHRIR (MOROCCAN PANCAKES),,6,https://www.allrecipes.com/recipe/206740/beghrir-moroccan-pancakes/,
294,MOROCCAN SHABBAT FISH,,6,https://www.allrecipes.com/recipe/213243/moroccan-shabbat-fish/,
296,SOUTH AFRICAN BROWN PUDDING,,16,https://www.allrecipes.com/recipe/214766/south-african-brown-pudding/,
297,MAKE-AHEAD VEGETARIAN MOROCCAN STEW,,8,https://www.allrecipes.com/recipe/217109/make-ahead-vegetarian-moroccan-stew/,
298,MOROCCAN CHICKPEA STEW,,4,https://www.allrecipes.com/recipe/217947/moroccan-chickpea-stew/,
300,EGYPTIAN LENTIL SOUP,,4,https://www.allrecipes.com/recipe/222661/egyptian-lentil-soup/,
301,AFRICAN CABBAGE STEW,,12,https://www.allrecipes.com/recipe/228662/african-cabbage-stew/,
302,COUSCOUS WITH OLIVES AND SUN-DRIED TOMATO,,4,https://www.allrecipes.com/recipe/232210/couscous-with-olives-and-sun-dried-tomato/,
303,TRADITIONAL BABA GHANOUSH,,4,https://www.allrecipes.com/recipe/236310/traditional-baba-ghanoush/,
304,BERBERE (ETHIOPIAN SPICE),,24,https://www.allrecipes.com/recipe/236741/berbere-ethiopian-spice/,
305,AFRICAN SWEET POTATO STEW,,10,https://www.allrecipes.com/recipe/245682/african-sweet-potato-stew/,
306,SOUTH AFRICAN TRADITIONAL VETKOEK (FRIED BREAD),,12,https://www.allrecipes.com/recipe/245683/south-african-traditional-vetkoek-fried-bread/,
307,SABAAYAD (SOMALI FLATBREAD),,10,https://www.allrecipes.com/recipe/246109/sabaayad-somali-flatbread/,
308,DORO WAT: ETHIOPIAN CHICKEN DISH,,4,https://www.allrecipes.com/recipe/246340/doro-wat-ethiopian-chicken-dish/,
309,TA'AMEYA (EGYPTIAN FALAFEL),,10,https://www.allrecipes.com/recipe/254743/taameya-egyptian-falafel/,
310,THE PERFECT EGYPTIAN RICE WITH VERMICELLI,,3,https://www.allrecipes.com/recipe/255137/the-perfect-egyptian-rice-with-vermicelli/,
311,NIGERIAN SUYA,,4,https://www.allrecipes.com/recipe/255142/nigerian-suya/,
312,BERBERE SPICE BLEND,,48,https://www.allrecipes.com/recipe/255863/berbere-spice-blend/,
313,GINGER MALVA PUDDING,,8,https://www.allrecipes.com/recipe/256679/ginger-malva-pudding/,
314,ALGERIAN COUSCOUS,,10,https://www.allrecipes.com/recipe/256729/algerian-couscous/,
315,NIGERIAN JOLLOF RICE WITH CHICKEN AND FRIED PLANTAINS,,8,https://www.allrecipes.com/recipe/259978/nigerian-jollof-rice-with-chicken-and-fried-plantains/,
316,CHAPATI (EAST AFRICAN BREAD),,6,https://www.allrecipes.com/recipe/262203/chapati-east-african-bread/,
317,MANDAZI (AFRICAN DONUTS),,18,https://www.allrecipes.com/recipe/262205/mandazi-african-donuts/,
318,VEGAN CHICKPEA CURRY WITHOUT COCONUT MILK,,4,https://www.allrecipes.com/recipe/263337/vegan-chickpea-curry-without-coconut-milk/,
319,INJERA (ETHIOPIAN TEFF BREAD),,2,https://www.allrecipes.com/recipe/264651/injera-ethiopian-teff-bread/,
320,HARISSA POWDER,,16,https://www.allrecipes.com/recipe/276693/harissa-powder/,
321,MOROCCAN-SPICED PORK ROAST,,12,https://www.allrecipes.com/recipe/277576/moroccan-spiced-pork-roast/,
322,MOROCCAN BEEF AND LENTIL STEW,,6,https://www.allrecipes.com/recipe/278891/moroccan-beef-and-lentil-stew/,
323,HARISSA PASTE,,4,https://www.allrecipes.com/recipe/279059/harissa-paste/,
324,AFRICAN CURRY,,4,https://www.allrecipes.com/recipe/47439/african-curry/,
325,SAMBUSA,,24,https://www.allrecipes.com/recipe/53603/sambusa/,
326,AFRICAN SWEET POTATO AND PEANUT SOUP,,6,https://www.allrecipes.com/recipe/55207/african-sweet-potato-and-peanut-soup/,
327,SOUTH AFRICAN MALVAPOEDING (MARSHMALLOW PUDDING),,10,https://www.allrecipes.com/recipe/58465/south-african-malvapoeding-marshmallow-pudding/,
328,FUFU,,10,https://www.allrecipes.com/recipe/60516/fufu/,
329,TOMATO BREDIE,,6,https://www.allrecipes.com/recipe/68735/tomato-bredie/,
330,HOMEMADE PERI PERI CHICKEN,,4,https://www.allrecipes.com/recipe/72064/peri-peri-african-chicken/,
331,UMM ALI,,8,https://www.allrecipes.com/recipe/73059/umm-ali/,
333,SOUTH AFRICAN MELKTERT (MILK TART),,8,https://www.allrecipes.com/recipe/80160/south-african-melktert-milk-tart/,
334,SWEET AND NUTTY MOROCCAN COUSCOUS,,6,https://www.allrecipes.com/recipe/81551/sweet-and-nutty-moroccan-couscous/,
335,MIDDLE EASTERN WHITE BEANS,,6,https://www.allrecipes.com/recipe/82184/middle-eastern-white-beans/,
336,MOROCCAN HARIRA SOUP,,6,https://www.allrecipes.com/recipe/8479335/moroccan-harira-soup/,
338,ACCRA BANANA,,4,https://www.africanbites.com/accra-banana/,
339,ACCRA CASSAVA (KOUTI OR CASSAVA FRITTERS),,12,https://www.africanbites.com/accra-cassavakouti-cassava-fritters/,
340,ACHU SOUP,,6,https://www.africanbites.com/achu-soupyellow-soup-achu/,
341,AEBLESKIVER DANISH PANCAKES,,10,https://www.africanbites.com/aebleskiver-danish-pancakes/,
342,AFANG SOUP,,6,https://www.africanbites.com/afang-soupspinach-and-okazi-leaves/,
344,AFRICAN DOUGHNUT (DROP DOUGHNUT),,10,https://www.africanbites.com/african-doughnut-drop-doughnut/,
345,NIGERIAN SCOTCH EGGS,,6,https://www.africanbites.com/african-egg-rollafrican-scotch-eggs/,
346,AFRICAN FISH ROLLS (FISH PIES),,25,https://www.africanbites.com/african-fish-rollfish-pie/,
347,AFRICAN FRIED CHICKEN AND PLANTAIN FRIES,,8,https://www.africanbites.com/african-fried-chicken-plantain-fries/,
348,AFRICAN GRILL CHICKEN (KATI KATI),,7,https://www.africanbites.com/african-grill-chickenkati-kati/,
349,AFRICAN MEAT PIES (BEEF EMPANADA),,12,https://www.africanbites.com/african-meat-pie-beef-empanada/,
350,AFRICAN PEANUT STEW,,5,https://www.africanbites.com/african-peanut-stew/,
351,AFRICAN PEPPER SAUCE,,10,https://www.africanbites.com/african-pepper-sauce/,
352,AFRICAN CHICKEN PEPPER SOUP,,6,https://www.africanbites.com/african-pepper-soupchicken/,
353,AFRICAN RICE AND BEANS,,6,https://www.africanbites.com/african-rice-and-beanswaakye/,
354,AFRICAN SPICY OXTAIL STEW,,6,https://www.africanbites.com/african-spicy-oxtail-stew/,
355,AFRICAN YAM SOUP STEW,,4,https://www.africanbites.com/african-yam-soup-stew/,
356,AIR FRYER CHIN CHIN,,6,https://www.africanbites.com/air-fryer-chin-chin/,
357,ASHANTI CHICKEN (WHOLE DEBONED CHICKEN STUFFED WITH JOLLOF RICE),,8,https://www.africanbites.com/ashanti-chicken-whole-deboned-chicken-rice/,
358,ASUN (SPICY ROAST GOAT),,6,https://www.africanbites.com/asun-spicy-roast-goat/,
359,BAKED YUCA FRIES,,6,https://www.africanbites.com/baked-crispy-cassava-friesyuca-fries/,
360,BAKED PLANTAIN FRITTATA,,6,https://www.africanbites.com/baked-plantain-frittatabaked-plantain-and-eggs/,
361,PLANTAIN BREAD (PLANTAIN CAKE),,10,https://www.africanbites.com/banana-breadcake/,
362,BANANA MANGO MUFFIN,,12,https://www.africanbites.com/banana-mango-muffin/,
363,BANANA PUFF PUFF,,6,https://www.africanbites.com/banana-puff-puff/,
364,AFRICAN BEEF STEW,,5,https://www.africanbites.com/beef-stewafrican-style/,
365,BERBERE SPICE,,20,https://www.africanbites.com/berbere-spice/,
367,BITTER LEAF SOUP,,4,https://www.africanbites.com/bitter-leaf-soup/,
368,AFRICAN BLACK BEANS STEW,,6,https://www.africanbites.com/black-beans-stew/,
369,BLACK-EYED PEA SOUP,,12,https://www.africanbites.com/black-eyed-pea-soup/,
370,BLACK-EYED PEAS AND COLLARD GREENS,,4,https://www.africanbites.com/black-eyed-peas-and-collard-greens/,
371,BLACK-EYED PEAS FRITTERS(AKARA),,3,https://www.africanbites.com/black-eyed-peas-frittersakaraacarajeakla/,
372,SOUTHERN BLACK-EYED PEAS RECIPE,,6,https://www.africanbites.com/black-eyed-peas-recipe/,
373,BOBOTIE,,6,https://www.africanbites.com/bobotie/,
374,BRAAIBROODJIE (SOUTH AFRICAN GRILLED CHEESE SANDWICH),,4,https://www.africanbites.com/braaibroodjie-south-african-grilled-cheese-sandwich/,
375,"BRAISED THYME , GARLIC , MUSTARD CHICKEN",,6,https://www.africanbites.com/braised-chicken-garlic-thyme/,
376,BUNNY CHOW SOUTH AFRICA,,4,https://www.africanbites.com/bunny-chow/,
377,CABBAGE EGUSI SOUP,,6,https://www.africanbites.com/cabbage-egusi-soup/,
378,BANANA FRITTERS,,8,https://www.africanbites.com/caribbean-banana-fritters/,
379,CASSAVA FUFU/WATER FUFU,,4,https://www.africanbites.com/cassava-fufu-water-fufu/,
380,CASSAVA LEAF SOUP,,5,https://www.africanbites.com/cassava-leaf-soup/,
381,CASSAVA PONE,,8,https://www.africanbites.com/cassava-pone/,
382,CHAKALAKA,,4,https://www.africanbites.com/chakalaka/,
383,CHICKEN FRICASSEE,,6,https://www.africanbites.com/chicken-fricassee/,
384,JOLLOF RICE AND CHICKEN,,6,https://www.africanbites.com/chicken-jollof-rice/,
385,SAMOSA RECIPE,,8,https://www.africanbites.com/chicken-samosas/,
386,CHICKEN STEW (AFRICAN-STYLE),,6,https://www.africanbites.com/chicken-stew-african-style/,
387,CHICKEN TAGINE,,6,https://www.africanbites.com/chicken-tagine/,
388,CHICKEN WINGS SHAWARMA,,6,https://www.africanbites.com/chicken-wing-shawarma/,
389,CHICKPEA CURRY,,6,https://www.africanbites.com/chickpea-curry/,
390,NIGERIAN CHIN CHIN,,10,https://www.africanbites.com/chin-chin/,
391,CHITTERLINGS (CHITLINS),,8,https://www.africanbites.com/chitterlings/,
392,COCONUT BREAD,,8,https://www.africanbites.com/coconut-bread/,
393,COCONUT JELLOF RICE,,9,https://www.africanbites.com/coconut-jollof-rice/,
394,COCONUT PUFF PUFF (DEEP-FRIED COCONUT DOUGH),,25,https://www.africanbites.com/coconut-puff-puff-deep-fried-coconut-dough/,
395,CONDENSED MILK CAKE,,12,https://www.africanbites.com/condensed-milk-cake-2/,
396,CORNCHAFF/ADALU,,6,https://www.africanbites.com/cornchaffadalu/,
397,COW FOOT SOUP,,4,https://www.africanbites.com/cow-foot-soup/,
398,CRUNCHIES,,15,https://www.africanbites.com/crunchies/,
399,CURRIED GOAT STEW,,6,https://www.africanbites.com/curried-goat-stew/,
400,CURRY FISH,,6,https://www.africanbites.com/curry-fish/,
401,DORO WAT ETHIOPIAN CHICKEN STEW,,8,https://www.africanbites.com/doro-wat-ethiopian-chicken-stew/,
402,CHAPATI RECIPE,,8,https://www.africanbites.com/east-african-chapati/,
403,EASY MANDAZI WITHOUT YEAST,,8,https://www.africanbites.com/easy-mandazi/,
404,EGUSI PUDDING,,5,https://www.africanbites.com/egusi-pudding/,
406,EGUSI SOUP WITH LUMPS,,8,https://www.africanbites.com/egusi-soupwith-lumps/,
407,EKWANG ( EKPANG NKUKWO ),,4,https://www.africanbites.com/ekwang-ekpang-nkukwo/,
408,ERU SOUP (SPINACH OR OKAZI LEAVES),,8,https://www.africanbites.com/eru-soupspinachokazi-leaves/,
409,ETHIOPIAN CABBAGE,,6,https://www.africanbites.com/ethiopian-cabbage/,
410,YE'ABESHA GOMEN (ETHIOPIAN COLLARD GREENS),,4,https://www.africanbites.com/ethiopian-collard-greens/,
411,ETHIOPIAN LENTIL STEW,,4,https://www.africanbites.com/ethiopian-lentil-stew/,
412,ETHIOPIAN SPICED BUTTER,,24,https://www.africanbites.com/ethiopian-spiced-butter-niter-kibbeh/,
413,ETHIOPIAN YATAKLETE KILKIL,,4,https://www.africanbites.com/ethiopian-yataklete-kilkil/,
414,FISH IN BANANA LEAF (LIBOKE DE POISSON),,3,https://www.africanbites.com/fish-banana-leaf-liboke-de-poisson/,
415,FISH PEPPER SOUP,,6,https://www.africanbites.com/fish-pepper-soup/,
416,FISH PIE,,6,https://www.africanbites.com/fish-pie/,
417,HOMEMADE FLATBREAD,,8,https://www.africanbites.com/flatbread/,
418,FRIED BANANA RECIPE,,3,https://www.africanbites.com/fried-banana-recipe/,
419,FRIED SWEET PLANTAINS,,4,https://www.africanbites.com/fried-plantains/,
420,FUFU RECIPE,,4,https://www.africanbites.com/fufu-recipe/,
421,GHANA JOLLOF RICE,,8,https://www.africanbites.com/ghana-jollof-rice/,
422,GITHERI (CORN AND BEANS),,6,https://www.africanbites.com/githeri/,
423,GOAT PEPPER SOUP,,4,https://www.africanbites.com/goat-pepper-soup/,
424,GREEN SEASONING,,16,https://www.africanbites.com/green-seasoningsauce/,
425,GRILL PINEAPPLE BLACK BEAN SALSA,,3,https://www.africanbites.com/grill-pineapple-black-bean-salsa/,
426,GRILL TILAPIA (AFRICAN STYLE),,5,https://www.africanbites.com/grill-tilapiaafrican-style/,
427,GRILLED OKRA WITH DIPPING SAUCE,,4,https://www.africanbites.com/grilled-okra/,
428,GRILLED PLANTAINS,,4,https://www.africanbites.com/grilled-plantains/,
429,CANDIED NUTS (GROUNDNUT SWEET OR SUGAR PEANUTS),,4,https://www.africanbites.com/groundnut-sweet-sugar-peanuts-aka-candied-nuts/,
430,GROUNDNUT SOUP RECIPE,,8,https://www.africanbites.com/groundnutpeanut-soup/,
431,"HOMEMADE AKAMU (PAP, OGI, CORN PORRIDGE)",,2,https://www.africanbites.com/homemade-akamupap-ogi-corn-porridge/,
432,HOPPIN JOHN,,8,https://www.africanbites.com/hopping-john/,
433,INJERA,,18,https://www.africanbites.com/injera/,
434,IRIO (MASHED SWEET POTATO RECIPE WITH PEAS AND CORN),,3,https://www.africanbites.com/irio/,
435,JELLOF RICE,,4,https://www.africanbites.com/jellof-rice/,
436,OVEN-BAKED JOLLOF RICE,,12,https://www.africanbites.com/jellof-riceoven-baked/,
437,KACHUMBARI,,6,https://www.africanbites.com/kachumbari/,
438,KASHATA,,12,https://www.africanbites.com/kashata/,
439,KEDJENOU CHICKEN,,4,https://www.africanbites.com/kedjenou-chicken/,
440,KELEWELE,,4,https://www.africanbites.com/kelewele-or-alocospicy-fried-plantains/,
441,KOKI BEANS,,6,https://www.africanbites.com/koki-beans/,
442,KONDRES,,6,https://www.africanbites.com/kondres-spicy-stewed-plantains/,
443,KWACOCO BIBLE,,4,https://www.africanbites.com/kwacoco-bible/,
444,LEMON PEPPER CHICKEN,,6,https://www.africanbites.com/lemon-garlic-chickenyassa-chicken/,
445,LENTIL SOUP RECIPE,,8,https://www.africanbites.com/lentil-soup/,
446,LIBERIAN CHICKEN GRAVY,,6,https://www.africanbites.com/liberian-chicken-gravy/,
447,MAAFE WEST AFRICAN PEANUT SOUP,,5,https://www.africanbites.com/maafe-west-african-peanut-soup/,
448,MALVA PUDDING,,6,https://www.africanbites.com/malva-pudding/,
449,MANDAZI (EAST AFRICAN DOUGHNUTS),,12,https://www.africanbites.com/mandazi-east-african-doughnuts/,
450,MANGO LEMONADE RECIPE,,4,https://www.africanbites.com/mango-lemonade/,
451,MARINATED GRILLED SHRIMP,,6,https://www.africanbites.com/marinated-grill-shrimp/,
452,MASHED SWEET POTATOES WITH AVOCADO,,4,https://www.africanbites.com/mashed-sweet-potatoes-with-avocado/,
453,PALM NUT SOUP (BANGA),,6,https://www.africanbites.com/mbangapalmnut-soup/,
454,MBONGO TCHOBI (SPICY BLACK STEW),,6,https://www.africanbites.com/mbongo-tchobi-african-spicy-black-stew/,
455,MPUH FISH,,4,https://www.africanbites.com/mbuh-fish/,
456,MEALIE CORN BREAD,,4,https://www.africanbites.com/mealie-bread-south-african-corn-bread/,
457,MILK TART,,7,https://www.africanbites.com/milk-tart/,
458,GROUND BEEF CURRY,,6,https://www.africanbites.com/minced-curry/,
459,MOI MOI RECIPE,,6,https://www.africanbites.com/moin-moin/,
460,GRILLED PERI PERI CHICKEN,,8,https://www.africanbites.com/mozambique-peri-peri-grill-chicken/,
461,MUAMBA CHICKEN (MUAMBA DE GALINHA),,5,https://www.africanbites.com/muamba-chickenmuamba-de-galinha/,
462,MUSHROOM RICE,,6,https://www.africanbites.com/mushroom-rice/,
463,NDOLE ( SPINACH/ BITTERLEAVES AND PEANUT SOUP),,5,https://www.africanbites.com/ndole/,
464,NIGERIAN BUNS,,20,https://www.africanbites.com/nigerian-buns/,
465,NIGERIAN FRIED RICE RECIPE,,6,https://www.africanbites.com/nigerian-fried-rice-2/,
466,NIGERIAN JOLLOF RICE,,6,https://www.africanbites.com/nigerian-jollof-rice/,
467,NJAMA NJAMA AND FUFU,,4,https://www.africanbites.com/njama-njama-and-fufu/,
468,NO YEAST PUFF PUFF,,8,https://www.africanbites.com/no-yeast-puff-puff/,
469,OGBONO SOUP,,4,https://www.africanbites.com/ogbono-soup-pounded-yam/,
470,OKRA AND TOMATOES,,6,https://www.africanbites.com/okra-and-tomatoes/,
471,OKRA SOUP,,6,https://www.africanbites.com/okra-soup/,
472,OKRA STEW,,4,https://www.africanbites.com/okra-stew/,
473,PAMPOENKOEKIES RECIPE,,13,https://www.africanbites.com/pampoenkoekies/,
474,AFRICAN PANCAKES,,8,https://www.africanbites.com/pancakes-african-style/,
475,PAPRIKA CHICKEN LEGS,,7,https://www.africanbites.com/paprika-garlic-chicken/,
476,PEPPERPOT,,6,https://www.africanbites.com/pepperpot/,
477,PERI PERI MARINATED CHICKEN SKEWERS,,5,https://www.africanbites.com/peri-peri-marinated-chicken-skewers/,
478,BAKED PINEAPPLE CHICKEN,,6,https://www.africanbites.com/pineapple-chicken/,
479,PINEAPPLE GINGER-GLAZED CARROTS,,3,https://www.africanbites.com/pineapple-ginger-glazed-carrots/,
480,PINEAPPLE GINGER JUICE,,8,https://www.africanbites.com/pineapple-ginger-juicewest-african/,
481,HOW TO MAKE PERI-PERI SAUCE (PIRI-PIRI),,16,https://www.africanbites.com/piri-piri-sauce/,
482,PLANTAIN CHIPS WITH MANGO SALSA,,4,https://www.africanbites.com/plantain-chips/,
483,PLANTAIN FLOUR,,4,https://www.africanbites.com/plantain-flour/,
484,PLANTAIN FRITTERS (KLAKO),,8,https://www.africanbites.com/plantain-frittersklako/,
485,PLANTAIN PANCAKE,,6,https://www.africanbites.com/plantain-pancake/,
486,JAMAICAN PLANTAIN PORRIDGE,,4,https://www.africanbites.com/plantain-porridge/,
487,PORRIDGE YAMS(SESE YAMS),,6,https://www.africanbites.com/porridge-yamssese-yams/,
488,POULET DG,,8,https://www.africanbites.com/poulet-d-g/,
489,POUNDED YAM,,5,https://www.africanbites.com/pounded-yam/,
490,PUFF PUFF (DEEP-FRIED DOUGH),,10,https://www.africanbites.com/puff-puff/,
491,PUMPKIN LEAF (UGU) SOUP,,6,https://www.africanbites.com/pumpkin-leavesugu-soup/,
492,RED RED (AFRICAN STEWED BLACK-EYED PEAS),,12,https://www.africanbites.com/red-redafrican-stewed-black-eyed-peas/,
493,SAMOSAS (VEGAN),,12,https://www.africanbites.com/samosas/,
494,COCONUT RICE,,6,https://www.africanbites.com/savory-coconut-rice/,
495,SESE PLANTAINS (TURNING PLANTAINS),,6,https://www.africanbites.com/sese-plantains-turning-plantains/,
496,SHUKU SHUKU (COCONUT BALLS),,15,https://www.africanbites.com/shuku-shukucoconut-balls/,
497,SLOW-COOKER BLACK-EYED PEAS,,8,https://www.africanbites.com/slow-cooker-black-eyed-peas/,
498,SLOW COOKER OXTAIL SOUP,,6,https://www.africanbites.com/slow-cooker-oxtail-soup/,
499,SOFT MINI MANDAZI,,6,https://www.africanbites.com/soft-mini-mandazi/,
500,SORREL JUICE,,8,https://www.africanbites.com/sorrel-juice/,
501,YELLOW RICE,,4,https://www.africanbites.com/south-african-yellow-rice/,
502,BROWN SPINACH RICE (CHECK RICE),,4,https://www.africanbites.com/spinach-rice-check-rice/,
503,AFRICAN STEWED SPINACH,,6,https://www.africanbites.com/stewed-spinachafrican-style/,
504,STUFFED BAKED PLANTAINS,,3,https://www.africanbites.com/stuffed-baked-plantains/,
505,SUKUMA WIKI,,4,https://www.africanbites.com/sukuma-wiki/,
506,TATALE (AFRICAN PLANTAIN PANCAKES),,4,https://www.africanbites.com/tatale-african-plantain-pancakes/,
507,THIEBOUDIENNE/CEEBU JEN (POISSON AU RIZ),,8,https://www.africanbites.com/thieboudienne-ceebu-jen-poisson-au-riz/,
508,TRADITIONAL KOEKSISTERS,,14,https://www.africanbites.com/traditional-koeksisters/,
509,UGALI (CORN FUFU),,4,https://www.africanbites.com/ugali-corn-fufu/,
510,VEGETABLE BEEF SOUP,,4,https://www.africanbites.com/vegetable-beef-soup/,
511,VETKOEK,,8,https://www.africanbites.com/vetkoek/,
512,VITUMBUA (COCONUT RICE PANCAKES),,12,https://www.africanbites.com/vitumbarice-pancakes/,
513,WHOLE BAKED SEA BASS,,4,https://www.africanbites.com/whole-baked-seabass/,
514,WHOLE WHEAT ACCRA BANANAS,,8,https://www.africanbites.com/whole-wheat-accra-bananasdeep-fried-bananas-fritters/,
515,YASSA CHICKEN (POULET AU YASSA),,6,https://www.africanbites.com/yassa-chickenpoulet-au-yassa/,
516,YASSA FISH,,4,https://www.africanbites.com/yassa-fish/,
517,10-MINUTE COUSCOUS SALAD,,2,https://www.food.com/recipe/10-minute-couscous-salad-421355,
518,25-MINUTE TUNISIAN VEGETABLE COUSCOUS,,6,https://www.food.com/recipe/25-minute-tunisian-vegetable-couscous-502982,
519,3 LAYERED TUNISIAN TAGINE,,4,https://www.food.com/recipe/3-layered-tunisian-tagine-464692,
520,A SIMPLE HARISSA,,1,https://www.food.com/recipe/a-simple-harissa-424892,
521,A TASTE OF AFRICA - KENYAN CHICKEN CURRY,,6,https://www.food.com/recipe/a-taste-of-africa-kenyan-chicken-curry-367586,
522,A VERY SPECIAL MOROCCAN LAMB STEW,,8,https://www.food.com/recipe/a-very-special-moroccan-lamb-stew-502957,
523,ADD A LITTLE INTEREST WITH PERSIAN COUSCOUS,,3,https://www.food.com/recipe/add-a-little-interest-with-persian-couscous-353023,
524,AFRICAN ADOBO-RUBBED TUNA STEAKS,,4,https://www.food.com/recipe/african-adobo-rubbed-tuna-steaks-456085,
526,AFRICAN BANANA PEANUT CAKE,,8,https://www.food.com/recipe/african-banana-peanut-cake-457019,
527,AFRICAN BEANS WITH COLLARDS,,4,https://www.food.com/recipe/african-beans-with-collards-519094,
528,AFRICAN BREEZE,,1,https://www.food.com/recipe/african-breeze-457151,
530,AFRICAN CHICKEN CURRY,,6,https://www.food.com/recipe/african-chicken-curry-50400,
531,AFRICAN CHICKEN STEW,,4,https://www.food.com/recipe/african-chicken-stew-428359,
532,AFRICAN CHICKEN WINGS,,60,https://www.food.com/recipe/african-chicken-wings-455193,
533,AFRICAN COCONUT CLUSTERS,,15,https://www.food.com/recipe/african-coconut-clusters-456764,
534,AFRICAN COFFEE COOLER,,1,https://www.food.com/recipe/african-coffee-cooler-456087,
535,AFRICAN CURRY POWDER,,1,https://www.food.com/recipe/african-curry-powder-457168,
536,AFRICAN FRUIT SALAD,,1,https://www.food.com/recipe/african-fruit-salad-455976,
537,AFRICAN LULLABY COCKTAIL,,1,https://www.food.com/recipe/african-lullaby-cocktail-309952,
538,AFRICAN MINT CHUTNEY,,8,https://www.food.com/recipe/african-mint-chutney-454994,
539,AFRICAN ORANGE SPICE SALAD,,4,https://www.food.com/recipe/african-orange-spice-salad-455529,
540,AFRICAN PEANUT SOUP,,12,https://www.food.com/recipe/african-peanut-soup-312148,
541,AROMATIC AFRICAN RED BEANS,,8,https://www.food.com/recipe/african-red-beans-456933,
542,AFRICAN RED BEANS,,6,https://www.food.com/recipe/african-red-beans-457028,
543,AFRICAN RICE BALLS,,4,https://www.food.com/recipe/african-rice-balls-456094,
544,AFRICAN SAUCY CHICKEN,,8,https://www.food.com/recipe/african-saucy-chicken-457143,
545,AFRICAN SPINACH,,4,https://www.food.com/recipe/african-spinach-309722,
546,"AFRICAN SPINACH AND GROUNDNUT STEW (AKA PEANUT, KENYA/TANZANIA)",,6,https://www.food.com/recipe/african-spinach-and-groundnut-stew-aka-peanut-kenya-tanzania-375912,
547,AFRICAN SPINACH AND PEANUT BUTTER STEW,,4,https://www.food.com/recipe/african-spinach-and-peanut-butter-stew-348276,
548,AFRICAN STYLE GRILLED PEANUT BUTTER CHICKEN,,6,https://www.food.com/recipe/african-style-grilled-peanut-butter-chicken-456733,
549,AFRICAN-STYLE SHISH KEBAB,,6,https://www.food.com/recipe/african-style-shish-kebab-504294,
550,AFRICAN SWEET POTATO PEANUT STEW,,2,https://www.food.com/recipe/african-sweet-potato-peanut-stew-528072,
551,AFRICAN SWEET POTATO PUDDING,,8,https://www.food.com/recipe/african-sweet-potato-pudding-457063,
552,AFRICAN TOMATO SAUCE,,1,https://www.food.com/recipe/african-tomato-sauce-93298,
553,AFRICAN TROPICAL FRUIT SALAD,,8,https://www.food.com/recipe/african-tropical-fruit-salad-455887,
554,AINSLEY'S SPICY CASABLANCA COUSCOUS,,1,https://www.food.com/recipe/ainsleys-spicy-casablanca-couscous-436201,
556,ALGERIAN VEGETABLE COUSCOUS,,6,https://www.food.com/recipe/algerian-vegetable-couscous-465251,
557,ALMOND BUTTER AND RAS-EL-HANOUT PASTA,,1,https://www.food.com/recipe/almond-butter-and-ras-el-hanout-pasta-417710,
558,ALOHA  ALBACORE TUNA SALAD,,5,https://www.food.com/recipe/aloha-albacore-tuna-salad-335370,
559,ALOHA CHEESECAKE,,10,https://www.food.com/recipe/aloha-cheesecake-6787,
560,ALOHA CHICKEN WINGS,,12,https://www.food.com/recipe/aloha-chicken-wings-77820,
561,ALOHA DIP,,2,https://www.food.com/recipe/aloha-dip-36642,
562,ALOHA MEATBALLS,,40,https://www.food.com/recipe/aloha-meatballs-30909,
563,ALOHA PIZZA,,4,https://www.food.com/recipe/aloha-pizza-473530,
564,ALOHA! SWEET &AMP; SOUR BURGERS,,6,https://www.food.com/recipe/aloha-sweet-sour-burgers-502044,
565,ALOHA! SWEET &AMP; SOUR SAUCE,,1,https://www.food.com/recipe/aloha-sweet-sour-sauce-504527,
566,ALOHA WINGS,,4,https://www.food.com/recipe/aloha-wings-315166,
567,APPLE AND MINT COUSCOUS,,6,https://www.food.com/recipe/apple-and-mint-couscous-356825,
568,APRICOT COUSCOUS,,4,https://www.food.com/recipe/apricot-couscous-428496,
569,APRICOT-DIJON MUSTARD CHICKEN WITH COUSCOUS,,6,https://www.food.com/recipe/apricot-dijon-mustard-chicken-with-couscous-327743,
570,APRICOT GLAZED CHICKEN AND COUSCOUS,,2,https://www.food.com/recipe/apricot-glazed-chicken-and-couscous-67468,
571,ASIAN RATATOUILLE WITH COUSCOUS,,4,https://www.food.com/recipe/asian-ratatouille-with-couscous-409308,
572,BAGHRIR MOROCCAN YEAST PANCAKES,,12,https://www.food.com/recipe/baghrir-moroccan-yeast-pancakes-497716,
573,BAKED COUSCOUS PATTIES,,15,https://www.food.com/recipe/baked-couscous-patties-470243,
574,BAKED COUSCOUS WITH TOMATO AND PESTO,,4,https://www.food.com/recipe/baked-couscous-with-tomato-and-pesto-398307,
575,BALSAMIC-AGAVE TOFU WITH BEET INFUSED COUSCOUS,,2,https://www.food.com/recipe/balsamic-agave-tofu-with-beet-infused-couscous-447762,
576,BALSAMIC CHICKEN WITH GARLIC COUSCOUS,,4,https://www.food.com/recipe/balsamic-chicken-with-garlic-couscous-90485,
577,BANANA AKARA (AFRICAN BANANA FRITTERS),,12,https://www.food.com/recipe/banana-akara-african-banana-fritters-456059,
578,BASIC GHANAIAN GRAVY,,4,https://www.food.com/recipe/basic-ghanaian-gravy-307943,
579,BATATA HARRA WITH RAS EL HANOUT,,6,https://www.food.com/recipe/batata-harra-with-ras-el-hanout-494977,
580,BEEF CHAPATIS (AFRICAN VERSION OF TACOS),,4,https://www.food.com/recipe/beef-chapatis-african-version-of-tacos-456965,
581,BEEF KEFTA PATTIES WITH CUCUMBER SALAD,,4,https://www.food.com/recipe/beef-kefta-patties-with-cucumber-salad-480931,
582,BEEF TAGINE,,8,https://www.food.com/recipe/beef-tagine-531343,
583,BEEF WITH POTATO TAGINE,,3,https://www.food.com/recipe/beef-with-potato-tagine-361566,
584,BERBER TAGINE OMELETTE,,6,https://www.food.com/recipe/berber-tagine-omelette-367985,
585,BERBERE (ETHIOPIAN HOT PEPPER SEASONING),,1,https://www.food.com/recipe/berbere-ethiopian-hot-pepper-seasoning-91929,
586,BERBERE SPICE MIX,,3,https://www.food.com/recipe/berbere-spice-mix-532427,
587,BERBERE SPICE MIX (ETHIOPIAN),,1,https://www.food.com/recipe/berbere-spice-mix-ethiopian-454642,
588,BERBERE SPICED CHICKPEAS &AMP; SWEET POTATO,,8,https://www.food.com/recipe/berbere-spiced-chickpeas-sweet-potato-526262,
589,BLACK BEAN AND COUSCOUS SALAD,,8,https://www.food.com/recipe/black-bean-and-couscous-salad-61930,
590,BLACK PEPPER BASIL CHICKEN WITH CAULIFLOWER COUSCOUS (LOWER CARB,,4,https://www.food.com/recipe/black-pepper-basil-chicken-with-cauliflower-couscous-lower-carb-519138,
591,BLUEBERRY COUSCOUS SALAD,,4,https://www.food.com/recipe/blueberry-couscous-salad-461337,
594,BOBOTIE (SOUTH AFRICA),,6,https://www.food.com/recipe/bobotie-south-africa-309618,
595,BOBOTIE (SOUTH AFRICAN CURRIED MEAT CASSEROLE),,6,https://www.food.com/recipe/bobotie-south-african-curried-meat-casserole-456518,
596,BOBOTIE (SOUTH AFRICAN CURRY MEAT LOAF),,4,https://www.food.com/recipe/bobotie-south-african-curry-meat-loaf-513973,
597,BREAD POHA,,4,https://www.food.com/recipe/bread-poha-86183,
598,BUNNY CHOW,,15,https://www.food.com/recipe/bunny-chow-532742,
599,BUNNY CHOW - VEGAN,,4,https://www.food.com/recipe/bunny-chow-vegan-456544,
600,CAAKIRI (COUSCOUS PUDDING),,4,https://www.food.com/recipe/caakiri-couscous-pudding-457272,
601,CAMAR&OTILDE;ES PIRI-PIRI (ANGOLA),,4,https://www.food.com/recipe/camar-es-piri-piri-angola-466888,
602,CARAMELISED ONION AND COUSCOUS SEASONING,,5,https://www.food.com/recipe/caramelised-onion-and-couscous-seasoning-388428,
603,CARIBBEAN PEANUT SOUP,,4,https://www.food.com/recipe/caribbean-peanut-soup-368941,
604,CARNIVAL COUSCOUS,,4,https://www.food.com/recipe/carnival-couscous-344615,
605,CARROT AND CILANTRO COUSCOUS,,4,https://www.food.com/recipe/carrot-and-cilantro-couscous-416771,
606,CARROT AND RAISIN SALAD---MOROCCAN STYLE,,3,https://www.food.com/recipe/carrot-and-raisin-salad-moroccan-style-68917,
607,CARROT DATE WALNUT COUSCOUS,,1,https://www.food.com/recipe/carrot-date-walnut-couscous-361993,
608,CASBAH COUSCOUS SALAD,,1,https://www.food.com/recipe/casbah-couscous-salad-484617,
609,CAULIFLOWER COUSCOUS,,6,https://www.food.com/recipe/cauliflower-couscous-448977,
610,CAULIFLOWER TAGINE,,6,https://www.food.com/recipe/cauliflower-tagine-359602,
611,"CHAI, AFRICAN TEA",,8,https://www.food.com/recipe/chai-african-tea-456836,
612,CHAKALAKA (SOUTH AFRICAN VEGETABLE STIR-FRY),,4,https://www.food.com/recipe/chakalaka-south-african-vegetable-stir-fry-309581,
613,CHAPATIS (INDIAN OR KENYAN WHOLEWHEAT FLATBREAD),,8,https://www.food.com/recipe/chapatis-indian-or-kenyan-wholewheat-flatbread-356829,
614,CHERMOULA,,1,https://www.food.com/recipe/chermoula-348967,
615,CHERMOULA (MOROCCAN PESTO),,1,https://www.food.com/recipe/chermoula-moroccan-pesto-386308,
616,CHERMOULA ROASTED TOMATOES,,4,https://www.food.com/recipe/chermoula-roasted-tomatoes-382421,
617,CHICKEN AND COUSCOUS,,4,https://www.food.com/recipe/chicken-and-couscous-426499,
618,CHICKEN AND COUSCOUS WITH FENNEL AND ORANGE,,4,https://www.food.com/recipe/chicken-and-couscous-with-fennel-and-orange-475980,
619,CHICKEN AND VEGGIE COUSCOUS,,8,https://www.food.com/recipe/chicken-and-veggie-couscous-396855,
620,CHICKEN BAKED WITH ORANGE SPICED HARISSA SAUCE,,4,https://www.food.com/recipe/chicken-baked-with-orange-spiced-harissa-sauce-310253,
621,CHICKEN &AMP; BUTTERNUT SQUASH TAGINE,,4,https://www.food.com/recipe/chicken-butternut-squash-tagine-509243,
622,CHICKEN COUSCOUS ONE POT,,4,https://www.food.com/recipe/chicken-couscous-one-pot-375069,
623,"CHICKEN, DATE AND APRICOT TAGINE",,4,https://www.food.com/recipe/chicken-date-and-apricot-tagine-490360,
624,CHICKEN &AMP; PRESERVED LEMON TAGINE,,4,https://www.food.com/recipe/chicken-preserved-lemon-tagine-522155,
627,CHICKEN TAGINE WITH APRICOTS AND ALMONDS,,4,https://www.food.com/recipe/chicken-tagine-with-apricots-and-almonds-428523,
628,CHICKEN TAGINE WITH FENNEL AND OLIVES,,4,https://www.food.com/recipe/chicken-tagine-with-fennel-and-olives-428625,
629,"CHICKEN TAGINE WITH FIGS, OLIVES, AND PISTACHIOS",,4,https://www.food.com/recipe/chicken-tagine-with-figs-olives-and-pistachios-82635,
630,CHICKEN TAGINE WITH POTATOES AND PEAS (MOROCCO -- NORTH AFRICA),,6,https://www.food.com/recipe/chicken-tagine-with-potatoes-and-peas-morocco-north-africa-374278,
631,CHICKEN TAGINE WITH PRESERVED LEMON  AND POTATOES,,4,https://www.food.com/recipe/chicken-tagine-with-preserved-lemon-and-potatoes-423292,
632,CHICKEN &AMP; TOMATO TAGINE,,4,https://www.food.com/recipe/chicken-tomato-tagine-313622,
633,CHICKEN WITH COUSCOUS,,4,https://www.food.com/recipe/chicken-with-couscous-504284,
634,CHICKEN WITH DATES AND MOROCCAN SPICES,,6,https://www.food.com/recipe/chicken-with-dates-and-moroccan-spices-483812,
635,"CHICKPEA AND DATE TAGINE, VEGETARIAN",,8,https://www.food.com/recipe/chickpea-and-date-tagine-vegetarian-495095,
636,CHILI SHAKSHUKA,,4,https://www.food.com/recipe/chili-shakshuka-536552,
637,CHORIZO AND PRESERVED LEMON COUSCOUS,,4,https://www.food.com/recipe/chorizo-and-preserved-lemon-couscous-532389,
638,CINNAMON SCENTED COUSCOUS,,4,https://www.food.com/recipe/cinnamon-scented-couscous-396925,
639,CINNAMON-SPICED MOROCCAN CHICKEN,,4,https://www.food.com/recipe/cinnamon-spiced-moroccan-chicken-328245,
640,CLEAN EATING RAS EL HANOUT MOROCCAN SPICE MIX,,2,https://www.food.com/recipe/clean-eating-ras-el-hanout-moroccan-spice-mix-374781,
641,COCONUT COUSCOUS PUDDING,,4,https://www.food.com/recipe/coconut-couscous-pudding-409062,
642,COCONUT RICE (NIGERIAN STYLE),,4,https://www.food.com/recipe/coconut-rice-nigerian-style-387472,
643,COLLARDS MOROCCAN STYLE,,4,https://www.food.com/recipe/collards-moroccan-style-517372,
644,CONFETTI CORN COUSCOUS SALAD,,30,https://www.food.com/recipe/confetti-corn-couscous-salad-94014,
645,COOL COUSCOUS TOSS,,8,https://www.food.com/recipe/cool-couscous-toss-69380,
646,CORIANDER CHICKEN COUSCOUS,,4,https://www.food.com/recipe/coriander-chicken-couscous-502689,
647,CORIANDER LEMON COUSCOUS,,4,https://www.food.com/recipe/coriander-lemon-couscous-96875,
648,CORN COUSCOUS,,4,https://www.food.com/recipe/corn-couscous-392952,
649,COUSCOUS AND MUNG BEAN SALAD WITH GOLDEN BEETS AND GREENS,,6,https://www.food.com/recipe/couscous-and-mung-bean-salad-with-golden-beets-and-greens-413755,
650,COUSCOUS AND POMEGRANATE SALAD,,2,https://www.food.com/recipe/couscous-and-pomegranate-salad-427783,
651,COUSCOUS BASICS,,6,https://www.food.com/recipe/couscous-basics-421073,
652,COUSCOUS CHICKEN SALAD,,6,https://www.food.com/recipe/couscous-chicken-salad-56726,
653,COUSCOUS-CHICKPEA SALAD,,4,https://www.food.com/recipe/couscous-chickpea-salad-54593,
654,COUSCOUS CHICKPEA SALAD WITH GINGER LIME DRESSING,,1,https://www.food.com/recipe/couscous-chickpea-salad-with-ginger-lime-dressing-434302,
655,COUSCOUS DATE CAKE,,10,https://www.food.com/recipe/couscous-date-cake-420405,
656,COUSCOUS FETA SALAD,,6,https://www.food.com/recipe/couscous-feta-salad-340438,
657,COUSCOUS-GARBANZO SALAD,,10,https://www.food.com/recipe/couscous-garbanzo-salad-371885,
658,COUSCOUS JAMBALAYA,,8,https://www.food.com/recipe/couscous-jambalaya-50315,
659,COUSCOUS PAELLA WITH SHRIMP,,6,https://www.food.com/recipe/couscous-paella-with-shrimp-389030,
660,COUSCOUS PILAF,,4,https://www.food.com/recipe/couscous-pilaf-37074,
661,COUSCOUS SALAD,,6,https://www.food.com/recipe/couscous-salad-438049,
663,COUSCOUS SALAD WITH ALMONDS AND FETA,,2,https://www.food.com/recipe/couscous-salad-with-almonds-and-feta-428402,
664,COUSCOUS SALAD WITH DRIED CRANBERRIES AND PECANS,,4,https://www.food.com/recipe/couscous-salad-with-dried-cranberries-and-pecans-42002,
665,COUSCOUS SAUSAGE MEDITERRANEAN,,6,https://www.food.com/recipe/couscous-sausage-mediterranean-471910,
666,COUSCOUS TOSS,,6,https://www.food.com/recipe/couscous-toss-418832,
667,COUSCOUS VEGETABLE BAKE,,4,https://www.food.com/recipe/couscous-vegetable-bake-386183,
668,"COUSCOUS WITH APPLES, CRANBERRIES AND HERBS",,4,https://www.food.com/recipe/couscous-with-apples-cranberries-and-herbs-428639,
669,COUSCOUS WITH CARAMELIZED ONIONS AND GOAT CHEESE,,5,https://www.food.com/recipe/couscous-with-caramelized-onions-and-goat-cheese-468815,
670,"COUSCOUS WITH DRIED APRICOTS, CURRANTS, AND PISTACHIOS",,16,https://www.food.com/recipe/couscous-with-dried-apricots-currants-and-pistachios-428627,
671,COUSCOUS WITH FRESH CILANTRO AND LEMON JUICE,,4,https://www.food.com/recipe/couscous-with-fresh-cilantro-and-lemon-juice-505110,
672,COUSCOUS WITH MUSHROOMS,,4,https://www.food.com/recipe/couscous-with-mushrooms-358229,
673,COUSCOUS WITH OLIVES AND LEMON,,4,https://www.food.com/recipe/couscous-with-olives-and-lemon-353731,
674,COUSCOUS WITH PINE NUTS AND CURRANTS,,2,https://www.food.com/recipe/couscous-with-pine-nuts-and-currants-457873,
675,COUSCOUS WITH PINE NUTS (BAREFOOT CONTESSA),,4,https://www.food.com/recipe/couscous-with-pine-nuts-barefoot-contessa-437549,
676,"COUSCOUS WITH ROAST PUMPKIN, RAISINS AND ALMONDS",,6,https://www.food.com/recipe/couscous-with-roast-pumpkin-raisins-and-almonds-362173,
677,COUSCOUS WITH SAVORY CARAMELIZED ONION,,4,https://www.food.com/recipe/couscous-with-savory-caramelized-onion-54006,
678,COUSCOUS WITH SEVEN VEGETABLES,,6,https://www.food.com/recipe/couscous-with-seven-vegetables-420654,
679,COUSCOUS WITH SPICED CHICKPEAS AND FIGS,,4,https://www.food.com/recipe/couscous-with-spiced-chickpeas-and-figs-503439,
680,COUSCOUS WITH SUN-DRIED TOMATOES,,1,https://www.food.com/recipe/couscous-with-sun-dried-tomatoes-304873,
681,COUSCOUS WITH TOMATO AND GARLIC,,1,https://www.food.com/recipe/couscous-with-tomato-and-garlic-484254,
682,COUSCOUS WITH YELLOW SUMMER SQUASH,,4,https://www.food.com/recipe/couscous-with-yellow-summer-squash-385968,
683,COUSCOUS WITH ZUCCHINI &AMP; TOMATO,,4,https://www.food.com/recipe/couscous-with-zucchini-tomato-332411,
684,CRISPY CARROT HARISSA DUMPLINGS WITH GREEN SCHUG PESTO,,4,https://www.food.com/recipe/crispy-carrot-harissa-dumplings-with-green-schug-pesto-529061,
685,CROCK POT GLUTEN FREE MOROCCAN GOAT STEW,,8,https://www.food.com/recipe/crock-pot-gluten-free-moroccan-goat-stew-488627,
686,CROCK POT MOROCCAN CHICKEN,,4,https://www.food.com/recipe/crock-pot-moroccan-chicken-317356,
687,CROCK-POT MOROCCAN CHICKEN AND LENTILS,,8,https://www.food.com/recipe/crock-pot-moroccan-chicken-and-lentils-310611,
688,CROCK POT MOROCCAN LAMB CHOPS AND PRUNES,,4,https://www.food.com/recipe/crock-pot-moroccan-lamb-chops-and-prunes-320322,
689,CRUNCHY WEST AFRICAN CABBAGE SALAD,,6,https://www.food.com/recipe/crunchy-west-african-cabbage-salad-319044,
690,CURRIED COUSCOUS,,4,https://www.food.com/recipe/curried-couscous-326538,
691,CURRIED COUSCOUS WITH BROCCOLI AND FETA (AND CASHEWS!),,5,https://www.food.com/recipe/curried-couscous-with-broccoli-and-feta-and-cashews-460347,
692,CUSCUS BIL KHODAR (VEGETABLE COUSCOUS),,6,https://www.food.com/recipe/cuscus-bil-khodar-vegetable-couscous-350641,
693,DATE AND OLIVE COUSCOUS WITH GARLIC SHRIMP,,1,https://www.food.com/recipe/date-and-olive-couscous-with-garlic-shrimp-465609,
694,DEVILED EGGS MOROCCAN-STYLE,,4,https://www.food.com/recipe/deviled-eggs-moroccan-style-504179,
695,DIBI (SENEGALESE GRILLED LAMB WITH ONION-MUSTARD SAUCE),,4,https://www.food.com/recipe/dibi-senegalese-grilled-lamb-with-onion-mustard-sauce-455037,
696,DISNEY'S EPCOT WORLD SHOWCASE MOROCCAN ROAST LAMB SHANK MESHOUI,,4,https://www.food.com/recipe/disneys-epcot-world-showcase-moroccan-roast-lamb-shank-meshoui-502297,
697,DORO WAT (ETHIOPIAN SPICY BRAISED CHICKEN),,4,https://www.food.com/recipe/doro-wat-ethiopian-spicy-braised-chicken-455567,
698,DORO WAT (SPICY CHICKEN STEW),,4,https://www.food.com/recipe/doro-wat-spicy-chicken-stew-456526,
699,DORO WOT (ETHIOPIAN NATIONAL CHICKEN DISH),,12,https://www.food.com/recipe/doro-wot-ethiopian-national-chicken-dish-532837,
700,DRIED CHERRY COUSCOUS SALAD,,24,https://www.food.com/recipe/dried-cherry-couscous-salad-399212,
701,EAST AFRICAN BRAISED CHICKEN,,4,https://www.food.com/recipe/east-african-braised-chicken-55013,
702,EAST AFRICAN CARDAMOM TEA,,1,https://www.food.com/recipe/east-african-cardamom-tea-455974,
703,EAST AFRICAN CURRY,,6,https://www.food.com/recipe/east-african-curry-310179,
704,EAST AFRICAN PEA SOUP,,6,https://www.food.com/recipe/east-african-pea-soup-87002,
705,EAST AFRICAN ROAST CHICKEN,,6,https://www.food.com/recipe/east-african-roast-chicken-310245,
706,EAST AFRICAN TOMATO CHUTNEY,,4,https://www.food.com/recipe/east-african-tomato-chutney-84311,
707,EASY MOROCCAN CARROTS,,2,https://www.food.com/recipe/easy-moroccan-carrots-71033,
708,EASY TOMATO SOUP WITH ISRAELI COUSCOUS - CROCK-POT,,4,https://www.food.com/recipe/easy-tomato-soup-with-israeli-couscous-crock-pot-343627,
709,EGGPLANT APPETIZER FROM NIGERIA,,2,https://www.food.com/recipe/eggplant-appetizer-from-nigeria-305020,
710,EMERIL LAGASSE'S MOROCCAN MINT TEA,,4,https://www.food.com/recipe/emeril-lagasses-moroccan-mint-tea-505571,
711,ETHIOPIAN BEEF STEAK TARTAR (KITFO),,6,https://www.food.com/recipe/ethiopian-beef-steak-tartar-kitfo-353928,
713,ETHIOPIAN SAUTEED LAMB OR BEEF,,4,https://www.food.com/recipe/ethiopian-sauteed-lamb-or-beef-454643,
714,ETHIOPIAN SPICED BUTTER (NITER KIBBEH),,1,https://www.food.com/recipe/ethiopian-spiced-butter-niter-kibbeh-532490,
715,ETHIOPIAN SPICY BEEF STEW (KEY WAT),,4,https://www.food.com/recipe/ethiopian-spicy-beef-stew-key-wat-436458,
716,ETHIOPIAN SPICY SPLIT LENTIL STEW  (YIMSER WOT),,4,https://www.food.com/recipe/ethiopian-spicy-split-lentil-stew-yimser-wot-363212,
717,ETHIOPIAN TOMATO &AMP; CUCUMBER SALAD,,4,https://www.food.com/recipe/ethiopian-tomato-cucumber-salad-454644,
718,FALAFEL IN PITA W/ROASTED GARLIC&AMP;CARAMELIZED ONION COUSCOUS,,4,https://www.food.com/recipe/falafel-in-pita-w-roasted-garlic-caramelized-onion-couscous-503608,
719,FEGGOUS AND TOMATO SALAD (MOROCCAN CHOPPED CUCUMBER AND TOMATO S,,4,https://www.food.com/recipe/feggous-and-tomato-salad-moroccan-chopped-cucumber-and-tomato-s-503818,
720,FISH MARINADE (CHERMOULA),,4,https://www.food.com/recipe/fish-marinade-chermoula-504293,
721,"FISH TAGINE WITH TOMATOES, CAPERS, AND CINNAMON",,4,https://www.food.com/recipe/fish-tagine-with-tomatoes-capers-and-cinnamon-428302,
722,FIVE-SPICE MOROCCAN COUCOUS SALAD,,4,https://www.food.com/recipe/five-spice-moroccan-coucous-salad-428334,
723,FLUFFY COUSCOUS,,6,https://www.food.com/recipe/fluffy-couscous-414772,
724,FRANS'S PRIZEWINNING BOBOTIE,,6,https://www.food.com/recipe/franss-prizewinning-bobotie-417625,
725,FRENCH MERGUEZ SAUSAGES - CULINARY COMMUNION,,10,https://www.food.com/recipe/french-merguez-sausages-culinary-communion-340487,
726,FRESH MOROCCAN SALAD,,4,https://www.food.com/recipe/fresh-moroccan-salad-424023,
727,FRESH STRAWBERRIES WITH YOGURT (EASY MOROCCAN DESSERT),,4,https://www.food.com/recipe/fresh-strawberries-with-yogurt-easy-moroccan-dessert-503681,
728,FRIED CALF LIVER SUDANESE-STYLE,,4,https://www.food.com/recipe/fried-calf-liver-sudanese-style-305967,
729,FRIED FISH WITH MOROCCAN HERB SAUCE,,2,https://www.food.com/recipe/fried-fish-with-moroccan-herb-sauce-97103,
730,FRUITED ISRAELI COUSCOUS,,12,https://www.food.com/recipe/fruited-israeli-couscous-429950,
731,CINNAMON-SUGAR FUFU,,6,https://www.food.com/recipe/fufu-310279,
732,BUTTERY MASHED YAMS,,6,https://www.food.com/recipe/fufu-310286,
733,GABI'S HARISSA (MOROCCAN HOT SAUCE),,8,https://www.food.com/recipe/gabis-harissa-moroccan-hot-sauce-310254,
734,GEELRYS (SOUTH AFRICAN YELLOW RICE WITH RAISINS),,4,https://www.food.com/recipe/geelrys-south-african-yellow-rice-with-raisins-456514,
735,GHANAIAN WAAKYE (BEANS AND RICE),,2,https://www.food.com/recipe/ghanaian-waakye-beans-and-rice-456096,
736,GOLDEN COUSCOUS,,6,https://www.food.com/recipe/golden-couscous-494398,
737,GREEK COUSCOUS,,6,https://www.food.com/recipe/greek-couscous-427578,
738,GREEK COUSCOUS SALAD,,8,https://www.food.com/recipe/greek-couscous-salad-433410,
739,GRILLED BEETS WITH MOROCCAN DRESSING,,4,https://www.food.com/recipe/grilled-beets-with-moroccan-dressing-356112,
740,GRILLED COD WITH MOROCCAN-SPICED TOMATO RELISH,,4,https://www.food.com/recipe/grilled-cod-with-moroccan-spiced-tomato-relish-94297,
741,GRILLED HARISSA CARROT HUMMUS,,6,https://www.food.com/recipe/grilled-harissa-carrot-hummus-536444,
742,"GRILLED HARISSA LAMB WITH YOGURT, MOROCCAN",,2,https://www.food.com/recipe/grilled-harissa-lamb-with-yogurt-moroccan-492545,
743,GRILLED LEMON CHICKEN AND MOROCCAN COUSCOUS SALAD,,6,https://www.food.com/recipe/grilled-lemon-chicken-and-moroccan-couscous-salad-315257,
744,GRILLED SALMON WITH BROWN BUTTER COUSCOUS,,4,https://www.food.com/recipe/grilled-salmon-with-brown-butter-couscous-478579,
745,GRILLED SALMON WITH NORTH AFRICAN FLAVORS,,4,https://www.food.com/recipe/grilled-salmon-with-north-african-flavors-307035,
746,HARISSA,,6,https://www.food.com/recipe/harissa-502691,
747,HARISSA BURGERS,,4,https://www.food.com/recipe/harissa-burgers-457053,
748,HARISSA CAULIFLOWER STEAKS,,4,https://www.food.com/recipe/harissa-cauliflower-steaks-523456,
749,HARISSA COUSCOUS,,10,https://www.food.com/recipe/harissa-couscous-421357,
750,HARISSA-MARINATED TOP SIRLOIN TIPS,,6,https://www.food.com/recipe/harissa-marinated-top-sirloin-tips-427734,
751,HARISSA OIL,,10,https://www.food.com/recipe/harissa-oil-367394,
752,HARISSA PORK PATTIES OR BURGERS,,4,https://www.food.com/recipe/harissa-pork-patties-or-burgers-59473,
753,HEALTHY COUSCOUS WITH ROASTED MEDITERRANEAN VEGETABLES (WW),,2,https://www.food.com/recipe/healthy-couscous-with-roasted-mediterranean-vegetables-ww-384987,
754,HERB COUSCOUS STUFFED TOMATOES,,4,https://www.food.com/recipe/herb-couscous-stuffed-tomatoes-449004,
756,HERBED COUSCOUS,,4,https://www.food.com/recipe/herbed-couscous-496131,
757,HERBED ISRAELI COUSCOUS,,4,https://www.food.com/recipe/herbed-israeli-couscous-332670,
758,HOISIN-HONEY BEEF WITH COUSCOUS,,4,https://www.food.com/recipe/hoisin-honey-beef-with-couscous-479774,
759,HOMEMADE PIRI-PIRI ( HOT  SAUCE) MIA'S WAY,,4,https://www.food.com/recipe/homemade-piri-piri-hot-sauce-mias-way-336778,
760,HONEY ALMOND BRIOUATS,,16,https://www.food.com/recipe/honey-almond-briouats-320735,
761,HONEY DIJON ALMOND COUSCOUS,,4,https://www.food.com/recipe/honey-dijon-almond-couscous-476004,
762,HONEY ORANGE GLAZED SALMON WITH ORANGE ALMOND COUSCOUS,,4,https://www.food.com/recipe/honey-orange-glazed-salmon-with-orange-almond-couscous-535379,
763,HOT MOROCCAN CHICKEN SALAD,,4,https://www.food.com/recipe/hot-moroccan-chicken-salad-45355,
764,HOW TO PREPARE BEEF JERKY THE SOUTH AFRICAN WAY,,5,https://www.food.com/recipe/how-to-prepare-beef-jerky-the-south-african-way-533113,
765,INJERA (ETHIOPIAN FLAT BREAD),,24,https://www.food.com/recipe/injera-ethiopian-flat-bread-455607,
766,INJERA (ETHIOPIAN FLATBREAD),,12,https://www.food.com/recipe/injera-ethiopian-flatbread-396578,
767,INJERA (FERMENTED SOURDOUGH BREAD),,20,https://www.food.com/recipe/injera-fermented-sourdough-bread-532832,
768,ISRAELI COUSCOUS AND CRANBERRY SALAD,,8,https://www.food.com/recipe/israeli-couscous-and-cranberry-salad-434259,
769,ISRAELI COUSCOUS PEPPER SALAD,,4,https://www.food.com/recipe/israeli-couscous-pepper-salad-318373,
770,ISRAELI COUSCOUS  SALAD,,6,https://www.food.com/recipe/israeli-couscous-salad-485885,
771,ISRAELI COUSCOUS SALAD WITH ROASTED CHERRY TOMATOES,,6,https://www.food.com/recipe/israeli-couscous-salad-with-roasted-cherry-tomatoes-431009,
772,"ISRAELI COUSCOUS, TOMATO AND MOZZARELLA SALAD",,6,https://www.food.com/recipe/israeli-couscous-tomato-and-mozzarella-salad-389857,
773,ISRAELI COUSCOUS WITH ASPARAGUS,,6,https://www.food.com/recipe/israeli-couscous-with-asparagus-428659,
774,ISRAELI COUSCOUS WITH PECANS,,4,https://www.food.com/recipe/israeli-couscous-with-pecans-406383,
775,ISRAELI COUSCOUS WITH PINE NUTS AND FRESH PARSLEY,,6,https://www.food.com/recipe/israeli-couscous-with-pine-nuts-and-fresh-parsley-422893,
776,ISRAELI (PEARL) COUSCOUS,,4,https://www.food.com/recipe/israeli-pearl-couscous-454207,
777,ISRAELI SIMMERED VEGETABLES OVER SPICED COUSCOUS,,6,https://www.food.com/recipe/israeli-simmered-vegetables-over-spiced-couscous-63687,
778,JBEN - MOROCCAN FRESH CHEESE,,4,https://www.food.com/recipe/jben-moroccan-fresh-cheese-502807,
779,JEWELED CINNAMON COUSCOUS,,4,https://www.food.com/recipe/jeweled-cinnamon-couscous-469676,
780,JEWELED COUSCOUS,,4,https://www.food.com/recipe/jeweled-couscous-39164,
781,JOLLOF RICE,,4,https://www.food.com/recipe/jollof-rice-455553,
782,KAHAWA - ETHIOPIAN COFFEE,,4,https://www.food.com/recipe/kahawa-ethiopian-coffee-456986,
783,KALYA E KHAAS (TRADITIONAL SOUTH AFRICAN CHICKEN CURRY),,4,https://www.food.com/recipe/kalya-e-khaas-traditional-south-african-chicken-curry-306841,
784,KAYAKU GOHAN (RICE WITH VEGETABLES),,4,https://www.food.com/recipe/kayaku-gohan-rice-with-vegetables-305670,
785,KENKEY,,3,https://www.food.com/recipe/kenkey-528961,
786,KENYAN COCONUT RICE,,6,https://www.food.com/recipe/kenyan-coconut-rice-455178,
787,KENYAN GREENS SIMMERED WITH TOMATOES (SUKUMA WIKI),,1,https://www.food.com/recipe/kenyan-greens-simmered-with-tomatoes-sukuma-wiki-455335,
788,KENYAN TOMATO SALAD - QUICK &AMP; SIMPLE SIDE,,4,https://www.food.com/recipe/kenyan-tomato-salad-quick-simple-side-456927,
789,KESRA - MOROCCAN BREAD,,2,https://www.food.com/recipe/kesra-moroccan-bread-503813,
790,KEY WAT (SPICY ETHIOPIAN STEWED BEEF),,8,https://www.food.com/recipe/key-wat-spicy-ethiopian-stewed-beef-524592,
791,KHUBZ MAGHREBI (MOROCCAN BREAD),,6,https://www.food.com/recipe/khubz-maghrebi-moroccan-bread-348387,
792,KING'S ARMS TAVERN CREAM OF PEANUT SOUP,,10,https://www.food.com/recipe/kings-arms-tavern-cream-of-peanut-soup-46837,
793,KITTENCAL'S GREEK COUSCOUS,,4,https://www.food.com/recipe/kittencals-greek-couscous-95818,
794,KOEKSISTERS (SOUTH AFRICAN SYRUP-SOAKED FRITTERS),,20,https://www.food.com/recipe/koeksisters-south-african-syrup-soaked-fritters-87992,
795,KUKU PAKA (KENYAN CHICKEN CURRY),,4,https://www.food.com/recipe/kuku-paka-kenyan-chicken-curry-456503,
796,LAMB &AMP; AFRICAN FRUIT SOSATIES,,6,https://www.food.com/recipe/lamb-african-fruit-sosaties-536667,
797,LAMB CHOPS WITH CHERMOULA,,2,https://www.food.com/recipe/lamb-chops-with-chermoula-86352,
798,LAMB CHOPS WITH MOROCCAN SPICES,,4,https://www.food.com/recipe/lamb-chops-with-moroccan-spices-340342,
799,LAMB MERGUEZ - (NORTH AFRICAN RED SAUSAGE),,4,https://www.food.com/recipe/lamb-merguez-north-african-red-sausage-503978,
800,LAMB SHANK TAGINE,,3,https://www.food.com/recipe/lamb-shank-tagine-77451,
803,"LAMB TAGINE WITH CINNAMON, SAFFRON AND DRIED FRUIT",,6,https://www.food.com/recipe/lamb-tagine-with-cinnamon-saffron-and-dried-fruit-83156,
804,LAMB TAGINE WITH OKRA AND QUINCE,,4,https://www.food.com/recipe/lamb-tagine-with-okra-and-quince-488783,
805,LAMB TAGINE WITH WALNUTS AND POMEGRANATE,,6,https://www.food.com/recipe/lamb-tagine-with-walnuts-and-pomegranate-489609,
806,LEBANESE LAMB KEFTA (LAMB KABOBS),,8,https://www.food.com/recipe/lebanese-lamb-kefta-lamb-kabobs-437869,
807,LEFTOVER MOROCCAN STYLE LAMB AND BEEF SPICY COUS COUS,,4,https://www.food.com/recipe/leftover-moroccan-style-lamb-and-beef-spicy-cous-cous-372434,
808,LEMON AND PARSLEY COUSCOUS,,4,https://www.food.com/recipe/lemon-and-parsley-couscous-309974,
809,LEMON COUSCOUS,,4,https://www.food.com/recipe/lemon-couscous-427438,
810,LEMON COUSCOUS WITH PEAS AND CARROTS,,4,https://www.food.com/recipe/lemon-couscous-with-peas-and-carrots-428609,
811,LEMON HONEY CHICKEN WITH COUSCOUS,,4,https://www.food.com/recipe/lemon-honey-chicken-with-couscous-344096,
812,LEMON OREGANO SHRIMP OVER PEPPERED COUSCOUS,,2,https://www.food.com/recipe/lemon-oregano-shrimp-over-peppered-couscous-372883,
813,LEMON THYME COUSCOUS,,8,https://www.food.com/recipe/lemon-thyme-couscous-92312,
814,LEMONY COUSCOUS,,2,https://www.food.com/recipe/lemony-couscous-93827,
815,LEMONY COUSCOUS SALAD,,6,https://www.food.com/recipe/lemony-couscous-salad-55874,
816,LEMONY VEGETABLE COUSCOUS,,6,https://www.food.com/recipe/lemony-vegetable-couscous-519292,
817,LIBERIAN BLACK-EYED PEA SOUP,,6,https://www.food.com/recipe/liberian-black-eyed-pea-soup-455404,
818,LIBERIAN PINEAPPLE GINGER BEER,,10,https://www.food.com/recipe/liberian-pineapple-ginger-beer-310515,
819,LIGHTLY SPICED CAULIFLOWER FRITTERS WITH YOGHURT-CHERMOULA DIP,,14,https://www.food.com/recipe/lightly-spiced-cauliflower-fritters-with-yoghurt-chermoula-dip-425417,
820,LIME AND CORIANDER COUSCOUS,,5,https://www.food.com/recipe/lime-and-coriander-couscous-344170,
821,MARINATED MOROCCAN OLIVES,,2,https://www.food.com/recipe/marinated-moroccan-olives-437804,
822,MARINATED NORTH AFRICAN OLIVES,,1,https://www.food.com/recipe/marinated-north-african-olives-386311,
823,MARRAKESH COUSCOUS,,4,https://www.food.com/recipe/marrakesh-couscous-411662,
824,MASAI MARA (AFRICAN RED PEPPER SPREAD),,6,https://www.food.com/recipe/masai-mara-african-red-pepper-spread-455040,
825,MCHICHA (EAST AFRICAN SPINACH,,4,https://www.food.com/recipe/mchicha-east-african-spinach-454997,
826,MCHICHA - TANZANIAN SPINACH &AMP; PEANUT CURRY.,,4,https://www.food.com/recipe/mchicha-tanzanian-spinach-peanut-curry-310341,
827,MEALIE SOUP - SOUTH AFRICAN CORN SOUP,,6,https://www.food.com/recipe/mealie-soup-south-african-corn-soup-309347,
828,MEAONO POHAKU (STONE COOKIES),,2,https://www.food.com/recipe/meaono-pohaku-stone-cookies-466559,
829,MEATLESS HARIRA (A MOROCCAN SOUP),,1,https://www.food.com/recipe/meatless-harira-a-moroccan-soup-44257,
830,MEDITERRANEAN CHICKEN AND COUSCOUS,,4,https://www.food.com/recipe/mediterranean-chicken-and-couscous-470546,
831,MEDITERRANEAN CHICKEN AND COUSCOUS SALAD,,8,https://www.food.com/recipe/mediterranean-chicken-and-couscous-salad-534132,
832,MEDITERRANEAN COUSCOUS,,4,https://www.food.com/recipe/mediterranean-couscous-335178,
833,MEDITERRANEAN LAMB-AND COUSCOUS-STUFFED BELL PEPPERS,,4,https://www.food.com/recipe/mediterranean-lamb-and-couscous-stuffed-bell-peppers-58326,
834,MEDITERRANEAN SALAD WITH ISRAELI COUSCOUS,,4,https://www.food.com/recipe/mediterranean-salad-with-israeli-couscous-379901,
835,MESFOUF QSENTENA - SWEET COUSCOUS WITH DATES &AMP; NUTS,,6,https://www.food.com/recipe/mesfouf-qsentena-sweet-couscous-with-dates-nuts-387392,
836,MESIR WAT (ETHIOPIAN RED LENTILS),,6,https://www.food.com/recipe/mesir-wat-ethiopian-red-lentils-408641,
837,MIDDLE EASTERN COCONUT CAKE (HARISSAH),,1,https://www.food.com/recipe/middle-eastern-coconut-cake-harissah-78772,
838,MILLION DOLLAR CHICKEN - MOROCCAN STYLE,,4,https://www.food.com/recipe/million-dollar-chicken-moroccan-style-50575,
839,MINI TURKEY MEATBALLS WITH A FRESH COUSCOUS SALAD,,4,https://www.food.com/recipe/mini-turkey-meatballs-with-a-fresh-couscous-salad-392537,
840,MINT COUSCOUS WITH RAISINS AND ALMONDS,,4,https://www.food.com/recipe/mint-couscous-with-raisins-and-almonds-345032,
841,MISR WOT (ETHIOPIAN LENTIL SOUP),,6,https://www.food.com/recipe/misr-wot-ethiopian-lentil-soup-398786,
842,MISR WOT (ETHIOPIAN SPICY LENTIL STEW),,8,https://www.food.com/recipe/misr-wot-ethiopian-spicy-lentil-stew-524591,
843,MIXED SEAFOOD TAGINE,,3,https://www.food.com/recipe/mixed-seafood-tagine-326422,
844,MOROCCAN ALMOND CRESCENT COOKIES,,30,https://www.food.com/recipe/moroccan-almond-crescent-cookies-438180,
845,MOROCCAN ANISE BREAD,,2,https://www.food.com/recipe/moroccan-anise-bread-503189,
846,MOROCCAN APPLESAUCE CAKE (CROCK POT),,1,https://www.food.com/recipe/moroccan-applesauce-cake-crock-pot-470556,
847,MOROCCAN BEEF AND HONEY TAGINE,,4,https://www.food.com/recipe/moroccan-beef-and-honey-tagine-374564,
848,MOROCCAN BEEF KABOBS,,6,https://www.food.com/recipe/moroccan-beef-kabobs-438638,
849,MOROCCAN BEEF STEW,,6,https://www.food.com/recipe/moroccan-beef-stew-502700,
850,MOROCCAN BEEF WITH ARTICHOKES,,5,https://www.food.com/recipe/moroccan-beef-with-artichokes-362445,
851,MOROCCAN BEEF WITH HONEY SPICE COUSCOUS,,6,https://www.food.com/recipe/moroccan-beef-with-honey-spice-couscous-399210,
852,MOROCCAN BEET SALAD,,1,https://www.food.com/recipe/moroccan-beet-salad-354717,
854,MOROCCAN BRAISED BEEF,,2,https://www.food.com/recipe/moroccan-braised-beef-527183,
855,"MOROCCAN BRAISED CHICKEN LEGS AND THIGHS WITH CARROT JUICE, DATE",,4,https://www.food.com/recipe/moroccan-braised-chicken-legs-and-thighs-with-carrot-juice-date-434670,
856,MOROCCAN BRAISED CHICKEN WITH ZUCCHINI,,3,https://www.food.com/recipe/moroccan-braised-chicken-with-zucchini-505776,
857,MOROCCAN BREAD,,4,https://www.food.com/recipe/moroccan-bread-436536,
858,MOROCCAN BREAD - KHOBZ,,4,https://www.food.com/recipe/moroccan-bread-khobz-503137,
859,MOROCCAN BROWN RICE (RICE COOKER),,4,https://www.food.com/recipe/moroccan-brown-rice-rice-cooker-504096,
860,MOROCCAN B'STELLA,,1,https://www.food.com/recipe/moroccan-bstella-425234,
861,MOROCCAN CARROT AND CINNAMON SALAD,,6,https://www.food.com/recipe/moroccan-carrot-and-cinnamon-salad-504321,
862,MOROCCAN CARROT SALAD,,3,https://www.food.com/recipe/moroccan-carrot-salad-324739,
864,MOROCCAN CARROT SALAD WITH DATES AND YOGURT (VEGAN-FRIENDLY),,4,https://www.food.com/recipe/moroccan-carrot-salad-with-dates-and-yogurt-vegan-friendly-480925,
865,MOROCCAN CARROT SALAD WITH PARSLEY AND ROASTED LEMON RECIPE,,4,https://www.food.com/recipe/moroccan-carrot-salad-with-parsley-and-roasted-lemon-recipe-504102,
866,MOROCCAN CARROT SOUP,,4,https://www.food.com/recipe/moroccan-carrot-soup-422961,
868,MOROCCAN CARROTS,,6,https://www.food.com/recipe/moroccan-carrots-512987,
869,MOROCCAN CAULIFLOWER &LDQUO;COUSCOUS&RDQUO; SALAD,,6,https://www.food.com/recipe/moroccan-cauliflower-couscous-salad-531577,
870,MOROCCAN CAULIFLOWER WITH SPICES,,4,https://www.food.com/recipe/moroccan-cauliflower-with-spices-374651,
871,MOROCCAN CHAROSET BALLS,,3,https://www.food.com/recipe/moroccan-charoset-balls-87724,
872,MOROCCAN CHERMOULA MARINADE,,150,https://www.food.com/recipe/moroccan-chermoula-marinade-502545,
874,MOROCCAN CHICKEN AND COUSCOUS SOUP,,4,https://www.food.com/recipe/moroccan-chicken-and-couscous-soup-331411,
875,MOROCCAN CHICKEN AND DATE TAGINE,,2,https://www.food.com/recipe/moroccan-chicken-and-date-tagine-44107,
876,MOROCCAN CHICKEN AND RAISINS FOR 2,,2,https://www.food.com/recipe/moroccan-chicken-and-raisins-for-2-338342,
877,MOROCCAN CHICKEN AND VEGGIE SKILLET,,4,https://www.food.com/recipe/moroccan-chicken-and-veggie-skillet-38221,
878,MOROCCAN CHICKEN BREASTS,,4,https://www.food.com/recipe/moroccan-chicken-breasts-324743,
879,MOROCCAN CHICKEN &AMP; CHICKPEA TAGINE,,3,https://www.food.com/recipe/moroccan-chicken-chickpea-tagine-407110,
880,MOROCCAN CHICKEN &AMP; EGG TAGINE,,3,https://www.food.com/recipe/moroccan-chicken-egg-tagine-404000,
881,MOROCCAN CHICKEN IN PASTRY LEAVES,,4,https://www.food.com/recipe/moroccan-chicken-in-pastry-leaves-317272,
882,MOROCCAN CHICKEN KABOBS,,4,https://www.food.com/recipe/moroccan-chicken-kabobs-478279,
883,"MOROCCAN CHICKEN: MADE ON STOVE TOP, CROCK-POT OR TAGINE",,5,https://www.food.com/recipe/moroccan-chicken-made-on-stove-top-crock-pot-or-tagine-375800,
884,MOROCCAN CHICKEN PIE,,8,https://www.food.com/recipe/moroccan-chicken-pie-446032,
885,MOROCCAN CHICKEN SALAD,,6,https://www.food.com/recipe/moroccan-chicken-salad-97430,
886,MOROCCAN CHICKEN SALAD (CALIFORNIA PIZZA KITCHEN COPYCAT),,4,https://www.food.com/recipe/moroccan-chicken-salad-california-pizza-kitchen-copycat-408831,
887,MOROCCAN CHICKEN SALAD FOR A STARRY NIGHT,,6,https://www.food.com/recipe/moroccan-chicken-salad-for-a-starry-night-372563,
888,MOROCCAN CHICKEN SOUP,,5,https://www.food.com/recipe/moroccan-chicken-soup-420507,
889,MOROCCAN CHICKEN STEW,,4,https://www.food.com/recipe/moroccan-chicken-stew-49815,
890,MOROCCAN CHICKEN TAGINE,,4,https://www.food.com/recipe/moroccan-chicken-tagine-349900,
891,CLASSIC MOROCCAN CHICKEN TAGINE,,4,https://www.food.com/recipe/moroccan-chicken-tagine-503845,
892,MOROCCAN CHICKEN (TAGINE) - ATK,,4,https://www.food.com/recipe/moroccan-chicken-tagine-atk-480338,
894,MOROCCAN CHICKEN WINGS,,8,https://www.food.com/recipe/moroccan-chicken-wings-411500,
895,MOROCCAN CHICKEN WITH APRICOTS,,4,https://www.food.com/recipe/moroccan-chicken-with-apricots-329675,
896,MOROCCAN CHICKEN WITH COUSCOUS,,4,https://www.food.com/recipe/moroccan-chicken-with-couscous-69340,
897,MOROCCAN CHICKEN WITH PISTACHIO COUSCOUS,,4,https://www.food.com/recipe/moroccan-chicken-with-pistachio-couscous-311203,
898,MOROCCAN CHICKEN WITH PRESERVED LEMONS,,4,https://www.food.com/recipe/moroccan-chicken-with-preserved-lemons-40736,
899,MOROCCAN CHICKEN WITH SWEET COUSCOUS,,4,https://www.food.com/recipe/moroccan-chicken-with-sweet-couscous-338184,
900,MOROCCAN CHICKPEA AND VEGETABLE STEW WITH COUSCOUS,,6,https://www.food.com/recipe/moroccan-chickpea-and-vegetable-stew-with-couscous-66380,
901,MOROCCAN CHICKPEA CHILI,,4,https://www.food.com/recipe/moroccan-chickpea-chili-326457,
902,MOROCCAN CHICKPEA DIP,,8,https://www.food.com/recipe/moroccan-chickpea-dip-460551,
903,MOROCCAN CHICKPEA SALAD,,6,https://www.food.com/recipe/moroccan-chickpea-salad-92523,
907,MOROCCAN CHICKPEA SOUP,,4,https://www.food.com/recipe/moroccan-chickpea-soup-6860,
908,MOROCCAN CHICKPEA &AMP; ZUCCHINI SALAD (AFRICA),,4,https://www.food.com/recipe/moroccan-chickpea-zucchini-salad-africa-310837,
909,MOROCCAN CHICKPEAS AND SWEET POTATOES,,4,https://www.food.com/recipe/moroccan-chickpeas-and-sweet-potatoes-85782,
910,MOROCCAN CHICKPEAS WITH CARROT AND DATES,,5,https://www.food.com/recipe/moroccan-chickpeas-with-carrot-and-dates-334126,
911,MOROCCAN CHOCOLATE CAKE,,8,https://www.food.com/recipe/moroccan-chocolate-cake-505632,
912,MOROCCAN CINNAMON COFFEE WITH ORANGE FLOWER WATER,,4,https://www.food.com/recipe/moroccan-cinnamon-coffee-with-orange-flower-water-424063,
913,MOROCCAN COCONUT FUDGE-ZUCRE COCO,,64,https://www.food.com/recipe/moroccan-coconut-fudge-zucre-coco-505592,
914,MOROCCAN COFFEE,,2,https://www.food.com/recipe/moroccan-coffee-493140,
915,MOROCCAN COFFEE WITH SIX FRAGRANT SPICES,,4,https://www.food.com/recipe/moroccan-coffee-with-six-fragrant-spices-502696,
916,MOROCCAN COUSCOUS AND SMOKEY-PAPRIKA HONEY ROASTED CARROT SALAD,,4,https://www.food.com/recipe/moroccan-couscous-and-smokey-paprika-honey-roasted-carrot-salad-418119,
917,MOROCCAN COUSCOUS SALAD,,4,https://www.food.com/recipe/moroccan-couscous-salad-437803,
918,MOROCCAN CROCK POT TAJINE,,4,https://www.food.com/recipe/moroccan-crock-pot-tajine-72218,
919,MOROCCAN DAYDREAM COFFEE,,1,https://www.food.com/recipe/moroccan-daydream-coffee-507584,
920,MOROCCAN DRY RUB,,1,https://www.food.com/recipe/moroccan-dry-rub-356043,
921,MOROCCAN EGG AND MEATBALL TAGINE,,4,https://www.food.com/recipe/moroccan-egg-and-meatball-tagine-532827,
922,MOROCCAN EGGPLANT AND CHICKPEAS,,4,https://www.food.com/recipe/moroccan-eggplant-and-chickpeas-364624,
923,MOROCCAN EGGPLANT (AUBERGINE) FRITTERS,,12,https://www.food.com/recipe/moroccan-eggplant-aubergine-fritters-61143,
924,AUBERGINE SALAD,,4,https://www.food.com/recipe/moroccan-eggplant-aubergine-salad-88962,
925,MOROCCAN EGGS,,4,https://www.food.com/recipe/moroccan-eggs-505612,
926,MOROCCAN FEKKA COOKIES (ANISE BISCOTTI),,96,https://www.food.com/recipe/moroccan-fekka-cookies-anise-biscotti-372028,
927,MOROCCAN FISH CHARMOULA,,3,https://www.food.com/recipe/moroccan-fish-charmoula-426697,
928,MOROCCAN FISH SKEWERS / KEBABS,,3,https://www.food.com/recipe/moroccan-fish-skewers-kebabs-318079,
929,MOROCCAN FISH TAJINE,,4,https://www.food.com/recipe/moroccan-fish-tajine-338997,
930,MOROCCAN FLATBREAD,,8,https://www.food.com/recipe/moroccan-flatbread-531395,
931,MOROCCAN FLATBREAD PIZZAS (CAN BE WW),,4,https://www.food.com/recipe/moroccan-flatbread-pizzas-can-be-ww-389902,
932,MOROCCAN FRIED EGGPLANT,,4,https://www.food.com/recipe/moroccan-fried-eggplant-428746,
933,MOROCCAN FRIED EGGS WITH CUMIN AND SALT,,1,https://www.food.com/recipe/moroccan-fried-eggs-with-cumin-and-salt-414808,
934,MOROCCAN FRIED WHITING,,4,https://www.food.com/recipe/moroccan-fried-whiting-428747,
935,MOROCCAN GARBANZO BEAN AND FETA PITAS,,4,https://www.food.com/recipe/moroccan-garbanzo-bean-and-feta-pitas-428626,
936,MOROCCAN GRAPE JUICE,,1,https://www.food.com/recipe/moroccan-grape-juice-505443,
937,MOROCCAN HERBED OLIVES,,10,https://www.food.com/recipe/moroccan-herbed-olives-420977,
938,MOROCCAN HUMMUS,,2,https://www.food.com/recipe/moroccan-hummus-505751,
939,MOROCCAN INSPIRED BAKED POTATO SLICES,,4,https://www.food.com/recipe/moroccan-inspired-baked-potato-slices-367434,
940,MOROCCAN-INSPIRED FLANK STEAK,,4,https://www.food.com/recipe/moroccan-inspired-flank-steak-366116,
941,MOROCCAN KEFTA KEBABS,,4,https://www.food.com/recipe/moroccan-kefta-kebabs-71484,
942,MOROCCAN LAMB,,4,https://www.food.com/recipe/moroccan-lamb-99655,
943,MOROCCAN LAMB CHOPS WITH PRESERVED LEMON GREMOLATA,,25,https://www.food.com/recipe/moroccan-lamb-chops-with-preserved-lemon-gremolata-513988,
944,MOROCCAN LAMB FILLET (BACKSTRAP),,2,https://www.food.com/recipe/moroccan-lamb-fillet-backstrap-378666,
945,MOROCCAN LAMB SHANK WITH COUSCOUS,,2,https://www.food.com/recipe/moroccan-lamb-shank-with-couscous-441037,
946,MOROCCAN LAMB TAGINE,,4,https://www.food.com/recipe/moroccan-lamb-tagine-422401,
947,MOROCCAN LAMB  WITH COUSCOUS,,2,https://www.food.com/recipe/moroccan-lamb-with-couscous-314128,
948,MOROCCAN LEMON CHICKEN,,4,https://www.food.com/recipe/moroccan-lemon-chicken-34697,
949,MOROCCAN LEMON CHICKEN WITH OLIVES,,2,https://www.food.com/recipe/moroccan-lemon-chicken-with-olives-324785,
950,MOROCCAN LENTIL AND PUMPKIN SOUP  CROCKPOT,,6,https://www.food.com/recipe/moroccan-lentil-and-pumpkin-soup-crockpot-493796,
951,MOROCCAN LENTIL SOUP WITH YOGURT,,7,https://www.food.com/recipe/moroccan-lentil-soup-420718,
952,MOROCCAN LENTIL SOUP WITH CORIANDER OIL,,4,https://www.food.com/recipe/moroccan-lentil-soup-with-coriander-oil-315593,
953,MOROCCAN LENTIL STEW WITH RAISINS,,6,https://www.food.com/recipe/moroccan-lentil-stew-with-raisins-443205,
954,MOROCCAN LENTILS AND COUSCOUS,,6,https://www.food.com/recipe/moroccan-lentils-and-couscous-504317,
955,MOROCCAN LIVER SLICES,,4,https://www.food.com/recipe/moroccan-liver-slices-382470,
956,MOROCCAN MARINATED LAMB BLADE CHOPS,,8,https://www.food.com/recipe/moroccan-marinated-lamb-blade-chops-536448,
957,MOROCCAN MEATBALL STEW,,6,https://www.food.com/recipe/moroccan-meatball-stew-404832,
958,MOROCCAN MEATBALLS,,35,https://www.food.com/recipe/moroccan-meatballs-531798,
960,MOROCCAN MEATBALLS &AMP; COUSCOUS,,16,https://www.food.com/recipe/moroccan-meatballs-couscous-410543,
961,MOROCCAN MEATBALLS IN TOMATO SAUCE,,4,https://www.food.com/recipe/moroccan-meatballs-in-tomato-sauce-375975,
962,MOROCCAN MEATBALLS -- TAGINE KEFTA,,2,https://www.food.com/recipe/moroccan-meatballs-tagine-kefta-87354,
963,MOROCCAN MEATLOAF - LOAFING AROUND,,4,https://www.food.com/recipe/moroccan-meatloaf-loafing-around-376365,
964,MOROCCAN MINT TEA,,3,https://www.food.com/recipe/moroccan-mint-tea-505563,
966,SWEET & MINTY GREEN TEA,,4,https://www.food.com/recipe/moroccan-mint-tea-83186,
967,MOROCCAN MUSHROOM COUSCOUS,,4,https://www.food.com/recipe/moroccan-mushroom-couscous-86590,
968,MOROCCAN MUSHROOM TAGINE,,4,https://www.food.com/recipe/moroccan-mushroom-tagine-502991,
969,MOROCCAN OLIVE OMELETTE (BAYD DE ZAITUN),,2,https://www.food.com/recipe/moroccan-olive-omelette-bayd-de-zaitun-504185,
970,MOROCCAN ORANGE AND ALMOND CAKE,,8,https://www.food.com/recipe/moroccan-orange-and-almond-cake-478889,
971,MOROCCAN ORANGE-BLOSSOM SCENTED CARROT SALAD,,4,https://www.food.com/recipe/moroccan-orange-blossom-scented-carrot-salad-428587,
972,MOROCCAN ORANGE CAKE,,1,https://www.food.com/recipe/moroccan-orange-cake-424183,
973,MOROCCAN OVEN ROASTED SESAME POTATOES,,4,https://www.food.com/recipe/moroccan-oven-roasted-sesame-potatoes-88218,
974,MOROCCAN PASTA SALAD WITH CHICKEN,,3,https://www.food.com/recipe/moroccan-pasta-salad-with-chicken-390481,
975,MOROCCAN PASTA SALAD WITH TUNA,,3,https://www.food.com/recipe/moroccan-pasta-salad-with-tuna-400659,
976,MOROCCAN PEANUT COUSCOUS WITH PEAS,,4,https://www.food.com/recipe/moroccan-peanut-couscous-with-peas-428026,
977,MOROCCAN PEAS &AMP; EGGS,,1,https://www.food.com/recipe/moroccan-peas-eggs-305567,
978,MOROCCAN PHYLLO ROLLS,,4,https://www.food.com/recipe/moroccan-phyllo-rolls-427828,
979,MOROCCAN PILAF,,4,https://www.food.com/recipe/moroccan-pilaf-321104,
980,MOROCCAN PORK MINCE,,4,https://www.food.com/recipe/moroccan-pork-mince-415397,
981,MOROCCAN POTATO CASSEROLE,,6,https://www.food.com/recipe/moroccan-potato-casserole-502901,
982,MOROCCAN POUND CAKE,,12,https://www.food.com/recipe/moroccan-pound-cake-423980,
983,MOROCCAN PRESERVED LEMONS,,1,https://www.food.com/recipe/moroccan-preserved-lemons-308919,
984,MOROCCAN QUINOA SALAD WITH SWEET POTATO AND SPINACH,,4,https://www.food.com/recipe/moroccan-quinoa-salad-with-sweet-potato-and-spinach-531661,
985,MOROCCAN RAMADAN SOUP,,4,https://www.food.com/recipe/moroccan-ramadan-soup-503356,
986,MOROCCAN RAS EL HANOUT SPICE MIX,,4,https://www.food.com/recipe/moroccan-ras-el-hanout-spice-mix-312698,
987,MOROCCAN RICE MEATBALLS,,20,https://www.food.com/recipe/moroccan-rice-meatballs-35429,
988,MOROCCAN RICE PILAF,,3,https://www.food.com/recipe/moroccan-rice-pilaf-523587,
989,MOROCCAN RICE PILAF WITH SAFFRON,,4,https://www.food.com/recipe/moroccan-rice-pilaf-with-saffron-414811,
990,MOROCCAN RICE SALAD (GLUTEN-FREE),,1,https://www.food.com/recipe/moroccan-rice-salad-gluten-free-501849,
991,MOROCCAN ROASTED CHICKEN,,4,https://www.food.com/recipe/moroccan-roasted-chicken-502706,
992,MOROCCAN ROASTED POMEGRANATE CHICKEN,,1,https://www.food.com/recipe/moroccan-roasted-pomegranate-chicken-459193,
993,MOROCCAN ROASTED SALMON WITH MANGO SALSA,,4,https://www.food.com/recipe/moroccan-roasted-salmon-with-mango-salsa-423755,
994,MOROCCAN-RUBBED GRILLED STEAK AND SWEET POTATOES,,4,https://www.food.com/recipe/moroccan-rubbed-grilled-steak-and-sweet-potatoes-423333,
995,MOROCCAN SAFFRON CHICKEN,,4,https://www.food.com/recipe/moroccan-saffron-chicken-414809,
996,MOROCCAN SAFFRON RICE,,4,https://www.food.com/recipe/moroccan-saffron-rice-502997,
997,MOROCCAN SALAD OF RAW GRATED CARROTS/CITRUS CINNAMON DRESSING,,4,https://www.food.com/recipe/moroccan-salad-of-raw-grated-carrots-citrus-cinnamon-dressing-320513,
998,MOROCCAN SEASONED CHICKEN WITH PINE NUT COUSCOUS,,6,https://www.food.com/recipe/moroccan-seasoned-chicken-with-pine-nut-couscous-383746,
999,MOROCCAN SEASONED WEDGES,,4,https://www.food.com/recipe/moroccan-seasoned-wedges-378966,
1000,MOROCCAN SIZZLING SHRIMP,,4,https://www.food.com/recipe/moroccan-sizzling-shrimp-428595,
1001,MOROCCAN SKIRT STEAK W/ROASTED PEPPER COUSCOUS (ZWT-9),,4,https://www.food.com/recipe/moroccan-skirt-steak-w-roasted-pepper-couscous-zwt-9-505448,
1002,MOROCCAN SPICE BLEND,,3,https://www.food.com/recipe/moroccan-spice-blend-503841,
1003,MOROCCAN SPICE CORN TOPPER,,4,https://www.food.com/recipe/moroccan-spice-corn-topper-503299,
1004,MOROCCAN SPICE MIX,,1,https://www.food.com/recipe/moroccan-spice-mix-422399,
1005,MOROCCAN SPICE PASTE,,1,https://www.food.com/recipe/moroccan-spice-paste-377034,
1006,MOROCCAN SPICE RUB (FOR LAMB &AMP; OTHER MEAT),,5,https://www.food.com/recipe/moroccan-spice-rub-for-lamb-other-meat-349928,
1007,MOROCCAN SPICE RUBBED PORK CHOPS,,4,https://www.food.com/recipe/moroccan-spice-rubbed-pork-chops-475667,
1008,MOROCCAN-SPICED BABY CARROTS,,4,https://www.food.com/recipe/moroccan-spiced-baby-carrots-500463,
1009,MOROCCAN SPICED CARROT SALAD,,2,https://www.food.com/recipe/moroccan-spiced-carrot-salad-70156,
1010,MOROCCAN-SPICED CHICKEN BREASTS,,4,https://www.food.com/recipe/moroccan-spiced-chicken-breasts-422400,
1011,MOROCCAN SPICED CHICKEN KEBABS,,4,https://www.food.com/recipe/moroccan-spiced-chicken-kebabs-416089,
1012,MOROCCAN SPICED CHICKEN STEW WITH CARROTS,,2,https://www.food.com/recipe/moroccan-spiced-chicken-stew-with-carrots-362949,
1013,MOROCCAN SPICED CHICKPEA OR GARBANZO SOUP,,6,https://www.food.com/recipe/moroccan-spiced-chickpea-or-garbanzo-soup-391963,
1014,MOROCCAN-SPICED FAVA BEAN STEW,,4,https://www.food.com/recipe/moroccan-spiced-fava-bean-stew-325189,
1015,MOROCCAN SPICED GREEN OLIVES,,10,https://www.food.com/recipe/moroccan-spiced-green-olives-504183,
1016,MOROCCAN-SPICED LAMB BURGERS,,4,https://www.food.com/recipe/moroccan-spiced-lamb-burgers-305505,
1017,MOROCCAN SPICED LAMB CHOPS,,4,https://www.food.com/recipe/moroccan-spiced-lamb-chops-63885,
1018,MOROCCAN SPICED NUTS,,3,https://www.food.com/recipe/moroccan-spiced-nuts-505616,
1019,MOROCCAN SPICED ROAST CHICKPEAS,,6,https://www.food.com/recipe/moroccan-spiced-roast-chickpeas-523991,
1020,MOROCCAN SPICED ROAST POTATOES,,3,https://www.food.com/recipe/moroccan-spiced-roast-potatoes-377030,
1021,MOROCCAN-SPICED ROASTED VEGETABLES,,12,https://www.food.com/recipe/moroccan-spiced-roasted-vegetables-305797,
1022,MOROCCAN SPICED SALMON OVER LENTILS,,4,https://www.food.com/recipe/moroccan-spiced-salmon-over-lentils-324119,
1023,MOROCCAN SPICED SPAGHETTI SQUASH,,4,https://www.food.com/recipe/moroccan-spiced-spaghetti-squash-425488,
1024,MOROCCAN SPICED SQUASH AND CARROT SOUP,,6,https://www.food.com/recipe/moroccan-spiced-squash-and-carrot-soup-85052,
1025,MOROCCAN SPICED STEWED PORK BELLY IN A SLOW COOKER,,4,https://www.food.com/recipe/moroccan-spiced-stewed-pork-belly-in-a-slow-cooker-414922,
1026,MOROCCAN SPICED VEAL,,8,https://www.food.com/recipe/moroccan-spiced-veal-319862,
1027,MOROCCAN SQUASH SALAD,,8,https://www.food.com/recipe/moroccan-squash-salad-389097,
1028,MOROCCAN STEWED LENTILS,,4,https://www.food.com/recipe/moroccan-stewed-lentils-505594,
1029,MOROCCAN STUFFED DATES,,30,https://www.food.com/recipe/moroccan-stuffed-dates-503363,
1030,MOROCCAN STUFFED PEPPERS,,8,https://www.food.com/recipe/moroccan-stuffed-peppers-437417,
1031,MOROCCAN STYLE BARRAMUNDI,,4,https://www.food.com/recipe/moroccan-style-barramundi-523012,
1032,MOROCCAN-STYLE BEEF KABOBS,,4,https://www.food.com/recipe/moroccan-style-beef-kabobs-537364,
1033,MOROCCAN-STYLE CHICKEN WITH LENTILS,,4,https://www.food.com/recipe/moroccan-style-chicken-with-lentils-357472,
1034,MOROCCAN STYLE EGGPLANT,,8,https://www.food.com/recipe/moroccan-style-eggplant-434716,
1035,MOROCCAN-STYLE MARINADE,,3,https://www.food.com/recipe/moroccan-style-marinade-381911,
1036,MOROCCAN STYLE PASTA SALAD,,8,https://www.food.com/recipe/moroccan-style-pasta-salad-503679,
1037,MOROCCAN STYLE POTATO AND EGG SANDWICHES,,4,https://www.food.com/recipe/moroccan-style-potato-and-egg-sandwiches-306114,
1038,MOROCCAN STYLE PUMPKIN AND COUSCOUS SALAD,,4,https://www.food.com/recipe/moroccan-style-pumpkin-and-couscous-salad-310939,
1039,MOROCCAN-STYLE ROAST CHICKEN,,4,https://www.food.com/recipe/moroccan-style-roast-chicken-421201,
1040,MOROCCAN STYLE SPICY CHICKEN &AMP; RICE - 25 MINUTES TO MAKE!,,4,https://www.food.com/recipe/moroccan-style-spicy-chicken-rice-25-minutes-to-make-325979,
1041,MOROCCAN STYLE SPICY PICKLED VEGETABLES,,1,https://www.food.com/recipe/moroccan-style-spicy-pickled-vegetables-504738,
1042,MOROCCAN-STYLE STUFFED ACORN SQUASH,,4,https://www.food.com/recipe/moroccan-style-stuffed-acorn-squash-393699,
1043,"MOROCCAN-STYLE TILAPIA WITH CUMIN, MANGO AND CILANTRO RECIPE",,4,https://www.food.com/recipe/moroccan-style-tilapia-with-cumin-mango-and-cilantro-recipe-503619,
1044,MOROCCAN SWEET COUSCOUS,,4,https://www.food.com/recipe/moroccan-sweet-couscous-424039,
1045,MOROCCAN SWEET POTATO AND CHICKPEA SOUP,,4,https://www.food.com/recipe/moroccan-sweet-potato-and-chickpea-soup-312286,
1046,MOROCCAN SWEET POTATO WITH COUSCOUS,,2,https://www.food.com/recipe/moroccan-sweet-potato-with-couscous-363965,
1047,MOROCCAN TAGINE,,4,https://www.food.com/recipe/moroccan-tagine-83356,
1048,MOROCCAN TAGINE OF CHICKEN WITH APRICOTS,,6,https://www.food.com/recipe/moroccan-tagine-of-chicken-with-apricots-438158,
1049,MOROCCAN TAJINE - FOR THE CROCK POT!,,4,https://www.food.com/recipe/moroccan-tajine-for-the-crock-pot-505754,
1050,MOROCCAN TUNA PATTIES,,8,https://www.food.com/recipe/moroccan-tuna-patties-331445,
1051,MOROCCAN TURKEY STEW,,6,https://www.food.com/recipe/moroccan-turkey-stew-519772,
1052,MOROCCAN TURKEY TAGINE,,4,https://www.food.com/recipe/moroccan-turkey-tagine-519768,
1053,MOROCCAN TURKEY TENDERLOIN,,4,https://www.food.com/recipe/moroccan-turkey-tenderloin-57571,
1054,MOROCCAN VEGETABLE AND CHICKPEA TAGINE,,4,https://www.food.com/recipe/moroccan-vegetable-and-chickpea-tagine-435567,
1055,MOROCCAN VEGETABLE SOUP (CHORBA),,6,https://www.food.com/recipe/moroccan-vegetable-soup-chorba-347072,
1056,MOROCCAN VEGETABLE STEW,,4,https://www.food.com/recipe/moroccan-vegetable-stew-51902,
1057,MOROCCAN WHITE BEANS LOUBIA,,2,https://www.food.com/recipe/moroccan-white-beans-loubia-465880,
1058,MOROCCIAN CHICKEN TAGINE,,4,https://www.food.com/recipe/moroccian-chicken-tagine-503117,
1059,MORROCAN CHICKEN WITH COUSCOUS,,6,https://www.food.com/recipe/morrocan-chicken-with-couscous-428281,
1060,MORROCAN COUSCOUS WITH GREEN BEANS,,4,https://www.food.com/recipe/morrocan-couscous-with-green-beans-427752,
1061,MSEMMEN - MOROCCAN CREPES,,10,https://www.food.com/recipe/msemmen-moroccan-crepes-334684,
1062,MUSHROOM COUSCOUS WITH MOROCCAN FLAVORS,,4,https://www.food.com/recipe/mushroom-couscous-with-moroccan-flavors-407118,
1063,MY MEDITERRANEAN COUSCOUS SALAD,,4,https://www.food.com/recipe/my-mediterranean-couscous-salad-451940,
1064,NIGERIAN BEEF IN TOMATO SAUCE,,4,https://www.food.com/recipe/nigerian-beef-in-tomato-sauce-307519,
1065,NIGERIAN EWA AGOYIN,,2,https://www.food.com/recipe/nigerian-ewa-agoyin-532458,
1066,NIGERIAN FRUIT  SALAD,,10,https://www.food.com/recipe/nigerian-fruit-salad-310793,
1067,NIGERIAN PANCAKES WITH SHRIMP,,16,https://www.food.com/recipe/nigerian-pancakes-with-shrimp-455200,
1068,NIGERIAN PEANUT SOUP,,4,https://www.food.com/recipe/nigerian-peanut-soup-457015,
1070,NIGERIAN PEPPERSOUP SEASONING SUBSTITUTE,,6,https://www.food.com/recipe/nigerian-peppersoup-seasoning-substitute-311240,
1071,NIGERIAN RICE WATER,,2,https://www.food.com/recipe/nigerian-rice-water-310159,
1073,NITER KIBBEH--ETHIOPIAN SPICED CLARIFIED BUTTER,,2,https://www.food.com/recipe/niter-kibbeh-ethiopian-spiced-clarified-butter-455044,
1074,NORTH AFRICAN BULGAR SALAD,,4,https://www.food.com/recipe/north-african-bulgar-salad-314428,
1075,NORTH AFRICAN BULGAR STUFFED BABY EGGPLANT,,4,https://www.food.com/recipe/north-african-bulgar-stuffed-baby-eggplant-491177,
1076,NORTH AFRICAN CHICKEN,,4,https://www.food.com/recipe/north-african-chicken-373000,
1077,NORTH AFRICAN CHICKEN AND COUSCOUS,,6,https://www.food.com/recipe/north-african-chicken-and-couscous-366997,
1078,NORTH AFRICAN DRY RUB,,3,https://www.food.com/recipe/north-african-dry-rub-385552,
1079,NORTH AFRICAN-GRILLED CORN ON THE COB,,4,https://www.food.com/recipe/north-african-grilled-corn-on-the-cob-470176,
1080,NORTH AFRICAN MARINADE FOR FLANK STEAK,,4,https://www.food.com/recipe/north-african-marinade-for-flank-steak-503334,
1081,NORTH AFRICAN MEATBALLS (BOULETTES),,4,https://www.food.com/recipe/north-african-meatballs-boulettes-505050,
1082,NORTH AFRICAN ORANGE SALAD,,4,https://www.food.com/recipe/north-african-orange-salad-493125,
1083,NORTH AFRICAN SOUP (VEGETARIAN),,2,https://www.food.com/recipe/north-african-soup-vegetarian-385621,
1084,NORTH AFRICAN SPICED CHICKEN,,4,https://www.food.com/recipe/north-african-spiced-chicken-503438,
1085,NORTH AFRICAN STYLE CHICKEN,,4,https://www.food.com/recipe/north-african-style-chicken-505395,
1087,OKRA &AMP; CHICKPEA TAGINE,,6,https://www.food.com/recipe/okra-chickpea-tagine-346494,
1088,ORANGE BREAKFAST COUSCOUS,,2,https://www.food.com/recipe/orange-breakfast-couscous-343244,
1089,ORANGE ISRAELI COUSCOUS WITH SNOW PEAS,,4,https://www.food.com/recipe/orange-israeli-couscous-with-snow-peas-425683,
1090,ORANGE-NUT COUSCOUS,,6,https://www.food.com/recipe/orange-nut-couscous-424710,
1091,ORANGE-PINEAPPLE COUSCOUS,,8,https://www.food.com/recipe/orange-pineapple-couscous-422127,
1092,ORANGE SCENTED COUSCOUS,,4,https://www.food.com/recipe/orange-scented-couscous-504145,
1093,ORANGE YOGURT SMOOTHIE - MOROCCAN,,2,https://www.food.com/recipe/orange-yogurt-smoothie-moroccan-503815,
1094,OSSO BUCO WITH COUSCOUS,,4,https://www.food.com/recipe/osso-buco-with-couscous-381819,
1095,PALEO  MOROCCAN CARROT SALAD WITH DATES,,4,https://www.food.com/recipe/paleo-moroccan-carrot-salad-with-dates-486819,
1096,PALESTINIAN HARISSA,,12,https://www.food.com/recipe/palestinian-harissa-484855,
1097,PAN-FRIED MOROCCAN CHICKEN,,4,https://www.food.com/recipe/pan-fried-moroccan-chicken-304917,
1098,PAN FRIED SEABASS FILLET WITH SALSA SAUCE AND COUSCOUS,,2,https://www.food.com/recipe/pan-fried-seabass-fillet-with-salsa-sauce-and-couscous-440804,
1099,PAPRIKA BUTTER CHICKEN WITH COUSCOUS,,2,https://www.food.com/recipe/paprika-butter-chicken-with-couscous-440937,
1100,PEA TOMATO COUSCOUS,,2,https://www.food.com/recipe/pea-tomato-couscous-436627,
1101,PEANUT SOUP,,4,https://www.food.com/recipe/peanut-soup-95945,
1102,PEANUT SOUP WITH RICE AND SCALLIONS,,6,https://www.food.com/recipe/peanut-soup-with-rice-and-scallions-456089,
1103,PERSIAN BEEF AND COUSCOUS,,4,https://www.food.com/recipe/persian-beef-and-couscous-50120,
1104,PIRI PIRI CHICKEN (QUICK STIR FRY VERSION),,4,https://www.food.com/recipe/piri-piri-chicken-quick-stir-fry-version-489613,
1105,PIRI PIRI DRESSING,,4,https://www.food.com/recipe/piri-piri-dressing-367617,
1107,PIRI PIRI SAUCE,,1,https://www.food.com/recipe/piri-piri-sauce-532416,
1108,PISTACHIO COUSCOUS,,4,https://www.food.com/recipe/pistachio-couscous-425485,
1109,PISTACHIO-CRUSTED MOROCCAN RACK OF LAMB WITH ISRAELI COUSCOUS,,2,https://www.food.com/recipe/pistachio-crusted-moroccan-rack-of-lamb-with-israeli-couscous-493364,
1110,POACHED EGGS WITH HARISSA OIL,,2,https://www.food.com/recipe/poached-eggs-with-harissa-oil-434771,
1111,PORK RIBS  WITH ALOHA SHOYU SAUCE,,8,https://www.food.com/recipe/pork-ribs-with-aloha-shoyu-sauce-306183,
1112,PORTUGUESE-AFRICAN CHICKEN IN COCONUT SAUCE,,6,https://www.food.com/recipe/portuguese-african-chicken-in-coconut-sauce-371142,
1113,PORTUGUESE CHICKEN PIRI-PIRI,,4,https://www.food.com/recipe/portuguese-chicken-piri-piri-369942,
1114,PRAWN AND HARISSA STEW WITH COUSCOUS,,2,https://www.food.com/recipe/prawn-and-harissa-stew-with-couscous-427635,
1115,PRAWNS PERI-PERI,,4,https://www.food.com/recipe/prawns-peri-peri-456440,
1116,PRAWNS PERI PERI MOZAMBIQUE,,4,https://www.food.com/recipe/prawns-peri-peri-mozambique-427978,
1118,PUMPKIN SPICE DABO KOLO (ETHIOPIAN PUMPKIN SPICE RICOTTA DONUTS),,8,https://www.food.com/recipe/pumpkin-spice-dabo-kolo-ethiopian-pumpkin-spice-ricotta-donuts-524594,
1119,QUICK MOROCCAN CHICKPEA AND VEGETABLE COUSCOUS,,6,https://www.food.com/recipe/quick-moroccan-chickpea-and-vegetable-couscous-426033,
1120,RAS EL HANOUT,,3,https://www.food.com/recipe/ras-el-hanout-486491,
1122,RAS EL HANOUT A MOROCCAN SPICE BLEND BY RACHAEL RAY,,1,https://www.food.com/recipe/ras-el-hanout-a-moroccan-spice-blend-by-rachael-ray-505582,
1123,RAS EL HANOUT COUSCOUS,,6,https://www.food.com/recipe/ras-el-hanout-couscous-505086,
1124,RAS EL HANOUT - MOROCCAN SPICE MIX FROM VEGETARIAN TIMES,,1,https://www.food.com/recipe/ras-el-hanout-moroccan-spice-mix-from-vegetarian-times-479884,
1125,"RAS EL-HANOUT, MOROCCAN SPICED CHICKEN",,4,https://www.food.com/recipe/ras-el-hanout-moroccan-spiced-chicken-334911,
1126,RAS EL HANOUT ROASTED POTATOES,,4,https://www.food.com/recipe/ras-el-hanout-roasted-potatoes-505620,
1127,RAS EL HANOUT SPICE MIX,,3,https://www.food.com/recipe/ras-el-hanout-spice-mix-80983,
1128,RED BELL PEPPER COUSCOUS,,4,https://www.food.com/recipe/red-bell-pepper-couscous-428770,
1129,ROAST PORK WITH PIRI PIRI,,8,https://www.food.com/recipe/roast-pork-with-piri-piri-369919,
1130,ROASTED CAULIFLOWER WITH HARISSA SAUCE,,4,https://www.food.com/recipe/roasted-cauliflower-with-harissa-sauce-495946,
1131,ROASTED CAULIFLOWER WITH RAS EL HANOUT TAHINI SAUCE,,8,https://www.food.com/recipe/roasted-cauliflower-with-ras-el-hanout-tahini-sauce-479886,
1132,ROASTED GARLIC AND OLIVE OIL COUSCOUS,,4,https://www.food.com/recipe/roasted-garlic-and-olive-oil-couscous-48100,
1133,ROASTED GARLIC COUSCOUS WITH TOMATOES &AMP; BASIL,,2,https://www.food.com/recipe/roasted-garlic-couscous-with-tomatoes-basil-391475,
1134,ROASTED MOROCCAN SPICED CHICKEN,,2,https://www.food.com/recipe/roasted-moroccan-spiced-chicken-306750,
1135,ROASTED VEGETABLE COUSCOUS SALAD,,6,https://www.food.com/recipe/roasted-vegetable-couscous-salad-378310,
1136,ROASTED VEGETABLE COUSCOUS WITH HUMMUS,,4,https://www.food.com/recipe/roasted-vegetable-couscous-with-hummus-316337,
1137,RUDY'S MOROCCAN STEWED CHICKEN WITH COUSCOUS,,2,https://www.food.com/recipe/rudys-moroccan-stewed-chicken-with-couscous-483881,
1138,RWANDAN CHICKEN,,4,https://www.food.com/recipe/rwandan-chicken-457010,
1139,SAFFRON COUSCOUS WITH HERBS,,8,https://www.food.com/recipe/saffron-couscous-with-herbs-428285,
1140,SAFFRON &AMP; RAISIN COUSCOUS WITH FRESH MINT,,6,https://www.food.com/recipe/saffron-raisin-couscous-with-fresh-mint-424325,
1141,SAFFRON-SCENTED  COUSCOUS WITH PINE NUTS,,8,https://www.food.com/recipe/saffron-scented-couscous-with-pine-nuts-359422,
1142,SALMON AND COUSCOUS,,4,https://www.food.com/recipe/salmon-and-couscous-472837,
1143,SALMON FILLETS WITH DILL COUSCOUS AND SPICY KALE,,4,https://www.food.com/recipe/salmon-fillets-with-dill-couscous-and-spicy-kale-391684,
1144,SALMON WITH COUSCOUS,,2,https://www.food.com/recipe/salmon-with-couscous-501908,
1145,SAMBOSSA (ETHIOPIAN APPETIZER),,48,https://www.food.com/recipe/sambossa-ethiopian-appetizer-457139,
1146,SAVORY TOFU AND VEGETABLES OVER TOMATO COUSCOUS,,4,https://www.food.com/recipe/savory-tofu-and-vegetables-over-tomato-couscous-309605,
1147,SEFFA (SWEET COUSCOUS WITH ALMOND MILK),,4,https://www.food.com/recipe/seffa-sweet-couscous-with-almond-milk-455883,
1148,SELLOU (MOROCCAN COOKIE MIXTURE),,4,https://www.food.com/recipe/sellou-moroccan-cookie-mixture-505847,
1149,SENEGAL YASSA,,4,https://www.food.com/recipe/senegal-yassa-456408,
1150,SENEGALESE PEANUT SOUP,,4,https://www.food.com/recipe/senegalese-peanut-soup-57557,
1151,"SENEGALESE SWEET POTATO, RICE AND BEANS STEW",,8,https://www.food.com/recipe/senegalese-sweet-potato-rice-and-beans-stew-457134,
1152,SFENJ - DEEP FRIED MOROCCAN DOUGHNUTS,,12,https://www.food.com/recipe/sfenj-deep-fried-moroccan-doughnuts-509899,
1153,SHAAH BIGAYS - SOMALI SPICE TEA,,2,https://www.food.com/recipe/shaah-bigays-somali-spice-tea-456985,
1154,SHAAH (SOMALI TEA),,1,https://www.food.com/recipe/shaah-somali-tea-456826,
1155,SHAKSHUKA BURRITO WITH ROASTED PEPPER SALSA AND TZATZIKI,,8,https://www.food.com/recipe/shakshuka-burrito-with-roasted-pepper-salsa-and-tzatziki-537245,
1156,SHAKSHUKA MIA,,2,https://www.food.com/recipe/shakshuka-mia-514539,
1157,SHAKSHUKA WITH SWISS CHARD,,1,https://www.food.com/recipe/shakshuka-with-swiss-chard-514034,
1158,SHAKSHUKA YEMANI BASTED EGGS,,4,https://www.food.com/recipe/shakshuka-yemani-basted-eggs-465881,
1159,SHEET PAN HARISSA SHRIMP WITH ROASTED ZUCCHINI AND EGGPLANT,,4,https://www.food.com/recipe/sheet-pan-harissa-shrimp-with-roasted-zucchini-and-eggplant-536826,
1160,SHELLY'S CHICKEN AND ZUCCHINI COUSCOUS,,6,https://www.food.com/recipe/shellys-chicken-and-zucchini-couscous-83943,
1161,SHORTCUT SHAKSHUKA,,6,https://www.food.com/recipe/shortcut-shakshuka-531151,
1162,SHRIMP AND COUSCOUS STIRFRY,,2,https://www.food.com/recipe/shrimp-and-couscous-stirfry-457721,
1163,SIMPLE MOROCCAN CHICKEN,,4,https://www.food.com/recipe/simple-moroccan-chicken-98989,
1164,SLOW COOKED MOROCCAN LAMB SHANKS,,4,https://www.food.com/recipe/slow-cooked-moroccan-lamb-shanks-351666,
1165,"SLOW-COOKER LAMB, APRICOT, AND OLIVE TAGINE",,4,https://www.food.com/recipe/slow-cooker-lamb-apricot-and-olive-tagine-472737,
1166,SLOW COOKER MOROCCAN BRISKET,,6,https://www.food.com/recipe/slow-cooker-moroccan-brisket-307043,
1167,SLOW-COOKER MOROCCAN-SPICED CHICKEN,,6,https://www.food.com/recipe/slow-cooker-moroccan-spiced-chicken-503811,
1168,SLOW COOKER MOROCCAN-STYLE CHICKEN &AMP; POTATO STEW,,6,https://www.food.com/recipe/slow-cooker-moroccan-style-chicken-potato-stew-473512,
1169,SOETKOEKIES - SWEET WINE AND SPICE SOUTH AFRICAN COOKIES,,30,https://www.food.com/recipe/soetkoekies-sweet-wine-and-spice-south-african-cookies-309794,
1170,SOMALI STEW - MARAQ (PRONOUNCED MAH-RUHK),,8,https://www.food.com/recipe/somali-stew-maraq-pronounced-mah-ruhk-52967,
1171,SOMALIAN TEA,,1,https://www.food.com/recipe/somalian-tea-50407,
1172,SOSATIES (SOUTH AFRICAN KABOBS),,3,https://www.food.com/recipe/sosaties-south-african-kabobs-455609,
1173,SOUTH AFRICAN BAZAAR PANCAKES,,14,https://www.food.com/recipe/south-african-bazaar-pancakes-429101,
1174,SOUTH AFRICAN BEET AND ONION SALAD,,4,https://www.food.com/recipe/south-african-beet-and-onion-salad-454996,
1175,SOUTH AFRICAN BILTONG,,10,https://www.food.com/recipe/south-african-biltong-309886,
1177,SOUTH AFRICAN BOBOTIE,,6,https://www.food.com/recipe/south-african-bobotie-368252,
1178,"SOUTH AFRICAN BUTTERNUT RINGS (VEGAN, GLUTEN FREE)",,6,https://www.food.com/recipe/south-african-butternut-rings-vegan-gluten-free-418473,
1179,SOUTH AFRICAN BUTTERNUT SOUP,,2,https://www.food.com/recipe/south-african-butternut-soup-380151,
1180,SOUTH AFRICAN CHICKEN CURRY,,6,https://www.food.com/recipe/south-african-chicken-curry-394452,
1181,SOUTH AFRICAN CREAMY DELIGHT,,1,https://www.food.com/recipe/south-african-creamy-delight-309558,
1182,SOUTH AFRICAN CRUSTLESS MILK TART,,6,https://www.food.com/recipe/south-african-crustless-milk-tart-306000,
1183,SOUTH AFRICAN - CURRIED CARROT SALAD,,7,https://www.food.com/recipe/south-african-curried-carrot-salad-455993,
1184,SOUTH AFRICAN CURRIED EGGS,,2,https://www.food.com/recipe/south-african-curried-eggs-309938,
1185,SOUTH AFRICAN CURRY,,1,https://www.food.com/recipe/south-african-curry-392938,
1186,SOUTH AFRICAN DATE AND ONION SALAD,,4,https://www.food.com/recipe/south-african-date-and-onion-salad-454995,
1187,SOUTH AFRICAN FRIDGE TART,,6,https://www.food.com/recipe/south-african-fridge-tart-530524,
1188,SOUTH AFRICAN HOMEMADE LEMONADE,,6,https://www.food.com/recipe/south-african-homemade-lemonade-456722,
1189,SOUTH AFRICAN INSPIRED POTATO SALAD,,8,https://www.food.com/recipe/south-african-inspired-potato-salad-307578,
1190,SOUTH AFRICAN KOEKSISTERS,,4,https://www.food.com/recipe/south-african-koeksisters-309851,
1191,SOUTH AFRICAN MELKTERT (MILKTART),,2,https://www.food.com/recipe/south-african-melktert-milktart-80049,
1192,SOUTH AFRICAN MILKTART WITH AN EASY SHORTCRUST BASE,,2,https://www.food.com/recipe/south-african-milktart-with-an-easy-shortcrust-base-317470,
1193,SOUTH AFRICAN NESTLE'S FUDGE,,24,https://www.food.com/recipe/south-african-nestles-fudge-361940,
1194,SOUTH AFRICAN - ROASTED EGGPLANT SALAD,,2,https://www.food.com/recipe/south-african-roasted-eggplant-salad-455998,
1195,SOUTH AFRICAN SAMP AND BEANS (UMNGQUSHO),,4,https://www.food.com/recipe/south-african-samp-and-beans-umngqusho-309678,
1196,SOUTH AFRICAN SAUSAGE (BOEREWORS),,40,https://www.food.com/recipe/south-african-sausage-boerewors-50588,
1197,SOUTH AFRICAN SEED BREAD,,2,https://www.food.com/recipe/south-african-seed-bread-353692,
1198,SOUTH AFRICAN SPICY  MELON SALAD,,4,https://www.food.com/recipe/south-african-spicy-melon-salad-456080,
1199,SOUTH AFRICAN TELEPHONE PUDDING,,4,https://www.food.com/recipe/south-african-telephone-pudding-348551,
1200,SOUTH AFRICAN YELLOW RICE,,6,https://www.food.com/recipe/south-african-yellow-rice-526371,
1201,SPICE-CRUSTED SALMON WITH COUSCOUS SALMON,,2,https://www.food.com/recipe/spice-crusted-salmon-with-couscous-salmon-474041,
1202,SPICE-RUBBED STEAK WITH CARROTS AND COUSCOUS,,3,https://www.food.com/recipe/spice-rubbed-steak-with-carrots-and-couscous-519947,
1203,SPICED COUSCOUS,,4,https://www.food.com/recipe/spiced-couscous-60838,
1204,SPICED COUSCOUS WITH RAISINS AND ALMONDS,,4,https://www.food.com/recipe/spiced-couscous-with-raisins-and-almonds-505429,
1205,SPICED SHAKSHUKA WITH GOAT CHEESE POLENTA #RAGU,,6,https://www.food.com/recipe/spiced-shakshuka-with-goat-cheese-polenta-ragu-524677,
1206,SPICED VEGETABLE COUSCOUS,,4,https://www.food.com/recipe/spiced-vegetable-couscous-420635,
1207,SPICY AFRICAN PEANUT SOUP WITH CHICKPEAS,,10,https://www.food.com/recipe/spicy-african-peanut-soup-with-chickpeas-339766,
1208,SPICY AUTHENTIC MOROCCAN SALMON - A TASTE OF CASABLANCA!,,6,https://www.food.com/recipe/spicy-authentic-moroccan-salmon-a-taste-of-casablanca-444229,
1209,SPICY CARDAMOM SALMON (NORTH AFRICAN INSPIRED),,2,https://www.food.com/recipe/spicy-cardamom-salmon-north-african-inspired-426915,
1210,SPICY CARROT PEANUT SOUP,,6,https://www.food.com/recipe/spicy-carrot-peanut-soup-58593,
1211,SPICY CHICKEN WITH COUSCOUS,,4,https://www.food.com/recipe/spicy-chicken-with-couscous-72101,
1212,SPICY CHICKPEA TAGINE,,2,https://www.food.com/recipe/spicy-chickpea-tagine-317123,
1213,SPICY LAMB WITH GARLIC COUSCOUS,,4,https://www.food.com/recipe/spicy-lamb-with-garlic-couscous-65835,
1214,SPICY MATOKE (PLANTAINS),,6,https://www.food.com/recipe/spicy-matoke-plantains-309861,
1215,SPICY MOROCCAN BUTTER,,1,https://www.food.com/recipe/spicy-moroccan-butter-426805,
1216,SPICY MOROCCAN CARROT SOUP,,4,https://www.food.com/recipe/spicy-moroccan-carrot-soup-502940,
1217,SPICY MOROCCAN CHICKEN SKEWERS,,4,https://www.food.com/recipe/spicy-moroccan-chicken-skewers-479326,
1218,SPICY MOROCCAN YOGURT MARINADE OR DIP,,4,https://www.food.com/recipe/spicy-moroccan-yogurt-marinade-or-dip-460375,
1219,"SPICY ORANGE SALAD, MOROCCAN STYLE",,4,https://www.food.com/recipe/spicy-orange-salad-moroccan-style-420506,
1220,SPICY PEANUT SOUP,,8,https://www.food.com/recipe/spicy-peanut-soup-50572,
1221,SPICY SPINACH AND ONION COUSCOUS,,8,https://www.food.com/recipe/spicy-spinach-and-onion-couscous-450340,
1222,SPICY VEGETABLE COUSCOUS,,4,https://www.food.com/recipe/spicy-vegetable-couscous-51063,
1223,SPINACH AND CHICKPEAS WITH COUSCOUS,,4,https://www.food.com/recipe/spinach-and-chickpeas-with-couscous-415544,
1224,SPINACH AND ONION COUSCOUS,,7,https://www.food.com/recipe/spinach-and-onion-couscous-80667,
1225,SPINACH -  (M'CHICHA) - EAST AFRICAN,,4,https://www.food.com/recipe/spinach-mchicha-east-african-455078,
1226,SPRING COUSCOUS STUFFED BELL PEPPERS,,6,https://www.food.com/recipe/spring-couscous-stuffed-bell-peppers-305317,
1227,SQUASH AND CHICKPEA MOROCCAN STEW,,6,https://www.food.com/recipe/squash-and-chickpea-moroccan-stew-354119,
1228,STUFFED PEPPERS WITH COUSCOUS OR HARVEST GRAIN BLEND,,6,https://www.food.com/recipe/stuffed-peppers-with-couscous-or-harvest-grain-blend-476831,
1229,SUDANESE CINNAMON TEA.,,4,https://www.food.com/recipe/sudanese-cinnamon-tea-310746,
1230,SUDANESE TOMATO SALAD (SALATA TOMATIM BEL DAQUA),,6,https://www.food.com/recipe/sudanese-tomato-salad-salata-tomatim-bel-daqua-311688,
1231,SUDANESE YOGURT AND TAHINI DIP,,4,https://www.food.com/recipe/sudanese-yogurt-and-tahini-dip-37613,
1232,SUMAC FISH &AMP; COUSCOUS SALAD (21 DAY WONDER DIET: DAY 3),,2,https://www.food.com/recipe/sumac-fish-couscous-salad-21-day-wonder-diet-day-3-358990,
1233,SUMMER COUSCOUS,,4,https://www.food.com/recipe/summer-couscous-340550,
1234,SUN-DRIED TOMATO CHICKEN PESTO COUSCOUS SALAD,,2,https://www.food.com/recipe/sun-dried-tomato-chicken-pesto-couscous-salad-321792,
1235,SUNDRIED TOMATO AND SWEET BASIL SHAKSHUKA #RAGU,,4,https://www.food.com/recipe/sundried-tomato-and-sweet-basil-shakshuka-ragu-524983,
1236,SUYA (MEAT ON STICK),,4,https://www.food.com/recipe/suya-meat-on-stick-306963,
1237,SUYA (NIGERIAN CHICKEN SKEWERS),,4,https://www.food.com/recipe/suya-nigerian-chicken-skewers-455402,
1239,SWEET AND SOUR COUSCOUS SALAD,,6,https://www.food.com/recipe/sweet-and-sour-couscous-salad-472500,
1240,SWEET AND SPICY COUSCOUS SALAD,,6,https://www.food.com/recipe/sweet-and-spicy-couscous-salad-46493,
1241,SWEET HONEYED DATE NUT COUSCOUS WITH TAHINI NOTE,,4,https://www.food.com/recipe/sweet-honeyed-date-nut-couscous-with-tahini-note-428140,
1242,SWEET POTATO AND PEANUT SOUP,,6,https://www.food.com/recipe/sweet-potato-and-peanut-soup-63311,
1243,SWEET POTATO-PEANUT SOUP,,4,https://www.food.com/recipe/sweet-potato-peanut-soup-487065,
1244,SWEET POTATO SALAD (SLADA BATATA HILWA) -MOROCCAN,,2,https://www.food.com/recipe/sweet-potato-salad-slada-batata-hilwa-moroccan-397052,
1245,SWISS CHARD WITH CHICKPEAS AND COUSCOUS,,4,https://www.food.com/recipe/swiss-chard-with-chickpeas-and-couscous-535197,
1246,TABOULI &AMP; CHICKPEA COUSCOUS SALAD,,6,https://www.food.com/recipe/tabouli-chickpea-couscous-salad-375265,
1247,TAGINE DE POULET AUX ABRICOTS ET AUX AMANDES-CHICKEN APRICOTS AL,,4,https://www.food.com/recipe/tagine-de-poulet-aux-abricots-et-aux-amandes-chicken-apricots-al-460373,
1248,"TAGINE OF CHICKEN, PRESERVED LEMON, & OLIVES",,8,https://www.food.com/recipe/tagine-of-chicken-preserved-lemon-olives-77530,
1249,TAGINE WITH CHICKEN  AND QUINCES,,4,https://www.food.com/recipe/tagine-with-chicken-and-quinces-437225,
1250,TAJINE BIL KHODAR (VEGETABLE TAGINE),,6,https://www.food.com/recipe/tajine-bil-khodar-vegetable-tagine-350796,
1251,TAMPA CHICKEN  WITH COUSCOUS,,4,https://www.food.com/recipe/tampa-chicken-with-couscous-372094,
1252,TANZANIAN PINEAPPLE SALAD,,8,https://www.food.com/recipe/tanzanian-pineapple-salad-306835,
1253,TANZANIAN VEGETABLE RICE,,4,https://www.food.com/recipe/tanzanian-vegetable-rice-310161,
1254,CLASSIC ETHIOPIAN HONEY WINE,,4,https://www.food.com/recipe/tej-ethiopian-honey-wine-456498,
1255,THE MOROCCAN PITA SANDWICH (ZWT-9),,3,https://www.food.com/recipe/the-moroccan-pita-sandwich-zwt-9-503146,
1256,TIKIL GOMEN (ETHIOPIAN  CABBAGE),,4,https://www.food.com/recipe/tikil-gomen-ethiopian-cabbage-520600,
1257,TILAPIA BAKED IN COUSCOUS,,4,https://www.food.com/recipe/tilapia-baked-in-couscous-471643,
1258,TOASTED COUSCOUS WITH ALMONDS AND RAISINS,,8,https://www.food.com/recipe/toasted-couscous-with-almonds-and-raisins-44180,
1259,TOMATO AND BASIL COUSCOUS SALAD,,4,https://www.food.com/recipe/tomato-and-basil-couscous-salad-57290,
1260,TOMATO AND COUSCOUS SOUP,,4,https://www.food.com/recipe/tomato-and-couscous-soup-348969,
1261,"TOMATO, ARTICHOKE AND FETA COUSCOUS SALAD",,4,https://www.food.com/recipe/tomato-artichoke-and-feta-couscous-salad-505323,
1262,TOMATO-BASIL COUSCOUS SALAD,,1,https://www.food.com/recipe/tomato-basil-couscous-salad-385217,
1263,TOMATO CHICKPEA COUSCOUS,,6,https://www.food.com/recipe/tomato-chickpea-couscous-438728,
1264,TRADITIONAL MOROCCAN CHICKEN,,4,https://www.food.com/recipe/traditional-moroccan-chicken-320267,
1265,TRADITIONAL PORTUGUESE PIRI PIRI SAUCE FOR CHICKEN,,1,https://www.food.com/recipe/traditional-portuguese-piri-piri-sauce-for-chicken-371075,
1266,TRADITIONAL SENEGALESE SOUP,,10,https://www.food.com/recipe/traditional-senegalese-soup-455314,
1267,TRINCADO AFRICAN BEEF STEW - PORTUGAL,,4,https://www.food.com/recipe/trincado-african-beef-stew-portugal-482409,
1268,TROPICAL CHICKEN COUSCOUS W/ RUM VINAIGRETTE,,2,https://www.food.com/recipe/tropical-chicken-couscous-w-rum-vinaigrette-368091,
1269,TSIREN DAKAKKEN NAMA - NIGERIAN KOFTA,,4,https://www.food.com/recipe/tsiren-dakakken-nama-nigerian-kofta-455421,
1270,TUNA SKEWERS WITH MOROCCAN SPICES AND CHERMOULA,,4,https://www.food.com/recipe/tuna-skewers-with-moroccan-spices-and-chermoula-502993,
1271,TUNISIA: BEEF MEATBALLS (KEFTA DE BOEUF),,4,https://www.food.com/recipe/tunisia-beef-meatballs-kefta-de-boeuf-504022,
1272,UGANDAN CURRIED POTATOES,,4,https://www.food.com/recipe/ugandan-curried-potatoes-310292,
1273,UGANDAN VEGETABLE CASSEROLE,,4,https://www.food.com/recipe/ugandan-vegetable-casserole-455783,
1274,VEGETABLE COUSCOUS SALAD WITH PARMESAN,,3,https://www.food.com/recipe/vegetable-couscous-salad-with-parmesan-94598,
1275,VEGETABLE TAGINE,,4,https://www.food.com/recipe/vegetable-tagine-89278,
1276,VEGETARIAN MAFE (AFRICAN STEW),,4,https://www.food.com/recipe/vegetarian-mafe-african-stew-457209,
1277,VEGETARIAN MOROCCAN STEW,,4,https://www.food.com/recipe/vegetarian-moroccan-stew-335835,
1278,VEGETARIAN PEANUT CURRY (AFRICAN INSPIRED),,10,https://www.food.com/recipe/vegetarian-peanut-curry-african-inspired-440725,
1279,WALI - KENYAN COCONUT RICE,,6,https://www.food.com/recipe/wali-kenyan-coconut-rice-455420,
1280,WEIGHT WATCHERS ETHIOPIAN FRUIT SALAD,,4,https://www.food.com/recipe/weight-watchers-ethiopian-fruit-salad-306295,
1282,WEST AFRICAN BANANA FRITTERS,,4,https://www.food.com/recipe/west-african-banana-fritters-456447,
1283,WEST AFRICAN BARBECUE SAUCE,,2,https://www.food.com/recipe/west-african-barbecue-sauce-310558,
1284,WEST AFRICAN CHICKEN-PEANUT SOUP,,6,https://www.food.com/recipe/west-african-chicken-peanut-soup-441962,
1285,WEST AFRICAN CHICKEN YASSA,,4,https://www.food.com/recipe/west-african-chicken-yassa-306868,
1286,WEST AFRICAN CHILI,,10,https://www.food.com/recipe/west-african-chili-521673,
1287,WEST AFRICAN GROUNDNUT STEW (MOOSEWOOD),,6,https://www.food.com/recipe/west-african-groundnut-stew-moosewood-333170,
1288,WEST AFRICAN JOLLOF RICE,,4,https://www.food.com/recipe/west-african-jollof-rice-445447,
1289,WEST AFRICAN MEAT KEBABS,,4,https://www.food.com/recipe/west-african-meat-kebabs-455559,
1290,WEST AFRICAN PEANUT SOUP,,3,https://www.food.com/recipe/west-african-peanut-soup-455020,
1291,WEST AFRICAN PEANUT STEW,,4,https://www.food.com/recipe/west-african-peanut-stew-438533,
1292,WEST AFRICAN PEPPER SAUCE,,10,https://www.food.com/recipe/west-african-pepper-sauce-533964,
1293,&QUOT;WEST AFRICAN'S FINEST&QUOT; MAFE,,4,https://www.food.com/recipe/west-african-s-finest-mafe-532472,
1294,WILD FOREST MUSHROOM COUSCOUS,,4,https://www.food.com/recipe/wild-forest-mushroom-couscous-48102,
1295,WILLIAM SONOMA TAGINE RED WINE-BRAISED SHORT RIBS,,4,https://www.food.com/recipe/william-sonoma-tagine-red-wine-braised-short-ribs-448587,
1296,WW COUSCOUS SALAD,,2,https://www.food.com/recipe/ww-couscous-salad-387683,
1297,YATAKLETE KILKIL (ETHIOPIAN VEGETABLE STEW),,6,https://www.food.com/recipe/yataklete-kilkil-ethiopian-vegetable-stew-381648,
1298,YOKOHAMA STYLE SHUMAI DUMPLING,,35,https://www.food.com/recipe/yokohama-style-shumai-dumpling-332192,
1299,"YUMMY, MORE SIMPLE JOLLOF RICE!",,8,https://www.food.com/recipe/yummy-more-simple-jollof-rice-335408,
1300,ZUCCHINI COUSCOUS,,4,https://www.food.com/recipe/zucchini-couscous-31597,
1301,SHAKSHUKA,North Africa,MAKES 4 SERVINGS,,
1301,SHAKSHUKA,North Africa,MAKES 4 SERVINGS,,
